solid 
 facet normal -1.000000e+00  0.000000e+00  0.000000e+00
   outer loop
     vertex  4.417500e+02  1.049500e+02 -2.914000e+01
     vertex  4.417500e+02  1.552500e+02 -3.914000e+01
     vertex  4.417500e+02  1.049500e+02 -3.914000e+01
   endloop
 endfacet
 facet normal -1.000000e+00  0.000000e+00  0.000000e+00
   outer loop
     vertex  4.417500e+02  1.049500e+02 -2.914000e+01
     vertex  4.417500e+02  1.552500e+02 -2.914000e+01
     vertex  4.417500e+02  1.552500e+02 -3.914000e+01
   endloop
 endfacet
 facet normal  0.000000e+00  0.000000e+00  1.000000e+00
   outer loop
     vertex  4.420247e+02  1.033157e+02 -2.914000e+01
     vertex  4.421077e+02  1.030928e+02 -2.914000e+01
     vertex  4.422552e+02  1.030789e+02 -2.914000e+01
   endloop
 endfacet
 facet normal  0.000000e+00  0.000000e+00  1.000000e+00
   outer loop
     vertex  4.451157e+02  1.002247e+02 -2.914000e+01
     vertex  4.448789e+02  1.004552e+02 -2.914000e+01
     vertex  4.448928e+02  1.003077e+02 -2.914000e+01
   endloop
 endfacet
 facet normal  0.000000e+00  0.000000e+00  1.000000e+00
   outer loop
     vertex  4.448577e+02  1.006018e+02 -2.914000e+01
     vertex  4.448789e+02  1.004552e+02 -2.914000e+01
     vertex  4.451157e+02  1.002247e+02 -2.914000e+01
   endloop
 endfacet
 facet normal  0.000000e+00  0.000000e+00  1.000000e+00
   outer loop
     vertex  4.424018e+02  1.030577e+02 -2.914000e+01
     vertex  4.420247e+02  1.033157e+02 -2.914000e+01
     vertex  4.422552e+02  1.030789e+02 -2.914000e+01
   endloop
 endfacet
 facet normal  0.000000e+00  0.000000e+00  1.000000e+00
   outer loop
     vertex  4.419523e+02  1.035422e+02 -2.914000e+01
     vertex  4.420247e+02  1.033157e+02 -2.914000e+01
     vertex  4.424018e+02  1.030577e+02 -2.914000e+01
   endloop
 endfacet
 facet normal  0.000000e+00  0.000000e+00  1.000000e+00
   outer loop
     vertex  4.453422e+02  1.001523e+02 -2.914000e+01
     vertex  4.448577e+02  1.006018e+02 -2.914000e+01
     vertex  4.451157e+02  1.002247e+02 -2.914000e+01
   endloop
 endfacet
 facet normal  0.000000e+00  0.000000e+00  1.000000e+00
   outer loop
     vertex  4.448294e+02  1.007472e+02 -2.914000e+01
     vertex  4.448577e+02  1.006018e+02 -2.914000e+01
     vertex  4.453422e+02  1.001523e+02 -2.914000e+01
   endloop
 endfacet
 facet normal  0.000000e+00  0.000000e+00  1.000000e+00
   outer loop
     vertex  4.425472e+02  1.030294e+02 -2.914000e+01
     vertex  4.419523e+02  1.035422e+02 -2.914000e+01
     vertex  4.424018e+02  1.030577e+02 -2.914000e+01
   endloop
 endfacet
 facet normal  0.000000e+00  0.000000e+00  1.000000e+00
   outer loop
     vertex  4.418908e+02  1.037719e+02 -2.914000e+01
     vertex  4.419523e+02  1.035422e+02 -2.914000e+01
     vertex  4.425472e+02  1.030294e+02 -2.914000e+01
   endloop
 endfacet
 facet normal  0.000000e+00  0.000000e+00  1.000000e+00
   outer loop
     vertex  4.455719e+02  1.000908e+02 -2.914000e+01
     vertex  4.448294e+02  1.007472e+02 -2.914000e+01
     vertex  4.453422e+02  1.001523e+02 -2.914000e+01
   endloop
 endfacet
 facet normal  0.000000e+00  0.000000e+00  1.000000e+00
   outer loop
     vertex  4.447938e+02  1.008911e+02 -2.914000e+01
     vertex  4.448294e+02  1.007472e+02 -2.914000e+01
     vertex  4.455719e+02  1.000908e+02 -2.914000e+01
   endloop
 endfacet
 facet normal  0.000000e+00  0.000000e+00  1.000000e+00
   outer loop
     vertex  4.426911e+02  1.029938e+02 -2.914000e+01
     vertex  4.418908e+02  1.037719e+02 -2.914000e+01
     vertex  4.425472e+02  1.030294e+02 -2.914000e+01
   endloop
 endfacet
 facet normal  0.000000e+00  0.000000e+00  1.000000e+00
   outer loop
     vertex  4.418402e+02  1.040043e+02 -2.914000e+01
     vertex  4.426911e+02  1.029938e+02 -2.914000e+01
     vertex  4.428329e+02  1.029512e+02 -2.914000e+01
   endloop
 endfacet
 facet normal  0.000000e+00  0.000000e+00  1.000000e+00
   outer loop
     vertex  4.418402e+02  1.040043e+02 -2.914000e+01
     vertex  4.418908e+02  1.037719e+02 -2.914000e+01
     vertex  4.426911e+02  1.029938e+02 -2.914000e+01
   endloop
 endfacet
 facet normal  0.000000e+00  0.000000e+00  1.000000e+00
   outer loop
     vertex  4.458043e+02  1.000402e+02 -2.914000e+01
     vertex  4.447512e+02  1.010329e+02 -2.914000e+01
     vertex  4.447938e+02  1.008911e+02 -2.914000e+01
   endloop
 endfacet
 facet normal  0.000000e+00  0.000000e+00  1.000000e+00
   outer loop
     vertex  4.458043e+02  1.000402e+02 -2.914000e+01
     vertex  4.447938e+02  1.008911e+02 -2.914000e+01
     vertex  4.455719e+02  1.000908e+02 -2.914000e+01
   endloop
 endfacet
 facet normal  0.000000e+00  0.000000e+00  1.000000e+00
   outer loop
     vertex  4.418008e+02  1.042389e+02 -2.914000e+01
     vertex  4.428329e+02  1.029512e+02 -2.914000e+01
     vertex  4.429726e+02  1.029017e+02 -2.914000e+01
   endloop
 endfacet
 facet normal  0.000000e+00  0.000000e+00  1.000000e+00
   outer loop
     vertex  4.418008e+02  1.042389e+02 -2.914000e+01
     vertex  4.418402e+02  1.040043e+02 -2.914000e+01
     vertex  4.428329e+02  1.029512e+02 -2.914000e+01
   endloop
 endfacet
 facet normal  0.000000e+00  0.000000e+00  1.000000e+00
   outer loop
     vertex  4.460389e+02  1.000008e+02 -2.914000e+01
     vertex  4.447017e+02  1.011726e+02 -2.914000e+01
     vertex  4.447512e+02  1.010329e+02 -2.914000e+01
   endloop
 endfacet
 facet normal  0.000000e+00  0.000000e+00  1.000000e+00
   outer loop
     vertex  4.460389e+02  1.000008e+02 -2.914000e+01
     vertex  4.447512e+02  1.010329e+02 -2.914000e+01
     vertex  4.458043e+02  1.000402e+02 -2.914000e+01
   endloop
 endfacet
 facet normal  0.000000e+00  0.000000e+00  1.000000e+00
   outer loop
     vertex  4.462750e+02  9.997261e+01 -2.914000e+01
     vertex  4.447017e+02  1.011726e+02 -2.914000e+01
     vertex  4.460389e+02  1.000008e+02 -2.914000e+01
   endloop
 endfacet
 facet normal  0.000000e+00  0.000000e+00  1.000000e+00
   outer loop
     vertex  4.417726e+02  1.044750e+02 -2.914000e+01
     vertex  4.418008e+02  1.042389e+02 -2.914000e+01
     vertex  4.429726e+02  1.029017e+02 -2.914000e+01
   endloop
 endfacet
 facet normal  0.000000e+00  0.000000e+00  1.000000e+00
   outer loop
     vertex  4.465122e+02  9.995566e+01 -2.914000e+01
     vertex  4.446453e+02  1.013096e+02 -2.914000e+01
     vertex  4.447017e+02  1.011726e+02 -2.914000e+01
   endloop
 endfacet
 facet normal  0.000000e+00  0.000000e+00  1.000000e+00
   outer loop
     vertex  4.465122e+02  9.995566e+01 -2.914000e+01
     vertex  4.447017e+02  1.011726e+02 -2.914000e+01
     vertex  4.462750e+02  9.997261e+01 -2.914000e+01
   endloop
 endfacet
 facet normal  0.000000e+00  0.000000e+00  1.000000e+00
   outer loop
     vertex  4.417557e+02  1.047122e+02 -2.914000e+01
     vertex  4.417726e+02  1.044750e+02 -2.914000e+01
     vertex  4.429726e+02  1.029017e+02 -2.914000e+01
   endloop
 endfacet
 facet normal  0.000000e+00  0.000000e+00  1.000000e+00
   outer loop
     vertex  4.417557e+02  1.047122e+02 -2.914000e+01
     vertex  4.429726e+02  1.029017e+02 -2.914000e+01
     vertex  4.431096e+02  1.028453e+02 -2.914000e+01
   endloop
 endfacet
 facet normal  0.000000e+00  0.000000e+00  1.000000e+00
   outer loop
     vertex  4.467500e+02  9.995000e+01 -2.914000e+01
     vertex  4.445823e+02  1.014436e+02 -2.914000e+01
     vertex  4.446453e+02  1.013096e+02 -2.914000e+01
   endloop
 endfacet
 facet normal  0.000000e+00  0.000000e+00  1.000000e+00
   outer loop
     vertex  4.467500e+02  9.995000e+01 -2.914000e+01
     vertex  4.445127e+02  1.015744e+02 -2.914000e+01
     vertex  4.445823e+02  1.014436e+02 -2.914000e+01
   endloop
 endfacet
 facet normal  0.000000e+00  0.000000e+00  1.000000e+00
   outer loop
     vertex  4.467500e+02  9.995000e+01 -2.914000e+01
     vertex  4.444367e+02  1.017016e+02 -2.914000e+01
     vertex  4.445127e+02  1.015744e+02 -2.914000e+01
   endloop
 endfacet
 facet normal  0.000000e+00  0.000000e+00  1.000000e+00
   outer loop
     vertex  4.467500e+02  9.995000e+01 -2.914000e+01
     vertex  4.443546e+02  1.018249e+02 -2.914000e+01
     vertex  4.444367e+02  1.017016e+02 -2.914000e+01
   endloop
 endfacet
 facet normal  0.000000e+00  0.000000e+00  1.000000e+00
   outer loop
     vertex  4.467500e+02  9.995000e+01 -2.914000e+01
     vertex  4.442664e+02  1.019439e+02 -2.914000e+01
     vertex  4.443546e+02  1.018249e+02 -2.914000e+01
   endloop
 endfacet
 facet normal  0.000000e+00  0.000000e+00  1.000000e+00
   outer loop
     vertex  4.467500e+02  9.995000e+01 -2.914000e+01
     vertex  4.441725e+02  1.020585e+02 -2.914000e+01
     vertex  4.442664e+02  1.019439e+02 -2.914000e+01
   endloop
 endfacet
 facet normal  0.000000e+00  0.000000e+00  1.000000e+00
   outer loop
     vertex  4.467500e+02  9.995000e+01 -2.914000e+01
     vertex  4.440731e+02  1.021683e+02 -2.914000e+01
     vertex  4.441725e+02  1.020585e+02 -2.914000e+01
   endloop
 endfacet
 facet normal  0.000000e+00  0.000000e+00  1.000000e+00
   outer loop
     vertex  4.467500e+02  9.995000e+01 -2.914000e+01
     vertex  4.439683e+02  1.022731e+02 -2.914000e+01
     vertex  4.440731e+02  1.021683e+02 -2.914000e+01
   endloop
 endfacet
 facet normal  0.000000e+00  0.000000e+00  1.000000e+00
   outer loop
     vertex  4.467500e+02  9.995000e+01 -2.914000e+01
     vertex  4.446453e+02  1.013096e+02 -2.914000e+01
     vertex  4.465122e+02  9.995566e+01 -2.914000e+01
   endloop
 endfacet
 facet normal  0.000000e+00  0.000000e+00  1.000000e+00
   outer loop
     vertex  4.417500e+02  1.049500e+02 -2.914000e+01
     vertex  4.439683e+02  1.022731e+02 -2.914000e+01
     vertex  4.467500e+02  9.995000e+01 -2.914000e+01
   endloop
 endfacet
 facet normal  0.000000e+00  0.000000e+00  1.000000e+00
   outer loop
     vertex  4.417500e+02  1.049500e+02 -2.914000e+01
     vertex  4.438585e+02  1.023725e+02 -2.914000e+01
     vertex  4.439683e+02  1.022731e+02 -2.914000e+01
   endloop
 endfacet
 facet normal  0.000000e+00  0.000000e+00  1.000000e+00
   outer loop
     vertex  4.417500e+02  1.049500e+02 -2.914000e+01
     vertex  4.437439e+02  1.024664e+02 -2.914000e+01
     vertex  4.438585e+02  1.023725e+02 -2.914000e+01
   endloop
 endfacet
 facet normal  0.000000e+00  0.000000e+00  1.000000e+00
   outer loop
     vertex  4.417500e+02  1.049500e+02 -2.914000e+01
     vertex  4.436249e+02  1.025546e+02 -2.914000e+01
     vertex  4.437439e+02  1.024664e+02 -2.914000e+01
   endloop
 endfacet
 facet normal  0.000000e+00  0.000000e+00  1.000000e+00
   outer loop
     vertex  4.417500e+02  1.049500e+02 -2.914000e+01
     vertex  4.435016e+02  1.026367e+02 -2.914000e+01
     vertex  4.436249e+02  1.025546e+02 -2.914000e+01
   endloop
 endfacet
 facet normal  0.000000e+00  0.000000e+00  1.000000e+00
   outer loop
     vertex  4.417500e+02  1.049500e+02 -2.914000e+01
     vertex  4.433744e+02  1.027127e+02 -2.914000e+01
     vertex  4.435016e+02  1.026367e+02 -2.914000e+01
   endloop
 endfacet
 facet normal  0.000000e+00  0.000000e+00  1.000000e+00
   outer loop
     vertex  4.417500e+02  1.049500e+02 -2.914000e+01
     vertex  4.432436e+02  1.027823e+02 -2.914000e+01
     vertex  4.433744e+02  1.027127e+02 -2.914000e+01
   endloop
 endfacet
 facet normal  0.000000e+00  0.000000e+00  1.000000e+00
   outer loop
     vertex  4.417500e+02  1.049500e+02 -2.914000e+01
     vertex  4.431096e+02  1.028453e+02 -2.914000e+01
     vertex  4.432436e+02  1.027823e+02 -2.914000e+01
   endloop
 endfacet
 facet normal  0.000000e+00  0.000000e+00  1.000000e+00
   outer loop
     vertex  4.417500e+02  1.049500e+02 -2.914000e+01
     vertex  4.417557e+02  1.047122e+02 -2.914000e+01
     vertex  4.431096e+02  1.028453e+02 -2.914000e+01
   endloop
 endfacet
 facet normal  0.000000e+00  0.000000e+00  1.000000e+00
   outer loop
     vertex  4.975401e+02  9.997408e+01 -2.914000e+01
     vertex  4.970500e+02  9.995000e+01 -2.914000e+01
     vertex  4.972953e+02  9.995602e+01 -2.914000e+01
   endloop
 endfacet
 facet normal  0.000000e+00  0.000000e+00  1.000000e+00
   outer loop
     vertex  4.418041e+02  1.559837e+02 -2.914000e+01
     vertex  4.417560e+02  1.554953e+02 -2.914000e+01
     vertex  4.417500e+02  1.552500e+02 -2.914000e+01
   endloop
 endfacet
 facet normal  0.000000e+00  0.000000e+00  1.000000e+00
   outer loop
     vertex  4.418041e+02  1.559837e+02 -2.914000e+01
     vertex  4.417741e+02  1.557401e+02 -2.914000e+01
     vertex  4.417560e+02  1.554953e+02 -2.914000e+01
   endloop
 endfacet
 facet normal  0.000000e+00  0.000000e+00  1.000000e+00
   outer loop
     vertex  4.418461e+02  1.562255e+02 -2.914000e+01
     vertex  4.418041e+02  1.559837e+02 -2.914000e+01
     vertex  4.417500e+02  1.552500e+02 -2.914000e+01
   endloop
 endfacet
 facet normal  0.000000e+00  0.000000e+00  1.000000e+00
   outer loop
     vertex  4.980255e+02  1.000461e+02 -2.914000e+01
     vertex  4.975401e+02  9.997408e+01 -2.914000e+01
     vertex  4.977837e+02  1.000041e+02 -2.914000e+01
   endloop
 endfacet
 facet normal  0.000000e+00  0.000000e+00  1.000000e+00
   outer loop
     vertex  4.982649e+02  1.000998e+02 -2.914000e+01
     vertex  4.975401e+02  9.997408e+01 -2.914000e+01
     vertex  4.980255e+02  1.000461e+02 -2.914000e+01
   endloop
 endfacet
 facet normal  0.000000e+00  0.000000e+00  1.000000e+00
   outer loop
     vertex  4.418998e+02  1.564649e+02 -2.914000e+01
     vertex  4.418461e+02  1.562255e+02 -2.914000e+01
     vertex  4.417500e+02  1.552500e+02 -2.914000e+01
   endloop
 endfacet
 facet normal  0.000000e+00  0.000000e+00  1.000000e+00
   outer loop
     vertex  4.985014e+02  1.001653e+02 -2.914000e+01
     vertex  4.975401e+02  9.997408e+01 -2.914000e+01
     vertex  4.982649e+02  1.000998e+02 -2.914000e+01
   endloop
 endfacet
 facet normal  0.000000e+00  0.000000e+00  1.000000e+00
   outer loop
     vertex  4.421306e+02  1.571634e+02 -2.914000e+01
     vertex  4.419653e+02  1.567014e+02 -2.914000e+01
     vertex  4.418998e+02  1.564649e+02 -2.914000e+01
   endloop
 endfacet
 facet normal  0.000000e+00  0.000000e+00  1.000000e+00
   outer loop
     vertex  4.421306e+02  1.571634e+02 -2.914000e+01
     vertex  4.420423e+02  1.569344e+02 -2.914000e+01
     vertex  4.419653e+02  1.567014e+02 -2.914000e+01
   endloop
 endfacet
 facet normal  0.000000e+00  0.000000e+00  1.000000e+00
   outer loop
     vertex  4.421306e+02  1.571634e+02 -2.914000e+01
     vertex  4.418998e+02  1.564649e+02 -2.914000e+01
     vertex  4.417500e+02  1.552500e+02 -2.914000e+01
   endloop
 endfacet
 facet normal  0.000000e+00  0.000000e+00  1.000000e+00
   outer loop
     vertex  4.991878e+02  1.004301e+02 -2.914000e+01
     vertex  4.970500e+02  9.995000e+01 -2.914000e+01
     vertex  4.975401e+02  9.997408e+01 -2.914000e+01
   endloop
 endfacet
 facet normal  0.000000e+00  0.000000e+00  1.000000e+00
   outer loop
     vertex  4.991878e+02  1.004301e+02 -2.914000e+01
     vertex  4.975401e+02  9.997408e+01 -2.914000e+01
     vertex  4.985014e+02  1.001653e+02 -2.914000e+01
   endloop
 endfacet
 facet normal  0.000000e+00  0.000000e+00  1.000000e+00
   outer loop
     vertex  4.991878e+02  1.004301e+02 -2.914000e+01
     vertex  4.987344e+02  1.002423e+02 -2.914000e+01
     vertex  4.989634e+02  1.003306e+02 -2.914000e+01
   endloop
 endfacet
 facet normal  0.000000e+00  0.000000e+00  1.000000e+00
   outer loop
     vertex  4.991878e+02  1.004301e+02 -2.914000e+01
     vertex  4.985014e+02  1.001653e+02 -2.914000e+01
     vertex  4.987344e+02  1.002423e+02 -2.914000e+01
   endloop
 endfacet
 facet normal  0.000000e+00  0.000000e+00  1.000000e+00
   outer loop
     vertex  4.423404e+02  1.576070e+02 -2.914000e+01
     vertex  4.422301e+02  1.573878e+02 -2.914000e+01
     vertex  4.421306e+02  1.571634e+02 -2.914000e+01
   endloop
 endfacet
 facet normal  0.000000e+00  0.000000e+00  1.000000e+00
   outer loop
     vertex  4.423404e+02  1.576070e+02 -2.914000e+01
     vertex  4.421306e+02  1.571634e+02 -2.914000e+01
     vertex  4.417500e+02  1.552500e+02 -2.914000e+01
   endloop
 endfacet
 facet normal  0.000000e+00  0.000000e+00  1.000000e+00
   outer loop
     vertex  4.996205e+02  1.006614e+02 -2.914000e+01
     vertex  4.991878e+02  1.004301e+02 -2.914000e+01
     vertex  4.994070e+02  1.005404e+02 -2.914000e+01
   endloop
 endfacet
 facet normal  0.000000e+00  0.000000e+00  1.000000e+00
   outer loop
     vertex  4.996205e+02  1.006614e+02 -2.914000e+01
     vertex  4.970500e+02  9.995000e+01 -2.914000e+01
     vertex  4.991878e+02  1.004301e+02 -2.914000e+01
   endloop
 endfacet
 facet normal  0.000000e+00  0.000000e+00  1.000000e+00
   outer loop
     vertex  4.425927e+02  1.580279e+02 -2.914000e+01
     vertex  4.424614e+02  1.578205e+02 -2.914000e+01
     vertex  4.423404e+02  1.576070e+02 -2.914000e+01
   endloop
 endfacet
 facet normal  0.000000e+00  0.000000e+00  1.000000e+00
   outer loop
     vertex  4.425927e+02  1.580279e+02 -2.914000e+01
     vertex  4.423404e+02  1.576070e+02 -2.914000e+01
     vertex  4.417500e+02  1.552500e+02 -2.914000e+01
   endloop
 endfacet
 facet normal  0.000000e+00  0.000000e+00  1.000000e+00
   outer loop
     vertex  5.000285e+02  1.009340e+02 -2.914000e+01
     vertex  4.996205e+02  1.006614e+02 -2.914000e+01
     vertex  4.998279e+02  1.007927e+02 -2.914000e+01
   endloop
 endfacet
 facet normal  0.000000e+00  0.000000e+00  1.000000e+00
   outer loop
     vertex  5.000285e+02  1.009340e+02 -2.914000e+01
     vertex  4.970500e+02  9.995000e+01 -2.914000e+01
     vertex  4.996205e+02  1.006614e+02 -2.914000e+01
   endloop
 endfacet
 facet normal  0.000000e+00  0.000000e+00  1.000000e+00
   outer loop
     vertex  5.002220e+02  1.010849e+02 -2.914000e+01
     vertex  4.970500e+02  9.995000e+01 -2.914000e+01
     vertex  5.000285e+02  1.009340e+02 -2.914000e+01
   endloop
 endfacet
 facet normal  0.000000e+00  0.000000e+00  1.000000e+00
   outer loop
     vertex  4.428849e+02  1.584220e+02 -2.914000e+01
     vertex  4.427340e+02  1.582285e+02 -2.914000e+01
     vertex  4.425927e+02  1.580279e+02 -2.914000e+01
   endloop
 endfacet
 facet normal  0.000000e+00  0.000000e+00  1.000000e+00
   outer loop
     vertex  5.005855e+02  1.014145e+02 -2.914000e+01
     vertex  5.002220e+02  1.010849e+02 -2.914000e+01
     vertex  5.004078e+02  1.012452e+02 -2.914000e+01
   endloop
 endfacet
 facet normal  0.000000e+00  0.000000e+00  1.000000e+00
   outer loop
     vertex  5.005855e+02  1.014145e+02 -2.914000e+01
     vertex  4.970500e+02  9.995000e+01 -2.914000e+01
     vertex  5.002220e+02  1.010849e+02 -2.914000e+01
   endloop
 endfacet
 facet normal  0.000000e+00  0.000000e+00  1.000000e+00
   outer loop
     vertex  5.007548e+02  1.015922e+02 -2.914000e+01
     vertex  4.970500e+02  9.995000e+01 -2.914000e+01
     vertex  5.005855e+02  1.014145e+02 -2.914000e+01
   endloop
 endfacet
 facet normal  0.000000e+00  0.000000e+00  1.000000e+00
   outer loop
     vertex  4.433922e+02  1.589548e+02 -2.914000e+01
     vertex  4.432145e+02  1.587855e+02 -2.914000e+01
     vertex  4.430452e+02  1.586078e+02 -2.914000e+01
   endloop
 endfacet
 facet normal  0.000000e+00  0.000000e+00  1.000000e+00
   outer loop
     vertex  4.435780e+02  1.591151e+02 -2.914000e+01
     vertex  4.433922e+02  1.589548e+02 -2.914000e+01
     vertex  4.430452e+02  1.586078e+02 -2.914000e+01
   endloop
 endfacet
 facet normal  0.000000e+00  0.000000e+00  1.000000e+00
   outer loop
     vertex  4.435780e+02  1.591151e+02 -2.914000e+01
     vertex  4.430452e+02  1.586078e+02 -2.914000e+01
     vertex  4.428849e+02  1.584220e+02 -2.914000e+01
   endloop
 endfacet
 facet normal  0.000000e+00  0.000000e+00  1.000000e+00
   outer loop
     vertex  4.435780e+02  1.591151e+02 -2.914000e+01
     vertex  4.428849e+02  1.584220e+02 -2.914000e+01
     vertex  4.425927e+02  1.580279e+02 -2.914000e+01
   endloop
 endfacet
 facet normal  0.000000e+00  0.000000e+00  1.000000e+00
   outer loop
     vertex  4.437715e+02  1.592660e+02 -2.914000e+01
     vertex  4.435780e+02  1.591151e+02 -2.914000e+01
     vertex  4.425927e+02  1.580279e+02 -2.914000e+01
   endloop
 endfacet
 facet normal  0.000000e+00  0.000000e+00  1.000000e+00
   outer loop
     vertex  4.437715e+02  1.592660e+02 -2.914000e+01
     vertex  4.425927e+02  1.580279e+02 -2.914000e+01
     vertex  4.417500e+02  1.552500e+02 -2.914000e+01
   endloop
 endfacet
 facet normal  0.000000e+00  0.000000e+00  1.000000e+00
   outer loop
     vertex  5.010660e+02  1.019715e+02 -2.914000e+01
     vertex  5.007548e+02  1.015922e+02 -2.914000e+01
     vertex  5.009151e+02  1.017780e+02 -2.914000e+01
   endloop
 endfacet
 facet normal  0.000000e+00  0.000000e+00  1.000000e+00
   outer loop
     vertex  5.010660e+02  1.019715e+02 -2.914000e+01
     vertex  4.970500e+02  9.995000e+01 -2.914000e+01
     vertex  5.007548e+02  1.015922e+02 -2.914000e+01
   endloop
 endfacet
 facet normal  0.000000e+00  0.000000e+00  1.000000e+00
   outer loop
     vertex  4.441795e+02  1.595386e+02 -2.914000e+01
     vertex  4.439721e+02  1.594073e+02 -2.914000e+01
     vertex  4.437715e+02  1.592660e+02 -2.914000e+01
   endloop
 endfacet
 facet normal  0.000000e+00  0.000000e+00  1.000000e+00
   outer loop
     vertex  4.446122e+02  1.597699e+02 -2.914000e+01
     vertex  4.441795e+02  1.595386e+02 -2.914000e+01
     vertex  4.437715e+02  1.592660e+02 -2.914000e+01
   endloop
 endfacet
 facet normal  0.000000e+00  0.000000e+00  1.000000e+00
   outer loop
     vertex  4.446122e+02  1.597699e+02 -2.914000e+01
     vertex  4.443930e+02  1.596596e+02 -2.914000e+01
     vertex  4.441795e+02  1.595386e+02 -2.914000e+01
   endloop
 endfacet
 facet normal  0.000000e+00  0.000000e+00  1.000000e+00
   outer loop
     vertex  5.016694e+02  1.030366e+02 -2.914000e+01
     vertex  5.014596e+02  1.025930e+02 -2.914000e+01
     vertex  5.015699e+02  1.028122e+02 -2.914000e+01
   endloop
 endfacet
 facet normal  0.000000e+00  0.000000e+00  1.000000e+00
   outer loop
     vertex  5.016694e+02  1.030366e+02 -2.914000e+01
     vertex  5.013386e+02  1.023795e+02 -2.914000e+01
     vertex  5.014596e+02  1.025930e+02 -2.914000e+01
   endloop
 endfacet
 facet normal  0.000000e+00  0.000000e+00  1.000000e+00
   outer loop
     vertex  4.448366e+02  1.598694e+02 -2.914000e+01
     vertex  4.437715e+02  1.592660e+02 -2.914000e+01
     vertex  4.417500e+02  1.552500e+02 -2.914000e+01
   endloop
 endfacet
 facet normal  0.000000e+00  0.000000e+00  1.000000e+00
   outer loop
     vertex  4.448366e+02  1.598694e+02 -2.914000e+01
     vertex  4.446122e+02  1.597699e+02 -2.914000e+01
     vertex  4.437715e+02  1.592660e+02 -2.914000e+01
   endloop
 endfacet
 facet normal  0.000000e+00  0.000000e+00  1.000000e+00
   outer loop
     vertex  5.017577e+02  1.032656e+02 -2.914000e+01
     vertex  4.970500e+02  9.995000e+01 -2.914000e+01
     vertex  5.010660e+02  1.019715e+02 -2.914000e+01
   endloop
 endfacet
 facet normal  0.000000e+00  0.000000e+00  1.000000e+00
   outer loop
     vertex  5.017577e+02  1.032656e+02 -2.914000e+01
     vertex  5.013386e+02  1.023795e+02 -2.914000e+01
     vertex  5.016694e+02  1.030366e+02 -2.914000e+01
   endloop
 endfacet
 facet normal  0.000000e+00  0.000000e+00  1.000000e+00
   outer loop
     vertex  5.017577e+02  1.032656e+02 -2.914000e+01
     vertex  5.012073e+02  1.021721e+02 -2.914000e+01
     vertex  5.013386e+02  1.023795e+02 -2.914000e+01
   endloop
 endfacet
 facet normal  0.000000e+00  0.000000e+00  1.000000e+00
   outer loop
     vertex  5.017577e+02  1.032656e+02 -2.914000e+01
     vertex  5.010660e+02  1.019715e+02 -2.914000e+01
     vertex  5.012073e+02  1.021721e+02 -2.914000e+01
   endloop
 endfacet
 facet normal  0.000000e+00  0.000000e+00  1.000000e+00
   outer loop
     vertex  4.450656e+02  1.599577e+02 -2.914000e+01
     vertex  4.448366e+02  1.598694e+02 -2.914000e+01
     vertex  4.417500e+02  1.552500e+02 -2.914000e+01
   endloop
 endfacet
 facet normal  0.000000e+00  0.000000e+00  1.000000e+00
   outer loop
     vertex  4.452986e+02  1.600347e+02 -2.914000e+01
     vertex  4.450656e+02  1.599577e+02 -2.914000e+01
     vertex  4.417500e+02  1.552500e+02 -2.914000e+01
   endloop
 endfacet
 facet normal  0.000000e+00  0.000000e+00  1.000000e+00
   outer loop
     vertex  5.019002e+02  1.037351e+02 -2.914000e+01
     vertex  4.970500e+02  9.995000e+01 -2.914000e+01
     vertex  5.017577e+02  1.032656e+02 -2.914000e+01
   endloop
 endfacet
 facet normal  0.000000e+00  0.000000e+00  1.000000e+00
   outer loop
     vertex  5.019002e+02  1.037351e+02 -2.914000e+01
     vertex  5.017577e+02  1.032656e+02 -2.914000e+01
     vertex  5.018347e+02  1.034986e+02 -2.914000e+01
   endloop
 endfacet
 facet normal  0.000000e+00  0.000000e+00  1.000000e+00
   outer loop
     vertex  4.457745e+02  1.601539e+02 -2.914000e+01
     vertex  4.455351e+02  1.601002e+02 -2.914000e+01
     vertex  4.452986e+02  1.600347e+02 -2.914000e+01
   endloop
 endfacet
 facet normal  0.000000e+00  0.000000e+00  1.000000e+00
   outer loop
     vertex  4.457745e+02  1.601539e+02 -2.914000e+01
     vertex  4.452986e+02  1.600347e+02 -2.914000e+01
     vertex  4.417500e+02  1.552500e+02 -2.914000e+01
   endloop
 endfacet
 facet normal  0.000000e+00  0.000000e+00  1.000000e+00
   outer loop
     vertex  4.460163e+02  1.601959e+02 -2.914000e+01
     vertex  4.457745e+02  1.601539e+02 -2.914000e+01
     vertex  4.417500e+02  1.552500e+02 -2.914000e+01
   endloop
 endfacet
 facet normal  0.000000e+00  0.000000e+00  1.000000e+00
   outer loop
     vertex  5.019959e+02  1.042163e+02 -2.914000e+01
     vertex  4.970500e+02  9.995000e+01 -2.914000e+01
     vertex  5.019002e+02  1.037351e+02 -2.914000e+01
   endloop
 endfacet
 facet normal  0.000000e+00  0.000000e+00  1.000000e+00
   outer loop
     vertex  5.019959e+02  1.042163e+02 -2.914000e+01
     vertex  5.019002e+02  1.037351e+02 -2.914000e+01
     vertex  5.019539e+02  1.039745e+02 -2.914000e+01
   endloop
 endfacet
 facet normal  0.000000e+00  0.000000e+00  1.000000e+00
   outer loop
     vertex  4.465047e+02  1.602440e+02 -2.914000e+01
     vertex  4.462599e+02  1.602259e+02 -2.914000e+01
     vertex  4.460163e+02  1.601959e+02 -2.914000e+01
   endloop
 endfacet
 facet normal  0.000000e+00  0.000000e+00  1.000000e+00
   outer loop
     vertex  5.020500e+02  1.049500e+02 -2.914000e+01
     vertex  4.467500e+02  9.995000e+01 -2.914000e+01
     vertex  4.970500e+02  9.995000e+01 -2.914000e+01
   endloop
 endfacet
 facet normal  0.000000e+00  0.000000e+00  1.000000e+00
   outer loop
     vertex  5.020500e+02  1.049500e+02 -2.914000e+01
     vertex  5.020259e+02  1.044599e+02 -2.914000e+01
     vertex  5.020440e+02  1.047047e+02 -2.914000e+01
   endloop
 endfacet
 facet normal  0.000000e+00  0.000000e+00  1.000000e+00
   outer loop
     vertex  5.020500e+02  1.049500e+02 -2.914000e+01
     vertex  5.019959e+02  1.042163e+02 -2.914000e+01
     vertex  5.020259e+02  1.044599e+02 -2.914000e+01
   endloop
 endfacet
 facet normal  0.000000e+00  0.000000e+00  1.000000e+00
   outer loop
     vertex  5.020500e+02  1.049500e+02 -2.914000e+01
     vertex  4.970500e+02  9.995000e+01 -2.914000e+01
     vertex  5.019959e+02  1.042163e+02 -2.914000e+01
   endloop
 endfacet
 facet normal  0.000000e+00  0.000000e+00  1.000000e+00
   outer loop
     vertex  5.020500e+02  1.049500e+02 -2.914000e+01
     vertex  4.417500e+02  1.049500e+02 -2.914000e+01
     vertex  4.467500e+02  9.995000e+01 -2.914000e+01
   endloop
 endfacet
 facet normal  0.000000e+00  0.000000e+00  1.000000e+00
   outer loop
     vertex  4.467500e+02  1.602500e+02 -2.914000e+01
     vertex  4.460163e+02  1.601959e+02 -2.914000e+01
     vertex  4.417500e+02  1.552500e+02 -2.914000e+01
   endloop
 endfacet
 facet normal  0.000000e+00  0.000000e+00  1.000000e+00
   outer loop
     vertex  4.467500e+02  1.602500e+02 -2.914000e+01
     vertex  4.465047e+02  1.602440e+02 -2.914000e+01
     vertex  4.460163e+02  1.601959e+02 -2.914000e+01
   endloop
 endfacet
 facet normal  0.000000e+00  0.000000e+00  1.000000e+00
   outer loop
     vertex  5.020500e+02  1.552500e+02 -2.914000e+01
     vertex  4.417500e+02  1.552500e+02 -2.914000e+01
     vertex  4.417500e+02  1.049500e+02 -2.914000e+01
   endloop
 endfacet
 facet normal  0.000000e+00  0.000000e+00  1.000000e+00
   outer loop
     vertex  5.020500e+02  1.552500e+02 -2.914000e+01
     vertex  4.417500e+02  1.049500e+02 -2.914000e+01
     vertex  5.020500e+02  1.049500e+02 -2.914000e+01
   endloop
 endfacet
 facet normal  0.000000e+00  0.000000e+00  1.000000e+00
   outer loop
     vertex  4.970500e+02  1.602500e+02 -2.914000e+01
     vertex  4.417500e+02  1.552500e+02 -2.914000e+01
     vertex  5.020500e+02  1.552500e+02 -2.914000e+01
   endloop
 endfacet
 facet normal  0.000000e+00  0.000000e+00  1.000000e+00
   outer loop
     vertex  4.970500e+02  1.602500e+02 -2.914000e+01
     vertex  4.467500e+02  1.602500e+02 -2.914000e+01
     vertex  4.417500e+02  1.552500e+02 -2.914000e+01
   endloop
 endfacet
 facet normal  0.000000e+00  0.000000e+00  1.000000e+00
   outer loop
     vertex  5.020259e+02  1.557401e+02 -2.914000e+01
     vertex  5.020500e+02  1.552500e+02 -2.914000e+01
     vertex  5.020440e+02  1.554953e+02 -2.914000e+01
   endloop
 endfacet
 facet normal  0.000000e+00  0.000000e+00  1.000000e+00
   outer loop
     vertex  4.975401e+02  1.602259e+02 -2.914000e+01
     vertex  4.972953e+02  1.602440e+02 -2.914000e+01
     vertex  4.970500e+02  1.602500e+02 -2.914000e+01
   endloop
 endfacet
 facet normal  0.000000e+00  0.000000e+00  1.000000e+00
   outer loop
     vertex  5.019959e+02  1.559837e+02 -2.914000e+01
     vertex  5.020500e+02  1.552500e+02 -2.914000e+01
     vertex  5.020259e+02  1.557401e+02 -2.914000e+01
   endloop
 endfacet
 facet normal  0.000000e+00  0.000000e+00  1.000000e+00
   outer loop
     vertex  4.980255e+02  1.601539e+02 -2.914000e+01
     vertex  4.977837e+02  1.601959e+02 -2.914000e+01
     vertex  4.975401e+02  1.602259e+02 -2.914000e+01
   endloop
 endfacet
 facet normal  0.000000e+00  0.000000e+00  1.000000e+00
   outer loop
     vertex  5.019002e+02  1.564649e+02 -2.914000e+01
     vertex  4.970500e+02  1.602500e+02 -2.914000e+01
     vertex  5.020500e+02  1.552500e+02 -2.914000e+01
   endloop
 endfacet
 facet normal  0.000000e+00  0.000000e+00  1.000000e+00
   outer loop
     vertex  5.019002e+02  1.564649e+02 -2.914000e+01
     vertex  4.975401e+02  1.602259e+02 -2.914000e+01
     vertex  4.970500e+02  1.602500e+02 -2.914000e+01
   endloop
 endfacet
 facet normal  0.000000e+00  0.000000e+00  1.000000e+00
   outer loop
     vertex  5.019002e+02  1.564649e+02 -2.914000e+01
     vertex  5.020500e+02  1.552500e+02 -2.914000e+01
     vertex  5.019959e+02  1.559837e+02 -2.914000e+01
   endloop
 endfacet
 facet normal  0.000000e+00  0.000000e+00  1.000000e+00
   outer loop
     vertex  5.019002e+02  1.564649e+02 -2.914000e+01
     vertex  5.019959e+02  1.559837e+02 -2.914000e+01
     vertex  5.019539e+02  1.562255e+02 -2.914000e+01
   endloop
 endfacet
 facet normal  0.000000e+00  0.000000e+00  1.000000e+00
   outer loop
     vertex  5.018347e+02  1.567014e+02 -2.914000e+01
     vertex  4.982649e+02  1.601002e+02 -2.914000e+01
     vertex  4.980255e+02  1.601539e+02 -2.914000e+01
   endloop
 endfacet
 facet normal  0.000000e+00  0.000000e+00  1.000000e+00
   outer loop
     vertex  5.018347e+02  1.567014e+02 -2.914000e+01
     vertex  4.980255e+02  1.601539e+02 -2.914000e+01
     vertex  4.975401e+02  1.602259e+02 -2.914000e+01
   endloop
 endfacet
 facet normal  0.000000e+00  0.000000e+00  1.000000e+00
   outer loop
     vertex  5.018347e+02  1.567014e+02 -2.914000e+01
     vertex  4.975401e+02  1.602259e+02 -2.914000e+01
     vertex  5.019002e+02  1.564649e+02 -2.914000e+01
   endloop
 endfacet
 facet normal  0.000000e+00  0.000000e+00  1.000000e+00
   outer loop
     vertex  5.017577e+02  1.569344e+02 -2.914000e+01
     vertex  4.985014e+02  1.600347e+02 -2.914000e+01
     vertex  4.982649e+02  1.601002e+02 -2.914000e+01
   endloop
 endfacet
 facet normal  0.000000e+00  0.000000e+00  1.000000e+00
   outer loop
     vertex  5.017577e+02  1.569344e+02 -2.914000e+01
     vertex  4.982649e+02  1.601002e+02 -2.914000e+01
     vertex  5.018347e+02  1.567014e+02 -2.914000e+01
   endloop
 endfacet
 facet normal  0.000000e+00  0.000000e+00  1.000000e+00
   outer loop
     vertex  4.989634e+02  1.598694e+02 -2.914000e+01
     vertex  4.987344e+02  1.599577e+02 -2.914000e+01
     vertex  4.985014e+02  1.600347e+02 -2.914000e+01
   endloop
 endfacet
 facet normal  0.000000e+00  0.000000e+00  1.000000e+00
   outer loop
     vertex  5.015699e+02  1.573878e+02 -2.914000e+01
     vertex  5.017577e+02  1.569344e+02 -2.914000e+01
     vertex  5.016694e+02  1.571634e+02 -2.914000e+01
   endloop
 endfacet
 facet normal  0.000000e+00  0.000000e+00  1.000000e+00
   outer loop
     vertex  5.015699e+02  1.573878e+02 -2.914000e+01
     vertex  4.985014e+02  1.600347e+02 -2.914000e+01
     vertex  5.017577e+02  1.569344e+02 -2.914000e+01
   endloop
 endfacet
 facet normal  0.000000e+00  0.000000e+00  1.000000e+00
   outer loop
     vertex  4.994070e+02  1.596596e+02 -2.914000e+01
     vertex  4.989634e+02  1.598694e+02 -2.914000e+01
     vertex  4.985014e+02  1.600347e+02 -2.914000e+01
   endloop
 endfacet
 facet normal  0.000000e+00  0.000000e+00  1.000000e+00
   outer loop
     vertex  4.994070e+02  1.596596e+02 -2.914000e+01
     vertex  4.991878e+02  1.597699e+02 -2.914000e+01
     vertex  4.989634e+02  1.598694e+02 -2.914000e+01
   endloop
 endfacet
 facet normal  0.000000e+00  0.000000e+00  1.000000e+00
   outer loop
     vertex  5.013386e+02  1.578205e+02 -2.914000e+01
     vertex  4.985014e+02  1.600347e+02 -2.914000e+01
     vertex  5.015699e+02  1.573878e+02 -2.914000e+01
   endloop
 endfacet
 facet normal  0.000000e+00  0.000000e+00  1.000000e+00
   outer loop
     vertex  5.013386e+02  1.578205e+02 -2.914000e+01
     vertex  4.994070e+02  1.596596e+02 -2.914000e+01
     vertex  4.985014e+02  1.600347e+02 -2.914000e+01
   endloop
 endfacet
 facet normal  0.000000e+00  0.000000e+00  1.000000e+00
   outer loop
     vertex  5.013386e+02  1.578205e+02 -2.914000e+01
     vertex  5.015699e+02  1.573878e+02 -2.914000e+01
     vertex  5.014596e+02  1.576070e+02 -2.914000e+01
   endloop
 endfacet
 facet normal  0.000000e+00  0.000000e+00  1.000000e+00
   outer loop
     vertex  4.996205e+02  1.595386e+02 -2.914000e+01
     vertex  4.994070e+02  1.596596e+02 -2.914000e+01
     vertex  5.013386e+02  1.578205e+02 -2.914000e+01
   endloop
 endfacet
 facet normal  0.000000e+00  0.000000e+00  1.000000e+00
   outer loop
     vertex  5.012073e+02  1.580279e+02 -2.914000e+01
     vertex  4.996205e+02  1.595386e+02 -2.914000e+01
     vertex  5.013386e+02  1.578205e+02 -2.914000e+01
   endloop
 endfacet
 facet normal  0.000000e+00  0.000000e+00  1.000000e+00
   outer loop
     vertex  5.000285e+02  1.592660e+02 -2.914000e+01
     vertex  4.998279e+02  1.594073e+02 -2.914000e+01
     vertex  4.996205e+02  1.595386e+02 -2.914000e+01
   endloop
 endfacet
 facet normal  0.000000e+00  0.000000e+00  1.000000e+00
   outer loop
     vertex  5.002220e+02  1.591151e+02 -2.914000e+01
     vertex  4.996205e+02  1.595386e+02 -2.914000e+01
     vertex  5.012073e+02  1.580279e+02 -2.914000e+01
   endloop
 endfacet
 facet normal  0.000000e+00  0.000000e+00  1.000000e+00
   outer loop
     vertex  5.002220e+02  1.591151e+02 -2.914000e+01
     vertex  5.000285e+02  1.592660e+02 -2.914000e+01
     vertex  4.996205e+02  1.595386e+02 -2.914000e+01
   endloop
 endfacet
 facet normal  0.000000e+00  0.000000e+00  1.000000e+00
   outer loop
     vertex  5.002220e+02  1.591151e+02 -2.914000e+01
     vertex  5.012073e+02  1.580279e+02 -2.914000e+01
     vertex  5.010660e+02  1.582285e+02 -2.914000e+01
   endloop
 endfacet
 facet normal  0.000000e+00  0.000000e+00  1.000000e+00
   outer loop
     vertex  5.002220e+02  1.591151e+02 -2.914000e+01
     vertex  5.010660e+02  1.582285e+02 -2.914000e+01
     vertex  5.009151e+02  1.584220e+02 -2.914000e+01
   endloop
 endfacet
 facet normal  0.000000e+00  0.000000e+00  1.000000e+00
   outer loop
     vertex  5.005855e+02  1.587855e+02 -2.914000e+01
     vertex  5.002220e+02  1.591151e+02 -2.914000e+01
     vertex  5.009151e+02  1.584220e+02 -2.914000e+01
   endloop
 endfacet
 facet normal  0.000000e+00  0.000000e+00  1.000000e+00
   outer loop
     vertex  5.005855e+02  1.587855e+02 -2.914000e+01
     vertex  5.009151e+02  1.584220e+02 -2.914000e+01
     vertex  5.007548e+02  1.586078e+02 -2.914000e+01
   endloop
 endfacet
 facet normal  0.000000e+00  0.000000e+00  1.000000e+00
   outer loop
     vertex  5.005855e+02  1.587855e+02 -2.914000e+01
     vertex  5.004078e+02  1.589548e+02 -2.914000e+01
     vertex  5.002220e+02  1.591151e+02 -2.914000e+01
   endloop
 endfacet
 facet normal -9.997172e-01 -2.378273e-02  0.000000e+00
   outer loop
     vertex  4.417557e+02  1.047122e+02 -2.914000e+01
     vertex  4.417500e+02  1.049500e+02 -2.914000e+01
     vertex  4.417500e+02  1.049500e+02 -3.914000e+01
   endloop
 endfacet
 facet normal -9.996988e-01 -2.454123e-02 -1.804452e-05
   outer loop
     vertex  4.417557e+02  1.047122e+02 -2.914000e+01
     vertex  4.417500e+02  1.049500e+02 -3.914000e+01
     vertex  4.417560e+02  1.047047e+02 -3.914000e+01
   endloop
 endfacet
 facet normal -9.972905e-01 -7.356456e-02 -3.493803e-05
   outer loop
     vertex  4.417726e+02  1.044750e+02 -2.914000e+01
     vertex  4.417560e+02  1.047047e+02 -3.914000e+01
     vertex  4.417741e+02  1.044599e+02 -3.914000e+01
   endloop
 endfacet
 facet normal -9.974553e-01 -7.129437e-02  1.746902e-05
   outer loop
     vertex  4.417726e+02  1.044750e+02 -2.914000e+01
     vertex  4.417557e+02  1.047122e+02 -2.914000e+01
     vertex  4.417560e+02  1.047047e+02 -3.914000e+01
   endloop
 endfacet
 facet normal -9.924795e-01 -1.224107e-01 -5.068048e-05
   outer loop
     vertex  4.418008e+02  1.042389e+02 -2.914000e+01
     vertex  4.417741e+02  1.044599e+02 -3.914000e+01
     vertex  4.418041e+02  1.042163e+02 -3.914000e+01
   endloop
 endfacet
 facet normal -9.929368e-01 -1.186447e-01  3.378700e-05
   outer loop
     vertex  4.418008e+02  1.042389e+02 -2.914000e+01
     vertex  4.417726e+02  1.044750e+02 -2.914000e+01
     vertex  4.417741e+02  1.044599e+02 -3.914000e+01
   endloop
 endfacet
 facet normal -9.852776e-01 -1.709619e-01 -6.527183e-05
   outer loop
     vertex  4.418402e+02  1.040043e+02 -2.914000e+01
     vertex  4.418041e+02  1.042163e+02 -3.914000e+01
     vertex  4.418461e+02  1.039745e+02 -3.914000e+01
   endloop
 endfacet
 facet normal -9.861717e-01 -1.657266e-01  4.895391e-05
   outer loop
     vertex  4.418402e+02  1.040043e+02 -2.914000e+01
     vertex  4.418008e+02  1.042389e+02 -2.914000e+01
     vertex  4.418041e+02  1.042163e+02 -3.914000e+01
   endloop
 endfacet
 facet normal -9.757021e-01 -2.191012e-01 -7.871206e-05
   outer loop
     vertex  4.418908e+02  1.037719e+02 -2.914000e+01
     vertex  4.418461e+02  1.039745e+02 -3.914000e+01
     vertex  4.418998e+02  1.037351e+02 -3.914000e+01
   endloop
 endfacet
 facet normal -9.771755e-01 -2.124336e-01  6.296970e-05
   outer loop
     vertex  4.418908e+02  1.037719e+02 -2.914000e+01
     vertex  4.418402e+02  1.040043e+02 -2.914000e+01
     vertex  4.418461e+02  1.039745e+02 -3.914000e+01
   endloop
 endfacet
 facet normal -9.637761e-01 -2.667128e-01 -9.100113e-05
   outer loop
     vertex  4.419523e+02  1.035422e+02 -2.914000e+01
     vertex  4.418998e+02  1.037351e+02 -3.914000e+01
     vertex  4.419653e+02  1.034986e+02 -3.914000e+01
   endloop
 endfacet
 facet normal -9.659684e-01 -2.586599e-01  7.583435e-05
   outer loop
     vertex  4.419523e+02  1.035422e+02 -2.914000e+01
     vertex  4.418908e+02  1.037719e+02 -2.914000e+01
     vertex  4.418998e+02  1.037351e+02 -3.914000e+01
   endloop
 endfacet
 facet normal -9.495282e-01 -3.136817e-01 -1.021390e-04
   outer loop
     vertex  4.420247e+02  1.033157e+02 -2.914000e+01
     vertex  4.419653e+02  1.034986e+02 -3.914000e+01
     vertex  4.420423e+02  1.032656e+02 -3.914000e+01
   endloop
 endfacet
 facet normal -9.525759e-01 -3.043010e-01  8.754783e-05
   outer loop
     vertex  4.420247e+02  1.033157e+02 -2.914000e+01
     vertex  4.419523e+02  1.035422e+02 -2.914000e+01
     vertex  4.419653e+02  1.034986e+02 -3.914000e+01
   endloop
 endfacet
 facet normal -9.367262e-01 -3.500628e-01  1.026960e-04
   outer loop
     vertex  4.421077e+02  1.030928e+02 -3.114000e+01
     vertex  4.420247e+02  1.033157e+02 -2.914000e+01
     vertex  4.420423e+02  1.032656e+02 -3.914000e+01
   endloop
 endfacet
 facet normal -9.329928e-01 -3.598950e-01 -1.401571e-04
   outer loop
     vertex  4.421077e+02  1.030928e+02 -3.114000e+01
     vertex  4.420423e+02  1.032656e+02 -3.914000e+01
     vertex  4.421306e+02  1.030366e+02 -3.914000e+01
   endloop
 endfacet
 facet normal -9.370282e-01 -3.492537e-01  4.854377e-13
   outer loop
     vertex  4.421077e+02  1.030928e+02 -2.914000e+01
     vertex  4.420247e+02  1.033157e+02 -2.914000e+01
     vertex  4.421077e+02  1.030928e+02 -3.114000e+01
   endloop
 endfacet
 facet normal -9.142097e-01 -4.052413e-01 -1.508047e-04
   outer loop
     vertex  4.422014e+02  1.028739e+02 -3.114000e+01
     vertex  4.421306e+02  1.030366e+02 -3.914000e+01
     vertex  4.422301e+02  1.028122e+02 -3.914000e+01
   endloop
 endfacet
 facet normal -9.193490e-01 -3.934429e-01  1.346220e-04
   outer loop
     vertex  4.422014e+02  1.028739e+02 -3.114000e+01
     vertex  4.421077e+02  1.030928e+02 -3.114000e+01
     vertex  4.421306e+02  1.030366e+02 -3.914000e+01
   endloop
 endfacet
 facet normal -8.995747e-01 -4.367670e-01  1.446042e-04
   outer loop
     vertex  4.423054e+02  1.026597e+02 -3.114000e+01
     vertex  4.422014e+02  1.028739e+02 -3.114000e+01
     vertex  4.422301e+02  1.028122e+02 -3.914000e+01
   endloop
 endfacet
 facet normal -8.932243e-01 -4.496113e-01 -1.601215e-04
   outer loop
     vertex  4.423054e+02  1.026597e+02 -3.114000e+01
     vertex  4.422301e+02  1.028122e+02 -3.914000e+01
     vertex  4.423404e+02  1.025930e+02 -3.914000e+01
   endloop
 endfacet
 facet normal -8.700870e-01 -4.928982e-01 -1.681073e-04
   outer loop
     vertex  4.424195e+02  1.024507e+02 -3.114000e+01
     vertex  4.423404e+02  1.025930e+02 -3.914000e+01
     vertex  4.424614e+02  1.023795e+02 -3.914000e+01
   endloop
 endfacet
 facet normal -8.777600e-01 -4.791005e-01  1.532554e-04
   outer loop
     vertex  4.424195e+02  1.024507e+02 -3.114000e+01
     vertex  4.423054e+02  1.026597e+02 -3.114000e+01
     vertex  4.423404e+02  1.025930e+02 -3.914000e+01
   endloop
 endfacet
 facet normal -8.448536e-01 -5.349976e-01 -1.747621e-04
   outer loop
     vertex  4.425434e+02  1.022473e+02 -3.114000e+01
     vertex  4.424614e+02  1.023795e+02 -3.914000e+01
     vertex  4.425927e+02  1.021721e+02 -3.914000e+01
   endloop
 endfacet
 facet normal -8.539546e-01 -5.203474e-01  1.605758e-04
   outer loop
     vertex  4.425434e+02  1.022473e+02 -3.114000e+01
     vertex  4.424195e+02  1.024507e+02 -3.114000e+01
     vertex  4.424614e+02  1.023795e+02 -3.914000e+01
   endloop
 endfacet
 facet normal -8.175848e-01 -5.758082e-01 -1.800860e-04
   outer loop
     vertex  4.426768e+02  1.020501e+02 -3.114000e+01
     vertex  4.425927e+02  1.021721e+02 -3.914000e+01
     vertex  4.427340e+02  1.019715e+02 -3.914000e+01
   endloop
 endfacet
 facet normal -8.282125e-01 -5.604142e-01  1.665652e-04
   outer loop
     vertex  4.426768e+02  1.020501e+02 -3.114000e+01
     vertex  4.425434e+02  1.022473e+02 -3.114000e+01
     vertex  4.425927e+02  1.021721e+02 -3.914000e+01
   endloop
 endfacet
 facet normal -7.883464e-01 -6.152316e-01 -1.840790e-04
   outer loop
     vertex  4.428195e+02  1.018595e+02 -3.114000e+01
     vertex  4.427340e+02  1.019715e+02 -3.914000e+01
     vertex  4.428849e+02  1.017780e+02 -3.914000e+01
   endloop
 endfacet
 facet normal -8.005919e-01 -5.992100e-01  1.712236e-04
   outer loop
     vertex  4.428195e+02  1.018595e+02 -3.114000e+01
     vertex  4.426768e+02  1.020501e+02 -3.114000e+01
     vertex  4.427340e+02  1.019715e+02 -3.914000e+01
   endloop
 endfacet
 facet normal -7.572088e-01 -6.531728e-01 -1.867410e-04
   outer loop
     vertex  4.429711e+02  1.016759e+02 -3.114000e+01
     vertex  4.428849e+02  1.017780e+02 -3.914000e+01
     vertex  4.430452e+02  1.015922e+02 -3.914000e+01
   endloop
 endfacet
 facet normal -7.711556e-01 -6.366467e-01  1.745510e-04
   outer loop
     vertex  4.429711e+02  1.016759e+02 -3.114000e+01
     vertex  4.428195e+02  1.018595e+02 -3.114000e+01
     vertex  4.428849e+02  1.017780e+02 -3.914000e+01
   endloop
 endfacet
 facet normal -7.242471e-01 -6.895405e-01 -1.880719e-04
   outer loop
     vertex  4.431313e+02  1.014997e+02 -3.114000e+01
     vertex  4.430452e+02  1.015922e+02 -3.914000e+01
     vertex  4.432145e+02  1.014145e+02 -3.914000e+01
   endloop
 endfacet
 facet normal -7.399703e-01 -6.726395e-01  1.765475e-04
   outer loop
     vertex  4.431313e+02  1.014997e+02 -3.114000e+01
     vertex  4.429711e+02  1.016759e+02 -3.114000e+01
     vertex  4.430452e+02  1.015922e+02 -3.914000e+01
   endloop
 endfacet
 facet normal -6.895405e-01 -7.242471e-01 -1.880719e-04
   outer loop
     vertex  4.432997e+02  1.013313e+02 -3.114000e+01
     vertex  4.432145e+02  1.014145e+02 -3.914000e+01
     vertex  4.433922e+02  1.012452e+02 -3.914000e+01
   endloop
 endfacet
 facet normal -7.071068e-01 -7.071068e-01  1.772130e-04
   outer loop
     vertex  4.432997e+02  1.013313e+02 -3.114000e+01
     vertex  4.431313e+02  1.014997e+02 -3.114000e+01
     vertex  4.432145e+02  1.014145e+02 -3.914000e+01
   endloop
 endfacet
 facet normal -6.531728e-01 -7.572088e-01 -1.867410e-04
   outer loop
     vertex  4.434759e+02  1.011711e+02 -3.114000e+01
     vertex  4.433922e+02  1.012452e+02 -3.914000e+01
     vertex  4.435780e+02  1.010849e+02 -3.914000e+01
   endloop
 endfacet
 facet normal -6.726395e-01 -7.399703e-01  1.765475e-04
   outer loop
     vertex  4.434759e+02  1.011711e+02 -3.114000e+01
     vertex  4.432997e+02  1.013313e+02 -3.114000e+01
     vertex  4.433922e+02  1.012452e+02 -3.914000e+01
   endloop
 endfacet
 facet normal -6.152316e-01 -7.883464e-01 -1.840790e-04
   outer loop
     vertex  4.436595e+02  1.010195e+02 -3.114000e+01
     vertex  4.435780e+02  1.010849e+02 -3.914000e+01
     vertex  4.437715e+02  1.009340e+02 -3.914000e+01
   endloop
 endfacet
 facet normal -6.366467e-01 -7.711556e-01  1.745510e-04
   outer loop
     vertex  4.436595e+02  1.010195e+02 -3.114000e+01
     vertex  4.434759e+02  1.011711e+02 -3.114000e+01
     vertex  4.435780e+02  1.010849e+02 -3.914000e+01
   endloop
 endfacet
 facet normal -5.758082e-01 -8.175848e-01 -1.800860e-04
   outer loop
     vertex  4.438501e+02  1.008768e+02 -3.114000e+01
     vertex  4.437715e+02  1.009340e+02 -3.914000e+01
     vertex  4.439721e+02  1.007927e+02 -3.914000e+01
   endloop
 endfacet
 facet normal -5.992100e-01 -8.005919e-01  1.712236e-04
   outer loop
     vertex  4.438501e+02  1.008768e+02 -3.114000e+01
     vertex  4.436595e+02  1.010195e+02 -3.114000e+01
     vertex  4.437715e+02  1.009340e+02 -3.914000e+01
   endloop
 endfacet
 facet normal -5.349976e-01 -8.448536e-01 -1.747621e-04
   outer loop
     vertex  4.440473e+02  1.007434e+02 -3.114000e+01
     vertex  4.439721e+02  1.007927e+02 -3.914000e+01
     vertex  4.441795e+02  1.006614e+02 -3.914000e+01
   endloop
 endfacet
 facet normal -5.604142e-01 -8.282125e-01  1.665652e-04
   outer loop
     vertex  4.440473e+02  1.007434e+02 -3.114000e+01
     vertex  4.438501e+02  1.008768e+02 -3.114000e+01
     vertex  4.439721e+02  1.007927e+02 -3.914000e+01
   endloop
 endfacet
 facet normal -4.928982e-01 -8.700870e-01 -1.681073e-04
   outer loop
     vertex  4.442507e+02  1.006195e+02 -3.114000e+01
     vertex  4.441795e+02  1.006614e+02 -3.914000e+01
     vertex  4.443930e+02  1.005404e+02 -3.914000e+01
   endloop
 endfacet
 facet normal -5.203474e-01 -8.539546e-01  1.605758e-04
   outer loop
     vertex  4.442507e+02  1.006195e+02 -3.114000e+01
     vertex  4.440473e+02  1.007434e+02 -3.114000e+01
     vertex  4.441795e+02  1.006614e+02 -3.914000e+01
   endloop
 endfacet
 facet normal -4.496113e-01 -8.932243e-01 -1.601215e-04
   outer loop
     vertex  4.444597e+02  1.005054e+02 -3.114000e+01
     vertex  4.443930e+02  1.005404e+02 -3.914000e+01
     vertex  4.446122e+02  1.004301e+02 -3.914000e+01
   endloop
 endfacet
 facet normal -4.791005e-01 -8.777600e-01  1.532554e-04
   outer loop
     vertex  4.444597e+02  1.005054e+02 -3.114000e+01
     vertex  4.442507e+02  1.006195e+02 -3.114000e+01
     vertex  4.443930e+02  1.005404e+02 -3.914000e+01
   endloop
 endfacet
 facet normal -4.052413e-01 -9.142097e-01 -1.508047e-04
   outer loop
     vertex  4.446739e+02  1.004014e+02 -3.114000e+01
     vertex  4.446122e+02  1.004301e+02 -3.914000e+01
     vertex  4.448366e+02  1.003306e+02 -3.914000e+01
   endloop
 endfacet
 facet normal -4.367670e-01 -8.995747e-01  1.446042e-04
   outer loop
     vertex  4.446739e+02  1.004014e+02 -3.114000e+01
     vertex  4.444597e+02  1.005054e+02 -3.114000e+01
     vertex  4.446122e+02  1.004301e+02 -3.914000e+01
   endloop
 endfacet
 facet normal -3.598950e-01 -9.329928e-01 -1.401571e-04
   outer loop
     vertex  4.448928e+02  1.003077e+02 -3.114000e+01
     vertex  4.448366e+02  1.003306e+02 -3.914000e+01
     vertex  4.450656e+02  1.002423e+02 -3.914000e+01
   endloop
 endfacet
 facet normal -3.934429e-01 -9.193490e-01  1.346220e-04
   outer loop
     vertex  4.448928e+02  1.003077e+02 -3.114000e+01
     vertex  4.446739e+02  1.004014e+02 -3.114000e+01
     vertex  4.448366e+02  1.003306e+02 -3.914000e+01
   endloop
 endfacet
 facet normal -3.136817e-01 -9.495282e-01 -1.021390e-04
   outer loop
     vertex  4.451157e+02  1.002247e+02 -2.914000e+01
     vertex  4.450656e+02  1.002423e+02 -3.914000e+01
     vertex  4.452986e+02  1.001653e+02 -3.914000e+01
   endloop
 endfacet
 facet normal -3.492537e-01 -9.370282e-01  4.787813e-13
   outer loop
     vertex  4.451157e+02  1.002247e+02 -2.914000e+01
     vertex  4.448928e+02  1.003077e+02 -2.914000e+01
     vertex  4.448928e+02  1.003077e+02 -3.114000e+01
   endloop
 endfacet
 facet normal -3.500628e-01 -9.367262e-01  1.026960e-04
   outer loop
     vertex  4.451157e+02  1.002247e+02 -2.914000e+01
     vertex  4.448928e+02  1.003077e+02 -3.114000e+01
     vertex  4.450656e+02  1.002423e+02 -3.914000e+01
   endloop
 endfacet
 facet normal -2.667128e-01 -9.637761e-01 -9.100113e-05
   outer loop
     vertex  4.453422e+02  1.001523e+02 -2.914000e+01
     vertex  4.452986e+02  1.001653e+02 -3.914000e+01
     vertex  4.455351e+02  1.000998e+02 -3.914000e+01
   endloop
 endfacet
 facet normal -3.043010e-01 -9.525759e-01  8.754783e-05
   outer loop
     vertex  4.453422e+02  1.001523e+02 -2.914000e+01
     vertex  4.451157e+02  1.002247e+02 -2.914000e+01
     vertex  4.452986e+02  1.001653e+02 -3.914000e+01
   endloop
 endfacet
 facet normal -2.191012e-01 -9.757021e-01 -7.871206e-05
   outer loop
     vertex  4.455719e+02  1.000908e+02 -2.914000e+01
     vertex  4.455351e+02  1.000998e+02 -3.914000e+01
     vertex  4.457745e+02  1.000461e+02 -3.914000e+01
   endloop
 endfacet
 facet normal -2.586599e-01 -9.659684e-01  7.583435e-05
   outer loop
     vertex  4.455719e+02  1.000908e+02 -2.914000e+01
     vertex  4.453422e+02  1.001523e+02 -2.914000e+01
     vertex  4.455351e+02  1.000998e+02 -3.914000e+01
   endloop
 endfacet
 facet normal -1.709619e-01 -9.852776e-01 -6.527183e-05
   outer loop
     vertex  4.458043e+02  1.000402e+02 -2.914000e+01
     vertex  4.457745e+02  1.000461e+02 -3.914000e+01
     vertex  4.460163e+02  1.000041e+02 -3.914000e+01
   endloop
 endfacet
 facet normal -2.124336e-01 -9.771755e-01  6.296970e-05
   outer loop
     vertex  4.458043e+02  1.000402e+02 -2.914000e+01
     vertex  4.455719e+02  1.000908e+02 -2.914000e+01
     vertex  4.457745e+02  1.000461e+02 -3.914000e+01
   endloop
 endfacet
 facet normal -1.224107e-01 -9.924795e-01 -5.068048e-05
   outer loop
     vertex  4.460389e+02  1.000008e+02 -2.914000e+01
     vertex  4.460163e+02  1.000041e+02 -3.914000e+01
     vertex  4.462599e+02  9.997408e+01 -3.914000e+01
   endloop
 endfacet
 facet normal -1.657266e-01 -9.861717e-01  4.895391e-05
   outer loop
     vertex  4.460389e+02  1.000008e+02 -2.914000e+01
     vertex  4.458043e+02  1.000402e+02 -2.914000e+01
     vertex  4.460163e+02  1.000041e+02 -3.914000e+01
   endloop
 endfacet
 facet normal -7.356456e-02 -9.972905e-01 -3.493803e-05
   outer loop
     vertex  4.462750e+02  9.997261e+01 -2.914000e+01
     vertex  4.462599e+02  9.997408e+01 -3.914000e+01
     vertex  4.465047e+02  9.995602e+01 -3.914000e+01
   endloop
 endfacet
 facet normal -1.186447e-01 -9.929368e-01  3.378700e-05
   outer loop
     vertex  4.462750e+02  9.997261e+01 -2.914000e+01
     vertex  4.460389e+02  1.000008e+02 -2.914000e+01
     vertex  4.462599e+02  9.997408e+01 -3.914000e+01
   endloop
 endfacet
 facet normal -7.129437e-02 -9.974553e-01  1.746902e-05
   outer loop
     vertex  4.465122e+02  9.995566e+01 -2.914000e+01
     vertex  4.462750e+02  9.997261e+01 -2.914000e+01
     vertex  4.465047e+02  9.995602e+01 -3.914000e+01
   endloop
 endfacet
 facet normal -2.454123e-02 -9.996988e-01 -1.804452e-05
   outer loop
     vertex  4.465122e+02  9.995566e+01 -2.914000e+01
     vertex  4.465047e+02  9.995602e+01 -3.914000e+01
     vertex  4.467500e+02  9.995000e+01 -3.914000e+01
   endloop
 endfacet
 facet normal -2.378273e-02 -9.997172e-01 -0.000000e+00
   outer loop
     vertex  4.467500e+02  9.995000e+01 -2.914000e+01
     vertex  4.465122e+02  9.995566e+01 -2.914000e+01
     vertex  4.467500e+02  9.995000e+01 -3.914000e+01
   endloop
 endfacet
 facet normal -9.996988e-01  2.454123e-02  0.000000e+00
   outer loop
     vertex  4.417560e+02  1.554953e+02 -2.914000e+01
     vertex  4.417560e+02  1.554953e+02 -3.914000e+01
     vertex  4.417500e+02  1.552500e+02 -3.914000e+01
   endloop
 endfacet
 facet normal -9.996988e-01  2.454123e-02  0.000000e+00
   outer loop
     vertex  4.417560e+02  1.554953e+02 -2.914000e+01
     vertex  4.417500e+02  1.552500e+02 -3.914000e+01
     vertex  4.417500e+02  1.552500e+02 -2.914000e+01
   endloop
 endfacet
 facet normal -9.972905e-01  7.356456e-02  0.000000e+00
   outer loop
     vertex  4.417741e+02  1.557401e+02 -2.914000e+01
     vertex  4.417741e+02  1.557401e+02 -3.914000e+01
     vertex  4.417560e+02  1.554953e+02 -3.914000e+01
   endloop
 endfacet
 facet normal -9.924795e-01  1.224107e-01  0.000000e+00
   outer loop
     vertex  4.417741e+02  1.557401e+02 -2.914000e+01
     vertex  4.418041e+02  1.559837e+02 -3.914000e+01
     vertex  4.417741e+02  1.557401e+02 -3.914000e+01
   endloop
 endfacet
 facet normal -9.972905e-01  7.356456e-02  0.000000e+00
   outer loop
     vertex  4.417741e+02  1.557401e+02 -2.914000e+01
     vertex  4.417560e+02  1.554953e+02 -3.914000e+01
     vertex  4.417560e+02  1.554953e+02 -2.914000e+01
   endloop
 endfacet
 facet normal -9.924795e-01  1.224107e-01  0.000000e+00
   outer loop
     vertex  4.418041e+02  1.559837e+02 -2.914000e+01
     vertex  4.418041e+02  1.559837e+02 -3.914000e+01
     vertex  4.417741e+02  1.557401e+02 -2.914000e+01
   endloop
 endfacet
 facet normal -9.852776e-01  1.709619e-01  0.000000e+00
   outer loop
     vertex  4.418461e+02  1.562255e+02 -2.914000e+01
     vertex  4.418461e+02  1.562255e+02 -3.914000e+01
     vertex  4.418041e+02  1.559837e+02 -3.914000e+01
   endloop
 endfacet
 facet normal -9.852776e-01  1.709619e-01  0.000000e+00
   outer loop
     vertex  4.418461e+02  1.562255e+02 -2.914000e+01
     vertex  4.418041e+02  1.559837e+02 -3.914000e+01
     vertex  4.418041e+02  1.559837e+02 -2.914000e+01
   endloop
 endfacet
 facet normal -9.757021e-01  2.191012e-01  0.000000e+00
   outer loop
     vertex  4.418998e+02  1.564649e+02 -2.914000e+01
     vertex  4.418998e+02  1.564649e+02 -3.914000e+01
     vertex  4.418461e+02  1.562255e+02 -3.914000e+01
   endloop
 endfacet
 facet normal -9.637761e-01  2.667128e-01  0.000000e+00
   outer loop
     vertex  4.418998e+02  1.564649e+02 -2.914000e+01
     vertex  4.419653e+02  1.567014e+02 -3.914000e+01
     vertex  4.418998e+02  1.564649e+02 -3.914000e+01
   endloop
 endfacet
 facet normal -9.757021e-01  2.191012e-01  0.000000e+00
   outer loop
     vertex  4.418998e+02  1.564649e+02 -2.914000e+01
     vertex  4.418461e+02  1.562255e+02 -3.914000e+01
     vertex  4.418461e+02  1.562255e+02 -2.914000e+01
   endloop
 endfacet
 facet normal -9.637761e-01  2.667128e-01  0.000000e+00
   outer loop
     vertex  4.419653e+02  1.567014e+02 -2.914000e+01
     vertex  4.419653e+02  1.567014e+02 -3.914000e+01
     vertex  4.418998e+02  1.564649e+02 -2.914000e+01
   endloop
 endfacet
 facet normal -9.495282e-01  3.136817e-01  0.000000e+00
   outer loop
     vertex  4.420423e+02  1.569344e+02 -2.914000e+01
     vertex  4.420423e+02  1.569344e+02 -3.914000e+01
     vertex  4.419653e+02  1.567014e+02 -3.914000e+01
   endloop
 endfacet
 facet normal -9.495282e-01  3.136817e-01  0.000000e+00
   outer loop
     vertex  4.420423e+02  1.569344e+02 -2.914000e+01
     vertex  4.419653e+02  1.567014e+02 -3.914000e+01
     vertex  4.419653e+02  1.567014e+02 -2.914000e+01
   endloop
 endfacet
 facet normal -9.329928e-01  3.598950e-01  0.000000e+00
   outer loop
     vertex  4.421306e+02  1.571634e+02 -2.914000e+01
     vertex  4.421306e+02  1.571634e+02 -3.914000e+01
     vertex  4.420423e+02  1.569344e+02 -3.914000e+01
   endloop
 endfacet
 facet normal -9.142098e-01  4.052413e-01  0.000000e+00
   outer loop
     vertex  4.421306e+02  1.571634e+02 -2.914000e+01
     vertex  4.422301e+02  1.573878e+02 -3.914000e+01
     vertex  4.421306e+02  1.571634e+02 -3.914000e+01
   endloop
 endfacet
 facet normal -9.329928e-01  3.598950e-01  0.000000e+00
   outer loop
     vertex  4.421306e+02  1.571634e+02 -2.914000e+01
     vertex  4.420423e+02  1.569344e+02 -3.914000e+01
     vertex  4.420423e+02  1.569344e+02 -2.914000e+01
   endloop
 endfacet
 facet normal -9.142098e-01  4.052413e-01  0.000000e+00
   outer loop
     vertex  4.422301e+02  1.573878e+02 -2.914000e+01
     vertex  4.422301e+02  1.573878e+02 -3.914000e+01
     vertex  4.421306e+02  1.571634e+02 -2.914000e+01
   endloop
 endfacet
 facet normal -8.932243e-01  4.496113e-01  0.000000e+00
   outer loop
     vertex  4.423404e+02  1.576070e+02 -2.914000e+01
     vertex  4.423404e+02  1.576070e+02 -3.914000e+01
     vertex  4.422301e+02  1.573878e+02 -3.914000e+01
   endloop
 endfacet
 facet normal -8.932243e-01  4.496113e-01  0.000000e+00
   outer loop
     vertex  4.423404e+02  1.576070e+02 -2.914000e+01
     vertex  4.422301e+02  1.573878e+02 -3.914000e+01
     vertex  4.422301e+02  1.573878e+02 -2.914000e+01
   endloop
 endfacet
 facet normal -8.700870e-01  4.928982e-01  0.000000e+00
   outer loop
     vertex  4.424614e+02  1.578205e+02 -2.914000e+01
     vertex  4.424614e+02  1.578205e+02 -3.914000e+01
     vertex  4.423404e+02  1.576070e+02 -3.914000e+01
   endloop
 endfacet
 facet normal -8.700870e-01  4.928982e-01  0.000000e+00
   outer loop
     vertex  4.424614e+02  1.578205e+02 -2.914000e+01
     vertex  4.423404e+02  1.576070e+02 -3.914000e+01
     vertex  4.423404e+02  1.576070e+02 -2.914000e+01
   endloop
 endfacet
 facet normal -8.448536e-01  5.349976e-01  0.000000e+00
   outer loop
     vertex  4.425927e+02  1.580279e+02 -2.914000e+01
     vertex  4.425927e+02  1.580279e+02 -3.914000e+01
     vertex  4.424614e+02  1.578205e+02 -3.914000e+01
   endloop
 endfacet
 facet normal -8.448536e-01  5.349976e-01  0.000000e+00
   outer loop
     vertex  4.425927e+02  1.580279e+02 -2.914000e+01
     vertex  4.424614e+02  1.578205e+02 -3.914000e+01
     vertex  4.424614e+02  1.578205e+02 -2.914000e+01
   endloop
 endfacet
 facet normal -8.175848e-01  5.758082e-01  0.000000e+00
   outer loop
     vertex  4.427340e+02  1.582285e+02 -2.914000e+01
     vertex  4.427340e+02  1.582285e+02 -3.914000e+01
     vertex  4.425927e+02  1.580279e+02 -3.914000e+01
   endloop
 endfacet
 facet normal -7.883464e-01  6.152316e-01  0.000000e+00
   outer loop
     vertex  4.427340e+02  1.582285e+02 -2.914000e+01
     vertex  4.428849e+02  1.584220e+02 -3.914000e+01
     vertex  4.427340e+02  1.582285e+02 -3.914000e+01
   endloop
 endfacet
 facet normal -8.175848e-01  5.758082e-01  0.000000e+00
   outer loop
     vertex  4.427340e+02  1.582285e+02 -2.914000e+01
     vertex  4.425927e+02  1.580279e+02 -3.914000e+01
     vertex  4.425927e+02  1.580279e+02 -2.914000e+01
   endloop
 endfacet
 facet normal -7.883464e-01  6.152316e-01  0.000000e+00
   outer loop
     vertex  4.428849e+02  1.584220e+02 -2.914000e+01
     vertex  4.428849e+02  1.584220e+02 -3.914000e+01
     vertex  4.427340e+02  1.582285e+02 -2.914000e+01
   endloop
 endfacet
 facet normal -7.572088e-01  6.531728e-01  0.000000e+00
   outer loop
     vertex  4.430452e+02  1.586078e+02 -2.914000e+01
     vertex  4.430452e+02  1.586078e+02 -3.914000e+01
     vertex  4.428849e+02  1.584220e+02 -3.914000e+01
   endloop
 endfacet
 facet normal -7.572088e-01  6.531728e-01  0.000000e+00
   outer loop
     vertex  4.430452e+02  1.586078e+02 -2.914000e+01
     vertex  4.428849e+02  1.584220e+02 -3.914000e+01
     vertex  4.428849e+02  1.584220e+02 -2.914000e+01
   endloop
 endfacet
 facet normal -7.242471e-01  6.895405e-01  0.000000e+00
   outer loop
     vertex  4.432145e+02  1.587855e+02 -2.914000e+01
     vertex  4.432145e+02  1.587855e+02 -3.914000e+01
     vertex  4.430452e+02  1.586078e+02 -3.914000e+01
   endloop
 endfacet
 facet normal -7.242471e-01  6.895405e-01  0.000000e+00
   outer loop
     vertex  4.432145e+02  1.587855e+02 -2.914000e+01
     vertex  4.430452e+02  1.586078e+02 -3.914000e+01
     vertex  4.430452e+02  1.586078e+02 -2.914000e+01
   endloop
 endfacet
 facet normal -6.895405e-01  7.242471e-01  0.000000e+00
   outer loop
     vertex  4.433922e+02  1.589548e+02 -2.914000e+01
     vertex  4.433922e+02  1.589548e+02 -3.914000e+01
     vertex  4.432145e+02  1.587855e+02 -3.914000e+01
   endloop
 endfacet
 facet normal -6.895405e-01  7.242471e-01  0.000000e+00
   outer loop
     vertex  4.433922e+02  1.589548e+02 -2.914000e+01
     vertex  4.432145e+02  1.587855e+02 -3.914000e+01
     vertex  4.432145e+02  1.587855e+02 -2.914000e+01
   endloop
 endfacet
 facet normal -6.531728e-01  7.572088e-01  0.000000e+00
   outer loop
     vertex  4.435780e+02  1.591151e+02 -2.914000e+01
     vertex  4.435780e+02  1.591151e+02 -3.914000e+01
     vertex  4.433922e+02  1.589548e+02 -3.914000e+01
   endloop
 endfacet
 facet normal -6.531728e-01  7.572088e-01  0.000000e+00
   outer loop
     vertex  4.435780e+02  1.591151e+02 -2.914000e+01
     vertex  4.433922e+02  1.589548e+02 -3.914000e+01
     vertex  4.433922e+02  1.589548e+02 -2.914000e+01
   endloop
 endfacet
 facet normal -6.152316e-01  7.883464e-01  0.000000e+00
   outer loop
     vertex  4.437715e+02  1.592660e+02 -2.914000e+01
     vertex  4.437715e+02  1.592660e+02 -3.914000e+01
     vertex  4.435780e+02  1.591151e+02 -3.914000e+01
   endloop
 endfacet
 facet normal -5.758082e-01  8.175848e-01  0.000000e+00
   outer loop
     vertex  4.437715e+02  1.592660e+02 -2.914000e+01
     vertex  4.439721e+02  1.594073e+02 -3.914000e+01
     vertex  4.437715e+02  1.592660e+02 -3.914000e+01
   endloop
 endfacet
 facet normal -6.152316e-01  7.883464e-01  0.000000e+00
   outer loop
     vertex  4.437715e+02  1.592660e+02 -2.914000e+01
     vertex  4.435780e+02  1.591151e+02 -3.914000e+01
     vertex  4.435780e+02  1.591151e+02 -2.914000e+01
   endloop
 endfacet
 facet normal -5.758082e-01  8.175848e-01  0.000000e+00
   outer loop
     vertex  4.439721e+02  1.594073e+02 -2.914000e+01
     vertex  4.439721e+02  1.594073e+02 -3.914000e+01
     vertex  4.437715e+02  1.592660e+02 -2.914000e+01
   endloop
 endfacet
 facet normal -5.349976e-01  8.448536e-01  0.000000e+00
   outer loop
     vertex  4.441795e+02  1.595386e+02 -2.914000e+01
     vertex  4.441795e+02  1.595386e+02 -3.914000e+01
     vertex  4.439721e+02  1.594073e+02 -3.914000e+01
   endloop
 endfacet
 facet normal -5.349976e-01  8.448536e-01  0.000000e+00
   outer loop
     vertex  4.441795e+02  1.595386e+02 -2.914000e+01
     vertex  4.439721e+02  1.594073e+02 -3.914000e+01
     vertex  4.439721e+02  1.594073e+02 -2.914000e+01
   endloop
 endfacet
 facet normal -4.928982e-01  8.700870e-01  0.000000e+00
   outer loop
     vertex  4.443930e+02  1.596596e+02 -2.914000e+01
     vertex  4.443930e+02  1.596596e+02 -3.914000e+01
     vertex  4.441795e+02  1.595386e+02 -3.914000e+01
   endloop
 endfacet
 facet normal -4.928982e-01  8.700870e-01  0.000000e+00
   outer loop
     vertex  4.443930e+02  1.596596e+02 -2.914000e+01
     vertex  4.441795e+02  1.595386e+02 -3.914000e+01
     vertex  4.441795e+02  1.595386e+02 -2.914000e+01
   endloop
 endfacet
 facet normal -4.496113e-01  8.932243e-01  0.000000e+00
   outer loop
     vertex  4.446122e+02  1.597699e+02 -2.914000e+01
     vertex  4.446122e+02  1.597699e+02 -3.914000e+01
     vertex  4.443930e+02  1.596596e+02 -3.914000e+01
   endloop
 endfacet
 facet normal -4.496113e-01  8.932243e-01  0.000000e+00
   outer loop
     vertex  4.446122e+02  1.597699e+02 -2.914000e+01
     vertex  4.443930e+02  1.596596e+02 -3.914000e+01
     vertex  4.443930e+02  1.596596e+02 -2.914000e+01
   endloop
 endfacet
 facet normal -4.052413e-01  9.142098e-01  0.000000e+00
   outer loop
     vertex  4.448366e+02  1.598694e+02 -2.914000e+01
     vertex  4.448366e+02  1.598694e+02 -3.914000e+01
     vertex  4.446122e+02  1.597699e+02 -3.914000e+01
   endloop
 endfacet
 facet normal -4.052413e-01  9.142098e-01  0.000000e+00
   outer loop
     vertex  4.448366e+02  1.598694e+02 -2.914000e+01
     vertex  4.446122e+02  1.597699e+02 -3.914000e+01
     vertex  4.446122e+02  1.597699e+02 -2.914000e+01
   endloop
 endfacet
 facet normal -3.598950e-01  9.329928e-01  0.000000e+00
   outer loop
     vertex  4.450656e+02  1.599577e+02 -2.914000e+01
     vertex  4.450656e+02  1.599577e+02 -3.914000e+01
     vertex  4.448366e+02  1.598694e+02 -3.914000e+01
   endloop
 endfacet
 facet normal -3.598950e-01  9.329928e-01  0.000000e+00
   outer loop
     vertex  4.450656e+02  1.599577e+02 -2.914000e+01
     vertex  4.448366e+02  1.598694e+02 -3.914000e+01
     vertex  4.448366e+02  1.598694e+02 -2.914000e+01
   endloop
 endfacet
 facet normal -3.136817e-01  9.495282e-01  0.000000e+00
   outer loop
     vertex  4.452986e+02  1.600347e+02 -2.914000e+01
     vertex  4.452986e+02  1.600347e+02 -3.914000e+01
     vertex  4.450656e+02  1.599577e+02 -3.914000e+01
   endloop
 endfacet
 facet normal -3.136817e-01  9.495282e-01  0.000000e+00
   outer loop
     vertex  4.452986e+02  1.600347e+02 -2.914000e+01
     vertex  4.450656e+02  1.599577e+02 -3.914000e+01
     vertex  4.450656e+02  1.599577e+02 -2.914000e+01
   endloop
 endfacet
 facet normal -2.667128e-01  9.637761e-01  0.000000e+00
   outer loop
     vertex  4.455351e+02  1.601002e+02 -2.914000e+01
     vertex  4.455351e+02  1.601002e+02 -3.914000e+01
     vertex  4.452986e+02  1.600347e+02 -3.914000e+01
   endloop
 endfacet
 facet normal -2.667128e-01  9.637761e-01  0.000000e+00
   outer loop
     vertex  4.455351e+02  1.601002e+02 -2.914000e+01
     vertex  4.452986e+02  1.600347e+02 -3.914000e+01
     vertex  4.452986e+02  1.600347e+02 -2.914000e+01
   endloop
 endfacet
 facet normal -2.191012e-01  9.757021e-01  0.000000e+00
   outer loop
     vertex  4.457745e+02  1.601539e+02 -2.914000e+01
     vertex  4.457745e+02  1.601539e+02 -3.914000e+01
     vertex  4.455351e+02  1.601002e+02 -3.914000e+01
   endloop
 endfacet
 facet normal -2.191012e-01  9.757021e-01  0.000000e+00
   outer loop
     vertex  4.457745e+02  1.601539e+02 -2.914000e+01
     vertex  4.455351e+02  1.601002e+02 -3.914000e+01
     vertex  4.455351e+02  1.601002e+02 -2.914000e+01
   endloop
 endfacet
 facet normal -1.709619e-01  9.852776e-01  0.000000e+00
   outer loop
     vertex  4.460163e+02  1.601959e+02 -2.914000e+01
     vertex  4.460163e+02  1.601959e+02 -3.914000e+01
     vertex  4.457745e+02  1.601539e+02 -3.914000e+01
   endloop
 endfacet
 facet normal -1.224107e-01  9.924795e-01  0.000000e+00
   outer loop
     vertex  4.460163e+02  1.601959e+02 -2.914000e+01
     vertex  4.462599e+02  1.602259e+02 -3.914000e+01
     vertex  4.460163e+02  1.601959e+02 -3.914000e+01
   endloop
 endfacet
 facet normal -1.709619e-01  9.852776e-01  0.000000e+00
   outer loop
     vertex  4.460163e+02  1.601959e+02 -2.914000e+01
     vertex  4.457745e+02  1.601539e+02 -3.914000e+01
     vertex  4.457745e+02  1.601539e+02 -2.914000e+01
   endloop
 endfacet
 facet normal -1.224107e-01  9.924795e-01  0.000000e+00
   outer loop
     vertex  4.462599e+02  1.602259e+02 -2.914000e+01
     vertex  4.462599e+02  1.602259e+02 -3.914000e+01
     vertex  4.460163e+02  1.601959e+02 -2.914000e+01
   endloop
 endfacet
 facet normal -7.356456e-02  9.972905e-01  0.000000e+00
   outer loop
     vertex  4.465047e+02  1.602440e+02 -2.914000e+01
     vertex  4.465047e+02  1.602440e+02 -3.914000e+01
     vertex  4.462599e+02  1.602259e+02 -3.914000e+01
   endloop
 endfacet
 facet normal -2.454123e-02  9.996988e-01  0.000000e+00
   outer loop
     vertex  4.465047e+02  1.602440e+02 -2.914000e+01
     vertex  4.467500e+02  1.602500e+02 -3.914000e+01
     vertex  4.465047e+02  1.602440e+02 -3.914000e+01
   endloop
 endfacet
 facet normal -7.356456e-02  9.972905e-01  0.000000e+00
   outer loop
     vertex  4.465047e+02  1.602440e+02 -2.914000e+01
     vertex  4.462599e+02  1.602259e+02 -3.914000e+01
     vertex  4.462599e+02  1.602259e+02 -2.914000e+01
   endloop
 endfacet
 facet normal -2.454123e-02  9.996988e-01  0.000000e+00
   outer loop
     vertex  4.467500e+02  1.602500e+02 -2.914000e+01
     vertex  4.467500e+02  1.602500e+02 -3.914000e+01
     vertex  4.465047e+02  1.602440e+02 -2.914000e+01
   endloop
 endfacet
 facet normal  0.000000e+00  0.000000e+00 -1.000000e+00
   outer loop
     vertex  4.428849e+02  1.017780e+02 -3.914000e+01
     vertex  4.432145e+02  1.014145e+02 -3.914000e+01
     vertex  4.430452e+02  1.015922e+02 -3.914000e+01
   endloop
 endfacet
 facet normal  0.000000e+00  0.000000e+00 -1.000000e+00
   outer loop
     vertex  4.424614e+02  1.023795e+02 -3.914000e+01
     vertex  4.427340e+02  1.019715e+02 -3.914000e+01
     vertex  4.425927e+02  1.021721e+02 -3.914000e+01
   endloop
 endfacet
 facet normal  0.000000e+00  0.000000e+00 -1.000000e+00
   outer loop
     vertex  4.443930e+02  1.005404e+02 -3.914000e+01
     vertex  4.439721e+02  1.007927e+02 -3.914000e+01
     vertex  4.437715e+02  1.009340e+02 -3.914000e+01
   endloop
 endfacet
 facet normal  0.000000e+00  0.000000e+00 -1.000000e+00
   outer loop
     vertex  4.443930e+02  1.005404e+02 -3.914000e+01
     vertex  4.441795e+02  1.006614e+02 -3.914000e+01
     vertex  4.439721e+02  1.007927e+02 -3.914000e+01
   endloop
 endfacet
 facet normal  0.000000e+00  0.000000e+00 -1.000000e+00
   outer loop
     vertex  4.446122e+02  1.004301e+02 -3.914000e+01
     vertex  4.443930e+02  1.005404e+02 -3.914000e+01
     vertex  4.437715e+02  1.009340e+02 -3.914000e+01
   endloop
 endfacet
 facet normal  0.000000e+00  0.000000e+00 -1.000000e+00
   outer loop
     vertex  4.450656e+02  1.002423e+02 -3.914000e+01
     vertex  4.448366e+02  1.003306e+02 -3.914000e+01
     vertex  4.446122e+02  1.004301e+02 -3.914000e+01
   endloop
 endfacet
 facet normal  0.000000e+00  0.000000e+00 -1.000000e+00
   outer loop
     vertex  4.419653e+02  1.034986e+02 -3.914000e+01
     vertex  4.421306e+02  1.030366e+02 -3.914000e+01
     vertex  4.420423e+02  1.032656e+02 -3.914000e+01
   endloop
 endfacet
 facet normal  0.000000e+00  0.000000e+00 -1.000000e+00
   outer loop
     vertex  4.419653e+02  1.034986e+02 -3.914000e+01
     vertex  4.422301e+02  1.028122e+02 -3.914000e+01
     vertex  4.421306e+02  1.030366e+02 -3.914000e+01
   endloop
 endfacet
 facet normal  0.000000e+00  0.000000e+00 -1.000000e+00
   outer loop
     vertex  4.419653e+02  1.034986e+02 -3.914000e+01
     vertex  4.423404e+02  1.025930e+02 -3.914000e+01
     vertex  4.422301e+02  1.028122e+02 -3.914000e+01
   endloop
 endfacet
 facet normal  0.000000e+00  0.000000e+00 -1.000000e+00
   outer loop
     vertex  4.419653e+02  1.034986e+02 -3.914000e+01
     vertex  4.424614e+02  1.023795e+02 -3.914000e+01
     vertex  4.423404e+02  1.025930e+02 -3.914000e+01
   endloop
 endfacet
 facet normal  0.000000e+00  0.000000e+00 -1.000000e+00
   outer loop
     vertex  4.419653e+02  1.034986e+02 -3.914000e+01
     vertex  4.428849e+02  1.017780e+02 -3.914000e+01
     vertex  4.427340e+02  1.019715e+02 -3.914000e+01
   endloop
 endfacet
 facet normal  0.000000e+00  0.000000e+00 -1.000000e+00
   outer loop
     vertex  4.419653e+02  1.034986e+02 -3.914000e+01
     vertex  4.432145e+02  1.014145e+02 -3.914000e+01
     vertex  4.428849e+02  1.017780e+02 -3.914000e+01
   endloop
 endfacet
 facet normal  0.000000e+00  0.000000e+00 -1.000000e+00
   outer loop
     vertex  4.419653e+02  1.034986e+02 -3.914000e+01
     vertex  4.427340e+02  1.019715e+02 -3.914000e+01
     vertex  4.424614e+02  1.023795e+02 -3.914000e+01
   endloop
 endfacet
 facet normal  0.000000e+00  0.000000e+00 -1.000000e+00
   outer loop
     vertex  4.455351e+02  1.000998e+02 -3.914000e+01
     vertex  4.452986e+02  1.001653e+02 -3.914000e+01
     vertex  4.450656e+02  1.002423e+02 -3.914000e+01
   endloop
 endfacet
 facet normal  0.000000e+00  0.000000e+00 -1.000000e+00
   outer loop
     vertex  4.418461e+02  1.039745e+02 -3.914000e+01
     vertex  4.419653e+02  1.034986e+02 -3.914000e+01
     vertex  4.418998e+02  1.037351e+02 -3.914000e+01
   endloop
 endfacet
 facet normal  0.000000e+00  0.000000e+00 -1.000000e+00
   outer loop
     vertex  4.418461e+02  1.039745e+02 -3.914000e+01
     vertex  4.433922e+02  1.012452e+02 -3.914000e+01
     vertex  4.432145e+02  1.014145e+02 -3.914000e+01
   endloop
 endfacet
 facet normal  0.000000e+00  0.000000e+00 -1.000000e+00
   outer loop
     vertex  4.418461e+02  1.039745e+02 -3.914000e+01
     vertex  4.435780e+02  1.010849e+02 -3.914000e+01
     vertex  4.433922e+02  1.012452e+02 -3.914000e+01
   endloop
 endfacet
 facet normal  0.000000e+00  0.000000e+00 -1.000000e+00
   outer loop
     vertex  4.418461e+02  1.039745e+02 -3.914000e+01
     vertex  4.437715e+02  1.009340e+02 -3.914000e+01
     vertex  4.435780e+02  1.010849e+02 -3.914000e+01
   endloop
 endfacet
 facet normal  0.000000e+00  0.000000e+00 -1.000000e+00
   outer loop
     vertex  4.418461e+02  1.039745e+02 -3.914000e+01
     vertex  4.432145e+02  1.014145e+02 -3.914000e+01
     vertex  4.419653e+02  1.034986e+02 -3.914000e+01
   endloop
 endfacet
 facet normal  0.000000e+00  0.000000e+00 -1.000000e+00
   outer loop
     vertex  4.418461e+02  1.039745e+02 -3.914000e+01
     vertex  4.450656e+02  1.002423e+02 -3.914000e+01
     vertex  4.446122e+02  1.004301e+02 -3.914000e+01
   endloop
 endfacet
 facet normal  0.000000e+00  0.000000e+00 -1.000000e+00
   outer loop
     vertex  4.418461e+02  1.039745e+02 -3.914000e+01
     vertex  4.446122e+02  1.004301e+02 -3.914000e+01
     vertex  4.437715e+02  1.009340e+02 -3.914000e+01
   endloop
 endfacet
 facet normal  0.000000e+00  0.000000e+00 -1.000000e+00
   outer loop
     vertex  4.460163e+02  1.000041e+02 -3.914000e+01
     vertex  4.457745e+02  1.000461e+02 -3.914000e+01
     vertex  4.455351e+02  1.000998e+02 -3.914000e+01
   endloop
 endfacet
 facet normal  0.000000e+00  0.000000e+00 -1.000000e+00
   outer loop
     vertex  4.460163e+02  1.000041e+02 -3.914000e+01
     vertex  4.455351e+02  1.000998e+02 -3.914000e+01
     vertex  4.450656e+02  1.002423e+02 -3.914000e+01
   endloop
 endfacet
 facet normal  0.000000e+00  0.000000e+00 -1.000000e+00
   outer loop
     vertex  4.467500e+02  9.995000e+01 -3.914000e+01
     vertex  4.462599e+02  9.997408e+01 -3.914000e+01
     vertex  4.460163e+02  1.000041e+02 -3.914000e+01
   endloop
 endfacet
 facet normal  0.000000e+00  0.000000e+00 -1.000000e+00
   outer loop
     vertex  4.467500e+02  9.995000e+01 -3.914000e+01
     vertex  4.465047e+02  9.995602e+01 -3.914000e+01
     vertex  4.462599e+02  9.997408e+01 -3.914000e+01
   endloop
 endfacet
 facet normal  0.000000e+00  0.000000e+00 -1.000000e+00
   outer loop
     vertex  4.467500e+02  9.995000e+01 -3.914000e+01
     vertex  4.460163e+02  1.000041e+02 -3.914000e+01
     vertex  4.450656e+02  1.002423e+02 -3.914000e+01
   endloop
 endfacet
 facet normal  0.000000e+00  0.000000e+00 -1.000000e+00
   outer loop
     vertex  4.417500e+02  1.049500e+02 -3.914000e+01
     vertex  4.417741e+02  1.044599e+02 -3.914000e+01
     vertex  4.417560e+02  1.047047e+02 -3.914000e+01
   endloop
 endfacet
 facet normal  0.000000e+00  0.000000e+00 -1.000000e+00
   outer loop
     vertex  4.417500e+02  1.049500e+02 -3.914000e+01
     vertex  4.418041e+02  1.042163e+02 -3.914000e+01
     vertex  4.417741e+02  1.044599e+02 -3.914000e+01
   endloop
 endfacet
 facet normal  0.000000e+00  0.000000e+00 -1.000000e+00
   outer loop
     vertex  4.417500e+02  1.049500e+02 -3.914000e+01
     vertex  4.418461e+02  1.039745e+02 -3.914000e+01
     vertex  4.418041e+02  1.042163e+02 -3.914000e+01
   endloop
 endfacet
 facet normal  0.000000e+00  0.000000e+00 -1.000000e+00
   outer loop
     vertex  4.417500e+02  1.049500e+02 -3.914000e+01
     vertex  4.450656e+02  1.002423e+02 -3.914000e+01
     vertex  4.418461e+02  1.039745e+02 -3.914000e+01
   endloop
 endfacet
 facet normal  0.000000e+00  0.000000e+00 -1.000000e+00
   outer loop
     vertex  4.417500e+02  1.049500e+02 -3.914000e+01
     vertex  4.467500e+02  9.995000e+01 -3.914000e+01
     vertex  4.450656e+02  1.002423e+02 -3.914000e+01
   endloop
 endfacet
 facet normal  0.000000e+00  0.000000e+00 -1.000000e+00
   outer loop
     vertex  4.975401e+02  9.997408e+01 -3.914000e+01
     vertex  4.972953e+02  9.995602e+01 -3.914000e+01
     vertex  4.970500e+02  9.995000e+01 -3.914000e+01
   endloop
 endfacet
 facet normal  0.000000e+00  0.000000e+00 -1.000000e+00
   outer loop
     vertex  4.418041e+02  1.559837e+02 -3.914000e+01
     vertex  4.417500e+02  1.552500e+02 -3.914000e+01
     vertex  4.417560e+02  1.554953e+02 -3.914000e+01
   endloop
 endfacet
 facet normal  0.000000e+00  0.000000e+00 -1.000000e+00
   outer loop
     vertex  4.418041e+02  1.559837e+02 -3.914000e+01
     vertex  4.417560e+02  1.554953e+02 -3.914000e+01
     vertex  4.417741e+02  1.557401e+02 -3.914000e+01
   endloop
 endfacet
 facet normal  0.000000e+00  0.000000e+00 -1.000000e+00
   outer loop
     vertex  4.418461e+02  1.562255e+02 -3.914000e+01
     vertex  4.417500e+02  1.552500e+02 -3.914000e+01
     vertex  4.418041e+02  1.559837e+02 -3.914000e+01
   endloop
 endfacet
 facet normal  0.000000e+00  0.000000e+00 -1.000000e+00
   outer loop
     vertex  4.980255e+02  1.000461e+02 -3.914000e+01
     vertex  4.977837e+02  1.000041e+02 -3.914000e+01
     vertex  4.975401e+02  9.997408e+01 -3.914000e+01
   endloop
 endfacet
 facet normal  0.000000e+00  0.000000e+00 -1.000000e+00
   outer loop
     vertex  4.418998e+02  1.564649e+02 -3.914000e+01
     vertex  4.417500e+02  1.552500e+02 -3.914000e+01
     vertex  4.418461e+02  1.562255e+02 -3.914000e+01
   endloop
 endfacet
 facet normal  0.000000e+00  0.000000e+00 -1.000000e+00
   outer loop
     vertex  4.982649e+02  1.000998e+02 -3.914000e+01
     vertex  4.980255e+02  1.000461e+02 -3.914000e+01
     vertex  4.975401e+02  9.997408e+01 -3.914000e+01
   endloop
 endfacet
 facet normal  0.000000e+00  0.000000e+00 -1.000000e+00
   outer loop
     vertex  4.985014e+02  1.001653e+02 -3.914000e+01
     vertex  4.982649e+02  1.000998e+02 -3.914000e+01
     vertex  4.975401e+02  9.997408e+01 -3.914000e+01
   endloop
 endfacet
 facet normal  0.000000e+00  0.000000e+00 -1.000000e+00
   outer loop
     vertex  4.421306e+02  1.571634e+02 -3.914000e+01
     vertex  4.418998e+02  1.564649e+02 -3.914000e+01
     vertex  4.419653e+02  1.567014e+02 -3.914000e+01
   endloop
 endfacet
 facet normal  0.000000e+00  0.000000e+00 -1.000000e+00
   outer loop
     vertex  4.421306e+02  1.571634e+02 -3.914000e+01
     vertex  4.419653e+02  1.567014e+02 -3.914000e+01
     vertex  4.420423e+02  1.569344e+02 -3.914000e+01
   endloop
 endfacet
 facet normal  0.000000e+00  0.000000e+00 -1.000000e+00
   outer loop
     vertex  4.421306e+02  1.571634e+02 -3.914000e+01
     vertex  4.417500e+02  1.552500e+02 -3.914000e+01
     vertex  4.418998e+02  1.564649e+02 -3.914000e+01
   endloop
 endfacet
 facet normal  0.000000e+00  0.000000e+00 -1.000000e+00
   outer loop
     vertex  4.991878e+02  1.004301e+02 -3.914000e+01
     vertex  4.975401e+02  9.997408e+01 -3.914000e+01
     vertex  4.970500e+02  9.995000e+01 -3.914000e+01
   endloop
 endfacet
 facet normal  0.000000e+00  0.000000e+00 -1.000000e+00
   outer loop
     vertex  4.991878e+02  1.004301e+02 -3.914000e+01
     vertex  4.985014e+02  1.001653e+02 -3.914000e+01
     vertex  4.975401e+02  9.997408e+01 -3.914000e+01
   endloop
 endfacet
 facet normal  0.000000e+00  0.000000e+00 -1.000000e+00
   outer loop
     vertex  4.991878e+02  1.004301e+02 -3.914000e+01
     vertex  4.989634e+02  1.003306e+02 -3.914000e+01
     vertex  4.987344e+02  1.002423e+02 -3.914000e+01
   endloop
 endfacet
 facet normal  0.000000e+00  0.000000e+00 -1.000000e+00
   outer loop
     vertex  4.991878e+02  1.004301e+02 -3.914000e+01
     vertex  4.987344e+02  1.002423e+02 -3.914000e+01
     vertex  4.985014e+02  1.001653e+02 -3.914000e+01
   endloop
 endfacet
 facet normal  0.000000e+00  0.000000e+00 -1.000000e+00
   outer loop
     vertex  4.423404e+02  1.576070e+02 -3.914000e+01
     vertex  4.421306e+02  1.571634e+02 -3.914000e+01
     vertex  4.422301e+02  1.573878e+02 -3.914000e+01
   endloop
 endfacet
 facet normal  0.000000e+00  0.000000e+00 -1.000000e+00
   outer loop
     vertex  4.423404e+02  1.576070e+02 -3.914000e+01
     vertex  4.417500e+02  1.552500e+02 -3.914000e+01
     vertex  4.421306e+02  1.571634e+02 -3.914000e+01
   endloop
 endfacet
 facet normal  0.000000e+00  0.000000e+00 -1.000000e+00
   outer loop
     vertex  4.996205e+02  1.006614e+02 -3.914000e+01
     vertex  4.991878e+02  1.004301e+02 -3.914000e+01
     vertex  4.970500e+02  9.995000e+01 -3.914000e+01
   endloop
 endfacet
 facet normal  0.000000e+00  0.000000e+00 -1.000000e+00
   outer loop
     vertex  4.996205e+02  1.006614e+02 -3.914000e+01
     vertex  4.994070e+02  1.005404e+02 -3.914000e+01
     vertex  4.991878e+02  1.004301e+02 -3.914000e+01
   endloop
 endfacet
 facet normal  0.000000e+00  0.000000e+00 -1.000000e+00
   outer loop
     vertex  4.425927e+02  1.580279e+02 -3.914000e+01
     vertex  4.423404e+02  1.576070e+02 -3.914000e+01
     vertex  4.424614e+02  1.578205e+02 -3.914000e+01
   endloop
 endfacet
 facet normal  0.000000e+00  0.000000e+00 -1.000000e+00
   outer loop
     vertex  4.425927e+02  1.580279e+02 -3.914000e+01
     vertex  4.417500e+02  1.552500e+02 -3.914000e+01
     vertex  4.423404e+02  1.576070e+02 -3.914000e+01
   endloop
 endfacet
 facet normal  0.000000e+00  0.000000e+00 -1.000000e+00
   outer loop
     vertex  5.000285e+02  1.009340e+02 -3.914000e+01
     vertex  4.996205e+02  1.006614e+02 -3.914000e+01
     vertex  4.970500e+02  9.995000e+01 -3.914000e+01
   endloop
 endfacet
 facet normal  0.000000e+00  0.000000e+00 -1.000000e+00
   outer loop
     vertex  5.000285e+02  1.009340e+02 -3.914000e+01
     vertex  4.998279e+02  1.007927e+02 -3.914000e+01
     vertex  4.996205e+02  1.006614e+02 -3.914000e+01
   endloop
 endfacet
 facet normal  0.000000e+00  0.000000e+00 -1.000000e+00
   outer loop
     vertex  5.002220e+02  1.010849e+02 -3.914000e+01
     vertex  5.000285e+02  1.009340e+02 -3.914000e+01
     vertex  4.970500e+02  9.995000e+01 -3.914000e+01
   endloop
 endfacet
 facet normal  0.000000e+00  0.000000e+00 -1.000000e+00
   outer loop
     vertex  4.428849e+02  1.584220e+02 -3.914000e+01
     vertex  4.425927e+02  1.580279e+02 -3.914000e+01
     vertex  4.427340e+02  1.582285e+02 -3.914000e+01
   endloop
 endfacet
 facet normal  0.000000e+00  0.000000e+00 -1.000000e+00
   outer loop
     vertex  5.005855e+02  1.014145e+02 -3.914000e+01
     vertex  5.004078e+02  1.012452e+02 -3.914000e+01
     vertex  5.002220e+02  1.010849e+02 -3.914000e+01
   endloop
 endfacet
 facet normal  0.000000e+00  0.000000e+00 -1.000000e+00
   outer loop
     vertex  5.005855e+02  1.014145e+02 -3.914000e+01
     vertex  5.002220e+02  1.010849e+02 -3.914000e+01
     vertex  4.970500e+02  9.995000e+01 -3.914000e+01
   endloop
 endfacet
 facet normal  0.000000e+00  0.000000e+00 -1.000000e+00
   outer loop
     vertex  5.007548e+02  1.015922e+02 -3.914000e+01
     vertex  5.005855e+02  1.014145e+02 -3.914000e+01
     vertex  4.970500e+02  9.995000e+01 -3.914000e+01
   endloop
 endfacet
 facet normal  0.000000e+00  0.000000e+00 -1.000000e+00
   outer loop
     vertex  4.433922e+02  1.589548e+02 -3.914000e+01
     vertex  4.430452e+02  1.586078e+02 -3.914000e+01
     vertex  4.432145e+02  1.587855e+02 -3.914000e+01
   endloop
 endfacet
 facet normal  0.000000e+00  0.000000e+00 -1.000000e+00
   outer loop
     vertex  4.435780e+02  1.591151e+02 -3.914000e+01
     vertex  4.428849e+02  1.584220e+02 -3.914000e+01
     vertex  4.430452e+02  1.586078e+02 -3.914000e+01
   endloop
 endfacet
 facet normal  0.000000e+00  0.000000e+00 -1.000000e+00
   outer loop
     vertex  4.435780e+02  1.591151e+02 -3.914000e+01
     vertex  4.425927e+02  1.580279e+02 -3.914000e+01
     vertex  4.428849e+02  1.584220e+02 -3.914000e+01
   endloop
 endfacet
 facet normal  0.000000e+00  0.000000e+00 -1.000000e+00
   outer loop
     vertex  4.435780e+02  1.591151e+02 -3.914000e+01
     vertex  4.430452e+02  1.586078e+02 -3.914000e+01
     vertex  4.433922e+02  1.589548e+02 -3.914000e+01
   endloop
 endfacet
 facet normal  0.000000e+00  0.000000e+00 -1.000000e+00
   outer loop
     vertex  4.437715e+02  1.592660e+02 -3.914000e+01
     vertex  4.417500e+02  1.552500e+02 -3.914000e+01
     vertex  4.425927e+02  1.580279e+02 -3.914000e+01
   endloop
 endfacet
 facet normal  0.000000e+00  0.000000e+00 -1.000000e+00
   outer loop
     vertex  4.437715e+02  1.592660e+02 -3.914000e+01
     vertex  4.425927e+02  1.580279e+02 -3.914000e+01
     vertex  4.435780e+02  1.591151e+02 -3.914000e+01
   endloop
 endfacet
 facet normal  0.000000e+00  0.000000e+00 -1.000000e+00
   outer loop
     vertex  5.010660e+02  1.019715e+02 -3.914000e+01
     vertex  5.009151e+02  1.017780e+02 -3.914000e+01
     vertex  5.007548e+02  1.015922e+02 -3.914000e+01
   endloop
 endfacet
 facet normal  0.000000e+00  0.000000e+00 -1.000000e+00
   outer loop
     vertex  5.010660e+02  1.019715e+02 -3.914000e+01
     vertex  5.007548e+02  1.015922e+02 -3.914000e+01
     vertex  4.970500e+02  9.995000e+01 -3.914000e+01
   endloop
 endfacet
 facet normal  0.000000e+00  0.000000e+00 -1.000000e+00
   outer loop
     vertex  4.441795e+02  1.595386e+02 -3.914000e+01
     vertex  4.437715e+02  1.592660e+02 -3.914000e+01
     vertex  4.439721e+02  1.594073e+02 -3.914000e+01
   endloop
 endfacet
 facet normal  0.000000e+00  0.000000e+00 -1.000000e+00
   outer loop
     vertex  4.446122e+02  1.597699e+02 -3.914000e+01
     vertex  4.441795e+02  1.595386e+02 -3.914000e+01
     vertex  4.443930e+02  1.596596e+02 -3.914000e+01
   endloop
 endfacet
 facet normal  0.000000e+00  0.000000e+00 -1.000000e+00
   outer loop
     vertex  4.446122e+02  1.597699e+02 -3.914000e+01
     vertex  4.437715e+02  1.592660e+02 -3.914000e+01
     vertex  4.441795e+02  1.595386e+02 -3.914000e+01
   endloop
 endfacet
 facet normal  0.000000e+00  0.000000e+00 -1.000000e+00
   outer loop
     vertex  5.016694e+02  1.030366e+02 -3.914000e+01
     vertex  5.015699e+02  1.028122e+02 -3.914000e+01
     vertex  5.014596e+02  1.025930e+02 -3.914000e+01
   endloop
 endfacet
 facet normal  0.000000e+00  0.000000e+00 -1.000000e+00
   outer loop
     vertex  5.016694e+02  1.030366e+02 -3.914000e+01
     vertex  5.014596e+02  1.025930e+02 -3.914000e+01
     vertex  5.013386e+02  1.023795e+02 -3.914000e+01
   endloop
 endfacet
 facet normal  0.000000e+00  0.000000e+00 -1.000000e+00
   outer loop
     vertex  4.448366e+02  1.598694e+02 -3.914000e+01
     vertex  4.417500e+02  1.552500e+02 -3.914000e+01
     vertex  4.437715e+02  1.592660e+02 -3.914000e+01
   endloop
 endfacet
 facet normal  0.000000e+00  0.000000e+00 -1.000000e+00
   outer loop
     vertex  4.448366e+02  1.598694e+02 -3.914000e+01
     vertex  4.437715e+02  1.592660e+02 -3.914000e+01
     vertex  4.446122e+02  1.597699e+02 -3.914000e+01
   endloop
 endfacet
 facet normal  0.000000e+00  0.000000e+00 -1.000000e+00
   outer loop
     vertex  5.017577e+02  1.032656e+02 -3.914000e+01
     vertex  5.013386e+02  1.023795e+02 -3.914000e+01
     vertex  5.012073e+02  1.021721e+02 -3.914000e+01
   endloop
 endfacet
 facet normal  0.000000e+00  0.000000e+00 -1.000000e+00
   outer loop
     vertex  5.017577e+02  1.032656e+02 -3.914000e+01
     vertex  5.012073e+02  1.021721e+02 -3.914000e+01
     vertex  5.010660e+02  1.019715e+02 -3.914000e+01
   endloop
 endfacet
 facet normal  0.000000e+00  0.000000e+00 -1.000000e+00
   outer loop
     vertex  5.017577e+02  1.032656e+02 -3.914000e+01
     vertex  5.010660e+02  1.019715e+02 -3.914000e+01
     vertex  4.970500e+02  9.995000e+01 -3.914000e+01
   endloop
 endfacet
 facet normal  0.000000e+00  0.000000e+00 -1.000000e+00
   outer loop
     vertex  5.017577e+02  1.032656e+02 -3.914000e+01
     vertex  5.016694e+02  1.030366e+02 -3.914000e+01
     vertex  5.013386e+02  1.023795e+02 -3.914000e+01
   endloop
 endfacet
 facet normal  0.000000e+00  0.000000e+00 -1.000000e+00
   outer loop
     vertex  4.450656e+02  1.599577e+02 -3.914000e+01
     vertex  4.417500e+02  1.552500e+02 -3.914000e+01
     vertex  4.448366e+02  1.598694e+02 -3.914000e+01
   endloop
 endfacet
 facet normal  0.000000e+00  0.000000e+00 -1.000000e+00
   outer loop
     vertex  4.452986e+02  1.600347e+02 -3.914000e+01
     vertex  4.417500e+02  1.552500e+02 -3.914000e+01
     vertex  4.450656e+02  1.599577e+02 -3.914000e+01
   endloop
 endfacet
 facet normal  0.000000e+00  0.000000e+00 -1.000000e+00
   outer loop
     vertex  5.019002e+02  1.037351e+02 -3.914000e+01
     vertex  5.018347e+02  1.034986e+02 -3.914000e+01
     vertex  5.017577e+02  1.032656e+02 -3.914000e+01
   endloop
 endfacet
 facet normal  0.000000e+00  0.000000e+00 -1.000000e+00
   outer loop
     vertex  5.019002e+02  1.037351e+02 -3.914000e+01
     vertex  5.017577e+02  1.032656e+02 -3.914000e+01
     vertex  4.970500e+02  9.995000e+01 -3.914000e+01
   endloop
 endfacet
 facet normal  0.000000e+00  0.000000e+00 -1.000000e+00
   outer loop
     vertex  4.457745e+02  1.601539e+02 -3.914000e+01
     vertex  4.417500e+02  1.552500e+02 -3.914000e+01
     vertex  4.452986e+02  1.600347e+02 -3.914000e+01
   endloop
 endfacet
 facet normal  0.000000e+00  0.000000e+00 -1.000000e+00
   outer loop
     vertex  4.457745e+02  1.601539e+02 -3.914000e+01
     vertex  4.452986e+02  1.600347e+02 -3.914000e+01
     vertex  4.455351e+02  1.601002e+02 -3.914000e+01
   endloop
 endfacet
 facet normal  0.000000e+00  0.000000e+00 -1.000000e+00
   outer loop
     vertex  4.460163e+02  1.601959e+02 -3.914000e+01
     vertex  4.417500e+02  1.552500e+02 -3.914000e+01
     vertex  4.457745e+02  1.601539e+02 -3.914000e+01
   endloop
 endfacet
 facet normal  0.000000e+00  0.000000e+00 -1.000000e+00
   outer loop
     vertex  5.019959e+02  1.042163e+02 -3.914000e+01
     vertex  5.019002e+02  1.037351e+02 -3.914000e+01
     vertex  4.970500e+02  9.995000e+01 -3.914000e+01
   endloop
 endfacet
 facet normal  0.000000e+00  0.000000e+00 -1.000000e+00
   outer loop
     vertex  5.019959e+02  1.042163e+02 -3.914000e+01
     vertex  5.019539e+02  1.039745e+02 -3.914000e+01
     vertex  5.019002e+02  1.037351e+02 -3.914000e+01
   endloop
 endfacet
 facet normal  0.000000e+00  0.000000e+00 -1.000000e+00
   outer loop
     vertex  4.465047e+02  1.602440e+02 -3.914000e+01
     vertex  4.460163e+02  1.601959e+02 -3.914000e+01
     vertex  4.462599e+02  1.602259e+02 -3.914000e+01
   endloop
 endfacet
 facet normal -0.000000e+00  0.000000e+00 -1.000000e+00
   outer loop
     vertex  5.020500e+02  1.049500e+02 -3.914000e+01
     vertex  4.467500e+02  9.995000e+01 -3.914000e+01
     vertex  4.417500e+02  1.049500e+02 -3.914000e+01
   endloop
 endfacet
 facet normal  0.000000e+00  0.000000e+00 -1.000000e+00
   outer loop
     vertex  5.020500e+02  1.049500e+02 -3.914000e+01
     vertex  5.019959e+02  1.042163e+02 -3.914000e+01
     vertex  4.970500e+02  9.995000e+01 -3.914000e+01
   endloop
 endfacet
 facet normal  0.000000e+00  0.000000e+00 -1.000000e+00
   outer loop
     vertex  5.020500e+02  1.049500e+02 -3.914000e+01
     vertex  4.970500e+02  9.995000e+01 -3.914000e+01
     vertex  4.467500e+02  9.995000e+01 -3.914000e+01
   endloop
 endfacet
 facet normal  0.000000e+00  0.000000e+00 -1.000000e+00
   outer loop
     vertex  5.020500e+02  1.049500e+02 -3.914000e+01
     vertex  5.020440e+02  1.047047e+02 -3.914000e+01
     vertex  5.020259e+02  1.044599e+02 -3.914000e+01
   endloop
 endfacet
 facet normal  0.000000e+00  0.000000e+00 -1.000000e+00
   outer loop
     vertex  5.020500e+02  1.049500e+02 -3.914000e+01
     vertex  5.020259e+02  1.044599e+02 -3.914000e+01
     vertex  5.019959e+02  1.042163e+02 -3.914000e+01
   endloop
 endfacet
 facet normal  0.000000e+00  0.000000e+00 -1.000000e+00
   outer loop
     vertex  4.467500e+02  1.602500e+02 -3.914000e+01
     vertex  4.417500e+02  1.552500e+02 -3.914000e+01
     vertex  4.460163e+02  1.601959e+02 -3.914000e+01
   endloop
 endfacet
 facet normal  0.000000e+00  0.000000e+00 -1.000000e+00
   outer loop
     vertex  4.467500e+02  1.602500e+02 -3.914000e+01
     vertex  4.460163e+02  1.601959e+02 -3.914000e+01
     vertex  4.465047e+02  1.602440e+02 -3.914000e+01
   endloop
 endfacet
 facet normal -0.000000e+00  0.000000e+00 -1.000000e+00
   outer loop
     vertex  5.020500e+02  1.552500e+02 -3.914000e+01
     vertex  4.417500e+02  1.049500e+02 -3.914000e+01
     vertex  4.417500e+02  1.552500e+02 -3.914000e+01
   endloop
 endfacet
 facet normal  0.000000e+00 -0.000000e+00 -1.000000e+00
   outer loop
     vertex  5.020500e+02  1.552500e+02 -3.914000e+01
     vertex  5.020500e+02  1.049500e+02 -3.914000e+01
     vertex  4.417500e+02  1.049500e+02 -3.914000e+01
   endloop
 endfacet
 facet normal -0.000000e+00  0.000000e+00 -1.000000e+00
   outer loop
     vertex  4.970500e+02  1.602500e+02 -3.914000e+01
     vertex  4.417500e+02  1.552500e+02 -3.914000e+01
     vertex  4.467500e+02  1.602500e+02 -3.914000e+01
   endloop
 endfacet
 facet normal  0.000000e+00 -0.000000e+00 -1.000000e+00
   outer loop
     vertex  4.970500e+02  1.602500e+02 -3.914000e+01
     vertex  5.020500e+02  1.552500e+02 -3.914000e+01
     vertex  4.417500e+02  1.552500e+02 -3.914000e+01
   endloop
 endfacet
 facet normal  0.000000e+00  0.000000e+00 -1.000000e+00
   outer loop
     vertex  5.020259e+02  1.557401e+02 -3.914000e+01
     vertex  5.020440e+02  1.554953e+02 -3.914000e+01
     vertex  5.020500e+02  1.552500e+02 -3.914000e+01
   endloop
 endfacet
 facet normal  0.000000e+00  0.000000e+00 -1.000000e+00
   outer loop
     vertex  4.975401e+02  1.602259e+02 -3.914000e+01
     vertex  4.970500e+02  1.602500e+02 -3.914000e+01
     vertex  4.972953e+02  1.602440e+02 -3.914000e+01
   endloop
 endfacet
 facet normal  0.000000e+00  0.000000e+00 -1.000000e+00
   outer loop
     vertex  5.019959e+02  1.559837e+02 -3.914000e+01
     vertex  5.020259e+02  1.557401e+02 -3.914000e+01
     vertex  5.020500e+02  1.552500e+02 -3.914000e+01
   endloop
 endfacet
 facet normal  0.000000e+00  0.000000e+00 -1.000000e+00
   outer loop
     vertex  4.980255e+02  1.601539e+02 -3.914000e+01
     vertex  4.975401e+02  1.602259e+02 -3.914000e+01
     vertex  4.977837e+02  1.601959e+02 -3.914000e+01
   endloop
 endfacet
 facet normal -0.000000e+00 -0.000000e+00 -1.000000e+00
   outer loop
     vertex  5.019002e+02  1.564649e+02 -3.914000e+01
     vertex  5.020500e+02  1.552500e+02 -3.914000e+01
     vertex  4.970500e+02  1.602500e+02 -3.914000e+01
   endloop
 endfacet
 facet normal  0.000000e+00  0.000000e+00 -1.000000e+00
   outer loop
     vertex  5.019002e+02  1.564649e+02 -3.914000e+01
     vertex  4.970500e+02  1.602500e+02 -3.914000e+01
     vertex  4.975401e+02  1.602259e+02 -3.914000e+01
   endloop
 endfacet
 facet normal  0.000000e+00  0.000000e+00 -1.000000e+00
   outer loop
     vertex  5.019002e+02  1.564649e+02 -3.914000e+01
     vertex  5.019959e+02  1.559837e+02 -3.914000e+01
     vertex  5.020500e+02  1.552500e+02 -3.914000e+01
   endloop
 endfacet
 facet normal  0.000000e+00  0.000000e+00 -1.000000e+00
   outer loop
     vertex  5.019002e+02  1.564649e+02 -3.914000e+01
     vertex  5.019539e+02  1.562255e+02 -3.914000e+01
     vertex  5.019959e+02  1.559837e+02 -3.914000e+01
   endloop
 endfacet
 facet normal  0.000000e+00  0.000000e+00 -1.000000e+00
   outer loop
     vertex  5.018347e+02  1.567014e+02 -3.914000e+01
     vertex  4.975401e+02  1.602259e+02 -3.914000e+01
     vertex  4.980255e+02  1.601539e+02 -3.914000e+01
   endloop
 endfacet
 facet normal -0.000000e+00 -0.000000e+00 -1.000000e+00
   outer loop
     vertex  5.018347e+02  1.567014e+02 -3.914000e+01
     vertex  5.019002e+02  1.564649e+02 -3.914000e+01
     vertex  4.975401e+02  1.602259e+02 -3.914000e+01
   endloop
 endfacet
 facet normal  0.000000e+00  0.000000e+00 -1.000000e+00
   outer loop
     vertex  5.018347e+02  1.567014e+02 -3.914000e+01
     vertex  4.980255e+02  1.601539e+02 -3.914000e+01
     vertex  4.982649e+02  1.601002e+02 -3.914000e+01
   endloop
 endfacet
 facet normal -0.000000e+00 -0.000000e+00 -1.000000e+00
   outer loop
     vertex  5.017577e+02  1.569344e+02 -3.914000e+01
     vertex  5.018347e+02  1.567014e+02 -3.914000e+01
     vertex  4.982649e+02  1.601002e+02 -3.914000e+01
   endloop
 endfacet
 facet normal  0.000000e+00  0.000000e+00 -1.000000e+00
   outer loop
     vertex  5.017577e+02  1.569344e+02 -3.914000e+01
     vertex  4.982649e+02  1.601002e+02 -3.914000e+01
     vertex  4.985014e+02  1.600347e+02 -3.914000e+01
   endloop
 endfacet
 facet normal  0.000000e+00  0.000000e+00 -1.000000e+00
   outer loop
     vertex  4.989634e+02  1.598694e+02 -3.914000e+01
     vertex  4.985014e+02  1.600347e+02 -3.914000e+01
     vertex  4.987344e+02  1.599577e+02 -3.914000e+01
   endloop
 endfacet
 facet normal -0.000000e+00 -0.000000e+00 -1.000000e+00
   outer loop
     vertex  5.015699e+02  1.573878e+02 -3.914000e+01
     vertex  5.017577e+02  1.569344e+02 -3.914000e+01
     vertex  4.985014e+02  1.600347e+02 -3.914000e+01
   endloop
 endfacet
 facet normal  0.000000e+00  0.000000e+00 -1.000000e+00
   outer loop
     vertex  5.015699e+02  1.573878e+02 -3.914000e+01
     vertex  5.016694e+02  1.571634e+02 -3.914000e+01
     vertex  5.017577e+02  1.569344e+02 -3.914000e+01
   endloop
 endfacet
 facet normal  0.000000e+00  0.000000e+00 -1.000000e+00
   outer loop
     vertex  4.994070e+02  1.596596e+02 -3.914000e+01
     vertex  4.985014e+02  1.600347e+02 -3.914000e+01
     vertex  4.989634e+02  1.598694e+02 -3.914000e+01
   endloop
 endfacet
 facet normal  0.000000e+00  0.000000e+00 -1.000000e+00
   outer loop
     vertex  4.994070e+02  1.596596e+02 -3.914000e+01
     vertex  4.989634e+02  1.598694e+02 -3.914000e+01
     vertex  4.991878e+02  1.597699e+02 -3.914000e+01
   endloop
 endfacet
 facet normal -0.000000e+00 -0.000000e+00 -1.000000e+00
   outer loop
     vertex  5.013386e+02  1.578205e+02 -3.914000e+01
     vertex  5.015699e+02  1.573878e+02 -3.914000e+01
     vertex  4.985014e+02  1.600347e+02 -3.914000e+01
   endloop
 endfacet
 facet normal  0.000000e+00  0.000000e+00 -1.000000e+00
   outer loop
     vertex  5.013386e+02  1.578205e+02 -3.914000e+01
     vertex  4.985014e+02  1.600347e+02 -3.914000e+01
     vertex  4.994070e+02  1.596596e+02 -3.914000e+01
   endloop
 endfacet
 facet normal  0.000000e+00  0.000000e+00 -1.000000e+00
   outer loop
     vertex  5.013386e+02  1.578205e+02 -3.914000e+01
     vertex  5.014596e+02  1.576070e+02 -3.914000e+01
     vertex  5.015699e+02  1.573878e+02 -3.914000e+01
   endloop
 endfacet
 facet normal -0.000000e+00 -0.000000e+00 -1.000000e+00
   outer loop
     vertex  4.996205e+02  1.595386e+02 -3.914000e+01
     vertex  5.013386e+02  1.578205e+02 -3.914000e+01
     vertex  4.994070e+02  1.596596e+02 -3.914000e+01
   endloop
 endfacet
 facet normal -0.000000e+00 -0.000000e+00 -1.000000e+00
   outer loop
     vertex  5.012073e+02  1.580279e+02 -3.914000e+01
     vertex  5.013386e+02  1.578205e+02 -3.914000e+01
     vertex  4.996205e+02  1.595386e+02 -3.914000e+01
   endloop
 endfacet
 facet normal  0.000000e+00  0.000000e+00 -1.000000e+00
   outer loop
     vertex  5.000285e+02  1.592660e+02 -3.914000e+01
     vertex  4.996205e+02  1.595386e+02 -3.914000e+01
     vertex  4.998279e+02  1.594073e+02 -3.914000e+01
   endloop
 endfacet
 facet normal  0.000000e+00  0.000000e+00 -1.000000e+00
   outer loop
     vertex  5.002220e+02  1.591151e+02 -3.914000e+01
     vertex  5.010660e+02  1.582285e+02 -3.914000e+01
     vertex  5.012073e+02  1.580279e+02 -3.914000e+01
   endloop
 endfacet
 facet normal  0.000000e+00  0.000000e+00 -1.000000e+00
   outer loop
     vertex  5.002220e+02  1.591151e+02 -3.914000e+01
     vertex  5.009151e+02  1.584220e+02 -3.914000e+01
     vertex  5.010660e+02  1.582285e+02 -3.914000e+01
   endloop
 endfacet
 facet normal -0.000000e+00 -0.000000e+00 -1.000000e+00
   outer loop
     vertex  5.002220e+02  1.591151e+02 -3.914000e+01
     vertex  5.012073e+02  1.580279e+02 -3.914000e+01
     vertex  4.996205e+02  1.595386e+02 -3.914000e+01
   endloop
 endfacet
 facet normal  0.000000e+00  0.000000e+00 -1.000000e+00
   outer loop
     vertex  5.002220e+02  1.591151e+02 -3.914000e+01
     vertex  4.996205e+02  1.595386e+02 -3.914000e+01
     vertex  5.000285e+02  1.592660e+02 -3.914000e+01
   endloop
 endfacet
 facet normal  0.000000e+00  0.000000e+00 -1.000000e+00
   outer loop
     vertex  5.005855e+02  1.587855e+02 -3.914000e+01
     vertex  5.007548e+02  1.586078e+02 -3.914000e+01
     vertex  5.009151e+02  1.584220e+02 -3.914000e+01
   endloop
 endfacet
 facet normal -0.000000e+00 -0.000000e+00 -1.000000e+00
   outer loop
     vertex  5.005855e+02  1.587855e+02 -3.914000e+01
     vertex  5.009151e+02  1.584220e+02 -3.914000e+01
     vertex  5.002220e+02  1.591151e+02 -3.914000e+01
   endloop
 endfacet
 facet normal  0.000000e+00  0.000000e+00 -1.000000e+00
   outer loop
     vertex  5.005855e+02  1.587855e+02 -3.914000e+01
     vertex  5.002220e+02  1.591151e+02 -3.914000e+01
     vertex  5.004078e+02  1.589548e+02 -3.914000e+01
   endloop
 endfacet
 facet normal  0.000000e+00  1.000000e+00  0.000000e+00
   outer loop
     vertex  4.970500e+02  1.602500e+02 -2.914000e+01
     vertex  4.970500e+02  1.602500e+02 -3.914000e+01
     vertex  4.467500e+02  1.602500e+02 -3.914000e+01
   endloop
 endfacet
 facet normal  0.000000e+00  1.000000e+00  0.000000e+00
   outer loop
     vertex  4.970500e+02  1.602500e+02 -2.914000e+01
     vertex  4.467500e+02  1.602500e+02 -3.914000e+01
     vertex  4.467500e+02  1.602500e+02 -2.914000e+01
   endloop
 endfacet
 facet normal  9.996988e-01  2.454123e-02  0.000000e+00
   outer loop
     vertex  5.020440e+02  1.554953e+02 -2.914000e+01
     vertex  5.020500e+02  1.552500e+02 -3.914000e+01
     vertex  5.020440e+02  1.554953e+02 -3.914000e+01
   endloop
 endfacet
 facet normal  9.996988e-01  2.454123e-02  0.000000e+00
   outer loop
     vertex  5.020440e+02  1.554953e+02 -2.914000e+01
     vertex  5.020500e+02  1.552500e+02 -2.914000e+01
     vertex  5.020500e+02  1.552500e+02 -3.914000e+01
   endloop
 endfacet
 facet normal  9.972905e-01  7.356456e-02  0.000000e+00
   outer loop
     vertex  5.020259e+02  1.557401e+02 -2.914000e+01
     vertex  5.020440e+02  1.554953e+02 -3.914000e+01
     vertex  5.020259e+02  1.557401e+02 -3.914000e+01
   endloop
 endfacet
 facet normal  9.924795e-01  1.224107e-01  0.000000e+00
   outer loop
     vertex  5.020259e+02  1.557401e+02 -2.914000e+01
     vertex  5.020259e+02  1.557401e+02 -3.914000e+01
     vertex  5.019959e+02  1.559837e+02 -3.914000e+01
   endloop
 endfacet
 facet normal  9.972905e-01  7.356456e-02  0.000000e+00
   outer loop
     vertex  5.020259e+02  1.557401e+02 -2.914000e+01
     vertex  5.020440e+02  1.554953e+02 -2.914000e+01
     vertex  5.020440e+02  1.554953e+02 -3.914000e+01
   endloop
 endfacet
 facet normal  9.924795e-01  1.224107e-01  0.000000e+00
   outer loop
     vertex  5.019959e+02  1.559837e+02 -2.914000e+01
     vertex  5.020259e+02  1.557401e+02 -2.914000e+01
     vertex  5.019959e+02  1.559837e+02 -3.914000e+01
   endloop
 endfacet
 facet normal  9.852776e-01  1.709619e-01  0.000000e+00
   outer loop
     vertex  5.019539e+02  1.562255e+02 -2.914000e+01
     vertex  5.019959e+02  1.559837e+02 -3.914000e+01
     vertex  5.019539e+02  1.562255e+02 -3.914000e+01
   endloop
 endfacet
 facet normal  9.852776e-01  1.709619e-01  0.000000e+00
   outer loop
     vertex  5.019539e+02  1.562255e+02 -2.914000e+01
     vertex  5.019959e+02  1.559837e+02 -2.914000e+01
     vertex  5.019959e+02  1.559837e+02 -3.914000e+01
   endloop
 endfacet
 facet normal  9.757021e-01  2.191012e-01  0.000000e+00
   outer loop
     vertex  5.019002e+02  1.564649e+02 -2.914000e+01
     vertex  5.019539e+02  1.562255e+02 -3.914000e+01
     vertex  5.019002e+02  1.564649e+02 -3.914000e+01
   endloop
 endfacet
 facet normal  9.637761e-01  2.667128e-01  0.000000e+00
   outer loop
     vertex  5.019002e+02  1.564649e+02 -2.914000e+01
     vertex  5.019002e+02  1.564649e+02 -3.914000e+01
     vertex  5.018347e+02  1.567014e+02 -3.914000e+01
   endloop
 endfacet
 facet normal  9.757021e-01  2.191012e-01  0.000000e+00
   outer loop
     vertex  5.019002e+02  1.564649e+02 -2.914000e+01
     vertex  5.019539e+02  1.562255e+02 -2.914000e+01
     vertex  5.019539e+02  1.562255e+02 -3.914000e+01
   endloop
 endfacet
 facet normal  9.637761e-01  2.667128e-01  0.000000e+00
   outer loop
     vertex  5.018347e+02  1.567014e+02 -2.914000e+01
     vertex  5.019002e+02  1.564649e+02 -2.914000e+01
     vertex  5.018347e+02  1.567014e+02 -3.914000e+01
   endloop
 endfacet
 facet normal  9.495282e-01  3.136817e-01  0.000000e+00
   outer loop
     vertex  5.017577e+02  1.569344e+02 -2.914000e+01
     vertex  5.018347e+02  1.567014e+02 -3.914000e+01
     vertex  5.017577e+02  1.569344e+02 -3.914000e+01
   endloop
 endfacet
 facet normal  9.495282e-01  3.136817e-01  0.000000e+00
   outer loop
     vertex  5.017577e+02  1.569344e+02 -2.914000e+01
     vertex  5.018347e+02  1.567014e+02 -2.914000e+01
     vertex  5.018347e+02  1.567014e+02 -3.914000e+01
   endloop
 endfacet
 facet normal  9.329928e-01  3.598950e-01  0.000000e+00
   outer loop
     vertex  5.016694e+02  1.571634e+02 -2.914000e+01
     vertex  5.017577e+02  1.569344e+02 -3.914000e+01
     vertex  5.016694e+02  1.571634e+02 -3.914000e+01
   endloop
 endfacet
 facet normal  9.142098e-01  4.052413e-01  0.000000e+00
   outer loop
     vertex  5.016694e+02  1.571634e+02 -2.914000e+01
     vertex  5.016694e+02  1.571634e+02 -3.914000e+01
     vertex  5.015699e+02  1.573878e+02 -3.914000e+01
   endloop
 endfacet
 facet normal  9.329928e-01  3.598950e-01  0.000000e+00
   outer loop
     vertex  5.016694e+02  1.571634e+02 -2.914000e+01
     vertex  5.017577e+02  1.569344e+02 -2.914000e+01
     vertex  5.017577e+02  1.569344e+02 -3.914000e+01
   endloop
 endfacet
 facet normal  9.142098e-01  4.052413e-01  0.000000e+00
   outer loop
     vertex  5.015699e+02  1.573878e+02 -2.914000e+01
     vertex  5.016694e+02  1.571634e+02 -2.914000e+01
     vertex  5.015699e+02  1.573878e+02 -3.914000e+01
   endloop
 endfacet
 facet normal  8.932243e-01  4.496113e-01  0.000000e+00
   outer loop
     vertex  5.014596e+02  1.576070e+02 -2.914000e+01
     vertex  5.015699e+02  1.573878e+02 -3.914000e+01
     vertex  5.014596e+02  1.576070e+02 -3.914000e+01
   endloop
 endfacet
 facet normal  8.932243e-01  4.496113e-01  0.000000e+00
   outer loop
     vertex  5.014596e+02  1.576070e+02 -2.914000e+01
     vertex  5.015699e+02  1.573878e+02 -2.914000e+01
     vertex  5.015699e+02  1.573878e+02 -3.914000e+01
   endloop
 endfacet
 facet normal  8.700870e-01  4.928982e-01  0.000000e+00
   outer loop
     vertex  5.013386e+02  1.578205e+02 -2.914000e+01
     vertex  5.014596e+02  1.576070e+02 -3.914000e+01
     vertex  5.013386e+02  1.578205e+02 -3.914000e+01
   endloop
 endfacet
 facet normal  8.700870e-01  4.928982e-01  0.000000e+00
   outer loop
     vertex  5.013386e+02  1.578205e+02 -2.914000e+01
     vertex  5.014596e+02  1.576070e+02 -2.914000e+01
     vertex  5.014596e+02  1.576070e+02 -3.914000e+01
   endloop
 endfacet
 facet normal  8.448536e-01  5.349976e-01  0.000000e+00
   outer loop
     vertex  5.012073e+02  1.580279e+02 -2.914000e+01
     vertex  5.013386e+02  1.578205e+02 -3.914000e+01
     vertex  5.012073e+02  1.580279e+02 -3.914000e+01
   endloop
 endfacet
 facet normal  8.448536e-01  5.349976e-01  0.000000e+00
   outer loop
     vertex  5.012073e+02  1.580279e+02 -2.914000e+01
     vertex  5.013386e+02  1.578205e+02 -2.914000e+01
     vertex  5.013386e+02  1.578205e+02 -3.914000e+01
   endloop
 endfacet
 facet normal  8.175848e-01  5.758082e-01  0.000000e+00
   outer loop
     vertex  5.010660e+02  1.582285e+02 -2.914000e+01
     vertex  5.012073e+02  1.580279e+02 -3.914000e+01
     vertex  5.010660e+02  1.582285e+02 -3.914000e+01
   endloop
 endfacet
 facet normal  7.883464e-01  6.152316e-01  0.000000e+00
   outer loop
     vertex  5.010660e+02  1.582285e+02 -2.914000e+01
     vertex  5.010660e+02  1.582285e+02 -3.914000e+01
     vertex  5.009151e+02  1.584220e+02 -3.914000e+01
   endloop
 endfacet
 facet normal  8.175848e-01  5.758082e-01  0.000000e+00
   outer loop
     vertex  5.010660e+02  1.582285e+02 -2.914000e+01
     vertex  5.012073e+02  1.580279e+02 -2.914000e+01
     vertex  5.012073e+02  1.580279e+02 -3.914000e+01
   endloop
 endfacet
 facet normal  7.883464e-01  6.152316e-01  0.000000e+00
   outer loop
     vertex  5.009151e+02  1.584220e+02 -2.914000e+01
     vertex  5.010660e+02  1.582285e+02 -2.914000e+01
     vertex  5.009151e+02  1.584220e+02 -3.914000e+01
   endloop
 endfacet
 facet normal  7.572088e-01  6.531728e-01  0.000000e+00
   outer loop
     vertex  5.007548e+02  1.586078e+02 -2.914000e+01
     vertex  5.009151e+02  1.584220e+02 -3.914000e+01
     vertex  5.007548e+02  1.586078e+02 -3.914000e+01
   endloop
 endfacet
 facet normal  7.572088e-01  6.531728e-01  0.000000e+00
   outer loop
     vertex  5.007548e+02  1.586078e+02 -2.914000e+01
     vertex  5.009151e+02  1.584220e+02 -2.914000e+01
     vertex  5.009151e+02  1.584220e+02 -3.914000e+01
   endloop
 endfacet
 facet normal  7.242471e-01  6.895405e-01  0.000000e+00
   outer loop
     vertex  5.005855e+02  1.587855e+02 -2.914000e+01
     vertex  5.007548e+02  1.586078e+02 -3.914000e+01
     vertex  5.005855e+02  1.587855e+02 -3.914000e+01
   endloop
 endfacet
 facet normal  7.242471e-01  6.895405e-01  0.000000e+00
   outer loop
     vertex  5.005855e+02  1.587855e+02 -2.914000e+01
     vertex  5.007548e+02  1.586078e+02 -2.914000e+01
     vertex  5.007548e+02  1.586078e+02 -3.914000e+01
   endloop
 endfacet
 facet normal  6.895405e-01  7.242471e-01  0.000000e+00
   outer loop
     vertex  5.004078e+02  1.589548e+02 -2.914000e+01
     vertex  5.005855e+02  1.587855e+02 -3.914000e+01
     vertex  5.004078e+02  1.589548e+02 -3.914000e+01
   endloop
 endfacet
 facet normal  6.895405e-01  7.242471e-01  0.000000e+00
   outer loop
     vertex  5.004078e+02  1.589548e+02 -2.914000e+01
     vertex  5.005855e+02  1.587855e+02 -2.914000e+01
     vertex  5.005855e+02  1.587855e+02 -3.914000e+01
   endloop
 endfacet
 facet normal  6.531728e-01  7.572088e-01  0.000000e+00
   outer loop
     vertex  5.002220e+02  1.591151e+02 -2.914000e+01
     vertex  5.004078e+02  1.589548e+02 -3.914000e+01
     vertex  5.002220e+02  1.591151e+02 -3.914000e+01
   endloop
 endfacet
 facet normal  6.531728e-01  7.572088e-01  0.000000e+00
   outer loop
     vertex  5.002220e+02  1.591151e+02 -2.914000e+01
     vertex  5.004078e+02  1.589548e+02 -2.914000e+01
     vertex  5.004078e+02  1.589548e+02 -3.914000e+01
   endloop
 endfacet
 facet normal  6.152316e-01  7.883464e-01  0.000000e+00
   outer loop
     vertex  5.000285e+02  1.592660e+02 -2.914000e+01
     vertex  5.002220e+02  1.591151e+02 -3.914000e+01
     vertex  5.000285e+02  1.592660e+02 -3.914000e+01
   endloop
 endfacet
 facet normal  5.758082e-01  8.175848e-01  0.000000e+00
   outer loop
     vertex  5.000285e+02  1.592660e+02 -2.914000e+01
     vertex  5.000285e+02  1.592660e+02 -3.914000e+01
     vertex  4.998279e+02  1.594073e+02 -3.914000e+01
   endloop
 endfacet
 facet normal  6.152316e-01  7.883464e-01  0.000000e+00
   outer loop
     vertex  5.000285e+02  1.592660e+02 -2.914000e+01
     vertex  5.002220e+02  1.591151e+02 -2.914000e+01
     vertex  5.002220e+02  1.591151e+02 -3.914000e+01
   endloop
 endfacet
 facet normal  5.758082e-01  8.175848e-01  0.000000e+00
   outer loop
     vertex  4.998279e+02  1.594073e+02 -2.914000e+01
     vertex  5.000285e+02  1.592660e+02 -2.914000e+01
     vertex  4.998279e+02  1.594073e+02 -3.914000e+01
   endloop
 endfacet
 facet normal  5.349976e-01  8.448536e-01  0.000000e+00
   outer loop
     vertex  4.996205e+02  1.595386e+02 -2.914000e+01
     vertex  4.998279e+02  1.594073e+02 -3.914000e+01
     vertex  4.996205e+02  1.595386e+02 -3.914000e+01
   endloop
 endfacet
 facet normal  5.349976e-01  8.448536e-01  0.000000e+00
   outer loop
     vertex  4.996205e+02  1.595386e+02 -2.914000e+01
     vertex  4.998279e+02  1.594073e+02 -2.914000e+01
     vertex  4.998279e+02  1.594073e+02 -3.914000e+01
   endloop
 endfacet
 facet normal  4.928982e-01  8.700870e-01  0.000000e+00
   outer loop
     vertex  4.994070e+02  1.596596e+02 -2.914000e+01
     vertex  4.996205e+02  1.595386e+02 -3.914000e+01
     vertex  4.994070e+02  1.596596e+02 -3.914000e+01
   endloop
 endfacet
 facet normal  4.928982e-01  8.700870e-01  0.000000e+00
   outer loop
     vertex  4.994070e+02  1.596596e+02 -2.914000e+01
     vertex  4.996205e+02  1.595386e+02 -2.914000e+01
     vertex  4.996205e+02  1.595386e+02 -3.914000e+01
   endloop
 endfacet
 facet normal  4.496113e-01  8.932243e-01  0.000000e+00
   outer loop
     vertex  4.991878e+02  1.597699e+02 -2.914000e+01
     vertex  4.994070e+02  1.596596e+02 -3.914000e+01
     vertex  4.991878e+02  1.597699e+02 -3.914000e+01
   endloop
 endfacet
 facet normal  4.496113e-01  8.932243e-01  0.000000e+00
   outer loop
     vertex  4.991878e+02  1.597699e+02 -2.914000e+01
     vertex  4.994070e+02  1.596596e+02 -2.914000e+01
     vertex  4.994070e+02  1.596596e+02 -3.914000e+01
   endloop
 endfacet
 facet normal  4.052413e-01  9.142098e-01  0.000000e+00
   outer loop
     vertex  4.989634e+02  1.598694e+02 -2.914000e+01
     vertex  4.991878e+02  1.597699e+02 -3.914000e+01
     vertex  4.989634e+02  1.598694e+02 -3.914000e+01
   endloop
 endfacet
 facet normal  4.052413e-01  9.142098e-01  0.000000e+00
   outer loop
     vertex  4.989634e+02  1.598694e+02 -2.914000e+01
     vertex  4.991878e+02  1.597699e+02 -2.914000e+01
     vertex  4.991878e+02  1.597699e+02 -3.914000e+01
   endloop
 endfacet
 facet normal  3.598950e-01  9.329928e-01  0.000000e+00
   outer loop
     vertex  4.987344e+02  1.599577e+02 -2.914000e+01
     vertex  4.989634e+02  1.598694e+02 -3.914000e+01
     vertex  4.987344e+02  1.599577e+02 -3.914000e+01
   endloop
 endfacet
 facet normal  3.598950e-01  9.329928e-01  0.000000e+00
   outer loop
     vertex  4.987344e+02  1.599577e+02 -2.914000e+01
     vertex  4.989634e+02  1.598694e+02 -2.914000e+01
     vertex  4.989634e+02  1.598694e+02 -3.914000e+01
   endloop
 endfacet
 facet normal  3.136817e-01  9.495282e-01  0.000000e+00
   outer loop
     vertex  4.985014e+02  1.600347e+02 -2.914000e+01
     vertex  4.987344e+02  1.599577e+02 -3.914000e+01
     vertex  4.985014e+02  1.600347e+02 -3.914000e+01
   endloop
 endfacet
 facet normal  3.136817e-01  9.495282e-01  0.000000e+00
   outer loop
     vertex  4.985014e+02  1.600347e+02 -2.914000e+01
     vertex  4.987344e+02  1.599577e+02 -2.914000e+01
     vertex  4.987344e+02  1.599577e+02 -3.914000e+01
   endloop
 endfacet
 facet normal  2.667128e-01  9.637761e-01  0.000000e+00
   outer loop
     vertex  4.982649e+02  1.601002e+02 -2.914000e+01
     vertex  4.985014e+02  1.600347e+02 -3.914000e+01
     vertex  4.982649e+02  1.601002e+02 -3.914000e+01
   endloop
 endfacet
 facet normal  2.667128e-01  9.637761e-01  0.000000e+00
   outer loop
     vertex  4.982649e+02  1.601002e+02 -2.914000e+01
     vertex  4.985014e+02  1.600347e+02 -2.914000e+01
     vertex  4.985014e+02  1.600347e+02 -3.914000e+01
   endloop
 endfacet
 facet normal  2.191012e-01  9.757021e-01  0.000000e+00
   outer loop
     vertex  4.980255e+02  1.601539e+02 -2.914000e+01
     vertex  4.982649e+02  1.601002e+02 -3.914000e+01
     vertex  4.980255e+02  1.601539e+02 -3.914000e+01
   endloop
 endfacet
 facet normal  2.191012e-01  9.757021e-01  0.000000e+00
   outer loop
     vertex  4.980255e+02  1.601539e+02 -2.914000e+01
     vertex  4.982649e+02  1.601002e+02 -2.914000e+01
     vertex  4.982649e+02  1.601002e+02 -3.914000e+01
   endloop
 endfacet
 facet normal  1.709619e-01  9.852776e-01  0.000000e+00
   outer loop
     vertex  4.977837e+02  1.601959e+02 -2.914000e+01
     vertex  4.980255e+02  1.601539e+02 -3.914000e+01
     vertex  4.977837e+02  1.601959e+02 -3.914000e+01
   endloop
 endfacet
 facet normal  1.224107e-01  9.924795e-01  0.000000e+00
   outer loop
     vertex  4.977837e+02  1.601959e+02 -2.914000e+01
     vertex  4.977837e+02  1.601959e+02 -3.914000e+01
     vertex  4.975401e+02  1.602259e+02 -3.914000e+01
   endloop
 endfacet
 facet normal  1.709619e-01  9.852776e-01  0.000000e+00
   outer loop
     vertex  4.977837e+02  1.601959e+02 -2.914000e+01
     vertex  4.980255e+02  1.601539e+02 -2.914000e+01
     vertex  4.980255e+02  1.601539e+02 -3.914000e+01
   endloop
 endfacet
 facet normal  1.224107e-01  9.924795e-01  0.000000e+00
   outer loop
     vertex  4.975401e+02  1.602259e+02 -2.914000e+01
     vertex  4.977837e+02  1.601959e+02 -2.914000e+01
     vertex  4.975401e+02  1.602259e+02 -3.914000e+01
   endloop
 endfacet
 facet normal  7.356456e-02  9.972905e-01  0.000000e+00
   outer loop
     vertex  4.972953e+02  1.602440e+02 -2.914000e+01
     vertex  4.975401e+02  1.602259e+02 -3.914000e+01
     vertex  4.972953e+02  1.602440e+02 -3.914000e+01
   endloop
 endfacet
 facet normal  2.454123e-02  9.996988e-01  0.000000e+00
   outer loop
     vertex  4.972953e+02  1.602440e+02 -2.914000e+01
     vertex  4.972953e+02  1.602440e+02 -3.914000e+01
     vertex  4.970500e+02  1.602500e+02 -3.914000e+01
   endloop
 endfacet
 facet normal  7.356456e-02  9.972905e-01  0.000000e+00
   outer loop
     vertex  4.972953e+02  1.602440e+02 -2.914000e+01
     vertex  4.975401e+02  1.602259e+02 -2.914000e+01
     vertex  4.975401e+02  1.602259e+02 -3.914000e+01
   endloop
 endfacet
 facet normal  2.454123e-02  9.996988e-01  0.000000e+00
   outer loop
     vertex  4.970500e+02  1.602500e+02 -2.914000e+01
     vertex  4.972953e+02  1.602440e+02 -2.914000e+01
     vertex  4.970500e+02  1.602500e+02 -3.914000e+01
   endloop
 endfacet
 facet normal  1.000000e+00  0.000000e+00  0.000000e+00
   outer loop
     vertex  5.020500e+02  1.049500e+02 -2.914000e+01
     vertex  5.020500e+02  1.049500e+02 -3.914000e+01
     vertex  5.020500e+02  1.552500e+02 -3.914000e+01
   endloop
 endfacet
 facet normal  1.000000e+00 -0.000000e+00  0.000000e+00
   outer loop
     vertex  5.020500e+02  1.049500e+02 -2.914000e+01
     vertex  5.020500e+02  1.552500e+02 -3.914000e+01
     vertex  5.020500e+02  1.552500e+02 -2.914000e+01
   endloop
 endfacet
 facet normal  9.996988e-01 -2.454123e-02  0.000000e+00
   outer loop
     vertex  5.020500e+02  1.049500e+02 -2.914000e+01
     vertex  5.020440e+02  1.047047e+02 -3.914000e+01
     vertex  5.020500e+02  1.049500e+02 -3.914000e+01
   endloop
 endfacet
 facet normal  9.996988e-01 -2.454123e-02  0.000000e+00
   outer loop
     vertex  5.020440e+02  1.047047e+02 -2.914000e+01
     vertex  5.020440e+02  1.047047e+02 -3.914000e+01
     vertex  5.020500e+02  1.049500e+02 -2.914000e+01
   endloop
 endfacet
 facet normal  9.972905e-01 -7.356456e-02  0.000000e+00
   outer loop
     vertex  5.020259e+02  1.044599e+02 -2.914000e+01
     vertex  5.020259e+02  1.044599e+02 -3.914000e+01
     vertex  5.020440e+02  1.047047e+02 -3.914000e+01
   endloop
 endfacet
 facet normal  9.924795e-01 -1.224107e-01  0.000000e+00
   outer loop
     vertex  5.020259e+02  1.044599e+02 -2.914000e+01
     vertex  5.019959e+02  1.042163e+02 -3.914000e+01
     vertex  5.020259e+02  1.044599e+02 -3.914000e+01
   endloop
 endfacet
 facet normal  9.972905e-01 -7.356456e-02  0.000000e+00
   outer loop
     vertex  5.020259e+02  1.044599e+02 -2.914000e+01
     vertex  5.020440e+02  1.047047e+02 -3.914000e+01
     vertex  5.020440e+02  1.047047e+02 -2.914000e+01
   endloop
 endfacet
 facet normal  9.924795e-01 -1.224107e-01  0.000000e+00
   outer loop
     vertex  5.019959e+02  1.042163e+02 -2.914000e+01
     vertex  5.019959e+02  1.042163e+02 -3.914000e+01
     vertex  5.020259e+02  1.044599e+02 -2.914000e+01
   endloop
 endfacet
 facet normal  9.852776e-01 -1.709619e-01  0.000000e+00
   outer loop
     vertex  5.019539e+02  1.039745e+02 -2.914000e+01
     vertex  5.019539e+02  1.039745e+02 -3.914000e+01
     vertex  5.019959e+02  1.042163e+02 -3.914000e+01
   endloop
 endfacet
 facet normal  9.852776e-01 -1.709619e-01  0.000000e+00
   outer loop
     vertex  5.019539e+02  1.039745e+02 -2.914000e+01
     vertex  5.019959e+02  1.042163e+02 -3.914000e+01
     vertex  5.019959e+02  1.042163e+02 -2.914000e+01
   endloop
 endfacet
 facet normal  9.757021e-01 -2.191012e-01  0.000000e+00
   outer loop
     vertex  5.019002e+02  1.037351e+02 -2.914000e+01
     vertex  5.019002e+02  1.037351e+02 -3.914000e+01
     vertex  5.019539e+02  1.039745e+02 -3.914000e+01
   endloop
 endfacet
 facet normal  9.637761e-01 -2.667128e-01  0.000000e+00
   outer loop
     vertex  5.019002e+02  1.037351e+02 -2.914000e+01
     vertex  5.018347e+02  1.034986e+02 -3.914000e+01
     vertex  5.019002e+02  1.037351e+02 -3.914000e+01
   endloop
 endfacet
 facet normal  9.757021e-01 -2.191012e-01  0.000000e+00
   outer loop
     vertex  5.019002e+02  1.037351e+02 -2.914000e+01
     vertex  5.019539e+02  1.039745e+02 -3.914000e+01
     vertex  5.019539e+02  1.039745e+02 -2.914000e+01
   endloop
 endfacet
 facet normal  9.637761e-01 -2.667128e-01  0.000000e+00
   outer loop
     vertex  5.018347e+02  1.034986e+02 -2.914000e+01
     vertex  5.018347e+02  1.034986e+02 -3.914000e+01
     vertex  5.019002e+02  1.037351e+02 -2.914000e+01
   endloop
 endfacet
 facet normal  9.495282e-01 -3.136817e-01  0.000000e+00
   outer loop
     vertex  5.017577e+02  1.032656e+02 -2.914000e+01
     vertex  5.017577e+02  1.032656e+02 -3.914000e+01
     vertex  5.018347e+02  1.034986e+02 -3.914000e+01
   endloop
 endfacet
 facet normal  9.495282e-01 -3.136817e-01  0.000000e+00
   outer loop
     vertex  5.017577e+02  1.032656e+02 -2.914000e+01
     vertex  5.018347e+02  1.034986e+02 -3.914000e+01
     vertex  5.018347e+02  1.034986e+02 -2.914000e+01
   endloop
 endfacet
 facet normal  9.329928e-01 -3.598950e-01  0.000000e+00
   outer loop
     vertex  5.016694e+02  1.030366e+02 -2.914000e+01
     vertex  5.016694e+02  1.030366e+02 -3.914000e+01
     vertex  5.017577e+02  1.032656e+02 -3.914000e+01
   endloop
 endfacet
 facet normal  9.329928e-01 -3.598950e-01  0.000000e+00
   outer loop
     vertex  5.016694e+02  1.030366e+02 -2.914000e+01
     vertex  5.017577e+02  1.032656e+02 -3.914000e+01
     vertex  5.017577e+02  1.032656e+02 -2.914000e+01
   endloop
 endfacet
 facet normal  9.142098e-01 -4.052413e-01  0.000000e+00
   outer loop
     vertex  5.015699e+02  1.028122e+02 -2.914000e+01
     vertex  5.016694e+02  1.030366e+02 -3.914000e+01
     vertex  5.016694e+02  1.030366e+02 -2.914000e+01
   endloop
 endfacet
 facet normal  9.142098e-01 -4.052413e-01  0.000000e+00
   outer loop
     vertex  5.015699e+02  1.028122e+02 -2.914000e+01
     vertex  5.015699e+02  1.028122e+02 -3.914000e+01
     vertex  5.016694e+02  1.030366e+02 -3.914000e+01
   endloop
 endfacet
 facet normal  8.932243e-01 -4.496113e-01  0.000000e+00
   outer loop
     vertex  5.014596e+02  1.025930e+02 -2.914000e+01
     vertex  5.014596e+02  1.025930e+02 -3.914000e+01
     vertex  5.015699e+02  1.028122e+02 -3.914000e+01
   endloop
 endfacet
 facet normal  8.932243e-01 -4.496113e-01  0.000000e+00
   outer loop
     vertex  5.014596e+02  1.025930e+02 -2.914000e+01
     vertex  5.015699e+02  1.028122e+02 -3.914000e+01
     vertex  5.015699e+02  1.028122e+02 -2.914000e+01
   endloop
 endfacet
 facet normal  8.700870e-01 -4.928982e-01  0.000000e+00
   outer loop
     vertex  5.013386e+02  1.023795e+02 -2.914000e+01
     vertex  5.013386e+02  1.023795e+02 -3.914000e+01
     vertex  5.014596e+02  1.025930e+02 -3.914000e+01
   endloop
 endfacet
 facet normal  8.448536e-01 -5.349976e-01  0.000000e+00
   outer loop
     vertex  5.013386e+02  1.023795e+02 -2.914000e+01
     vertex  5.012073e+02  1.021721e+02 -3.914000e+01
     vertex  5.013386e+02  1.023795e+02 -3.914000e+01
   endloop
 endfacet
 facet normal  8.700870e-01 -4.928982e-01  0.000000e+00
   outer loop
     vertex  5.013386e+02  1.023795e+02 -2.914000e+01
     vertex  5.014596e+02  1.025930e+02 -3.914000e+01
     vertex  5.014596e+02  1.025930e+02 -2.914000e+01
   endloop
 endfacet
 facet normal  8.448536e-01 -5.349976e-01  0.000000e+00
   outer loop
     vertex  5.012073e+02  1.021721e+02 -2.914000e+01
     vertex  5.012073e+02  1.021721e+02 -3.914000e+01
     vertex  5.013386e+02  1.023795e+02 -2.914000e+01
   endloop
 endfacet
 facet normal  8.175848e-01 -5.758082e-01  0.000000e+00
   outer loop
     vertex  5.010660e+02  1.019715e+02 -2.914000e+01
     vertex  5.010660e+02  1.019715e+02 -3.914000e+01
     vertex  5.012073e+02  1.021721e+02 -3.914000e+01
   endloop
 endfacet
 facet normal  8.175848e-01 -5.758082e-01  0.000000e+00
   outer loop
     vertex  5.010660e+02  1.019715e+02 -2.914000e+01
     vertex  5.012073e+02  1.021721e+02 -3.914000e+01
     vertex  5.012073e+02  1.021721e+02 -2.914000e+01
   endloop
 endfacet
 facet normal  7.883464e-01 -6.152316e-01  0.000000e+00
   outer loop
     vertex  5.009151e+02  1.017780e+02 -2.914000e+01
     vertex  5.009151e+02  1.017780e+02 -3.914000e+01
     vertex  5.010660e+02  1.019715e+02 -3.914000e+01
   endloop
 endfacet
 facet normal  7.883464e-01 -6.152316e-01  0.000000e+00
   outer loop
     vertex  5.009151e+02  1.017780e+02 -2.914000e+01
     vertex  5.010660e+02  1.019715e+02 -3.914000e+01
     vertex  5.010660e+02  1.019715e+02 -2.914000e+01
   endloop
 endfacet
 facet normal  7.572088e-01 -6.531728e-01  0.000000e+00
   outer loop
     vertex  5.007548e+02  1.015922e+02 -2.914000e+01
     vertex  5.007548e+02  1.015922e+02 -3.914000e+01
     vertex  5.009151e+02  1.017780e+02 -3.914000e+01
   endloop
 endfacet
 facet normal  7.572088e-01 -6.531728e-01  0.000000e+00
   outer loop
     vertex  5.007548e+02  1.015922e+02 -2.914000e+01
     vertex  5.009151e+02  1.017780e+02 -3.914000e+01
     vertex  5.009151e+02  1.017780e+02 -2.914000e+01
   endloop
 endfacet
 facet normal  7.242471e-01 -6.895405e-01  0.000000e+00
   outer loop
     vertex  5.005855e+02  1.014145e+02 -2.914000e+01
     vertex  5.005855e+02  1.014145e+02 -3.914000e+01
     vertex  5.007548e+02  1.015922e+02 -3.914000e+01
   endloop
 endfacet
 facet normal  7.242471e-01 -6.895405e-01  0.000000e+00
   outer loop
     vertex  5.005855e+02  1.014145e+02 -2.914000e+01
     vertex  5.007548e+02  1.015922e+02 -3.914000e+01
     vertex  5.007548e+02  1.015922e+02 -2.914000e+01
   endloop
 endfacet
 facet normal  6.895405e-01 -7.242471e-01  0.000000e+00
   outer loop
     vertex  5.004078e+02  1.012452e+02 -2.914000e+01
     vertex  5.004078e+02  1.012452e+02 -3.914000e+01
     vertex  5.005855e+02  1.014145e+02 -3.914000e+01
   endloop
 endfacet
 facet normal  6.895405e-01 -7.242471e-01  0.000000e+00
   outer loop
     vertex  5.004078e+02  1.012452e+02 -2.914000e+01
     vertex  5.005855e+02  1.014145e+02 -3.914000e+01
     vertex  5.005855e+02  1.014145e+02 -2.914000e+01
   endloop
 endfacet
 facet normal  6.531728e-01 -7.572088e-01  0.000000e+00
   outer loop
     vertex  5.002220e+02  1.010849e+02 -2.914000e+01
     vertex  5.002220e+02  1.010849e+02 -3.914000e+01
     vertex  5.004078e+02  1.012452e+02 -3.914000e+01
   endloop
 endfacet
 facet normal  6.531728e-01 -7.572088e-01  0.000000e+00
   outer loop
     vertex  5.002220e+02  1.010849e+02 -2.914000e+01
     vertex  5.004078e+02  1.012452e+02 -3.914000e+01
     vertex  5.004078e+02  1.012452e+02 -2.914000e+01
   endloop
 endfacet
 facet normal  6.152316e-01 -7.883464e-01  0.000000e+00
   outer loop
     vertex  5.000285e+02  1.009340e+02 -2.914000e+01
     vertex  5.000285e+02  1.009340e+02 -3.914000e+01
     vertex  5.002220e+02  1.010849e+02 -3.914000e+01
   endloop
 endfacet
 facet normal  6.152316e-01 -7.883464e-01  0.000000e+00
   outer loop
     vertex  5.000285e+02  1.009340e+02 -2.914000e+01
     vertex  5.002220e+02  1.010849e+02 -3.914000e+01
     vertex  5.002220e+02  1.010849e+02 -2.914000e+01
   endloop
 endfacet
 facet normal  5.758082e-01 -8.175848e-01  0.000000e+00
   outer loop
     vertex  4.998279e+02  1.007927e+02 -2.914000e+01
     vertex  4.998279e+02  1.007927e+02 -3.914000e+01
     vertex  5.000285e+02  1.009340e+02 -3.914000e+01
   endloop
 endfacet
 facet normal  5.758082e-01 -8.175848e-01  0.000000e+00
   outer loop
     vertex  4.998279e+02  1.007927e+02 -2.914000e+01
     vertex  5.000285e+02  1.009340e+02 -3.914000e+01
     vertex  5.000285e+02  1.009340e+02 -2.914000e+01
   endloop
 endfacet
 facet normal  5.349976e-01 -8.448536e-01  0.000000e+00
   outer loop
     vertex  4.996205e+02  1.006614e+02 -2.914000e+01
     vertex  4.996205e+02  1.006614e+02 -3.914000e+01
     vertex  4.998279e+02  1.007927e+02 -3.914000e+01
   endloop
 endfacet
 facet normal  5.349976e-01 -8.448536e-01  0.000000e+00
   outer loop
     vertex  4.996205e+02  1.006614e+02 -2.914000e+01
     vertex  4.998279e+02  1.007927e+02 -3.914000e+01
     vertex  4.998279e+02  1.007927e+02 -2.914000e+01
   endloop
 endfacet
 facet normal  4.928982e-01 -8.700870e-01  0.000000e+00
   outer loop
     vertex  4.994070e+02  1.005404e+02 -2.914000e+01
     vertex  4.994070e+02  1.005404e+02 -3.914000e+01
     vertex  4.996205e+02  1.006614e+02 -3.914000e+01
   endloop
 endfacet
 facet normal  4.928982e-01 -8.700870e-01  0.000000e+00
   outer loop
     vertex  4.994070e+02  1.005404e+02 -2.914000e+01
     vertex  4.996205e+02  1.006614e+02 -3.914000e+01
     vertex  4.996205e+02  1.006614e+02 -2.914000e+01
   endloop
 endfacet
 facet normal  4.496113e-01 -8.932243e-01  0.000000e+00
   outer loop
     vertex  4.991878e+02  1.004301e+02 -2.914000e+01
     vertex  4.991878e+02  1.004301e+02 -3.914000e+01
     vertex  4.994070e+02  1.005404e+02 -3.914000e+01
   endloop
 endfacet
 facet normal  4.496113e-01 -8.932243e-01  0.000000e+00
   outer loop
     vertex  4.991878e+02  1.004301e+02 -2.914000e+01
     vertex  4.994070e+02  1.005404e+02 -3.914000e+01
     vertex  4.994070e+02  1.005404e+02 -2.914000e+01
   endloop
 endfacet
 facet normal  4.052413e-01 -9.142098e-01  0.000000e+00
   outer loop
     vertex  4.989634e+02  1.003306e+02 -2.914000e+01
     vertex  4.989634e+02  1.003306e+02 -3.914000e+01
     vertex  4.991878e+02  1.004301e+02 -3.914000e+01
   endloop
 endfacet
 facet normal  4.052413e-01 -9.142098e-01  0.000000e+00
   outer loop
     vertex  4.989634e+02  1.003306e+02 -2.914000e+01
     vertex  4.991878e+02  1.004301e+02 -3.914000e+01
     vertex  4.991878e+02  1.004301e+02 -2.914000e+01
   endloop
 endfacet
 facet normal  3.598950e-01 -9.329928e-01  0.000000e+00
   outer loop
     vertex  4.987344e+02  1.002423e+02 -2.914000e+01
     vertex  4.987344e+02  1.002423e+02 -3.914000e+01
     vertex  4.989634e+02  1.003306e+02 -3.914000e+01
   endloop
 endfacet
 facet normal  3.598950e-01 -9.329928e-01  0.000000e+00
   outer loop
     vertex  4.987344e+02  1.002423e+02 -2.914000e+01
     vertex  4.989634e+02  1.003306e+02 -3.914000e+01
     vertex  4.989634e+02  1.003306e+02 -2.914000e+01
   endloop
 endfacet
 facet normal  3.136817e-01 -9.495282e-01  0.000000e+00
   outer loop
     vertex  4.985014e+02  1.001653e+02 -2.914000e+01
     vertex  4.985014e+02  1.001653e+02 -3.914000e+01
     vertex  4.987344e+02  1.002423e+02 -3.914000e+01
   endloop
 endfacet
 facet normal  3.136817e-01 -9.495282e-01  0.000000e+00
   outer loop
     vertex  4.985014e+02  1.001653e+02 -2.914000e+01
     vertex  4.987344e+02  1.002423e+02 -3.914000e+01
     vertex  4.987344e+02  1.002423e+02 -2.914000e+01
   endloop
 endfacet
 facet normal  2.667128e-01 -9.637761e-01  0.000000e+00
   outer loop
     vertex  4.982649e+02  1.000998e+02 -2.914000e+01
     vertex  4.982649e+02  1.000998e+02 -3.914000e+01
     vertex  4.985014e+02  1.001653e+02 -3.914000e+01
   endloop
 endfacet
 facet normal  2.667128e-01 -9.637761e-01  0.000000e+00
   outer loop
     vertex  4.982649e+02  1.000998e+02 -2.914000e+01
     vertex  4.985014e+02  1.001653e+02 -3.914000e+01
     vertex  4.985014e+02  1.001653e+02 -2.914000e+01
   endloop
 endfacet
 facet normal  2.191012e-01 -9.757021e-01  0.000000e+00
   outer loop
     vertex  4.980255e+02  1.000461e+02 -2.914000e+01
     vertex  4.980255e+02  1.000461e+02 -3.914000e+01
     vertex  4.982649e+02  1.000998e+02 -3.914000e+01
   endloop
 endfacet
 facet normal  2.191012e-01 -9.757021e-01  0.000000e+00
   outer loop
     vertex  4.980255e+02  1.000461e+02 -2.914000e+01
     vertex  4.982649e+02  1.000998e+02 -3.914000e+01
     vertex  4.982649e+02  1.000998e+02 -2.914000e+01
   endloop
 endfacet
 facet normal  1.709619e-01 -9.852776e-01  0.000000e+00
   outer loop
     vertex  4.977837e+02  1.000041e+02 -2.914000e+01
     vertex  4.977837e+02  1.000041e+02 -3.914000e+01
     vertex  4.980255e+02  1.000461e+02 -3.914000e+01
   endloop
 endfacet
 facet normal  1.709619e-01 -9.852776e-01  0.000000e+00
   outer loop
     vertex  4.977837e+02  1.000041e+02 -2.914000e+01
     vertex  4.980255e+02  1.000461e+02 -3.914000e+01
     vertex  4.980255e+02  1.000461e+02 -2.914000e+01
   endloop
 endfacet
 facet normal  1.224107e-01 -9.924795e-01  0.000000e+00
   outer loop
     vertex  4.975401e+02  9.997408e+01 -2.914000e+01
     vertex  4.975401e+02  9.997408e+01 -3.914000e+01
     vertex  4.977837e+02  1.000041e+02 -3.914000e+01
   endloop
 endfacet
 facet normal  7.356456e-02 -9.972905e-01  0.000000e+00
   outer loop
     vertex  4.975401e+02  9.997408e+01 -2.914000e+01
     vertex  4.972953e+02  9.995602e+01 -3.914000e+01
     vertex  4.975401e+02  9.997408e+01 -3.914000e+01
   endloop
 endfacet
 facet normal  1.224107e-01 -9.924795e-01  0.000000e+00
   outer loop
     vertex  4.975401e+02  9.997408e+01 -2.914000e+01
     vertex  4.977837e+02  1.000041e+02 -3.914000e+01
     vertex  4.977837e+02  1.000041e+02 -2.914000e+01
   endloop
 endfacet
 facet normal  7.356456e-02 -9.972905e-01  0.000000e+00
   outer loop
     vertex  4.972953e+02  9.995602e+01 -2.914000e+01
     vertex  4.972953e+02  9.995602e+01 -3.914000e+01
     vertex  4.975401e+02  9.997408e+01 -2.914000e+01
   endloop
 endfacet
 facet normal  2.454123e-02 -9.996988e-01  0.000000e+00
   outer loop
     vertex  4.972953e+02  9.995602e+01 -2.914000e+01
     vertex  4.970500e+02  9.995000e+01 -3.914000e+01
     vertex  4.972953e+02  9.995602e+01 -3.914000e+01
   endloop
 endfacet
 facet normal  2.454123e-02 -9.996988e-01  0.000000e+00
   outer loop
     vertex  4.970500e+02  9.995000e+01 -2.914000e+01
     vertex  4.970500e+02  9.995000e+01 -3.914000e+01
     vertex  4.972953e+02  9.995602e+01 -2.914000e+01
   endloop
 endfacet
 facet normal  0.000000e+00 -1.000000e+00 -0.000000e+00
   outer loop
     vertex  4.970500e+02  9.995000e+01 -2.914000e+01
     vertex  4.467500e+02  9.995000e+01 -3.914000e+01
     vertex  4.970500e+02  9.995000e+01 -3.914000e+01
   endloop
 endfacet
 facet normal -0.000000e+00 -1.000000e+00  0.000000e+00
   outer loop
     vertex  4.970500e+02  9.995000e+01 -2.914000e+01
     vertex  4.467500e+02  9.995000e+01 -2.914000e+01
     vertex  4.467500e+02  9.995000e+01 -3.914000e+01
   endloop
 endfacet
 facet normal -9.955865e-01 -9.384890e-02 -4.183870e-12
   outer loop
     vertex  4.448928e+02  1.003077e+02 -2.914000e+01
     vertex  4.448789e+02  1.004552e+02 -3.114000e+01
     vertex  4.448928e+02  1.003077e+02 -3.114000e+01
   endloop
 endfacet
 facet normal -9.897396e-01 -1.428830e-01  7.069230e-14
   outer loop
     vertex  4.448789e+02  1.004552e+02 -2.914000e+01
     vertex  4.448577e+02  1.006018e+02 -3.114000e+01
     vertex  4.448789e+02  1.004552e+02 -3.114000e+01
   endloop
 endfacet
 facet normal -9.955865e-01 -9.384890e-02 -4.194556e-14
   outer loop
     vertex  4.448789e+02  1.004552e+02 -2.914000e+01
     vertex  4.448789e+02  1.004552e+02 -3.114000e+01
     vertex  4.448928e+02  1.003077e+02 -2.914000e+01
   endloop
 endfacet
 facet normal -9.814792e-01 -1.915687e-01  6.408121e-14
   outer loop
     vertex  4.448577e+02  1.006018e+02 -2.914000e+01
     vertex  4.448294e+02  1.007472e+02 -3.114000e+01
     vertex  4.448577e+02  1.006018e+02 -3.114000e+01
   endloop
 endfacet
 facet normal -9.897396e-01 -1.428830e-01 -4.009434e-14
   outer loop
     vertex  4.448577e+02  1.006018e+02 -2.914000e+01
     vertex  4.448577e+02  1.006018e+02 -3.114000e+01
     vertex  4.448789e+02  1.004552e+02 -2.914000e+01
   endloop
 endfacet
 facet normal -9.708255e-01 -2.397873e-01  4.102438e-14
   outer loop
     vertex  4.448294e+02  1.007472e+02 -2.914000e+01
     vertex  4.447938e+02  1.008911e+02 -3.114000e+01
     vertex  4.448294e+02  1.007472e+02 -3.114000e+01
   endloop
 endfacet
 facet normal -9.814792e-01 -1.915687e-01 -5.499535e-14
   outer loop
     vertex  4.448294e+02  1.007472e+02 -2.914000e+01
     vertex  4.448294e+02  1.007472e+02 -3.114000e+01
     vertex  4.448577e+02  1.006018e+02 -2.914000e+01
   endloop
 endfacet
 facet normal -9.578043e-01 -2.874211e-01  5.662315e-14
   outer loop
     vertex  4.447938e+02  1.008911e+02 -2.914000e+01
     vertex  4.447512e+02  1.010329e+02 -3.114000e+01
     vertex  4.447938e+02  1.008911e+02 -3.114000e+01
   endloop
 endfacet
 facet normal -9.708255e-01 -2.397873e-01 -3.086670e-14
   outer loop
     vertex  4.447938e+02  1.008911e+02 -2.914000e+01
     vertex  4.447938e+02  1.008911e+02 -3.114000e+01
     vertex  4.448294e+02  1.007472e+02 -2.914000e+01
   endloop
 endfacet
 facet normal -9.424476e-01 -3.343540e-01  2.863406e-14
   outer loop
     vertex  4.447512e+02  1.010329e+02 -2.914000e+01
     vertex  4.447017e+02  1.011726e+02 -3.114000e+01
     vertex  4.447512e+02  1.010329e+02 -3.114000e+01
   endloop
 endfacet
 facet normal -9.578043e-01 -2.874211e-01 -5.092021e-14
   outer loop
     vertex  4.447512e+02  1.010329e+02 -2.914000e+01
     vertex  4.447512e+02  1.010329e+02 -3.114000e+01
     vertex  4.447938e+02  1.008911e+02 -2.914000e+01
   endloop
 endfacet
 facet normal -9.247926e-01 -3.804716e-01  3.512634e-14
   outer loop
     vertex  4.447017e+02  1.011726e+02 -2.914000e+01
     vertex  4.446453e+02  1.013096e+02 -3.114000e+01
     vertex  4.447017e+02  1.011726e+02 -3.114000e+01
   endloop
 endfacet
 facet normal -9.424476e-01 -3.343540e-01 -3.551060e-14
   outer loop
     vertex  4.447017e+02  1.011726e+02 -2.914000e+01
     vertex  4.447017e+02  1.011726e+02 -3.114000e+01
     vertex  4.447512e+02  1.010329e+02 -2.914000e+01
   endloop
 endfacet
 facet normal -9.048825e-01 -4.256614e-01  3.006497e-14
   outer loop
     vertex  4.446453e+02  1.013096e+02 -2.914000e+01
     vertex  4.445823e+02  1.014436e+02 -3.114000e+01
     vertex  4.446453e+02  1.013096e+02 -3.114000e+01
   endloop
 endfacet
 facet normal -9.247926e-01 -3.804716e-01 -3.245899e-14
   outer loop
     vertex  4.446453e+02  1.013096e+02 -2.914000e+01
     vertex  4.446453e+02  1.013096e+02 -3.114000e+01
     vertex  4.447017e+02  1.011726e+02 -2.914000e+01
   endloop
 endfacet
 facet normal -8.827658e-01 -4.698132e-01  3.414973e-14
   outer loop
     vertex  4.445823e+02  1.014436e+02 -2.914000e+01
     vertex  4.445127e+02  1.015744e+02 -3.114000e+01
     vertex  4.445823e+02  1.014436e+02 -3.114000e+01
   endloop
 endfacet
 facet normal -9.048825e-01 -4.256614e-01 -1.982938e-14
   outer loop
     vertex  4.445823e+02  1.014436e+02 -2.914000e+01
     vertex  4.445823e+02  1.014436e+02 -3.114000e+01
     vertex  4.446453e+02  1.013096e+02 -2.914000e+01
   endloop
 endfacet
 facet normal -8.827658e-01 -4.698132e-01 -2.421615e-14
   outer loop
     vertex  4.445127e+02  1.015744e+02 -2.914000e+01
     vertex  4.445127e+02  1.015744e+02 -3.114000e+01
     vertex  4.445823e+02  1.014436e+02 -2.914000e+01
   endloop
 endfacet
 facet normal -8.584965e-01 -5.128194e-01  2.135049e-14
   outer loop
     vertex  4.445127e+02  1.015744e+02 -2.914000e+01
     vertex  4.444367e+02  1.017016e+02 -3.114000e+01
     vertex  4.445127e+02  1.015744e+02 -3.114000e+01
   endloop
 endfacet
 facet normal -8.584965e-01 -5.128194e-01 -3.805700e-14
   outer loop
     vertex  4.444367e+02  1.017016e+02 -2.914000e+01
     vertex  4.444367e+02  1.017016e+02 -3.114000e+01
     vertex  4.445127e+02  1.015744e+02 -2.914000e+01
   endloop
 endfacet
 facet normal -8.321337e-01 -5.545750e-01 -1.156126e-16
   outer loop
     vertex  4.444367e+02  1.017016e+02 -2.914000e+01
     vertex  4.443546e+02  1.018249e+02 -3.114000e+01
     vertex  4.444367e+02  1.017016e+02 -3.114000e+01
   endloop
 endfacet
 facet normal -8.321337e-01 -5.545750e-01 -1.585446e-14
   outer loop
     vertex  4.443546e+02  1.018249e+02 -2.914000e+01
     vertex  4.443546e+02  1.018249e+02 -3.114000e+01
     vertex  4.444367e+02  1.017016e+02 -2.914000e+01
   endloop
 endfacet
 facet normal -8.037417e-01 -5.949783e-01  1.335054e-14
   outer loop
     vertex  4.443546e+02  1.018249e+02 -2.914000e+01
     vertex  4.442664e+02  1.019439e+02 -3.114000e+01
     vertex  4.443546e+02  1.018249e+02 -3.114000e+01
   endloop
 endfacet
 facet normal -7.733898e-01 -6.339307e-01  9.370498e-15
   outer loop
     vertex  4.442664e+02  1.019439e+02 -2.914000e+01
     vertex  4.441725e+02  1.020585e+02 -3.114000e+01
     vertex  4.442664e+02  1.019439e+02 -3.114000e+01
   endloop
 endfacet
 facet normal -8.037417e-01 -5.949783e-01 -1.112497e-14
   outer loop
     vertex  4.442664e+02  1.019439e+02 -2.914000e+01
     vertex  4.442664e+02  1.019439e+02 -3.114000e+01
     vertex  4.443546e+02  1.018249e+02 -2.914000e+01
   endloop
 endfacet
 facet normal -7.411520e-01 -6.713373e-01  2.404902e-15
   outer loop
     vertex  4.441725e+02  1.020585e+02 -2.914000e+01
     vertex  4.440731e+02  1.021683e+02 -3.114000e+01
     vertex  4.441725e+02  1.020585e+02 -3.114000e+01
   endloop
 endfacet
 facet normal -7.733898e-01 -6.339307e-01 -1.026895e-14
   outer loop
     vertex  4.441725e+02  1.020585e+02 -2.914000e+01
     vertex  4.441725e+02  1.020585e+02 -3.114000e+01
     vertex  4.442664e+02  1.019439e+02 -2.914000e+01
   endloop
 endfacet
 facet normal -7.411520e-01 -6.713373e-01 -3.968504e-15
   outer loop
     vertex  4.440731e+02  1.021683e+02 -2.914000e+01
     vertex  4.440731e+02  1.021683e+02 -3.114000e+01
     vertex  4.441725e+02  1.020585e+02 -2.914000e+01
   endloop
 endfacet
 facet normal -7.071068e-01 -7.071068e-01  0.000000e+00
   outer loop
     vertex  4.439683e+02  1.022731e+02 -2.914000e+01
     vertex  4.440731e+02  1.021683e+02 -3.114000e+01
     vertex  4.440731e+02  1.021683e+02 -2.914000e+01
   endloop
 endfacet
 facet normal -7.071068e-01 -7.071068e-01 -5.024296e-15
   outer loop
     vertex  4.439683e+02  1.022731e+02 -2.914000e+01
     vertex  4.439683e+02  1.022731e+02 -3.114000e+01
     vertex  4.440731e+02  1.021683e+02 -3.114000e+01
   endloop
 endfacet
 facet normal -6.713373e-01 -7.411520e-01  1.244124e-14
   outer loop
     vertex  4.438585e+02  1.023725e+02 -2.914000e+01
     vertex  4.438585e+02  1.023725e+02 -3.114000e+01
     vertex  4.439683e+02  1.022731e+02 -3.114000e+01
   endloop
 endfacet
 facet normal -6.713373e-01 -7.411520e-01 -9.238935e-15
   outer loop
     vertex  4.438585e+02  1.023725e+02 -2.914000e+01
     vertex  4.439683e+02  1.022731e+02 -3.114000e+01
     vertex  4.439683e+02  1.022731e+02 -2.914000e+01
   endloop
 endfacet
 facet normal -6.339307e-01 -7.733898e-01  1.288393e-14
   outer loop
     vertex  4.437439e+02  1.024664e+02 -2.914000e+01
     vertex  4.437439e+02  1.024664e+02 -3.114000e+01
     vertex  4.438585e+02  1.023725e+02 -3.114000e+01
   endloop
 endfacet
 facet normal -6.339307e-01 -7.733898e-01 -2.693226e-16
   outer loop
     vertex  4.437439e+02  1.024664e+02 -2.914000e+01
     vertex  4.438585e+02  1.023725e+02 -3.114000e+01
     vertex  4.438585e+02  1.023725e+02 -2.914000e+01
   endloop
 endfacet
 facet normal -5.949783e-01 -8.037417e-01  3.026084e-14
   outer loop
     vertex  4.436249e+02  1.025546e+02 -2.914000e+01
     vertex  4.436249e+02  1.025546e+02 -3.114000e+01
     vertex  4.437439e+02  1.024664e+02 -3.114000e+01
   endloop
 endfacet
 facet normal -5.949783e-01 -8.037417e-01 -8.384129e-15
   outer loop
     vertex  4.436249e+02  1.025546e+02 -2.914000e+01
     vertex  4.437439e+02  1.024664e+02 -3.114000e+01
     vertex  4.437439e+02  1.024664e+02 -2.914000e+01
   endloop
 endfacet
 facet normal -5.545750e-01 -8.321337e-01  2.550337e-14
   outer loop
     vertex  4.435016e+02  1.026367e+02 -2.914000e+01
     vertex  4.435016e+02  1.026367e+02 -3.114000e+01
     vertex  4.436249e+02  1.025546e+02 -3.114000e+01
   endloop
 endfacet
 facet normal -5.545750e-01 -8.321337e-01 -9.367742e-17
   outer loop
     vertex  4.435016e+02  1.026367e+02 -2.914000e+01
     vertex  4.436249e+02  1.025546e+02 -3.114000e+01
     vertex  4.436249e+02  1.025546e+02 -2.914000e+01
   endloop
 endfacet
 facet normal -5.128194e-01 -8.584965e-01  2.618190e-14
   outer loop
     vertex  4.433744e+02  1.027127e+02 -2.914000e+01
     vertex  4.433744e+02  1.027127e+02 -3.114000e+01
     vertex  4.435016e+02  1.026367e+02 -3.114000e+01
   endloop
 endfacet
 facet normal -5.128194e-01 -8.584965e-01 -1.247081e-14
   outer loop
     vertex  4.433744e+02  1.027127e+02 -2.914000e+01
     vertex  4.435016e+02  1.026367e+02 -3.114000e+01
     vertex  4.435016e+02  1.026367e+02 -2.914000e+01
   endloop
 endfacet
 facet normal -4.698132e-01 -8.827658e-01  3.455375e-14
   outer loop
     vertex  4.432436e+02  1.027823e+02 -2.914000e+01
     vertex  4.432436e+02  1.027823e+02 -3.114000e+01
     vertex  4.433744e+02  1.027127e+02 -3.114000e+01
   endloop
 endfacet
 facet normal -4.698132e-01 -8.827658e-01 -2.047437e-14
   outer loop
     vertex  4.432436e+02  1.027823e+02 -2.914000e+01
     vertex  4.433744e+02  1.027127e+02 -3.114000e+01
     vertex  4.433744e+02  1.027127e+02 -2.914000e+01
   endloop
 endfacet
 facet normal -4.256614e-01 -9.048825e-01  3.308947e-14
   outer loop
     vertex  4.431096e+02  1.028453e+02 -2.914000e+01
     vertex  4.431096e+02  1.028453e+02 -3.114000e+01
     vertex  4.432436e+02  1.027823e+02 -3.114000e+01
   endloop
 endfacet
 facet normal -4.256614e-01 -9.048825e-01 -2.021090e-14
   outer loop
     vertex  4.431096e+02  1.028453e+02 -2.914000e+01
     vertex  4.432436e+02  1.027823e+02 -3.114000e+01
     vertex  4.432436e+02  1.027823e+02 -2.914000e+01
   endloop
 endfacet
 facet normal -3.804716e-01 -9.247926e-01  3.936895e-14
   outer loop
     vertex  4.429726e+02  1.029017e+02 -2.914000e+01
     vertex  4.429726e+02  1.029017e+02 -3.114000e+01
     vertex  4.431096e+02  1.028453e+02 -3.114000e+01
   endloop
 endfacet
 facet normal -3.804716e-01 -9.247926e-01 -2.975429e-14
   outer loop
     vertex  4.429726e+02  1.029017e+02 -2.914000e+01
     vertex  4.431096e+02  1.028453e+02 -3.114000e+01
     vertex  4.431096e+02  1.028453e+02 -2.914000e+01
   endloop
 endfacet
 facet normal -3.343540e-01 -9.424476e-01  3.770628e-14
   outer loop
     vertex  4.428329e+02  1.029512e+02 -2.914000e+01
     vertex  4.428329e+02  1.029512e+02 -3.114000e+01
     vertex  4.429726e+02  1.029017e+02 -3.114000e+01
   endloop
 endfacet
 facet normal -3.343540e-01 -9.424476e-01 -3.270220e-14
   outer loop
     vertex  4.428329e+02  1.029512e+02 -2.914000e+01
     vertex  4.429726e+02  1.029017e+02 -3.114000e+01
     vertex  4.429726e+02  1.029017e+02 -2.914000e+01
   endloop
 endfacet
 facet normal -2.874211e-01 -9.578043e-01  4.913868e-14
   outer loop
     vertex  4.426911e+02  1.029938e+02 -2.914000e+01
     vertex  4.426911e+02  1.029938e+02 -3.114000e+01
     vertex  4.428329e+02  1.029512e+02 -3.114000e+01
   endloop
 endfacet
 facet normal -2.874211e-01 -9.578043e-01 -4.207287e-14
   outer loop
     vertex  4.426911e+02  1.029938e+02 -2.914000e+01
     vertex  4.428329e+02  1.029512e+02 -3.114000e+01
     vertex  4.428329e+02  1.029512e+02 -2.914000e+01
   endloop
 endfacet
 facet normal -2.397873e-01 -9.708255e-01  4.272817e-14
   outer loop
     vertex  4.425472e+02  1.030294e+02 -2.914000e+01
     vertex  4.425472e+02  1.030294e+02 -3.114000e+01
     vertex  4.426911e+02  1.029938e+02 -3.114000e+01
   endloop
 endfacet
 facet normal -2.397873e-01 -9.708255e-01 -3.955236e-14
   outer loop
     vertex  4.425472e+02  1.030294e+02 -2.914000e+01
     vertex  4.426911e+02  1.029938e+02 -3.114000e+01
     vertex  4.426911e+02  1.029938e+02 -2.914000e+01
   endloop
 endfacet
 facet normal -1.915687e-01 -9.814792e-01  4.877238e-14
   outer loop
     vertex  4.424018e+02  1.030577e+02 -2.914000e+01
     vertex  4.424018e+02  1.030577e+02 -3.114000e+01
     vertex  4.425472e+02  1.030294e+02 -3.114000e+01
   endloop
 endfacet
 facet normal -1.915687e-01 -9.814792e-01 -5.363325e-14
   outer loop
     vertex  4.424018e+02  1.030577e+02 -2.914000e+01
     vertex  4.425472e+02  1.030294e+02 -3.114000e+01
     vertex  4.425472e+02  1.030294e+02 -2.914000e+01
   endloop
 endfacet
 facet normal -1.428830e-01 -9.897396e-01  5.764250e-14
   outer loop
     vertex  4.422552e+02  1.030789e+02 -2.914000e+01
     vertex  4.422552e+02  1.030789e+02 -3.114000e+01
     vertex  4.424018e+02  1.030577e+02 -3.114000e+01
   endloop
 endfacet
 facet normal -1.428830e-01 -9.897396e-01 -5.517453e-14
   outer loop
     vertex  4.422552e+02  1.030789e+02 -2.914000e+01
     vertex  4.424018e+02  1.030577e+02 -3.114000e+01
     vertex  4.424018e+02  1.030577e+02 -2.914000e+01
   endloop
 endfacet
 facet normal -9.384890e-02 -9.955865e-01 -5.542629e-14
   outer loop
     vertex  4.421077e+02  1.030928e+02 -2.914000e+01
     vertex  4.422552e+02  1.030789e+02 -3.114000e+01
     vertex  4.422552e+02  1.030789e+02 -2.914000e+01
   endloop
 endfacet
 facet normal -9.384890e-02 -9.955865e-01 -4.183203e-12
   outer loop
     vertex  4.421077e+02  1.030928e+02 -2.914000e+01
     vertex  4.421077e+02  1.030928e+02 -3.114000e+01
     vertex  4.422552e+02  1.030789e+02 -3.114000e+01
   endloop
 endfacet
 facet normal  0.000000e+00  0.000000e+00  1.000000e+00
   outer loop
     vertex  4.448789e+02  1.004552e+02 -3.114000e+01
     vertex  4.446739e+02  1.004014e+02 -3.114000e+01
     vertex  4.448928e+02  1.003077e+02 -3.114000e+01
   endloop
 endfacet
 facet normal  0.000000e+00  0.000000e+00  1.000000e+00
   outer loop
     vertex  4.422552e+02  1.030789e+02 -3.114000e+01
     vertex  4.421077e+02  1.030928e+02 -3.114000e+01
     vertex  4.422014e+02  1.028739e+02 -3.114000e+01
   endloop
 endfacet
 facet normal  0.000000e+00  0.000000e+00  1.000000e+00
   outer loop
     vertex  4.448577e+02  1.006018e+02 -3.114000e+01
     vertex  4.444597e+02  1.005054e+02 -3.114000e+01
     vertex  4.446739e+02  1.004014e+02 -3.114000e+01
   endloop
 endfacet
 facet normal  0.000000e+00  0.000000e+00  1.000000e+00
   outer loop
     vertex  4.448577e+02  1.006018e+02 -3.114000e+01
     vertex  4.446739e+02  1.004014e+02 -3.114000e+01
     vertex  4.448789e+02  1.004552e+02 -3.114000e+01
   endloop
 endfacet
 facet normal  0.000000e+00  0.000000e+00  1.000000e+00
   outer loop
     vertex  4.424018e+02  1.030577e+02 -3.114000e+01
     vertex  4.422014e+02  1.028739e+02 -3.114000e+01
     vertex  4.423054e+02  1.026597e+02 -3.114000e+01
   endloop
 endfacet
 facet normal  0.000000e+00  0.000000e+00  1.000000e+00
   outer loop
     vertex  4.424018e+02  1.030577e+02 -3.114000e+01
     vertex  4.422552e+02  1.030789e+02 -3.114000e+01
     vertex  4.422014e+02  1.028739e+02 -3.114000e+01
   endloop
 endfacet
 facet normal  0.000000e+00  0.000000e+00  1.000000e+00
   outer loop
     vertex  4.448294e+02  1.007472e+02 -3.114000e+01
     vertex  4.444597e+02  1.005054e+02 -3.114000e+01
     vertex  4.448577e+02  1.006018e+02 -3.114000e+01
   endloop
 endfacet
 facet normal  0.000000e+00  0.000000e+00  1.000000e+00
   outer loop
     vertex  4.425472e+02  1.030294e+02 -3.114000e+01
     vertex  4.424018e+02  1.030577e+02 -3.114000e+01
     vertex  4.423054e+02  1.026597e+02 -3.114000e+01
   endloop
 endfacet
 facet normal  0.000000e+00  0.000000e+00  1.000000e+00
   outer loop
     vertex  4.447938e+02  1.008911e+02 -3.114000e+01
     vertex  4.442507e+02  1.006195e+02 -3.114000e+01
     vertex  4.444597e+02  1.005054e+02 -3.114000e+01
   endloop
 endfacet
 facet normal  0.000000e+00  0.000000e+00  1.000000e+00
   outer loop
     vertex  4.447938e+02  1.008911e+02 -3.114000e+01
     vertex  4.444597e+02  1.005054e+02 -3.114000e+01
     vertex  4.448294e+02  1.007472e+02 -3.114000e+01
   endloop
 endfacet
 facet normal  0.000000e+00  0.000000e+00  1.000000e+00
   outer loop
     vertex  4.426911e+02  1.029938e+02 -3.114000e+01
     vertex  4.423054e+02  1.026597e+02 -3.114000e+01
     vertex  4.424195e+02  1.024507e+02 -3.114000e+01
   endloop
 endfacet
 facet normal  0.000000e+00  0.000000e+00  1.000000e+00
   outer loop
     vertex  4.426911e+02  1.029938e+02 -3.114000e+01
     vertex  4.425472e+02  1.030294e+02 -3.114000e+01
     vertex  4.423054e+02  1.026597e+02 -3.114000e+01
   endloop
 endfacet
 facet normal  0.000000e+00  0.000000e+00  1.000000e+00
   outer loop
     vertex  4.447512e+02  1.010329e+02 -3.114000e+01
     vertex  4.442507e+02  1.006195e+02 -3.114000e+01
     vertex  4.447938e+02  1.008911e+02 -3.114000e+01
   endloop
 endfacet
 facet normal  0.000000e+00  0.000000e+00  1.000000e+00
   outer loop
     vertex  4.428329e+02  1.029512e+02 -3.114000e+01
     vertex  4.426911e+02  1.029938e+02 -3.114000e+01
     vertex  4.424195e+02  1.024507e+02 -3.114000e+01
   endloop
 endfacet
 facet normal  0.000000e+00  0.000000e+00  1.000000e+00
   outer loop
     vertex  4.447017e+02  1.011726e+02 -3.114000e+01
     vertex  4.442507e+02  1.006195e+02 -3.114000e+01
     vertex  4.447512e+02  1.010329e+02 -3.114000e+01
   endloop
 endfacet
 facet normal  0.000000e+00  0.000000e+00  1.000000e+00
   outer loop
     vertex  4.447017e+02  1.011726e+02 -3.114000e+01
     vertex  4.440473e+02  1.007434e+02 -3.114000e+01
     vertex  4.442507e+02  1.006195e+02 -3.114000e+01
   endloop
 endfacet
 facet normal  0.000000e+00  0.000000e+00  1.000000e+00
   outer loop
     vertex  4.429726e+02  1.029017e+02 -3.114000e+01
     vertex  4.424195e+02  1.024507e+02 -3.114000e+01
     vertex  4.425434e+02  1.022473e+02 -3.114000e+01
   endloop
 endfacet
 facet normal  0.000000e+00  0.000000e+00  1.000000e+00
   outer loop
     vertex  4.429726e+02  1.029017e+02 -3.114000e+01
     vertex  4.428329e+02  1.029512e+02 -3.114000e+01
     vertex  4.424195e+02  1.024507e+02 -3.114000e+01
   endloop
 endfacet
 facet normal  0.000000e+00  0.000000e+00  1.000000e+00
   outer loop
     vertex  4.446453e+02  1.013096e+02 -3.114000e+01
     vertex  4.440473e+02  1.007434e+02 -3.114000e+01
     vertex  4.447017e+02  1.011726e+02 -3.114000e+01
   endloop
 endfacet
 facet normal  0.000000e+00  0.000000e+00  1.000000e+00
   outer loop
     vertex  4.446453e+02  1.013096e+02 -3.114000e+01
     vertex  4.438501e+02  1.008768e+02 -3.114000e+01
     vertex  4.440473e+02  1.007434e+02 -3.114000e+01
   endloop
 endfacet
 facet normal  0.000000e+00  0.000000e+00  1.000000e+00
   outer loop
     vertex  4.431096e+02  1.028453e+02 -3.114000e+01
     vertex  4.425434e+02  1.022473e+02 -3.114000e+01
     vertex  4.426768e+02  1.020501e+02 -3.114000e+01
   endloop
 endfacet
 facet normal  0.000000e+00  0.000000e+00  1.000000e+00
   outer loop
     vertex  4.431096e+02  1.028453e+02 -3.114000e+01
     vertex  4.429726e+02  1.029017e+02 -3.114000e+01
     vertex  4.425434e+02  1.022473e+02 -3.114000e+01
   endloop
 endfacet
 facet normal  0.000000e+00  0.000000e+00  1.000000e+00
   outer loop
     vertex  4.445823e+02  1.014436e+02 -3.114000e+01
     vertex  4.438501e+02  1.008768e+02 -3.114000e+01
     vertex  4.446453e+02  1.013096e+02 -3.114000e+01
   endloop
 endfacet
 facet normal  0.000000e+00  0.000000e+00  1.000000e+00
   outer loop
     vertex  4.432436e+02  1.027823e+02 -3.114000e+01
     vertex  4.431096e+02  1.028453e+02 -3.114000e+01
     vertex  4.426768e+02  1.020501e+02 -3.114000e+01
   endloop
 endfacet
 facet normal  0.000000e+00  0.000000e+00  1.000000e+00
   outer loop
     vertex  4.445127e+02  1.015744e+02 -3.114000e+01
     vertex  4.436595e+02  1.010195e+02 -3.114000e+01
     vertex  4.438501e+02  1.008768e+02 -3.114000e+01
   endloop
 endfacet
 facet normal  0.000000e+00  0.000000e+00  1.000000e+00
   outer loop
     vertex  4.445127e+02  1.015744e+02 -3.114000e+01
     vertex  4.438501e+02  1.008768e+02 -3.114000e+01
     vertex  4.445823e+02  1.014436e+02 -3.114000e+01
   endloop
 endfacet
 facet normal  0.000000e+00  0.000000e+00  1.000000e+00
   outer loop
     vertex  4.433744e+02  1.027127e+02 -3.114000e+01
     vertex  4.426768e+02  1.020501e+02 -3.114000e+01
     vertex  4.428195e+02  1.018595e+02 -3.114000e+01
   endloop
 endfacet
 facet normal  0.000000e+00  0.000000e+00  1.000000e+00
   outer loop
     vertex  4.433744e+02  1.027127e+02 -3.114000e+01
     vertex  4.432436e+02  1.027823e+02 -3.114000e+01
     vertex  4.426768e+02  1.020501e+02 -3.114000e+01
   endloop
 endfacet
 facet normal  0.000000e+00  0.000000e+00  1.000000e+00
   outer loop
     vertex  4.444367e+02  1.017016e+02 -3.114000e+01
     vertex  4.436595e+02  1.010195e+02 -3.114000e+01
     vertex  4.445127e+02  1.015744e+02 -3.114000e+01
   endloop
 endfacet
 facet normal  0.000000e+00  0.000000e+00  1.000000e+00
   outer loop
     vertex  4.435016e+02  1.026367e+02 -3.114000e+01
     vertex  4.433744e+02  1.027127e+02 -3.114000e+01
     vertex  4.428195e+02  1.018595e+02 -3.114000e+01
   endloop
 endfacet
 facet normal  0.000000e+00  0.000000e+00  1.000000e+00
   outer loop
     vertex  4.443546e+02  1.018249e+02 -3.114000e+01
     vertex  4.434759e+02  1.011711e+02 -3.114000e+01
     vertex  4.436595e+02  1.010195e+02 -3.114000e+01
   endloop
 endfacet
 facet normal  0.000000e+00  0.000000e+00  1.000000e+00
   outer loop
     vertex  4.443546e+02  1.018249e+02 -3.114000e+01
     vertex  4.436595e+02  1.010195e+02 -3.114000e+01
     vertex  4.444367e+02  1.017016e+02 -3.114000e+01
   endloop
 endfacet
 facet normal  0.000000e+00  0.000000e+00  1.000000e+00
   outer loop
     vertex  4.436249e+02  1.025546e+02 -3.114000e+01
     vertex  4.428195e+02  1.018595e+02 -3.114000e+01
     vertex  4.429711e+02  1.016759e+02 -3.114000e+01
   endloop
 endfacet
 facet normal  0.000000e+00  0.000000e+00  1.000000e+00
   outer loop
     vertex  4.436249e+02  1.025546e+02 -3.114000e+01
     vertex  4.435016e+02  1.026367e+02 -3.114000e+01
     vertex  4.428195e+02  1.018595e+02 -3.114000e+01
   endloop
 endfacet
 facet normal  0.000000e+00  0.000000e+00  1.000000e+00
   outer loop
     vertex  4.442664e+02  1.019439e+02 -3.114000e+01
     vertex  4.434759e+02  1.011711e+02 -3.114000e+01
     vertex  4.443546e+02  1.018249e+02 -3.114000e+01
   endloop
 endfacet
 facet normal  0.000000e+00  0.000000e+00  1.000000e+00
   outer loop
     vertex  4.437439e+02  1.024664e+02 -3.114000e+01
     vertex  4.436249e+02  1.025546e+02 -3.114000e+01
     vertex  4.429711e+02  1.016759e+02 -3.114000e+01
   endloop
 endfacet
 facet normal  0.000000e+00  0.000000e+00  1.000000e+00
   outer loop
     vertex  4.441725e+02  1.020585e+02 -3.114000e+01
     vertex  4.432997e+02  1.013313e+02 -3.114000e+01
     vertex  4.434759e+02  1.011711e+02 -3.114000e+01
   endloop
 endfacet
 facet normal  0.000000e+00  0.000000e+00  1.000000e+00
   outer loop
     vertex  4.441725e+02  1.020585e+02 -3.114000e+01
     vertex  4.434759e+02  1.011711e+02 -3.114000e+01
     vertex  4.442664e+02  1.019439e+02 -3.114000e+01
   endloop
 endfacet
 facet normal  0.000000e+00  0.000000e+00  1.000000e+00
   outer loop
     vertex  4.438585e+02  1.023725e+02 -3.114000e+01
     vertex  4.429711e+02  1.016759e+02 -3.114000e+01
     vertex  4.431313e+02  1.014997e+02 -3.114000e+01
   endloop
 endfacet
 facet normal  0.000000e+00  0.000000e+00  1.000000e+00
   outer loop
     vertex  4.438585e+02  1.023725e+02 -3.114000e+01
     vertex  4.437439e+02  1.024664e+02 -3.114000e+01
     vertex  4.429711e+02  1.016759e+02 -3.114000e+01
   endloop
 endfacet
 facet normal  0.000000e+00  0.000000e+00  1.000000e+00
   outer loop
     vertex  4.440731e+02  1.021683e+02 -3.114000e+01
     vertex  4.431313e+02  1.014997e+02 -3.114000e+01
     vertex  4.432997e+02  1.013313e+02 -3.114000e+01
   endloop
 endfacet
 facet normal  0.000000e+00  0.000000e+00  1.000000e+00
   outer loop
     vertex  4.440731e+02  1.021683e+02 -3.114000e+01
     vertex  4.432997e+02  1.013313e+02 -3.114000e+01
     vertex  4.441725e+02  1.020585e+02 -3.114000e+01
   endloop
 endfacet
 facet normal  0.000000e+00  0.000000e+00  1.000000e+00
   outer loop
     vertex  4.439683e+02  1.022731e+02 -3.114000e+01
     vertex  4.438585e+02  1.023725e+02 -3.114000e+01
     vertex  4.431313e+02  1.014997e+02 -3.114000e+01
   endloop
 endfacet
 facet normal  0.000000e+00  0.000000e+00  1.000000e+00
   outer loop
     vertex  4.439683e+02  1.022731e+02 -3.114000e+01
     vertex  4.431313e+02  1.014997e+02 -3.114000e+01
     vertex  4.440731e+02  1.021683e+02 -3.114000e+01
   endloop
 endfacet
 facet normal -8.660254e-01 -5.000000e-01 -0.000000e+00
   outer loop
     vertex  4.518000e+02  1.301000e+02 -2.417500e+01
     vertex  4.518000e+02  1.301000e+02 -3.020500e+01
     vertex  4.618500e+02  1.126929e+02 -3.020500e+01
   endloop
 endfacet
 facet normal -8.660254e-01 -5.000000e-01  0.000000e+00
   outer loop
     vertex  4.518000e+02  1.301000e+02 -2.417500e+01
     vertex  4.618500e+02  1.126929e+02 -3.020500e+01
     vertex  4.618500e+02  1.126929e+02 -2.417500e+01
   endloop
 endfacet
 facet normal -8.660254e-01  5.000000e-01  0.000000e+00
   outer loop
     vertex  4.618500e+02  1.475071e+02 -3.020500e+01
     vertex  4.518000e+02  1.301000e+02 -3.020500e+01
     vertex  4.518000e+02  1.301000e+02 -2.417500e+01
   endloop
 endfacet
 facet normal -8.660254e-01  5.000000e-01  0.000000e+00
   outer loop
     vertex  4.618500e+02  1.475071e+02 -2.417500e+01
     vertex  4.618500e+02  1.475071e+02 -3.020500e+01
     vertex  4.518000e+02  1.301000e+02 -2.417500e+01
   endloop
 endfacet
 facet normal -8.164420e-01  4.713730e-01  3.335114e-01
   outer loop
     vertex  4.643625e+02  1.376375e+02 -4.075000e+00
     vertex  4.618500e+02  1.475071e+02 -2.417500e+01
     vertex  4.518000e+02  1.301000e+02 -2.417500e+01
   endloop
 endfacet
 facet normal -8.479983e-01  0.000000e+00  5.299989e-01
   outer loop
     vertex  4.643625e+02  1.225625e+02 -4.075000e+00
     vertex  4.643625e+02  1.376375e+02 -4.075000e+00
     vertex  4.518000e+02  1.301000e+02 -2.417500e+01
   endloop
 endfacet
 facet normal -8.164420e-01 -4.713730e-01  3.335114e-01
   outer loop
     vertex  4.643625e+02  1.225625e+02 -4.075000e+00
     vertex  4.518000e+02  1.301000e+02 -2.417500e+01
     vertex  4.618500e+02  1.126929e+02 -2.417500e+01
   endloop
 endfacet
 facet normal -2.525885e-16 -8.976263e-01  4.407573e-01
   outer loop
     vertex  4.643625e+02  1.225625e+02 -4.075000e+00
     vertex  4.618500e+02  1.126929e+02 -2.417500e+01
     vertex  4.819500e+02  1.126929e+02 -2.417500e+01
   endloop
 endfacet
 facet normal -3.116188e-16 -8.976263e-01  4.407573e-01
   outer loop
     vertex  4.794375e+02  1.225625e+02 -4.075000e+00
     vertex  4.643625e+02  1.225625e+02 -4.075000e+00
     vertex  4.819500e+02  1.126929e+02 -2.417500e+01
   endloop
 endfacet
 facet normal  8.164420e-01 -4.713730e-01  3.335114e-01
   outer loop
     vertex  4.794375e+02  1.225625e+02 -4.075000e+00
     vertex  4.819500e+02  1.126929e+02 -2.417500e+01
     vertex  4.920000e+02  1.301000e+02 -2.417500e+01
   endloop
 endfacet
 facet normal  8.479983e-01  0.000000e+00  5.299989e-01
   outer loop
     vertex  4.920000e+02  1.301000e+02 -2.417500e+01
     vertex  4.794375e+02  1.376375e+02 -4.075000e+00
     vertex  4.794375e+02  1.225625e+02 -4.075000e+00
   endloop
 endfacet
 facet normal  8.164420e-01  4.713730e-01  3.335114e-01
   outer loop
     vertex  4.794375e+02  1.376375e+02 -4.075000e+00
     vertex  4.920000e+02  1.301000e+02 -2.417500e+01
     vertex  4.819500e+02  1.475071e+02 -2.417500e+01
   endloop
 endfacet
 facet normal  8.660254e-01  5.000000e-01  0.000000e+00
   outer loop
     vertex  4.920000e+02  1.301000e+02 -3.020500e+01
     vertex  4.819500e+02  1.475071e+02 -3.020500e+01
     vertex  4.819500e+02  1.475071e+02 -2.417500e+01
   endloop
 endfacet
 facet normal  8.660254e-01  5.000000e-01  0.000000e+00
   outer loop
     vertex  4.920000e+02  1.301000e+02 -2.417500e+01
     vertex  4.920000e+02  1.301000e+02 -3.020500e+01
     vertex  4.819500e+02  1.475071e+02 -2.417500e+01
   endloop
 endfacet
 facet normal  8.660254e-01 -5.000000e-01  0.000000e+00
   outer loop
     vertex  4.819500e+02  1.126929e+02 -3.020500e+01
     vertex  4.920000e+02  1.301000e+02 -3.020500e+01
     vertex  4.920000e+02  1.301000e+02 -2.417500e+01
   endloop
 endfacet
 facet normal  8.660254e-01 -5.000000e-01  0.000000e+00
   outer loop
     vertex  4.819500e+02  1.126929e+02 -2.417500e+01
     vertex  4.819500e+02  1.126929e+02 -3.020500e+01
     vertex  4.920000e+02  1.301000e+02 -2.417500e+01
   endloop
 endfacet
 facet normal -0.000000e+00 -1.000000e+00  0.000000e+00
   outer loop
     vertex  4.819500e+02  1.126929e+02 -3.020500e+01
     vertex  4.618500e+02  1.126929e+02 -2.417500e+01
     vertex  4.618500e+02  1.126929e+02 -3.020500e+01
   endloop
 endfacet
 facet normal  0.000000e+00 -1.000000e+00 -0.000000e+00
   outer loop
     vertex  4.819500e+02  1.126929e+02 -2.417500e+01
     vertex  4.618500e+02  1.126929e+02 -2.417500e+01
     vertex  4.819500e+02  1.126929e+02 -3.020500e+01
   endloop
 endfacet
 facet normal  7.070077e-16  0.000000e+00 -1.000000e+00
   outer loop
     vertex  4.618500e+02  1.475071e+02 -3.020500e+01
     vertex  4.618500e+02  1.126929e+02 -3.020500e+01
     vertex  4.518000e+02  1.301000e+02 -3.020500e+01
   endloop
 endfacet
 facet normal  5.302558e-16  0.000000e+00 -1.000000e+00
   outer loop
     vertex  4.819500e+02  1.475071e+02 -3.020500e+01
     vertex  4.819500e+02  1.126929e+02 -3.020500e+01
     vertex  4.618500e+02  1.126929e+02 -3.020500e+01
   endloop
 endfacet
 facet normal  7.070077e-16  0.000000e+00 -1.000000e+00
   outer loop
     vertex  4.819500e+02  1.475071e+02 -3.020500e+01
     vertex  4.920000e+02  1.301000e+02 -3.020500e+01
     vertex  4.819500e+02  1.126929e+02 -3.020500e+01
   endloop
 endfacet
 facet normal  5.302558e-16  0.000000e+00 -1.000000e+00
   outer loop
     vertex  4.819500e+02  1.475071e+02 -3.020500e+01
     vertex  4.618500e+02  1.126929e+02 -3.020500e+01
     vertex  4.618500e+02  1.475071e+02 -3.020500e+01
   endloop
 endfacet
 facet normal  0.000000e+00  1.000000e+00 -0.000000e+00
   outer loop
     vertex  4.819500e+02  1.475071e+02 -3.020500e+01
     vertex  4.618500e+02  1.475071e+02 -2.417500e+01
     vertex  4.819500e+02  1.475071e+02 -2.417500e+01
   endloop
 endfacet
 facet normal  0.000000e+00  1.000000e+00  0.000000e+00
   outer loop
     vertex  4.819500e+02  1.475071e+02 -3.020500e+01
     vertex  4.618500e+02  1.475071e+02 -3.020500e+01
     vertex  4.618500e+02  1.475071e+02 -2.417500e+01
   endloop
 endfacet
 facet normal -3.367847e-16  8.976263e-01  4.407573e-01
   outer loop
     vertex  4.819500e+02  1.475071e+02 -2.417500e+01
     vertex  4.643625e+02  1.376375e+02 -4.075000e+00
     vertex  4.794375e+02  1.376375e+02 -4.075000e+00
   endloop
 endfacet
 facet normal -2.337141e-16  8.976263e-01  4.407573e-01
   outer loop
     vertex  4.819500e+02  1.475071e+02 -2.417500e+01
     vertex  4.618500e+02  1.475071e+02 -2.417500e+01
     vertex  4.643625e+02  1.376375e+02 -4.075000e+00
   endloop
 endfacet
 facet normal -7.070077e-16  0.000000e+00  1.000000e+00
   outer loop
     vertex  4.794375e+02  1.376375e+02 -4.075000e+00
     vertex  4.643625e+02  1.225625e+02 -4.075000e+00
     vertex  4.794375e+02  1.225625e+02 -4.075000e+00
   endloop
 endfacet
 facet normal -7.070077e-16  0.000000e+00  1.000000e+00
   outer loop
     vertex  4.643625e+02  1.376375e+02 -4.075000e+00
     vertex  4.643625e+02  1.225625e+02 -4.075000e+00
     vertex  4.794375e+02  1.376375e+02 -4.075000e+00
   endloop
 endfacet
endsolid
