solid 
 facet normal -1.000000e+00  0.000000e+00  0.000000e+00
   outer loop
     vertex  3.117500e+02  1.043500e+02 -3.114000e+01
     vertex  3.117500e+02  1.546500e+02 -4.114000e+01
     vertex  3.117500e+02  1.043500e+02 -4.114000e+01
   endloop
 endfacet
 facet normal -1.000000e+00  0.000000e+00  0.000000e+00
   outer loop
     vertex  3.117500e+02  1.043500e+02 -3.114000e+01
     vertex  3.117500e+02  1.546500e+02 -3.114000e+01
     vertex  3.117500e+02  1.546500e+02 -4.114000e+01
   endloop
 endfacet
 facet normal  0.000000e+00  0.000000e+00  1.000000e+00
   outer loop
     vertex  3.120247e+02  1.027157e+02 -3.114000e+01
     vertex  3.121077e+02  1.024928e+02 -3.114000e+01
     vertex  3.122552e+02  1.024789e+02 -3.114000e+01
   endloop
 endfacet
 facet normal  0.000000e+00  0.000000e+00  1.000000e+00
   outer loop
     vertex  3.151157e+02  9.962465e+01 -3.114000e+01
     vertex  3.148789e+02  9.985521e+01 -3.114000e+01
     vertex  3.148928e+02  9.970772e+01 -3.114000e+01
   endloop
 endfacet
 facet normal  0.000000e+00  0.000000e+00  1.000000e+00
   outer loop
     vertex  3.148577e+02  1.000018e+02 -3.114000e+01
     vertex  3.148789e+02  9.985521e+01 -3.114000e+01
     vertex  3.151157e+02  9.962465e+01 -3.114000e+01
   endloop
 endfacet
 facet normal  0.000000e+00  0.000000e+00  1.000000e+00
   outer loop
     vertex  3.124018e+02  1.024577e+02 -3.114000e+01
     vertex  3.120247e+02  1.027157e+02 -3.114000e+01
     vertex  3.122552e+02  1.024789e+02 -3.114000e+01
   endloop
 endfacet
 facet normal  0.000000e+00  0.000000e+00  1.000000e+00
   outer loop
     vertex  3.119523e+02  1.029422e+02 -3.114000e+01
     vertex  3.120247e+02  1.027157e+02 -3.114000e+01
     vertex  3.124018e+02  1.024577e+02 -3.114000e+01
   endloop
 endfacet
 facet normal  0.000000e+00  0.000000e+00  1.000000e+00
   outer loop
     vertex  3.153422e+02  9.955228e+01 -3.114000e+01
     vertex  3.148577e+02  1.000018e+02 -3.114000e+01
     vertex  3.151157e+02  9.962465e+01 -3.114000e+01
   endloop
 endfacet
 facet normal  0.000000e+00  0.000000e+00  1.000000e+00
   outer loop
     vertex  3.148294e+02  1.001472e+02 -3.114000e+01
     vertex  3.148577e+02  1.000018e+02 -3.114000e+01
     vertex  3.153422e+02  9.955228e+01 -3.114000e+01
   endloop
 endfacet
 facet normal  0.000000e+00  0.000000e+00  1.000000e+00
   outer loop
     vertex  3.125472e+02  1.024294e+02 -3.114000e+01
     vertex  3.119523e+02  1.029422e+02 -3.114000e+01
     vertex  3.124018e+02  1.024577e+02 -3.114000e+01
   endloop
 endfacet
 facet normal  0.000000e+00  0.000000e+00  1.000000e+00
   outer loop
     vertex  3.118908e+02  1.031719e+02 -3.114000e+01
     vertex  3.119523e+02  1.029422e+02 -3.114000e+01
     vertex  3.125472e+02  1.024294e+02 -3.114000e+01
   endloop
 endfacet
 facet normal  0.000000e+00  0.000000e+00  1.000000e+00
   outer loop
     vertex  3.155719e+02  9.949077e+01 -3.114000e+01
     vertex  3.148294e+02  1.001472e+02 -3.114000e+01
     vertex  3.153422e+02  9.955228e+01 -3.114000e+01
   endloop
 endfacet
 facet normal  0.000000e+00  0.000000e+00  1.000000e+00
   outer loop
     vertex  3.147938e+02  1.002911e+02 -3.114000e+01
     vertex  3.148294e+02  1.001472e+02 -3.114000e+01
     vertex  3.155719e+02  9.949077e+01 -3.114000e+01
   endloop
 endfacet
 facet normal  0.000000e+00  0.000000e+00  1.000000e+00
   outer loop
     vertex  3.126911e+02  1.023938e+02 -3.114000e+01
     vertex  3.118908e+02  1.031719e+02 -3.114000e+01
     vertex  3.125472e+02  1.024294e+02 -3.114000e+01
   endloop
 endfacet
 facet normal  0.000000e+00  0.000000e+00  1.000000e+00
   outer loop
     vertex  3.118402e+02  1.034043e+02 -3.114000e+01
     vertex  3.126911e+02  1.023938e+02 -3.114000e+01
     vertex  3.128329e+02  1.023512e+02 -3.114000e+01
   endloop
 endfacet
 facet normal  0.000000e+00  0.000000e+00  1.000000e+00
   outer loop
     vertex  3.118402e+02  1.034043e+02 -3.114000e+01
     vertex  3.118908e+02  1.031719e+02 -3.114000e+01
     vertex  3.126911e+02  1.023938e+02 -3.114000e+01
   endloop
 endfacet
 facet normal  0.000000e+00  0.000000e+00  1.000000e+00
   outer loop
     vertex  3.158043e+02  9.944024e+01 -3.114000e+01
     vertex  3.147512e+02  1.004329e+02 -3.114000e+01
     vertex  3.147938e+02  1.002911e+02 -3.114000e+01
   endloop
 endfacet
 facet normal  0.000000e+00  0.000000e+00  1.000000e+00
   outer loop
     vertex  3.158043e+02  9.944024e+01 -3.114000e+01
     vertex  3.147938e+02  1.002911e+02 -3.114000e+01
     vertex  3.155719e+02  9.949077e+01 -3.114000e+01
   endloop
 endfacet
 facet normal  0.000000e+00  0.000000e+00  1.000000e+00
   outer loop
     vertex  3.118008e+02  1.036389e+02 -3.114000e+01
     vertex  3.128329e+02  1.023512e+02 -3.114000e+01
     vertex  3.129726e+02  1.023017e+02 -3.114000e+01
   endloop
 endfacet
 facet normal  0.000000e+00  0.000000e+00  1.000000e+00
   outer loop
     vertex  3.118008e+02  1.036389e+02 -3.114000e+01
     vertex  3.118402e+02  1.034043e+02 -3.114000e+01
     vertex  3.128329e+02  1.023512e+02 -3.114000e+01
   endloop
 endfacet
 facet normal  0.000000e+00  0.000000e+00  1.000000e+00
   outer loop
     vertex  3.160389e+02  9.940083e+01 -3.114000e+01
     vertex  3.147017e+02  1.005726e+02 -3.114000e+01
     vertex  3.147512e+02  1.004329e+02 -3.114000e+01
   endloop
 endfacet
 facet normal  0.000000e+00  0.000000e+00  1.000000e+00
   outer loop
     vertex  3.160389e+02  9.940083e+01 -3.114000e+01
     vertex  3.147512e+02  1.004329e+02 -3.114000e+01
     vertex  3.158043e+02  9.944024e+01 -3.114000e+01
   endloop
 endfacet
 facet normal  0.000000e+00  0.000000e+00  1.000000e+00
   outer loop
     vertex  3.117726e+02  1.038750e+02 -3.114000e+01
     vertex  3.118008e+02  1.036389e+02 -3.114000e+01
     vertex  3.129726e+02  1.023017e+02 -3.114000e+01
   endloop
 endfacet
 facet normal  0.000000e+00  0.000000e+00  1.000000e+00
   outer loop
     vertex  3.162750e+02  9.937261e+01 -3.114000e+01
     vertex  3.147017e+02  1.005726e+02 -3.114000e+01
     vertex  3.160389e+02  9.940083e+01 -3.114000e+01
   endloop
 endfacet
 facet normal  0.000000e+00  0.000000e+00  1.000000e+00
   outer loop
     vertex  3.165122e+02  9.935566e+01 -3.114000e+01
     vertex  3.147017e+02  1.005726e+02 -3.114000e+01
     vertex  3.162750e+02  9.937261e+01 -3.114000e+01
   endloop
 endfacet
 facet normal  0.000000e+00  0.000000e+00  1.000000e+00
   outer loop
     vertex  3.165122e+02  9.935566e+01 -3.114000e+01
     vertex  3.146453e+02  1.007096e+02 -3.114000e+01
     vertex  3.147017e+02  1.005726e+02 -3.114000e+01
   endloop
 endfacet
 facet normal  0.000000e+00  0.000000e+00  1.000000e+00
   outer loop
     vertex  3.117557e+02  1.041122e+02 -3.114000e+01
     vertex  3.117726e+02  1.038750e+02 -3.114000e+01
     vertex  3.129726e+02  1.023017e+02 -3.114000e+01
   endloop
 endfacet
 facet normal  0.000000e+00  0.000000e+00  1.000000e+00
   outer loop
     vertex  3.117557e+02  1.041122e+02 -3.114000e+01
     vertex  3.129726e+02  1.023017e+02 -3.114000e+01
     vertex  3.131096e+02  1.022453e+02 -3.114000e+01
   endloop
 endfacet
 facet normal  0.000000e+00  0.000000e+00  1.000000e+00
   outer loop
     vertex  3.167500e+02  9.935000e+01 -3.114000e+01
     vertex  3.146453e+02  1.007096e+02 -3.114000e+01
     vertex  3.165122e+02  9.935566e+01 -3.114000e+01
   endloop
 endfacet
 facet normal  0.000000e+00  0.000000e+00  1.000000e+00
   outer loop
     vertex  3.167500e+02  9.935000e+01 -3.114000e+01
     vertex  3.145823e+02  1.008436e+02 -3.114000e+01
     vertex  3.146453e+02  1.007096e+02 -3.114000e+01
   endloop
 endfacet
 facet normal  0.000000e+00  0.000000e+00  1.000000e+00
   outer loop
     vertex  3.167500e+02  9.935000e+01 -3.114000e+01
     vertex  3.145127e+02  1.009744e+02 -3.114000e+01
     vertex  3.145823e+02  1.008436e+02 -3.114000e+01
   endloop
 endfacet
 facet normal  0.000000e+00  0.000000e+00  1.000000e+00
   outer loop
     vertex  3.167500e+02  9.935000e+01 -3.114000e+01
     vertex  3.144367e+02  1.011016e+02 -3.114000e+01
     vertex  3.145127e+02  1.009744e+02 -3.114000e+01
   endloop
 endfacet
 facet normal  0.000000e+00  0.000000e+00  1.000000e+00
   outer loop
     vertex  3.167500e+02  9.935000e+01 -3.114000e+01
     vertex  3.143546e+02  1.012249e+02 -3.114000e+01
     vertex  3.144367e+02  1.011016e+02 -3.114000e+01
   endloop
 endfacet
 facet normal  0.000000e+00  0.000000e+00  1.000000e+00
   outer loop
     vertex  3.167500e+02  9.935000e+01 -3.114000e+01
     vertex  3.142664e+02  1.013439e+02 -3.114000e+01
     vertex  3.143546e+02  1.012249e+02 -3.114000e+01
   endloop
 endfacet
 facet normal  0.000000e+00  0.000000e+00  1.000000e+00
   outer loop
     vertex  3.167500e+02  9.935000e+01 -3.114000e+01
     vertex  3.141725e+02  1.014585e+02 -3.114000e+01
     vertex  3.142664e+02  1.013439e+02 -3.114000e+01
   endloop
 endfacet
 facet normal  0.000000e+00  0.000000e+00  1.000000e+00
   outer loop
     vertex  3.167500e+02  9.935000e+01 -3.114000e+01
     vertex  3.140731e+02  1.015683e+02 -3.114000e+01
     vertex  3.141725e+02  1.014585e+02 -3.114000e+01
   endloop
 endfacet
 facet normal  0.000000e+00  0.000000e+00  1.000000e+00
   outer loop
     vertex  3.167500e+02  9.935000e+01 -3.114000e+01
     vertex  3.139683e+02  1.016731e+02 -3.114000e+01
     vertex  3.140731e+02  1.015683e+02 -3.114000e+01
   endloop
 endfacet
 facet normal  0.000000e+00  0.000000e+00  1.000000e+00
   outer loop
     vertex  3.117500e+02  1.043500e+02 -3.114000e+01
     vertex  3.139683e+02  1.016731e+02 -3.114000e+01
     vertex  3.167500e+02  9.935000e+01 -3.114000e+01
   endloop
 endfacet
 facet normal  0.000000e+00  0.000000e+00  1.000000e+00
   outer loop
     vertex  3.117500e+02  1.043500e+02 -3.114000e+01
     vertex  3.138585e+02  1.017725e+02 -3.114000e+01
     vertex  3.139683e+02  1.016731e+02 -3.114000e+01
   endloop
 endfacet
 facet normal  0.000000e+00  0.000000e+00  1.000000e+00
   outer loop
     vertex  3.117500e+02  1.043500e+02 -3.114000e+01
     vertex  3.137439e+02  1.018664e+02 -3.114000e+01
     vertex  3.138585e+02  1.017725e+02 -3.114000e+01
   endloop
 endfacet
 facet normal  0.000000e+00  0.000000e+00  1.000000e+00
   outer loop
     vertex  3.117500e+02  1.043500e+02 -3.114000e+01
     vertex  3.136249e+02  1.019546e+02 -3.114000e+01
     vertex  3.137439e+02  1.018664e+02 -3.114000e+01
   endloop
 endfacet
 facet normal  0.000000e+00  0.000000e+00  1.000000e+00
   outer loop
     vertex  3.117500e+02  1.043500e+02 -3.114000e+01
     vertex  3.135016e+02  1.020367e+02 -3.114000e+01
     vertex  3.136249e+02  1.019546e+02 -3.114000e+01
   endloop
 endfacet
 facet normal  0.000000e+00  0.000000e+00  1.000000e+00
   outer loop
     vertex  3.117500e+02  1.043500e+02 -3.114000e+01
     vertex  3.133744e+02  1.021127e+02 -3.114000e+01
     vertex  3.135016e+02  1.020367e+02 -3.114000e+01
   endloop
 endfacet
 facet normal  0.000000e+00  0.000000e+00  1.000000e+00
   outer loop
     vertex  3.117500e+02  1.043500e+02 -3.114000e+01
     vertex  3.132436e+02  1.021823e+02 -3.114000e+01
     vertex  3.133744e+02  1.021127e+02 -3.114000e+01
   endloop
 endfacet
 facet normal  0.000000e+00  0.000000e+00  1.000000e+00
   outer loop
     vertex  3.117500e+02  1.043500e+02 -3.114000e+01
     vertex  3.131096e+02  1.022453e+02 -3.114000e+01
     vertex  3.132436e+02  1.021823e+02 -3.114000e+01
   endloop
 endfacet
 facet normal  0.000000e+00  0.000000e+00  1.000000e+00
   outer loop
     vertex  3.117500e+02  1.043500e+02 -3.114000e+01
     vertex  3.117557e+02  1.041122e+02 -3.114000e+01
     vertex  3.131096e+02  1.022453e+02 -3.114000e+01
   endloop
 endfacet
 facet normal  0.000000e+00  0.000000e+00  1.000000e+00
   outer loop
     vertex  3.675401e+02  9.937408e+01 -3.114000e+01
     vertex  3.670500e+02  9.935000e+01 -3.114000e+01
     vertex  3.672953e+02  9.935602e+01 -3.114000e+01
   endloop
 endfacet
 facet normal  0.000000e+00  0.000000e+00  1.000000e+00
   outer loop
     vertex  3.118041e+02  1.553837e+02 -3.114000e+01
     vertex  3.117560e+02  1.548953e+02 -3.114000e+01
     vertex  3.117500e+02  1.546500e+02 -3.114000e+01
   endloop
 endfacet
 facet normal  0.000000e+00  0.000000e+00  1.000000e+00
   outer loop
     vertex  3.118041e+02  1.553837e+02 -3.114000e+01
     vertex  3.117741e+02  1.551401e+02 -3.114000e+01
     vertex  3.117560e+02  1.548953e+02 -3.114000e+01
   endloop
 endfacet
 facet normal  0.000000e+00  0.000000e+00  1.000000e+00
   outer loop
     vertex  3.118461e+02  1.556255e+02 -3.114000e+01
     vertex  3.118041e+02  1.553837e+02 -3.114000e+01
     vertex  3.117500e+02  1.546500e+02 -3.114000e+01
   endloop
 endfacet
 facet normal  0.000000e+00  0.000000e+00  1.000000e+00
   outer loop
     vertex  3.680255e+02  9.944607e+01 -3.114000e+01
     vertex  3.675401e+02  9.937408e+01 -3.114000e+01
     vertex  3.677837e+02  9.940412e+01 -3.114000e+01
   endloop
 endfacet
 facet normal  0.000000e+00  0.000000e+00  1.000000e+00
   outer loop
     vertex  3.682649e+02  9.949984e+01 -3.114000e+01
     vertex  3.675401e+02  9.937408e+01 -3.114000e+01
     vertex  3.680255e+02  9.944607e+01 -3.114000e+01
   endloop
 endfacet
 facet normal  0.000000e+00  0.000000e+00  1.000000e+00
   outer loop
     vertex  3.118998e+02  1.558649e+02 -3.114000e+01
     vertex  3.118461e+02  1.556255e+02 -3.114000e+01
     vertex  3.117500e+02  1.546500e+02 -3.114000e+01
   endloop
 endfacet
 facet normal  0.000000e+00  0.000000e+00  1.000000e+00
   outer loop
     vertex  3.685014e+02  9.956530e+01 -3.114000e+01
     vertex  3.675401e+02  9.937408e+01 -3.114000e+01
     vertex  3.682649e+02  9.949984e+01 -3.114000e+01
   endloop
 endfacet
 facet normal  0.000000e+00  0.000000e+00  1.000000e+00
   outer loop
     vertex  3.121306e+02  1.565634e+02 -3.114000e+01
     vertex  3.119653e+02  1.561014e+02 -3.114000e+01
     vertex  3.118998e+02  1.558649e+02 -3.114000e+01
   endloop
 endfacet
 facet normal  0.000000e+00  0.000000e+00  1.000000e+00
   outer loop
     vertex  3.121306e+02  1.565634e+02 -3.114000e+01
     vertex  3.120423e+02  1.563344e+02 -3.114000e+01
     vertex  3.119653e+02  1.561014e+02 -3.114000e+01
   endloop
 endfacet
 facet normal  0.000000e+00  0.000000e+00  1.000000e+00
   outer loop
     vertex  3.121306e+02  1.565634e+02 -3.114000e+01
     vertex  3.118998e+02  1.558649e+02 -3.114000e+01
     vertex  3.117500e+02  1.546500e+02 -3.114000e+01
   endloop
 endfacet
 facet normal  0.000000e+00  0.000000e+00  1.000000e+00
   outer loop
     vertex  3.691878e+02  9.983005e+01 -3.114000e+01
     vertex  3.670500e+02  9.935000e+01 -3.114000e+01
     vertex  3.675401e+02  9.937408e+01 -3.114000e+01
   endloop
 endfacet
 facet normal  0.000000e+00  0.000000e+00  1.000000e+00
   outer loop
     vertex  3.691878e+02  9.983005e+01 -3.114000e+01
     vertex  3.675401e+02  9.937408e+01 -3.114000e+01
     vertex  3.685014e+02  9.956530e+01 -3.114000e+01
   endloop
 endfacet
 facet normal  0.000000e+00  0.000000e+00  1.000000e+00
   outer loop
     vertex  3.691878e+02  9.983005e+01 -3.114000e+01
     vertex  3.687344e+02  9.964228e+01 -3.114000e+01
     vertex  3.689634e+02  9.973060e+01 -3.114000e+01
   endloop
 endfacet
 facet normal  0.000000e+00  0.000000e+00  1.000000e+00
   outer loop
     vertex  3.691878e+02  9.983005e+01 -3.114000e+01
     vertex  3.685014e+02  9.956530e+01 -3.114000e+01
     vertex  3.687344e+02  9.964228e+01 -3.114000e+01
   endloop
 endfacet
 facet normal  0.000000e+00  0.000000e+00  1.000000e+00
   outer loop
     vertex  3.123404e+02  1.570070e+02 -3.114000e+01
     vertex  3.122301e+02  1.567878e+02 -3.114000e+01
     vertex  3.121306e+02  1.565634e+02 -3.114000e+01
   endloop
 endfacet
 facet normal  0.000000e+00  0.000000e+00  1.000000e+00
   outer loop
     vertex  3.123404e+02  1.570070e+02 -3.114000e+01
     vertex  3.121306e+02  1.565634e+02 -3.114000e+01
     vertex  3.117500e+02  1.546500e+02 -3.114000e+01
   endloop
 endfacet
 facet normal  0.000000e+00  0.000000e+00  1.000000e+00
   outer loop
     vertex  3.696205e+02  1.000614e+02 -3.114000e+01
     vertex  3.691878e+02  9.983005e+01 -3.114000e+01
     vertex  3.694070e+02  9.994039e+01 -3.114000e+01
   endloop
 endfacet
 facet normal  0.000000e+00  0.000000e+00  1.000000e+00
   outer loop
     vertex  3.696205e+02  1.000614e+02 -3.114000e+01
     vertex  3.670500e+02  9.935000e+01 -3.114000e+01
     vertex  3.691878e+02  9.983005e+01 -3.114000e+01
   endloop
 endfacet
 facet normal  0.000000e+00  0.000000e+00  1.000000e+00
   outer loop
     vertex  3.125927e+02  1.574279e+02 -3.114000e+01
     vertex  3.124614e+02  1.572205e+02 -3.114000e+01
     vertex  3.123404e+02  1.570070e+02 -3.114000e+01
   endloop
 endfacet
 facet normal  0.000000e+00  0.000000e+00  1.000000e+00
   outer loop
     vertex  3.125927e+02  1.574279e+02 -3.114000e+01
     vertex  3.123404e+02  1.570070e+02 -3.114000e+01
     vertex  3.117500e+02  1.546500e+02 -3.114000e+01
   endloop
 endfacet
 facet normal  0.000000e+00  0.000000e+00  1.000000e+00
   outer loop
     vertex  3.700285e+02  1.003340e+02 -3.114000e+01
     vertex  3.696205e+02  1.000614e+02 -3.114000e+01
     vertex  3.698279e+02  1.001927e+02 -3.114000e+01
   endloop
 endfacet
 facet normal  0.000000e+00  0.000000e+00  1.000000e+00
   outer loop
     vertex  3.700285e+02  1.003340e+02 -3.114000e+01
     vertex  3.670500e+02  9.935000e+01 -3.114000e+01
     vertex  3.696205e+02  1.000614e+02 -3.114000e+01
   endloop
 endfacet
 facet normal  0.000000e+00  0.000000e+00  1.000000e+00
   outer loop
     vertex  3.702220e+02  1.004849e+02 -3.114000e+01
     vertex  3.670500e+02  9.935000e+01 -3.114000e+01
     vertex  3.700285e+02  1.003340e+02 -3.114000e+01
   endloop
 endfacet
 facet normal  0.000000e+00  0.000000e+00  1.000000e+00
   outer loop
     vertex  3.128849e+02  1.578220e+02 -3.114000e+01
     vertex  3.127340e+02  1.576285e+02 -3.114000e+01
     vertex  3.125927e+02  1.574279e+02 -3.114000e+01
   endloop
 endfacet
 facet normal  0.000000e+00  0.000000e+00  1.000000e+00
   outer loop
     vertex  3.705855e+02  1.008145e+02 -3.114000e+01
     vertex  3.702220e+02  1.004849e+02 -3.114000e+01
     vertex  3.704078e+02  1.006452e+02 -3.114000e+01
   endloop
 endfacet
 facet normal  0.000000e+00  0.000000e+00  1.000000e+00
   outer loop
     vertex  3.705855e+02  1.008145e+02 -3.114000e+01
     vertex  3.670500e+02  9.935000e+01 -3.114000e+01
     vertex  3.702220e+02  1.004849e+02 -3.114000e+01
   endloop
 endfacet
 facet normal  0.000000e+00  0.000000e+00  1.000000e+00
   outer loop
     vertex  3.707548e+02  1.009922e+02 -3.114000e+01
     vertex  3.670500e+02  9.935000e+01 -3.114000e+01
     vertex  3.705855e+02  1.008145e+02 -3.114000e+01
   endloop
 endfacet
 facet normal  0.000000e+00  0.000000e+00  1.000000e+00
   outer loop
     vertex  3.133922e+02  1.583548e+02 -3.114000e+01
     vertex  3.132145e+02  1.581855e+02 -3.114000e+01
     vertex  3.130452e+02  1.580078e+02 -3.114000e+01
   endloop
 endfacet
 facet normal  0.000000e+00  0.000000e+00  1.000000e+00
   outer loop
     vertex  3.135780e+02  1.585151e+02 -3.114000e+01
     vertex  3.133922e+02  1.583548e+02 -3.114000e+01
     vertex  3.130452e+02  1.580078e+02 -3.114000e+01
   endloop
 endfacet
 facet normal  0.000000e+00  0.000000e+00  1.000000e+00
   outer loop
     vertex  3.135780e+02  1.585151e+02 -3.114000e+01
     vertex  3.130452e+02  1.580078e+02 -3.114000e+01
     vertex  3.128849e+02  1.578220e+02 -3.114000e+01
   endloop
 endfacet
 facet normal  0.000000e+00  0.000000e+00  1.000000e+00
   outer loop
     vertex  3.135780e+02  1.585151e+02 -3.114000e+01
     vertex  3.128849e+02  1.578220e+02 -3.114000e+01
     vertex  3.125927e+02  1.574279e+02 -3.114000e+01
   endloop
 endfacet
 facet normal  0.000000e+00  0.000000e+00  1.000000e+00
   outer loop
     vertex  3.137715e+02  1.586660e+02 -3.114000e+01
     vertex  3.135780e+02  1.585151e+02 -3.114000e+01
     vertex  3.125927e+02  1.574279e+02 -3.114000e+01
   endloop
 endfacet
 facet normal  0.000000e+00  0.000000e+00  1.000000e+00
   outer loop
     vertex  3.137715e+02  1.586660e+02 -3.114000e+01
     vertex  3.125927e+02  1.574279e+02 -3.114000e+01
     vertex  3.117500e+02  1.546500e+02 -3.114000e+01
   endloop
 endfacet
 facet normal  0.000000e+00  0.000000e+00  1.000000e+00
   outer loop
     vertex  3.710660e+02  1.013715e+02 -3.114000e+01
     vertex  3.707548e+02  1.009922e+02 -3.114000e+01
     vertex  3.709151e+02  1.011780e+02 -3.114000e+01
   endloop
 endfacet
 facet normal  0.000000e+00  0.000000e+00  1.000000e+00
   outer loop
     vertex  3.710660e+02  1.013715e+02 -3.114000e+01
     vertex  3.670500e+02  9.935000e+01 -3.114000e+01
     vertex  3.707548e+02  1.009922e+02 -3.114000e+01
   endloop
 endfacet
 facet normal  0.000000e+00  0.000000e+00  1.000000e+00
   outer loop
     vertex  3.141795e+02  1.589386e+02 -3.114000e+01
     vertex  3.139721e+02  1.588073e+02 -3.114000e+01
     vertex  3.137715e+02  1.586660e+02 -3.114000e+01
   endloop
 endfacet
 facet normal  0.000000e+00  0.000000e+00  1.000000e+00
   outer loop
     vertex  3.146122e+02  1.591699e+02 -3.114000e+01
     vertex  3.141795e+02  1.589386e+02 -3.114000e+01
     vertex  3.137715e+02  1.586660e+02 -3.114000e+01
   endloop
 endfacet
 facet normal  0.000000e+00  0.000000e+00  1.000000e+00
   outer loop
     vertex  3.146122e+02  1.591699e+02 -3.114000e+01
     vertex  3.143930e+02  1.590596e+02 -3.114000e+01
     vertex  3.141795e+02  1.589386e+02 -3.114000e+01
   endloop
 endfacet
 facet normal  0.000000e+00  0.000000e+00  1.000000e+00
   outer loop
     vertex  3.716694e+02  1.024366e+02 -3.114000e+01
     vertex  3.714596e+02  1.019930e+02 -3.114000e+01
     vertex  3.715699e+02  1.022122e+02 -3.114000e+01
   endloop
 endfacet
 facet normal  0.000000e+00  0.000000e+00  1.000000e+00
   outer loop
     vertex  3.716694e+02  1.024366e+02 -3.114000e+01
     vertex  3.713386e+02  1.017795e+02 -3.114000e+01
     vertex  3.714596e+02  1.019930e+02 -3.114000e+01
   endloop
 endfacet
 facet normal  0.000000e+00  0.000000e+00  1.000000e+00
   outer loop
     vertex  3.148366e+02  1.592694e+02 -3.114000e+01
     vertex  3.137715e+02  1.586660e+02 -3.114000e+01
     vertex  3.117500e+02  1.546500e+02 -3.114000e+01
   endloop
 endfacet
 facet normal  0.000000e+00  0.000000e+00  1.000000e+00
   outer loop
     vertex  3.148366e+02  1.592694e+02 -3.114000e+01
     vertex  3.146122e+02  1.591699e+02 -3.114000e+01
     vertex  3.137715e+02  1.586660e+02 -3.114000e+01
   endloop
 endfacet
 facet normal  0.000000e+00  0.000000e+00  1.000000e+00
   outer loop
     vertex  3.717577e+02  1.026656e+02 -3.114000e+01
     vertex  3.670500e+02  9.935000e+01 -3.114000e+01
     vertex  3.710660e+02  1.013715e+02 -3.114000e+01
   endloop
 endfacet
 facet normal  0.000000e+00  0.000000e+00  1.000000e+00
   outer loop
     vertex  3.717577e+02  1.026656e+02 -3.114000e+01
     vertex  3.713386e+02  1.017795e+02 -3.114000e+01
     vertex  3.716694e+02  1.024366e+02 -3.114000e+01
   endloop
 endfacet
 facet normal  0.000000e+00  0.000000e+00  1.000000e+00
   outer loop
     vertex  3.717577e+02  1.026656e+02 -3.114000e+01
     vertex  3.712073e+02  1.015721e+02 -3.114000e+01
     vertex  3.713386e+02  1.017795e+02 -3.114000e+01
   endloop
 endfacet
 facet normal  0.000000e+00  0.000000e+00  1.000000e+00
   outer loop
     vertex  3.717577e+02  1.026656e+02 -3.114000e+01
     vertex  3.710660e+02  1.013715e+02 -3.114000e+01
     vertex  3.712073e+02  1.015721e+02 -3.114000e+01
   endloop
 endfacet
 facet normal  0.000000e+00  0.000000e+00  1.000000e+00
   outer loop
     vertex  3.150656e+02  1.593577e+02 -3.114000e+01
     vertex  3.148366e+02  1.592694e+02 -3.114000e+01
     vertex  3.117500e+02  1.546500e+02 -3.114000e+01
   endloop
 endfacet
 facet normal  0.000000e+00  0.000000e+00  1.000000e+00
   outer loop
     vertex  3.152986e+02  1.594347e+02 -3.114000e+01
     vertex  3.150656e+02  1.593577e+02 -3.114000e+01
     vertex  3.117500e+02  1.546500e+02 -3.114000e+01
   endloop
 endfacet
 facet normal  0.000000e+00  0.000000e+00  1.000000e+00
   outer loop
     vertex  3.719002e+02  1.031351e+02 -3.114000e+01
     vertex  3.670500e+02  9.935000e+01 -3.114000e+01
     vertex  3.717577e+02  1.026656e+02 -3.114000e+01
   endloop
 endfacet
 facet normal  0.000000e+00  0.000000e+00  1.000000e+00
   outer loop
     vertex  3.719002e+02  1.031351e+02 -3.114000e+01
     vertex  3.717577e+02  1.026656e+02 -3.114000e+01
     vertex  3.718347e+02  1.028986e+02 -3.114000e+01
   endloop
 endfacet
 facet normal  0.000000e+00  0.000000e+00  1.000000e+00
   outer loop
     vertex  3.157745e+02  1.595539e+02 -3.114000e+01
     vertex  3.155351e+02  1.595002e+02 -3.114000e+01
     vertex  3.152986e+02  1.594347e+02 -3.114000e+01
   endloop
 endfacet
 facet normal  0.000000e+00  0.000000e+00  1.000000e+00
   outer loop
     vertex  3.157745e+02  1.595539e+02 -3.114000e+01
     vertex  3.152986e+02  1.594347e+02 -3.114000e+01
     vertex  3.117500e+02  1.546500e+02 -3.114000e+01
   endloop
 endfacet
 facet normal  0.000000e+00  0.000000e+00  1.000000e+00
   outer loop
     vertex  3.160163e+02  1.595959e+02 -3.114000e+01
     vertex  3.157745e+02  1.595539e+02 -3.114000e+01
     vertex  3.117500e+02  1.546500e+02 -3.114000e+01
   endloop
 endfacet
 facet normal  0.000000e+00  0.000000e+00  1.000000e+00
   outer loop
     vertex  3.719959e+02  1.036163e+02 -3.114000e+01
     vertex  3.670500e+02  9.935000e+01 -3.114000e+01
     vertex  3.719002e+02  1.031351e+02 -3.114000e+01
   endloop
 endfacet
 facet normal  0.000000e+00  0.000000e+00  1.000000e+00
   outer loop
     vertex  3.719959e+02  1.036163e+02 -3.114000e+01
     vertex  3.719002e+02  1.031351e+02 -3.114000e+01
     vertex  3.719539e+02  1.033745e+02 -3.114000e+01
   endloop
 endfacet
 facet normal  0.000000e+00  0.000000e+00  1.000000e+00
   outer loop
     vertex  3.165047e+02  1.596440e+02 -3.114000e+01
     vertex  3.162599e+02  1.596259e+02 -3.114000e+01
     vertex  3.160163e+02  1.595959e+02 -3.114000e+01
   endloop
 endfacet
 facet normal  0.000000e+00  0.000000e+00  1.000000e+00
   outer loop
     vertex  3.720500e+02  1.043500e+02 -3.114000e+01
     vertex  3.117500e+02  1.043500e+02 -3.114000e+01
     vertex  3.167500e+02  9.935000e+01 -3.114000e+01
   endloop
 endfacet
 facet normal  0.000000e+00  0.000000e+00  1.000000e+00
   outer loop
     vertex  3.720500e+02  1.043500e+02 -3.114000e+01
     vertex  3.167500e+02  9.935000e+01 -3.114000e+01
     vertex  3.670500e+02  9.935000e+01 -3.114000e+01
   endloop
 endfacet
 facet normal  0.000000e+00  0.000000e+00  1.000000e+00
   outer loop
     vertex  3.720500e+02  1.043500e+02 -3.114000e+01
     vertex  3.720259e+02  1.038599e+02 -3.114000e+01
     vertex  3.720440e+02  1.041047e+02 -3.114000e+01
   endloop
 endfacet
 facet normal  0.000000e+00  0.000000e+00  1.000000e+00
   outer loop
     vertex  3.720500e+02  1.043500e+02 -3.114000e+01
     vertex  3.719959e+02  1.036163e+02 -3.114000e+01
     vertex  3.720259e+02  1.038599e+02 -3.114000e+01
   endloop
 endfacet
 facet normal  0.000000e+00  0.000000e+00  1.000000e+00
   outer loop
     vertex  3.720500e+02  1.043500e+02 -3.114000e+01
     vertex  3.670500e+02  9.935000e+01 -3.114000e+01
     vertex  3.719959e+02  1.036163e+02 -3.114000e+01
   endloop
 endfacet
 facet normal  0.000000e+00  0.000000e+00  1.000000e+00
   outer loop
     vertex  3.167500e+02  1.596500e+02 -3.114000e+01
     vertex  3.160163e+02  1.595959e+02 -3.114000e+01
     vertex  3.117500e+02  1.546500e+02 -3.114000e+01
   endloop
 endfacet
 facet normal  0.000000e+00  0.000000e+00  1.000000e+00
   outer loop
     vertex  3.167500e+02  1.596500e+02 -3.114000e+01
     vertex  3.165047e+02  1.596440e+02 -3.114000e+01
     vertex  3.160163e+02  1.595959e+02 -3.114000e+01
   endloop
 endfacet
 facet normal  0.000000e+00  0.000000e+00  1.000000e+00
   outer loop
     vertex  3.720500e+02  1.546500e+02 -3.114000e+01
     vertex  3.117500e+02  1.546500e+02 -3.114000e+01
     vertex  3.117500e+02  1.043500e+02 -3.114000e+01
   endloop
 endfacet
 facet normal  0.000000e+00  0.000000e+00  1.000000e+00
   outer loop
     vertex  3.720500e+02  1.546500e+02 -3.114000e+01
     vertex  3.117500e+02  1.043500e+02 -3.114000e+01
     vertex  3.720500e+02  1.043500e+02 -3.114000e+01
   endloop
 endfacet
 facet normal  0.000000e+00  0.000000e+00  1.000000e+00
   outer loop
     vertex  3.670500e+02  1.596500e+02 -3.114000e+01
     vertex  3.117500e+02  1.546500e+02 -3.114000e+01
     vertex  3.720500e+02  1.546500e+02 -3.114000e+01
   endloop
 endfacet
 facet normal  0.000000e+00  0.000000e+00  1.000000e+00
   outer loop
     vertex  3.670500e+02  1.596500e+02 -3.114000e+01
     vertex  3.167500e+02  1.596500e+02 -3.114000e+01
     vertex  3.117500e+02  1.546500e+02 -3.114000e+01
   endloop
 endfacet
 facet normal  0.000000e+00  0.000000e+00  1.000000e+00
   outer loop
     vertex  3.720259e+02  1.551401e+02 -3.114000e+01
     vertex  3.720500e+02  1.546500e+02 -3.114000e+01
     vertex  3.720440e+02  1.548953e+02 -3.114000e+01
   endloop
 endfacet
 facet normal  0.000000e+00  0.000000e+00  1.000000e+00
   outer loop
     vertex  3.675401e+02  1.596259e+02 -3.114000e+01
     vertex  3.672953e+02  1.596440e+02 -3.114000e+01
     vertex  3.670500e+02  1.596500e+02 -3.114000e+01
   endloop
 endfacet
 facet normal  0.000000e+00  0.000000e+00  1.000000e+00
   outer loop
     vertex  3.719959e+02  1.553837e+02 -3.114000e+01
     vertex  3.720500e+02  1.546500e+02 -3.114000e+01
     vertex  3.720259e+02  1.551401e+02 -3.114000e+01
   endloop
 endfacet
 facet normal  0.000000e+00  0.000000e+00  1.000000e+00
   outer loop
     vertex  3.680255e+02  1.595539e+02 -3.114000e+01
     vertex  3.677837e+02  1.595959e+02 -3.114000e+01
     vertex  3.675401e+02  1.596259e+02 -3.114000e+01
   endloop
 endfacet
 facet normal  0.000000e+00  0.000000e+00  1.000000e+00
   outer loop
     vertex  3.719002e+02  1.558649e+02 -3.114000e+01
     vertex  3.670500e+02  1.596500e+02 -3.114000e+01
     vertex  3.720500e+02  1.546500e+02 -3.114000e+01
   endloop
 endfacet
 facet normal  0.000000e+00  0.000000e+00  1.000000e+00
   outer loop
     vertex  3.719002e+02  1.558649e+02 -3.114000e+01
     vertex  3.675401e+02  1.596259e+02 -3.114000e+01
     vertex  3.670500e+02  1.596500e+02 -3.114000e+01
   endloop
 endfacet
 facet normal  0.000000e+00  0.000000e+00  1.000000e+00
   outer loop
     vertex  3.719002e+02  1.558649e+02 -3.114000e+01
     vertex  3.720500e+02  1.546500e+02 -3.114000e+01
     vertex  3.719959e+02  1.553837e+02 -3.114000e+01
   endloop
 endfacet
 facet normal  0.000000e+00  0.000000e+00  1.000000e+00
   outer loop
     vertex  3.719002e+02  1.558649e+02 -3.114000e+01
     vertex  3.719959e+02  1.553837e+02 -3.114000e+01
     vertex  3.719539e+02  1.556255e+02 -3.114000e+01
   endloop
 endfacet
 facet normal  0.000000e+00  0.000000e+00  1.000000e+00
   outer loop
     vertex  3.718347e+02  1.561014e+02 -3.114000e+01
     vertex  3.682649e+02  1.595002e+02 -3.114000e+01
     vertex  3.680255e+02  1.595539e+02 -3.114000e+01
   endloop
 endfacet
 facet normal  0.000000e+00  0.000000e+00  1.000000e+00
   outer loop
     vertex  3.718347e+02  1.561014e+02 -3.114000e+01
     vertex  3.680255e+02  1.595539e+02 -3.114000e+01
     vertex  3.675401e+02  1.596259e+02 -3.114000e+01
   endloop
 endfacet
 facet normal  0.000000e+00  0.000000e+00  1.000000e+00
   outer loop
     vertex  3.718347e+02  1.561014e+02 -3.114000e+01
     vertex  3.675401e+02  1.596259e+02 -3.114000e+01
     vertex  3.719002e+02  1.558649e+02 -3.114000e+01
   endloop
 endfacet
 facet normal  0.000000e+00  0.000000e+00  1.000000e+00
   outer loop
     vertex  3.717577e+02  1.563344e+02 -3.114000e+01
     vertex  3.685014e+02  1.594347e+02 -3.114000e+01
     vertex  3.682649e+02  1.595002e+02 -3.114000e+01
   endloop
 endfacet
 facet normal  0.000000e+00  0.000000e+00  1.000000e+00
   outer loop
     vertex  3.717577e+02  1.563344e+02 -3.114000e+01
     vertex  3.682649e+02  1.595002e+02 -3.114000e+01
     vertex  3.718347e+02  1.561014e+02 -3.114000e+01
   endloop
 endfacet
 facet normal  0.000000e+00  0.000000e+00  1.000000e+00
   outer loop
     vertex  3.689634e+02  1.592694e+02 -3.114000e+01
     vertex  3.687344e+02  1.593577e+02 -3.114000e+01
     vertex  3.685014e+02  1.594347e+02 -3.114000e+01
   endloop
 endfacet
 facet normal  0.000000e+00  0.000000e+00  1.000000e+00
   outer loop
     vertex  3.715699e+02  1.567878e+02 -3.114000e+01
     vertex  3.717577e+02  1.563344e+02 -3.114000e+01
     vertex  3.716694e+02  1.565634e+02 -3.114000e+01
   endloop
 endfacet
 facet normal  0.000000e+00  0.000000e+00  1.000000e+00
   outer loop
     vertex  3.715699e+02  1.567878e+02 -3.114000e+01
     vertex  3.685014e+02  1.594347e+02 -3.114000e+01
     vertex  3.717577e+02  1.563344e+02 -3.114000e+01
   endloop
 endfacet
 facet normal  0.000000e+00  0.000000e+00  1.000000e+00
   outer loop
     vertex  3.694070e+02  1.590596e+02 -3.114000e+01
     vertex  3.689634e+02  1.592694e+02 -3.114000e+01
     vertex  3.685014e+02  1.594347e+02 -3.114000e+01
   endloop
 endfacet
 facet normal  0.000000e+00  0.000000e+00  1.000000e+00
   outer loop
     vertex  3.694070e+02  1.590596e+02 -3.114000e+01
     vertex  3.691878e+02  1.591699e+02 -3.114000e+01
     vertex  3.689634e+02  1.592694e+02 -3.114000e+01
   endloop
 endfacet
 facet normal  0.000000e+00  0.000000e+00  1.000000e+00
   outer loop
     vertex  3.713386e+02  1.572205e+02 -3.114000e+01
     vertex  3.685014e+02  1.594347e+02 -3.114000e+01
     vertex  3.715699e+02  1.567878e+02 -3.114000e+01
   endloop
 endfacet
 facet normal  0.000000e+00  0.000000e+00  1.000000e+00
   outer loop
     vertex  3.713386e+02  1.572205e+02 -3.114000e+01
     vertex  3.694070e+02  1.590596e+02 -3.114000e+01
     vertex  3.685014e+02  1.594347e+02 -3.114000e+01
   endloop
 endfacet
 facet normal  0.000000e+00  0.000000e+00  1.000000e+00
   outer loop
     vertex  3.713386e+02  1.572205e+02 -3.114000e+01
     vertex  3.715699e+02  1.567878e+02 -3.114000e+01
     vertex  3.714596e+02  1.570070e+02 -3.114000e+01
   endloop
 endfacet
 facet normal  0.000000e+00  0.000000e+00  1.000000e+00
   outer loop
     vertex  3.696205e+02  1.589386e+02 -3.114000e+01
     vertex  3.694070e+02  1.590596e+02 -3.114000e+01
     vertex  3.713386e+02  1.572205e+02 -3.114000e+01
   endloop
 endfacet
 facet normal  0.000000e+00  0.000000e+00  1.000000e+00
   outer loop
     vertex  3.712073e+02  1.574279e+02 -3.114000e+01
     vertex  3.696205e+02  1.589386e+02 -3.114000e+01
     vertex  3.713386e+02  1.572205e+02 -3.114000e+01
   endloop
 endfacet
 facet normal  0.000000e+00  0.000000e+00  1.000000e+00
   outer loop
     vertex  3.700285e+02  1.586660e+02 -3.114000e+01
     vertex  3.698279e+02  1.588073e+02 -3.114000e+01
     vertex  3.696205e+02  1.589386e+02 -3.114000e+01
   endloop
 endfacet
 facet normal  0.000000e+00  0.000000e+00  1.000000e+00
   outer loop
     vertex  3.702220e+02  1.585151e+02 -3.114000e+01
     vertex  3.696205e+02  1.589386e+02 -3.114000e+01
     vertex  3.712073e+02  1.574279e+02 -3.114000e+01
   endloop
 endfacet
 facet normal  0.000000e+00  0.000000e+00  1.000000e+00
   outer loop
     vertex  3.702220e+02  1.585151e+02 -3.114000e+01
     vertex  3.700285e+02  1.586660e+02 -3.114000e+01
     vertex  3.696205e+02  1.589386e+02 -3.114000e+01
   endloop
 endfacet
 facet normal  0.000000e+00  0.000000e+00  1.000000e+00
   outer loop
     vertex  3.702220e+02  1.585151e+02 -3.114000e+01
     vertex  3.712073e+02  1.574279e+02 -3.114000e+01
     vertex  3.710660e+02  1.576285e+02 -3.114000e+01
   endloop
 endfacet
 facet normal  0.000000e+00  0.000000e+00  1.000000e+00
   outer loop
     vertex  3.702220e+02  1.585151e+02 -3.114000e+01
     vertex  3.710660e+02  1.576285e+02 -3.114000e+01
     vertex  3.709151e+02  1.578220e+02 -3.114000e+01
   endloop
 endfacet
 facet normal  0.000000e+00  0.000000e+00  1.000000e+00
   outer loop
     vertex  3.705855e+02  1.581855e+02 -3.114000e+01
     vertex  3.702220e+02  1.585151e+02 -3.114000e+01
     vertex  3.709151e+02  1.578220e+02 -3.114000e+01
   endloop
 endfacet
 facet normal  0.000000e+00  0.000000e+00  1.000000e+00
   outer loop
     vertex  3.705855e+02  1.581855e+02 -3.114000e+01
     vertex  3.709151e+02  1.578220e+02 -3.114000e+01
     vertex  3.707548e+02  1.580078e+02 -3.114000e+01
   endloop
 endfacet
 facet normal  0.000000e+00  0.000000e+00  1.000000e+00
   outer loop
     vertex  3.705855e+02  1.581855e+02 -3.114000e+01
     vertex  3.704078e+02  1.583548e+02 -3.114000e+01
     vertex  3.702220e+02  1.585151e+02 -3.114000e+01
   endloop
 endfacet
 facet normal -9.997172e-01 -2.378273e-02  0.000000e+00
   outer loop
     vertex  3.117557e+02  1.041122e+02 -3.114000e+01
     vertex  3.117500e+02  1.043500e+02 -3.114000e+01
     vertex  3.117500e+02  1.043500e+02 -4.114000e+01
   endloop
 endfacet
 facet normal -9.996988e-01 -2.454123e-02 -1.804452e-05
   outer loop
     vertex  3.117557e+02  1.041122e+02 -3.114000e+01
     vertex  3.117500e+02  1.043500e+02 -4.114000e+01
     vertex  3.117560e+02  1.041047e+02 -4.114000e+01
   endloop
 endfacet
 facet normal -9.972905e-01 -7.356456e-02 -3.493803e-05
   outer loop
     vertex  3.117726e+02  1.038750e+02 -3.114000e+01
     vertex  3.117560e+02  1.041047e+02 -4.114000e+01
     vertex  3.117741e+02  1.038599e+02 -4.114000e+01
   endloop
 endfacet
 facet normal -9.974553e-01 -7.129437e-02  1.746902e-05
   outer loop
     vertex  3.117726e+02  1.038750e+02 -3.114000e+01
     vertex  3.117557e+02  1.041122e+02 -3.114000e+01
     vertex  3.117560e+02  1.041047e+02 -4.114000e+01
   endloop
 endfacet
 facet normal -9.924795e-01 -1.224107e-01 -5.068048e-05
   outer loop
     vertex  3.118008e+02  1.036389e+02 -3.114000e+01
     vertex  3.117741e+02  1.038599e+02 -4.114000e+01
     vertex  3.118041e+02  1.036163e+02 -4.114000e+01
   endloop
 endfacet
 facet normal -9.929368e-01 -1.186447e-01  3.378700e-05
   outer loop
     vertex  3.118008e+02  1.036389e+02 -3.114000e+01
     vertex  3.117726e+02  1.038750e+02 -3.114000e+01
     vertex  3.117741e+02  1.038599e+02 -4.114000e+01
   endloop
 endfacet
 facet normal -9.852776e-01 -1.709619e-01 -6.527183e-05
   outer loop
     vertex  3.118402e+02  1.034043e+02 -3.114000e+01
     vertex  3.118041e+02  1.036163e+02 -4.114000e+01
     vertex  3.118461e+02  1.033745e+02 -4.114000e+01
   endloop
 endfacet
 facet normal -9.861717e-01 -1.657266e-01  4.895391e-05
   outer loop
     vertex  3.118402e+02  1.034043e+02 -3.114000e+01
     vertex  3.118008e+02  1.036389e+02 -3.114000e+01
     vertex  3.118041e+02  1.036163e+02 -4.114000e+01
   endloop
 endfacet
 facet normal -9.757021e-01 -2.191012e-01 -7.871206e-05
   outer loop
     vertex  3.118908e+02  1.031719e+02 -3.114000e+01
     vertex  3.118461e+02  1.033745e+02 -4.114000e+01
     vertex  3.118998e+02  1.031351e+02 -4.114000e+01
   endloop
 endfacet
 facet normal -9.771755e-01 -2.124336e-01  6.296970e-05
   outer loop
     vertex  3.118908e+02  1.031719e+02 -3.114000e+01
     vertex  3.118402e+02  1.034043e+02 -3.114000e+01
     vertex  3.118461e+02  1.033745e+02 -4.114000e+01
   endloop
 endfacet
 facet normal -9.637761e-01 -2.667128e-01 -9.100113e-05
   outer loop
     vertex  3.119523e+02  1.029422e+02 -3.114000e+01
     vertex  3.118998e+02  1.031351e+02 -4.114000e+01
     vertex  3.119653e+02  1.028986e+02 -4.114000e+01
   endloop
 endfacet
 facet normal -9.659684e-01 -2.586599e-01  7.583435e-05
   outer loop
     vertex  3.119523e+02  1.029422e+02 -3.114000e+01
     vertex  3.118908e+02  1.031719e+02 -3.114000e+01
     vertex  3.118998e+02  1.031351e+02 -4.114000e+01
   endloop
 endfacet
 facet normal -9.495282e-01 -3.136817e-01 -1.021390e-04
   outer loop
     vertex  3.120247e+02  1.027157e+02 -3.114000e+01
     vertex  3.119653e+02  1.028986e+02 -4.114000e+01
     vertex  3.120423e+02  1.026656e+02 -4.114000e+01
   endloop
 endfacet
 facet normal -9.525759e-01 -3.043010e-01  8.754783e-05
   outer loop
     vertex  3.120247e+02  1.027157e+02 -3.114000e+01
     vertex  3.119523e+02  1.029422e+02 -3.114000e+01
     vertex  3.119653e+02  1.028986e+02 -4.114000e+01
   endloop
 endfacet
 facet normal -9.367262e-01 -3.500628e-01  1.026960e-04
   outer loop
     vertex  3.121077e+02  1.024928e+02 -3.314000e+01
     vertex  3.120247e+02  1.027157e+02 -3.114000e+01
     vertex  3.120423e+02  1.026656e+02 -4.114000e+01
   endloop
 endfacet
 facet normal -9.329928e-01 -3.598950e-01 -1.401571e-04
   outer loop
     vertex  3.121077e+02  1.024928e+02 -3.314000e+01
     vertex  3.120423e+02  1.026656e+02 -4.114000e+01
     vertex  3.121306e+02  1.024366e+02 -4.114000e+01
   endloop
 endfacet
 facet normal -9.370282e-01 -3.492537e-01  2.830179e-13
   outer loop
     vertex  3.121077e+02  1.024928e+02 -3.114000e+01
     vertex  3.120247e+02  1.027157e+02 -3.114000e+01
     vertex  3.121077e+02  1.024928e+02 -3.314000e+01
   endloop
 endfacet
 facet normal -9.142097e-01 -4.052413e-01 -1.508047e-04
   outer loop
     vertex  3.122014e+02  1.022739e+02 -3.314000e+01
     vertex  3.121306e+02  1.024366e+02 -4.114000e+01
     vertex  3.122301e+02  1.022122e+02 -4.114000e+01
   endloop
 endfacet
 facet normal -9.193490e-01 -3.934429e-01  1.346220e-04
   outer loop
     vertex  3.122014e+02  1.022739e+02 -3.314000e+01
     vertex  3.121077e+02  1.024928e+02 -3.314000e+01
     vertex  3.121306e+02  1.024366e+02 -4.114000e+01
   endloop
 endfacet
 facet normal -8.995747e-01 -4.367670e-01  1.446042e-04
   outer loop
     vertex  3.123054e+02  1.020597e+02 -3.314000e+01
     vertex  3.122014e+02  1.022739e+02 -3.314000e+01
     vertex  3.122301e+02  1.022122e+02 -4.114000e+01
   endloop
 endfacet
 facet normal -8.932243e-01 -4.496113e-01 -1.601215e-04
   outer loop
     vertex  3.123054e+02  1.020597e+02 -3.314000e+01
     vertex  3.122301e+02  1.022122e+02 -4.114000e+01
     vertex  3.123404e+02  1.019930e+02 -4.114000e+01
   endloop
 endfacet
 facet normal -8.700870e-01 -4.928982e-01 -1.681073e-04
   outer loop
     vertex  3.124195e+02  1.018507e+02 -3.314000e+01
     vertex  3.123404e+02  1.019930e+02 -4.114000e+01
     vertex  3.124614e+02  1.017795e+02 -4.114000e+01
   endloop
 endfacet
 facet normal -8.777600e-01 -4.791005e-01  1.532554e-04
   outer loop
     vertex  3.124195e+02  1.018507e+02 -3.314000e+01
     vertex  3.123054e+02  1.020597e+02 -3.314000e+01
     vertex  3.123404e+02  1.019930e+02 -4.114000e+01
   endloop
 endfacet
 facet normal -8.448536e-01 -5.349976e-01 -1.747621e-04
   outer loop
     vertex  3.125434e+02  1.016473e+02 -3.314000e+01
     vertex  3.124614e+02  1.017795e+02 -4.114000e+01
     vertex  3.125927e+02  1.015721e+02 -4.114000e+01
   endloop
 endfacet
 facet normal -8.539546e-01 -5.203474e-01  1.605758e-04
   outer loop
     vertex  3.125434e+02  1.016473e+02 -3.314000e+01
     vertex  3.124195e+02  1.018507e+02 -3.314000e+01
     vertex  3.124614e+02  1.017795e+02 -4.114000e+01
   endloop
 endfacet
 facet normal -8.175848e-01 -5.758082e-01 -1.800860e-04
   outer loop
     vertex  3.126768e+02  1.014501e+02 -3.314000e+01
     vertex  3.125927e+02  1.015721e+02 -4.114000e+01
     vertex  3.127340e+02  1.013715e+02 -4.114000e+01
   endloop
 endfacet
 facet normal -8.282125e-01 -5.604142e-01  1.665652e-04
   outer loop
     vertex  3.126768e+02  1.014501e+02 -3.314000e+01
     vertex  3.125434e+02  1.016473e+02 -3.314000e+01
     vertex  3.125927e+02  1.015721e+02 -4.114000e+01
   endloop
 endfacet
 facet normal -7.883464e-01 -6.152316e-01 -1.840790e-04
   outer loop
     vertex  3.128195e+02  1.012595e+02 -3.314000e+01
     vertex  3.127340e+02  1.013715e+02 -4.114000e+01
     vertex  3.128849e+02  1.011780e+02 -4.114000e+01
   endloop
 endfacet
 facet normal -8.005919e-01 -5.992100e-01  1.712236e-04
   outer loop
     vertex  3.128195e+02  1.012595e+02 -3.314000e+01
     vertex  3.126768e+02  1.014501e+02 -3.314000e+01
     vertex  3.127340e+02  1.013715e+02 -4.114000e+01
   endloop
 endfacet
 facet normal -7.572088e-01 -6.531728e-01 -1.867410e-04
   outer loop
     vertex  3.129711e+02  1.010759e+02 -3.314000e+01
     vertex  3.128849e+02  1.011780e+02 -4.114000e+01
     vertex  3.130452e+02  1.009922e+02 -4.114000e+01
   endloop
 endfacet
 facet normal -7.711556e-01 -6.366467e-01  1.745510e-04
   outer loop
     vertex  3.129711e+02  1.010759e+02 -3.314000e+01
     vertex  3.128195e+02  1.012595e+02 -3.314000e+01
     vertex  3.128849e+02  1.011780e+02 -4.114000e+01
   endloop
 endfacet
 facet normal -7.242471e-01 -6.895405e-01 -1.880719e-04
   outer loop
     vertex  3.131313e+02  1.008997e+02 -3.314000e+01
     vertex  3.130452e+02  1.009922e+02 -4.114000e+01
     vertex  3.132145e+02  1.008145e+02 -4.114000e+01
   endloop
 endfacet
 facet normal -7.399703e-01 -6.726395e-01  1.765475e-04
   outer loop
     vertex  3.131313e+02  1.008997e+02 -3.314000e+01
     vertex  3.129711e+02  1.010759e+02 -3.314000e+01
     vertex  3.130452e+02  1.009922e+02 -4.114000e+01
   endloop
 endfacet
 facet normal -6.895405e-01 -7.242471e-01 -1.880719e-04
   outer loop
     vertex  3.132997e+02  1.007313e+02 -3.314000e+01
     vertex  3.132145e+02  1.008145e+02 -4.114000e+01
     vertex  3.133922e+02  1.006452e+02 -4.114000e+01
   endloop
 endfacet
 facet normal -7.071068e-01 -7.071068e-01  1.772130e-04
   outer loop
     vertex  3.132997e+02  1.007313e+02 -3.314000e+01
     vertex  3.131313e+02  1.008997e+02 -3.314000e+01
     vertex  3.132145e+02  1.008145e+02 -4.114000e+01
   endloop
 endfacet
 facet normal -6.531728e-01 -7.572088e-01 -1.867410e-04
   outer loop
     vertex  3.134759e+02  1.005711e+02 -3.314000e+01
     vertex  3.133922e+02  1.006452e+02 -4.114000e+01
     vertex  3.135780e+02  1.004849e+02 -4.114000e+01
   endloop
 endfacet
 facet normal -6.726395e-01 -7.399703e-01  1.765475e-04
   outer loop
     vertex  3.134759e+02  1.005711e+02 -3.314000e+01
     vertex  3.132997e+02  1.007313e+02 -3.314000e+01
     vertex  3.133922e+02  1.006452e+02 -4.114000e+01
   endloop
 endfacet
 facet normal -6.152316e-01 -7.883464e-01 -1.840790e-04
   outer loop
     vertex  3.136595e+02  1.004195e+02 -3.314000e+01
     vertex  3.135780e+02  1.004849e+02 -4.114000e+01
     vertex  3.137715e+02  1.003340e+02 -4.114000e+01
   endloop
 endfacet
 facet normal -6.366467e-01 -7.711556e-01  1.745510e-04
   outer loop
     vertex  3.136595e+02  1.004195e+02 -3.314000e+01
     vertex  3.134759e+02  1.005711e+02 -3.314000e+01
     vertex  3.135780e+02  1.004849e+02 -4.114000e+01
   endloop
 endfacet
 facet normal -5.758082e-01 -8.175848e-01 -1.800860e-04
   outer loop
     vertex  3.138501e+02  1.002768e+02 -3.314000e+01
     vertex  3.137715e+02  1.003340e+02 -4.114000e+01
     vertex  3.139721e+02  1.001927e+02 -4.114000e+01
   endloop
 endfacet
 facet normal -5.992100e-01 -8.005919e-01  1.712236e-04
   outer loop
     vertex  3.138501e+02  1.002768e+02 -3.314000e+01
     vertex  3.136595e+02  1.004195e+02 -3.314000e+01
     vertex  3.137715e+02  1.003340e+02 -4.114000e+01
   endloop
 endfacet
 facet normal -5.349976e-01 -8.448536e-01 -1.747621e-04
   outer loop
     vertex  3.140473e+02  1.001434e+02 -3.314000e+01
     vertex  3.139721e+02  1.001927e+02 -4.114000e+01
     vertex  3.141795e+02  1.000614e+02 -4.114000e+01
   endloop
 endfacet
 facet normal -5.604142e-01 -8.282125e-01  1.665652e-04
   outer loop
     vertex  3.140473e+02  1.001434e+02 -3.314000e+01
     vertex  3.138501e+02  1.002768e+02 -3.314000e+01
     vertex  3.139721e+02  1.001927e+02 -4.114000e+01
   endloop
 endfacet
 facet normal -4.928982e-01 -8.700870e-01 -1.681073e-04
   outer loop
     vertex  3.142507e+02  1.000195e+02 -3.314000e+01
     vertex  3.141795e+02  1.000614e+02 -4.114000e+01
     vertex  3.143930e+02  9.994039e+01 -4.114000e+01
   endloop
 endfacet
 facet normal -5.203474e-01 -8.539546e-01  1.605758e-04
   outer loop
     vertex  3.142507e+02  1.000195e+02 -3.314000e+01
     vertex  3.140473e+02  1.001434e+02 -3.314000e+01
     vertex  3.141795e+02  1.000614e+02 -4.114000e+01
   endloop
 endfacet
 facet normal -4.496113e-01 -8.932243e-01 -1.601215e-04
   outer loop
     vertex  3.144597e+02  9.990540e+01 -3.314000e+01
     vertex  3.143930e+02  9.994039e+01 -4.114000e+01
     vertex  3.146122e+02  9.983005e+01 -4.114000e+01
   endloop
 endfacet
 facet normal -4.791005e-01 -8.777600e-01  1.532554e-04
   outer loop
     vertex  3.144597e+02  9.990540e+01 -3.314000e+01
     vertex  3.142507e+02  1.000195e+02 -3.314000e+01
     vertex  3.143930e+02  9.994039e+01 -4.114000e+01
   endloop
 endfacet
 facet normal -4.052413e-01 -9.142097e-01 -1.508047e-04
   outer loop
     vertex  3.146739e+02  9.980140e+01 -3.314000e+01
     vertex  3.146122e+02  9.983005e+01 -4.114000e+01
     vertex  3.148366e+02  9.973060e+01 -4.114000e+01
   endloop
 endfacet
 facet normal -4.367670e-01 -8.995747e-01  1.446042e-04
   outer loop
     vertex  3.146739e+02  9.980140e+01 -3.314000e+01
     vertex  3.144597e+02  9.990540e+01 -3.314000e+01
     vertex  3.146122e+02  9.983005e+01 -4.114000e+01
   endloop
 endfacet
 facet normal -3.598950e-01 -9.329928e-01 -1.401571e-04
   outer loop
     vertex  3.148928e+02  9.970772e+01 -3.314000e+01
     vertex  3.148366e+02  9.973060e+01 -4.114000e+01
     vertex  3.150656e+02  9.964228e+01 -4.114000e+01
   endloop
 endfacet
 facet normal -3.934429e-01 -9.193490e-01  1.346220e-04
   outer loop
     vertex  3.148928e+02  9.970772e+01 -3.314000e+01
     vertex  3.146739e+02  9.980140e+01 -3.314000e+01
     vertex  3.148366e+02  9.973060e+01 -4.114000e+01
   endloop
 endfacet
 facet normal -3.136817e-01 -9.495282e-01 -1.021390e-04
   outer loop
     vertex  3.151157e+02  9.962465e+01 -3.114000e+01
     vertex  3.150656e+02  9.964228e+01 -4.114000e+01
     vertex  3.152986e+02  9.956530e+01 -4.114000e+01
   endloop
 endfacet
 facet normal -3.492537e-01 -9.370282e-01  2.830164e-13
   outer loop
     vertex  3.151157e+02  9.962465e+01 -3.114000e+01
     vertex  3.148928e+02  9.970772e+01 -3.114000e+01
     vertex  3.148928e+02  9.970772e+01 -3.314000e+01
   endloop
 endfacet
 facet normal -3.500628e-01 -9.367262e-01  1.026960e-04
   outer loop
     vertex  3.151157e+02  9.962465e+01 -3.114000e+01
     vertex  3.148928e+02  9.970772e+01 -3.314000e+01
     vertex  3.150656e+02  9.964228e+01 -4.114000e+01
   endloop
 endfacet
 facet normal -2.667128e-01 -9.637761e-01 -9.100113e-05
   outer loop
     vertex  3.153422e+02  9.955228e+01 -3.114000e+01
     vertex  3.152986e+02  9.956530e+01 -4.114000e+01
     vertex  3.155351e+02  9.949984e+01 -4.114000e+01
   endloop
 endfacet
 facet normal -3.043010e-01 -9.525759e-01  8.754783e-05
   outer loop
     vertex  3.153422e+02  9.955228e+01 -3.114000e+01
     vertex  3.151157e+02  9.962465e+01 -3.114000e+01
     vertex  3.152986e+02  9.956530e+01 -4.114000e+01
   endloop
 endfacet
 facet normal -2.191012e-01 -9.757021e-01 -7.871206e-05
   outer loop
     vertex  3.155719e+02  9.949077e+01 -3.114000e+01
     vertex  3.155351e+02  9.949984e+01 -4.114000e+01
     vertex  3.157745e+02  9.944607e+01 -4.114000e+01
   endloop
 endfacet
 facet normal -2.586599e-01 -9.659684e-01  7.583435e-05
   outer loop
     vertex  3.155719e+02  9.949077e+01 -3.114000e+01
     vertex  3.153422e+02  9.955228e+01 -3.114000e+01
     vertex  3.155351e+02  9.949984e+01 -4.114000e+01
   endloop
 endfacet
 facet normal -1.709619e-01 -9.852776e-01 -6.527183e-05
   outer loop
     vertex  3.158043e+02  9.944024e+01 -3.114000e+01
     vertex  3.157745e+02  9.944607e+01 -4.114000e+01
     vertex  3.160163e+02  9.940412e+01 -4.114000e+01
   endloop
 endfacet
 facet normal -2.124336e-01 -9.771755e-01  6.296970e-05
   outer loop
     vertex  3.158043e+02  9.944024e+01 -3.114000e+01
     vertex  3.155719e+02  9.949077e+01 -3.114000e+01
     vertex  3.157745e+02  9.944607e+01 -4.114000e+01
   endloop
 endfacet
 facet normal -1.224107e-01 -9.924795e-01 -5.068048e-05
   outer loop
     vertex  3.160389e+02  9.940083e+01 -3.114000e+01
     vertex  3.160163e+02  9.940412e+01 -4.114000e+01
     vertex  3.162599e+02  9.937408e+01 -4.114000e+01
   endloop
 endfacet
 facet normal -1.657266e-01 -9.861717e-01  4.895391e-05
   outer loop
     vertex  3.160389e+02  9.940083e+01 -3.114000e+01
     vertex  3.158043e+02  9.944024e+01 -3.114000e+01
     vertex  3.160163e+02  9.940412e+01 -4.114000e+01
   endloop
 endfacet
 facet normal -7.356456e-02 -9.972905e-01 -3.493803e-05
   outer loop
     vertex  3.162750e+02  9.937261e+01 -3.114000e+01
     vertex  3.162599e+02  9.937408e+01 -4.114000e+01
     vertex  3.165047e+02  9.935602e+01 -4.114000e+01
   endloop
 endfacet
 facet normal -1.186447e-01 -9.929368e-01  3.378700e-05
   outer loop
     vertex  3.162750e+02  9.937261e+01 -3.114000e+01
     vertex  3.160389e+02  9.940083e+01 -3.114000e+01
     vertex  3.162599e+02  9.937408e+01 -4.114000e+01
   endloop
 endfacet
 facet normal -7.129437e-02 -9.974553e-01  1.746902e-05
   outer loop
     vertex  3.165122e+02  9.935566e+01 -3.114000e+01
     vertex  3.162750e+02  9.937261e+01 -3.114000e+01
     vertex  3.165047e+02  9.935602e+01 -4.114000e+01
   endloop
 endfacet
 facet normal -2.454123e-02 -9.996988e-01 -1.804452e-05
   outer loop
     vertex  3.165122e+02  9.935566e+01 -3.114000e+01
     vertex  3.165047e+02  9.935602e+01 -4.114000e+01
     vertex  3.167500e+02  9.935000e+01 -4.114000e+01
   endloop
 endfacet
 facet normal -2.378273e-02 -9.997172e-01 -0.000000e+00
   outer loop
     vertex  3.167500e+02  9.935000e+01 -3.114000e+01
     vertex  3.165122e+02  9.935566e+01 -3.114000e+01
     vertex  3.167500e+02  9.935000e+01 -4.114000e+01
   endloop
 endfacet
 facet normal -9.996988e-01  2.454123e-02  0.000000e+00
   outer loop
     vertex  3.117560e+02  1.548953e+02 -3.114000e+01
     vertex  3.117560e+02  1.548953e+02 -4.114000e+01
     vertex  3.117500e+02  1.546500e+02 -4.114000e+01
   endloop
 endfacet
 facet normal -9.996988e-01  2.454123e-02  0.000000e+00
   outer loop
     vertex  3.117560e+02  1.548953e+02 -3.114000e+01
     vertex  3.117500e+02  1.546500e+02 -4.114000e+01
     vertex  3.117500e+02  1.546500e+02 -3.114000e+01
   endloop
 endfacet
 facet normal -9.972905e-01  7.356456e-02  0.000000e+00
   outer loop
     vertex  3.117741e+02  1.551401e+02 -3.114000e+01
     vertex  3.117741e+02  1.551401e+02 -4.114000e+01
     vertex  3.117560e+02  1.548953e+02 -4.114000e+01
   endloop
 endfacet
 facet normal -9.924795e-01  1.224107e-01  0.000000e+00
   outer loop
     vertex  3.117741e+02  1.551401e+02 -3.114000e+01
     vertex  3.118041e+02  1.553837e+02 -4.114000e+01
     vertex  3.117741e+02  1.551401e+02 -4.114000e+01
   endloop
 endfacet
 facet normal -9.972905e-01  7.356456e-02  0.000000e+00
   outer loop
     vertex  3.117741e+02  1.551401e+02 -3.114000e+01
     vertex  3.117560e+02  1.548953e+02 -4.114000e+01
     vertex  3.117560e+02  1.548953e+02 -3.114000e+01
   endloop
 endfacet
 facet normal -9.924795e-01  1.224107e-01  0.000000e+00
   outer loop
     vertex  3.118041e+02  1.553837e+02 -3.114000e+01
     vertex  3.118041e+02  1.553837e+02 -4.114000e+01
     vertex  3.117741e+02  1.551401e+02 -3.114000e+01
   endloop
 endfacet
 facet normal -9.852776e-01  1.709619e-01  0.000000e+00
   outer loop
     vertex  3.118461e+02  1.556255e+02 -3.114000e+01
     vertex  3.118461e+02  1.556255e+02 -4.114000e+01
     vertex  3.118041e+02  1.553837e+02 -4.114000e+01
   endloop
 endfacet
 facet normal -9.852776e-01  1.709619e-01  0.000000e+00
   outer loop
     vertex  3.118461e+02  1.556255e+02 -3.114000e+01
     vertex  3.118041e+02  1.553837e+02 -4.114000e+01
     vertex  3.118041e+02  1.553837e+02 -3.114000e+01
   endloop
 endfacet
 facet normal -9.757021e-01  2.191012e-01  0.000000e+00
   outer loop
     vertex  3.118998e+02  1.558649e+02 -3.114000e+01
     vertex  3.118998e+02  1.558649e+02 -4.114000e+01
     vertex  3.118461e+02  1.556255e+02 -4.114000e+01
   endloop
 endfacet
 facet normal -9.637761e-01  2.667128e-01  0.000000e+00
   outer loop
     vertex  3.118998e+02  1.558649e+02 -3.114000e+01
     vertex  3.119653e+02  1.561014e+02 -4.114000e+01
     vertex  3.118998e+02  1.558649e+02 -4.114000e+01
   endloop
 endfacet
 facet normal -9.757021e-01  2.191012e-01  0.000000e+00
   outer loop
     vertex  3.118998e+02  1.558649e+02 -3.114000e+01
     vertex  3.118461e+02  1.556255e+02 -4.114000e+01
     vertex  3.118461e+02  1.556255e+02 -3.114000e+01
   endloop
 endfacet
 facet normal -9.637761e-01  2.667128e-01  0.000000e+00
   outer loop
     vertex  3.119653e+02  1.561014e+02 -3.114000e+01
     vertex  3.119653e+02  1.561014e+02 -4.114000e+01
     vertex  3.118998e+02  1.558649e+02 -3.114000e+01
   endloop
 endfacet
 facet normal -9.495282e-01  3.136817e-01  0.000000e+00
   outer loop
     vertex  3.120423e+02  1.563344e+02 -3.114000e+01
     vertex  3.120423e+02  1.563344e+02 -4.114000e+01
     vertex  3.119653e+02  1.561014e+02 -4.114000e+01
   endloop
 endfacet
 facet normal -9.495282e-01  3.136817e-01  0.000000e+00
   outer loop
     vertex  3.120423e+02  1.563344e+02 -3.114000e+01
     vertex  3.119653e+02  1.561014e+02 -4.114000e+01
     vertex  3.119653e+02  1.561014e+02 -3.114000e+01
   endloop
 endfacet
 facet normal -9.329928e-01  3.598950e-01  0.000000e+00
   outer loop
     vertex  3.121306e+02  1.565634e+02 -3.114000e+01
     vertex  3.121306e+02  1.565634e+02 -4.114000e+01
     vertex  3.120423e+02  1.563344e+02 -4.114000e+01
   endloop
 endfacet
 facet normal -9.142098e-01  4.052413e-01  0.000000e+00
   outer loop
     vertex  3.121306e+02  1.565634e+02 -3.114000e+01
     vertex  3.122301e+02  1.567878e+02 -4.114000e+01
     vertex  3.121306e+02  1.565634e+02 -4.114000e+01
   endloop
 endfacet
 facet normal -9.329928e-01  3.598950e-01  0.000000e+00
   outer loop
     vertex  3.121306e+02  1.565634e+02 -3.114000e+01
     vertex  3.120423e+02  1.563344e+02 -4.114000e+01
     vertex  3.120423e+02  1.563344e+02 -3.114000e+01
   endloop
 endfacet
 facet normal -9.142098e-01  4.052413e-01  0.000000e+00
   outer loop
     vertex  3.122301e+02  1.567878e+02 -3.114000e+01
     vertex  3.122301e+02  1.567878e+02 -4.114000e+01
     vertex  3.121306e+02  1.565634e+02 -3.114000e+01
   endloop
 endfacet
 facet normal -8.932243e-01  4.496113e-01  0.000000e+00
   outer loop
     vertex  3.123404e+02  1.570070e+02 -3.114000e+01
     vertex  3.123404e+02  1.570070e+02 -4.114000e+01
     vertex  3.122301e+02  1.567878e+02 -4.114000e+01
   endloop
 endfacet
 facet normal -8.932243e-01  4.496113e-01  0.000000e+00
   outer loop
     vertex  3.123404e+02  1.570070e+02 -3.114000e+01
     vertex  3.122301e+02  1.567878e+02 -4.114000e+01
     vertex  3.122301e+02  1.567878e+02 -3.114000e+01
   endloop
 endfacet
 facet normal -8.700870e-01  4.928982e-01  0.000000e+00
   outer loop
     vertex  3.124614e+02  1.572205e+02 -3.114000e+01
     vertex  3.124614e+02  1.572205e+02 -4.114000e+01
     vertex  3.123404e+02  1.570070e+02 -4.114000e+01
   endloop
 endfacet
 facet normal -8.700870e-01  4.928982e-01  0.000000e+00
   outer loop
     vertex  3.124614e+02  1.572205e+02 -3.114000e+01
     vertex  3.123404e+02  1.570070e+02 -4.114000e+01
     vertex  3.123404e+02  1.570070e+02 -3.114000e+01
   endloop
 endfacet
 facet normal -8.448536e-01  5.349976e-01  0.000000e+00
   outer loop
     vertex  3.125927e+02  1.574279e+02 -3.114000e+01
     vertex  3.125927e+02  1.574279e+02 -4.114000e+01
     vertex  3.124614e+02  1.572205e+02 -4.114000e+01
   endloop
 endfacet
 facet normal -8.448536e-01  5.349976e-01  0.000000e+00
   outer loop
     vertex  3.125927e+02  1.574279e+02 -3.114000e+01
     vertex  3.124614e+02  1.572205e+02 -4.114000e+01
     vertex  3.124614e+02  1.572205e+02 -3.114000e+01
   endloop
 endfacet
 facet normal -8.175848e-01  5.758082e-01  0.000000e+00
   outer loop
     vertex  3.127340e+02  1.576285e+02 -3.114000e+01
     vertex  3.127340e+02  1.576285e+02 -4.114000e+01
     vertex  3.125927e+02  1.574279e+02 -4.114000e+01
   endloop
 endfacet
 facet normal -7.883464e-01  6.152316e-01  0.000000e+00
   outer loop
     vertex  3.127340e+02  1.576285e+02 -3.114000e+01
     vertex  3.128849e+02  1.578220e+02 -4.114000e+01
     vertex  3.127340e+02  1.576285e+02 -4.114000e+01
   endloop
 endfacet
 facet normal -8.175848e-01  5.758082e-01  0.000000e+00
   outer loop
     vertex  3.127340e+02  1.576285e+02 -3.114000e+01
     vertex  3.125927e+02  1.574279e+02 -4.114000e+01
     vertex  3.125927e+02  1.574279e+02 -3.114000e+01
   endloop
 endfacet
 facet normal -7.883464e-01  6.152316e-01  0.000000e+00
   outer loop
     vertex  3.128849e+02  1.578220e+02 -3.114000e+01
     vertex  3.128849e+02  1.578220e+02 -4.114000e+01
     vertex  3.127340e+02  1.576285e+02 -3.114000e+01
   endloop
 endfacet
 facet normal -7.572088e-01  6.531728e-01  0.000000e+00
   outer loop
     vertex  3.130452e+02  1.580078e+02 -3.114000e+01
     vertex  3.130452e+02  1.580078e+02 -4.114000e+01
     vertex  3.128849e+02  1.578220e+02 -4.114000e+01
   endloop
 endfacet
 facet normal -7.572088e-01  6.531728e-01  0.000000e+00
   outer loop
     vertex  3.130452e+02  1.580078e+02 -3.114000e+01
     vertex  3.128849e+02  1.578220e+02 -4.114000e+01
     vertex  3.128849e+02  1.578220e+02 -3.114000e+01
   endloop
 endfacet
 facet normal -7.242471e-01  6.895405e-01  0.000000e+00
   outer loop
     vertex  3.132145e+02  1.581855e+02 -3.114000e+01
     vertex  3.132145e+02  1.581855e+02 -4.114000e+01
     vertex  3.130452e+02  1.580078e+02 -4.114000e+01
   endloop
 endfacet
 facet normal -7.242471e-01  6.895405e-01  0.000000e+00
   outer loop
     vertex  3.132145e+02  1.581855e+02 -3.114000e+01
     vertex  3.130452e+02  1.580078e+02 -4.114000e+01
     vertex  3.130452e+02  1.580078e+02 -3.114000e+01
   endloop
 endfacet
 facet normal -6.895405e-01  7.242471e-01  0.000000e+00
   outer loop
     vertex  3.133922e+02  1.583548e+02 -3.114000e+01
     vertex  3.133922e+02  1.583548e+02 -4.114000e+01
     vertex  3.132145e+02  1.581855e+02 -4.114000e+01
   endloop
 endfacet
 facet normal -6.895405e-01  7.242471e-01  0.000000e+00
   outer loop
     vertex  3.133922e+02  1.583548e+02 -3.114000e+01
     vertex  3.132145e+02  1.581855e+02 -4.114000e+01
     vertex  3.132145e+02  1.581855e+02 -3.114000e+01
   endloop
 endfacet
 facet normal -6.531728e-01  7.572088e-01  0.000000e+00
   outer loop
     vertex  3.135780e+02  1.585151e+02 -3.114000e+01
     vertex  3.135780e+02  1.585151e+02 -4.114000e+01
     vertex  3.133922e+02  1.583548e+02 -4.114000e+01
   endloop
 endfacet
 facet normal -6.531728e-01  7.572088e-01  0.000000e+00
   outer loop
     vertex  3.135780e+02  1.585151e+02 -3.114000e+01
     vertex  3.133922e+02  1.583548e+02 -4.114000e+01
     vertex  3.133922e+02  1.583548e+02 -3.114000e+01
   endloop
 endfacet
 facet normal -6.152316e-01  7.883464e-01  0.000000e+00
   outer loop
     vertex  3.137715e+02  1.586660e+02 -3.114000e+01
     vertex  3.137715e+02  1.586660e+02 -4.114000e+01
     vertex  3.135780e+02  1.585151e+02 -4.114000e+01
   endloop
 endfacet
 facet normal -5.758082e-01  8.175848e-01  0.000000e+00
   outer loop
     vertex  3.137715e+02  1.586660e+02 -3.114000e+01
     vertex  3.139721e+02  1.588073e+02 -4.114000e+01
     vertex  3.137715e+02  1.586660e+02 -4.114000e+01
   endloop
 endfacet
 facet normal -6.152316e-01  7.883464e-01  0.000000e+00
   outer loop
     vertex  3.137715e+02  1.586660e+02 -3.114000e+01
     vertex  3.135780e+02  1.585151e+02 -4.114000e+01
     vertex  3.135780e+02  1.585151e+02 -3.114000e+01
   endloop
 endfacet
 facet normal -5.758082e-01  8.175848e-01  0.000000e+00
   outer loop
     vertex  3.139721e+02  1.588073e+02 -3.114000e+01
     vertex  3.139721e+02  1.588073e+02 -4.114000e+01
     vertex  3.137715e+02  1.586660e+02 -3.114000e+01
   endloop
 endfacet
 facet normal -5.349976e-01  8.448536e-01  0.000000e+00
   outer loop
     vertex  3.141795e+02  1.589386e+02 -3.114000e+01
     vertex  3.141795e+02  1.589386e+02 -4.114000e+01
     vertex  3.139721e+02  1.588073e+02 -4.114000e+01
   endloop
 endfacet
 facet normal -5.349976e-01  8.448536e-01  0.000000e+00
   outer loop
     vertex  3.141795e+02  1.589386e+02 -3.114000e+01
     vertex  3.139721e+02  1.588073e+02 -4.114000e+01
     vertex  3.139721e+02  1.588073e+02 -3.114000e+01
   endloop
 endfacet
 facet normal -4.928982e-01  8.700870e-01  0.000000e+00
   outer loop
     vertex  3.143930e+02  1.590596e+02 -3.114000e+01
     vertex  3.143930e+02  1.590596e+02 -4.114000e+01
     vertex  3.141795e+02  1.589386e+02 -4.114000e+01
   endloop
 endfacet
 facet normal -4.928982e-01  8.700870e-01  0.000000e+00
   outer loop
     vertex  3.143930e+02  1.590596e+02 -3.114000e+01
     vertex  3.141795e+02  1.589386e+02 -4.114000e+01
     vertex  3.141795e+02  1.589386e+02 -3.114000e+01
   endloop
 endfacet
 facet normal -4.496113e-01  8.932243e-01  0.000000e+00
   outer loop
     vertex  3.146122e+02  1.591699e+02 -3.114000e+01
     vertex  3.146122e+02  1.591699e+02 -4.114000e+01
     vertex  3.143930e+02  1.590596e+02 -4.114000e+01
   endloop
 endfacet
 facet normal -4.496113e-01  8.932243e-01  0.000000e+00
   outer loop
     vertex  3.146122e+02  1.591699e+02 -3.114000e+01
     vertex  3.143930e+02  1.590596e+02 -4.114000e+01
     vertex  3.143930e+02  1.590596e+02 -3.114000e+01
   endloop
 endfacet
 facet normal -4.052413e-01  9.142098e-01  0.000000e+00
   outer loop
     vertex  3.148366e+02  1.592694e+02 -3.114000e+01
     vertex  3.148366e+02  1.592694e+02 -4.114000e+01
     vertex  3.146122e+02  1.591699e+02 -4.114000e+01
   endloop
 endfacet
 facet normal -4.052413e-01  9.142098e-01  0.000000e+00
   outer loop
     vertex  3.148366e+02  1.592694e+02 -3.114000e+01
     vertex  3.146122e+02  1.591699e+02 -4.114000e+01
     vertex  3.146122e+02  1.591699e+02 -3.114000e+01
   endloop
 endfacet
 facet normal -3.598950e-01  9.329928e-01  0.000000e+00
   outer loop
     vertex  3.150656e+02  1.593577e+02 -3.114000e+01
     vertex  3.150656e+02  1.593577e+02 -4.114000e+01
     vertex  3.148366e+02  1.592694e+02 -4.114000e+01
   endloop
 endfacet
 facet normal -3.598950e-01  9.329928e-01  0.000000e+00
   outer loop
     vertex  3.150656e+02  1.593577e+02 -3.114000e+01
     vertex  3.148366e+02  1.592694e+02 -4.114000e+01
     vertex  3.148366e+02  1.592694e+02 -3.114000e+01
   endloop
 endfacet
 facet normal -3.136817e-01  9.495282e-01  0.000000e+00
   outer loop
     vertex  3.152986e+02  1.594347e+02 -3.114000e+01
     vertex  3.152986e+02  1.594347e+02 -4.114000e+01
     vertex  3.150656e+02  1.593577e+02 -4.114000e+01
   endloop
 endfacet
 facet normal -3.136817e-01  9.495282e-01  0.000000e+00
   outer loop
     vertex  3.152986e+02  1.594347e+02 -3.114000e+01
     vertex  3.150656e+02  1.593577e+02 -4.114000e+01
     vertex  3.150656e+02  1.593577e+02 -3.114000e+01
   endloop
 endfacet
 facet normal -2.667128e-01  9.637761e-01  0.000000e+00
   outer loop
     vertex  3.155351e+02  1.595002e+02 -3.114000e+01
     vertex  3.155351e+02  1.595002e+02 -4.114000e+01
     vertex  3.152986e+02  1.594347e+02 -4.114000e+01
   endloop
 endfacet
 facet normal -2.667128e-01  9.637761e-01  0.000000e+00
   outer loop
     vertex  3.155351e+02  1.595002e+02 -3.114000e+01
     vertex  3.152986e+02  1.594347e+02 -4.114000e+01
     vertex  3.152986e+02  1.594347e+02 -3.114000e+01
   endloop
 endfacet
 facet normal -2.191012e-01  9.757021e-01  0.000000e+00
   outer loop
     vertex  3.157745e+02  1.595539e+02 -3.114000e+01
     vertex  3.157745e+02  1.595539e+02 -4.114000e+01
     vertex  3.155351e+02  1.595002e+02 -4.114000e+01
   endloop
 endfacet
 facet normal -2.191012e-01  9.757021e-01  0.000000e+00
   outer loop
     vertex  3.157745e+02  1.595539e+02 -3.114000e+01
     vertex  3.155351e+02  1.595002e+02 -4.114000e+01
     vertex  3.155351e+02  1.595002e+02 -3.114000e+01
   endloop
 endfacet
 facet normal -1.709619e-01  9.852776e-01  0.000000e+00
   outer loop
     vertex  3.160163e+02  1.595959e+02 -3.114000e+01
     vertex  3.160163e+02  1.595959e+02 -4.114000e+01
     vertex  3.157745e+02  1.595539e+02 -4.114000e+01
   endloop
 endfacet
 facet normal -1.224107e-01  9.924795e-01  0.000000e+00
   outer loop
     vertex  3.160163e+02  1.595959e+02 -3.114000e+01
     vertex  3.162599e+02  1.596259e+02 -4.114000e+01
     vertex  3.160163e+02  1.595959e+02 -4.114000e+01
   endloop
 endfacet
 facet normal -1.709619e-01  9.852776e-01  0.000000e+00
   outer loop
     vertex  3.160163e+02  1.595959e+02 -3.114000e+01
     vertex  3.157745e+02  1.595539e+02 -4.114000e+01
     vertex  3.157745e+02  1.595539e+02 -3.114000e+01
   endloop
 endfacet
 facet normal -1.224107e-01  9.924795e-01  0.000000e+00
   outer loop
     vertex  3.162599e+02  1.596259e+02 -3.114000e+01
     vertex  3.162599e+02  1.596259e+02 -4.114000e+01
     vertex  3.160163e+02  1.595959e+02 -3.114000e+01
   endloop
 endfacet
 facet normal -7.356456e-02  9.972905e-01  0.000000e+00
   outer loop
     vertex  3.165047e+02  1.596440e+02 -3.114000e+01
     vertex  3.165047e+02  1.596440e+02 -4.114000e+01
     vertex  3.162599e+02  1.596259e+02 -4.114000e+01
   endloop
 endfacet
 facet normal -2.454123e-02  9.996988e-01  0.000000e+00
   outer loop
     vertex  3.165047e+02  1.596440e+02 -3.114000e+01
     vertex  3.167500e+02  1.596500e+02 -4.114000e+01
     vertex  3.165047e+02  1.596440e+02 -4.114000e+01
   endloop
 endfacet
 facet normal -7.356456e-02  9.972905e-01  0.000000e+00
   outer loop
     vertex  3.165047e+02  1.596440e+02 -3.114000e+01
     vertex  3.162599e+02  1.596259e+02 -4.114000e+01
     vertex  3.162599e+02  1.596259e+02 -3.114000e+01
   endloop
 endfacet
 facet normal -2.454123e-02  9.996988e-01  0.000000e+00
   outer loop
     vertex  3.167500e+02  1.596500e+02 -3.114000e+01
     vertex  3.167500e+02  1.596500e+02 -4.114000e+01
     vertex  3.165047e+02  1.596440e+02 -3.114000e+01
   endloop
 endfacet
 facet normal  0.000000e+00  0.000000e+00 -1.000000e+00
   outer loop
     vertex  3.128849e+02  1.011780e+02 -4.114000e+01
     vertex  3.132145e+02  1.008145e+02 -4.114000e+01
     vertex  3.130452e+02  1.009922e+02 -4.114000e+01
   endloop
 endfacet
 facet normal  0.000000e+00  0.000000e+00 -1.000000e+00
   outer loop
     vertex  3.124614e+02  1.017795e+02 -4.114000e+01
     vertex  3.127340e+02  1.013715e+02 -4.114000e+01
     vertex  3.125927e+02  1.015721e+02 -4.114000e+01
   endloop
 endfacet
 facet normal  0.000000e+00  0.000000e+00 -1.000000e+00
   outer loop
     vertex  3.143930e+02  9.994039e+01 -4.114000e+01
     vertex  3.139721e+02  1.001927e+02 -4.114000e+01
     vertex  3.137715e+02  1.003340e+02 -4.114000e+01
   endloop
 endfacet
 facet normal  0.000000e+00  0.000000e+00 -1.000000e+00
   outer loop
     vertex  3.143930e+02  9.994039e+01 -4.114000e+01
     vertex  3.141795e+02  1.000614e+02 -4.114000e+01
     vertex  3.139721e+02  1.001927e+02 -4.114000e+01
   endloop
 endfacet
 facet normal  0.000000e+00  0.000000e+00 -1.000000e+00
   outer loop
     vertex  3.146122e+02  9.983005e+01 -4.114000e+01
     vertex  3.143930e+02  9.994039e+01 -4.114000e+01
     vertex  3.137715e+02  1.003340e+02 -4.114000e+01
   endloop
 endfacet
 facet normal  0.000000e+00  0.000000e+00 -1.000000e+00
   outer loop
     vertex  3.150656e+02  9.964228e+01 -4.114000e+01
     vertex  3.148366e+02  9.973060e+01 -4.114000e+01
     vertex  3.146122e+02  9.983005e+01 -4.114000e+01
   endloop
 endfacet
 facet normal  0.000000e+00  0.000000e+00 -1.000000e+00
   outer loop
     vertex  3.119653e+02  1.028986e+02 -4.114000e+01
     vertex  3.121306e+02  1.024366e+02 -4.114000e+01
     vertex  3.120423e+02  1.026656e+02 -4.114000e+01
   endloop
 endfacet
 facet normal  0.000000e+00  0.000000e+00 -1.000000e+00
   outer loop
     vertex  3.119653e+02  1.028986e+02 -4.114000e+01
     vertex  3.122301e+02  1.022122e+02 -4.114000e+01
     vertex  3.121306e+02  1.024366e+02 -4.114000e+01
   endloop
 endfacet
 facet normal  0.000000e+00  0.000000e+00 -1.000000e+00
   outer loop
     vertex  3.119653e+02  1.028986e+02 -4.114000e+01
     vertex  3.123404e+02  1.019930e+02 -4.114000e+01
     vertex  3.122301e+02  1.022122e+02 -4.114000e+01
   endloop
 endfacet
 facet normal  0.000000e+00  0.000000e+00 -1.000000e+00
   outer loop
     vertex  3.119653e+02  1.028986e+02 -4.114000e+01
     vertex  3.124614e+02  1.017795e+02 -4.114000e+01
     vertex  3.123404e+02  1.019930e+02 -4.114000e+01
   endloop
 endfacet
 facet normal  0.000000e+00  0.000000e+00 -1.000000e+00
   outer loop
     vertex  3.119653e+02  1.028986e+02 -4.114000e+01
     vertex  3.128849e+02  1.011780e+02 -4.114000e+01
     vertex  3.127340e+02  1.013715e+02 -4.114000e+01
   endloop
 endfacet
 facet normal  0.000000e+00  0.000000e+00 -1.000000e+00
   outer loop
     vertex  3.119653e+02  1.028986e+02 -4.114000e+01
     vertex  3.132145e+02  1.008145e+02 -4.114000e+01
     vertex  3.128849e+02  1.011780e+02 -4.114000e+01
   endloop
 endfacet
 facet normal  0.000000e+00  0.000000e+00 -1.000000e+00
   outer loop
     vertex  3.119653e+02  1.028986e+02 -4.114000e+01
     vertex  3.127340e+02  1.013715e+02 -4.114000e+01
     vertex  3.124614e+02  1.017795e+02 -4.114000e+01
   endloop
 endfacet
 facet normal  0.000000e+00  0.000000e+00 -1.000000e+00
   outer loop
     vertex  3.155351e+02  9.949984e+01 -4.114000e+01
     vertex  3.152986e+02  9.956530e+01 -4.114000e+01
     vertex  3.150656e+02  9.964228e+01 -4.114000e+01
   endloop
 endfacet
 facet normal  0.000000e+00  0.000000e+00 -1.000000e+00
   outer loop
     vertex  3.118461e+02  1.033745e+02 -4.114000e+01
     vertex  3.119653e+02  1.028986e+02 -4.114000e+01
     vertex  3.118998e+02  1.031351e+02 -4.114000e+01
   endloop
 endfacet
 facet normal  0.000000e+00  0.000000e+00 -1.000000e+00
   outer loop
     vertex  3.118461e+02  1.033745e+02 -4.114000e+01
     vertex  3.133922e+02  1.006452e+02 -4.114000e+01
     vertex  3.132145e+02  1.008145e+02 -4.114000e+01
   endloop
 endfacet
 facet normal  0.000000e+00  0.000000e+00 -1.000000e+00
   outer loop
     vertex  3.118461e+02  1.033745e+02 -4.114000e+01
     vertex  3.135780e+02  1.004849e+02 -4.114000e+01
     vertex  3.133922e+02  1.006452e+02 -4.114000e+01
   endloop
 endfacet
 facet normal  0.000000e+00  0.000000e+00 -1.000000e+00
   outer loop
     vertex  3.118461e+02  1.033745e+02 -4.114000e+01
     vertex  3.137715e+02  1.003340e+02 -4.114000e+01
     vertex  3.135780e+02  1.004849e+02 -4.114000e+01
   endloop
 endfacet
 facet normal  0.000000e+00  0.000000e+00 -1.000000e+00
   outer loop
     vertex  3.118461e+02  1.033745e+02 -4.114000e+01
     vertex  3.132145e+02  1.008145e+02 -4.114000e+01
     vertex  3.119653e+02  1.028986e+02 -4.114000e+01
   endloop
 endfacet
 facet normal  0.000000e+00  0.000000e+00 -1.000000e+00
   outer loop
     vertex  3.118461e+02  1.033745e+02 -4.114000e+01
     vertex  3.150656e+02  9.964228e+01 -4.114000e+01
     vertex  3.146122e+02  9.983005e+01 -4.114000e+01
   endloop
 endfacet
 facet normal  0.000000e+00  0.000000e+00 -1.000000e+00
   outer loop
     vertex  3.118461e+02  1.033745e+02 -4.114000e+01
     vertex  3.146122e+02  9.983005e+01 -4.114000e+01
     vertex  3.137715e+02  1.003340e+02 -4.114000e+01
   endloop
 endfacet
 facet normal  0.000000e+00  0.000000e+00 -1.000000e+00
   outer loop
     vertex  3.160163e+02  9.940412e+01 -4.114000e+01
     vertex  3.157745e+02  9.944607e+01 -4.114000e+01
     vertex  3.155351e+02  9.949984e+01 -4.114000e+01
   endloop
 endfacet
 facet normal  0.000000e+00  0.000000e+00 -1.000000e+00
   outer loop
     vertex  3.160163e+02  9.940412e+01 -4.114000e+01
     vertex  3.155351e+02  9.949984e+01 -4.114000e+01
     vertex  3.150656e+02  9.964228e+01 -4.114000e+01
   endloop
 endfacet
 facet normal  0.000000e+00  0.000000e+00 -1.000000e+00
   outer loop
     vertex  3.167500e+02  9.935000e+01 -4.114000e+01
     vertex  3.162599e+02  9.937408e+01 -4.114000e+01
     vertex  3.160163e+02  9.940412e+01 -4.114000e+01
   endloop
 endfacet
 facet normal  0.000000e+00  0.000000e+00 -1.000000e+00
   outer loop
     vertex  3.167500e+02  9.935000e+01 -4.114000e+01
     vertex  3.165047e+02  9.935602e+01 -4.114000e+01
     vertex  3.162599e+02  9.937408e+01 -4.114000e+01
   endloop
 endfacet
 facet normal  0.000000e+00  0.000000e+00 -1.000000e+00
   outer loop
     vertex  3.167500e+02  9.935000e+01 -4.114000e+01
     vertex  3.160163e+02  9.940412e+01 -4.114000e+01
     vertex  3.150656e+02  9.964228e+01 -4.114000e+01
   endloop
 endfacet
 facet normal  0.000000e+00  0.000000e+00 -1.000000e+00
   outer loop
     vertex  3.117500e+02  1.043500e+02 -4.114000e+01
     vertex  3.117741e+02  1.038599e+02 -4.114000e+01
     vertex  3.117560e+02  1.041047e+02 -4.114000e+01
   endloop
 endfacet
 facet normal  0.000000e+00  0.000000e+00 -1.000000e+00
   outer loop
     vertex  3.117500e+02  1.043500e+02 -4.114000e+01
     vertex  3.118041e+02  1.036163e+02 -4.114000e+01
     vertex  3.117741e+02  1.038599e+02 -4.114000e+01
   endloop
 endfacet
 facet normal  0.000000e+00  0.000000e+00 -1.000000e+00
   outer loop
     vertex  3.117500e+02  1.043500e+02 -4.114000e+01
     vertex  3.118461e+02  1.033745e+02 -4.114000e+01
     vertex  3.118041e+02  1.036163e+02 -4.114000e+01
   endloop
 endfacet
 facet normal  0.000000e+00  0.000000e+00 -1.000000e+00
   outer loop
     vertex  3.117500e+02  1.043500e+02 -4.114000e+01
     vertex  3.150656e+02  9.964228e+01 -4.114000e+01
     vertex  3.118461e+02  1.033745e+02 -4.114000e+01
   endloop
 endfacet
 facet normal  0.000000e+00  0.000000e+00 -1.000000e+00
   outer loop
     vertex  3.117500e+02  1.043500e+02 -4.114000e+01
     vertex  3.167500e+02  9.935000e+01 -4.114000e+01
     vertex  3.150656e+02  9.964228e+01 -4.114000e+01
   endloop
 endfacet
 facet normal  0.000000e+00  0.000000e+00 -1.000000e+00
   outer loop
     vertex  3.675401e+02  9.937408e+01 -4.114000e+01
     vertex  3.672953e+02  9.935602e+01 -4.114000e+01
     vertex  3.670500e+02  9.935000e+01 -4.114000e+01
   endloop
 endfacet
 facet normal  0.000000e+00  0.000000e+00 -1.000000e+00
   outer loop
     vertex  3.118041e+02  1.553837e+02 -4.114000e+01
     vertex  3.117500e+02  1.546500e+02 -4.114000e+01
     vertex  3.117560e+02  1.548953e+02 -4.114000e+01
   endloop
 endfacet
 facet normal  0.000000e+00  0.000000e+00 -1.000000e+00
   outer loop
     vertex  3.118041e+02  1.553837e+02 -4.114000e+01
     vertex  3.117560e+02  1.548953e+02 -4.114000e+01
     vertex  3.117741e+02  1.551401e+02 -4.114000e+01
   endloop
 endfacet
 facet normal  0.000000e+00  0.000000e+00 -1.000000e+00
   outer loop
     vertex  3.118461e+02  1.556255e+02 -4.114000e+01
     vertex  3.117500e+02  1.546500e+02 -4.114000e+01
     vertex  3.118041e+02  1.553837e+02 -4.114000e+01
   endloop
 endfacet
 facet normal  0.000000e+00  0.000000e+00 -1.000000e+00
   outer loop
     vertex  3.680255e+02  9.944607e+01 -4.114000e+01
     vertex  3.677837e+02  9.940412e+01 -4.114000e+01
     vertex  3.675401e+02  9.937408e+01 -4.114000e+01
   endloop
 endfacet
 facet normal  0.000000e+00  0.000000e+00 -1.000000e+00
   outer loop
     vertex  3.118998e+02  1.558649e+02 -4.114000e+01
     vertex  3.117500e+02  1.546500e+02 -4.114000e+01
     vertex  3.118461e+02  1.556255e+02 -4.114000e+01
   endloop
 endfacet
 facet normal  0.000000e+00  0.000000e+00 -1.000000e+00
   outer loop
     vertex  3.682649e+02  9.949984e+01 -4.114000e+01
     vertex  3.680255e+02  9.944607e+01 -4.114000e+01
     vertex  3.675401e+02  9.937408e+01 -4.114000e+01
   endloop
 endfacet
 facet normal  0.000000e+00  0.000000e+00 -1.000000e+00
   outer loop
     vertex  3.685014e+02  9.956530e+01 -4.114000e+01
     vertex  3.682649e+02  9.949984e+01 -4.114000e+01
     vertex  3.675401e+02  9.937408e+01 -4.114000e+01
   endloop
 endfacet
 facet normal  0.000000e+00  0.000000e+00 -1.000000e+00
   outer loop
     vertex  3.121306e+02  1.565634e+02 -4.114000e+01
     vertex  3.118998e+02  1.558649e+02 -4.114000e+01
     vertex  3.119653e+02  1.561014e+02 -4.114000e+01
   endloop
 endfacet
 facet normal  0.000000e+00  0.000000e+00 -1.000000e+00
   outer loop
     vertex  3.121306e+02  1.565634e+02 -4.114000e+01
     vertex  3.119653e+02  1.561014e+02 -4.114000e+01
     vertex  3.120423e+02  1.563344e+02 -4.114000e+01
   endloop
 endfacet
 facet normal  0.000000e+00  0.000000e+00 -1.000000e+00
   outer loop
     vertex  3.121306e+02  1.565634e+02 -4.114000e+01
     vertex  3.117500e+02  1.546500e+02 -4.114000e+01
     vertex  3.118998e+02  1.558649e+02 -4.114000e+01
   endloop
 endfacet
 facet normal  0.000000e+00  0.000000e+00 -1.000000e+00
   outer loop
     vertex  3.691878e+02  9.983005e+01 -4.114000e+01
     vertex  3.675401e+02  9.937408e+01 -4.114000e+01
     vertex  3.670500e+02  9.935000e+01 -4.114000e+01
   endloop
 endfacet
 facet normal  0.000000e+00  0.000000e+00 -1.000000e+00
   outer loop
     vertex  3.691878e+02  9.983005e+01 -4.114000e+01
     vertex  3.685014e+02  9.956530e+01 -4.114000e+01
     vertex  3.675401e+02  9.937408e+01 -4.114000e+01
   endloop
 endfacet
 facet normal  0.000000e+00  0.000000e+00 -1.000000e+00
   outer loop
     vertex  3.691878e+02  9.983005e+01 -4.114000e+01
     vertex  3.689634e+02  9.973060e+01 -4.114000e+01
     vertex  3.687344e+02  9.964228e+01 -4.114000e+01
   endloop
 endfacet
 facet normal  0.000000e+00  0.000000e+00 -1.000000e+00
   outer loop
     vertex  3.691878e+02  9.983005e+01 -4.114000e+01
     vertex  3.687344e+02  9.964228e+01 -4.114000e+01
     vertex  3.685014e+02  9.956530e+01 -4.114000e+01
   endloop
 endfacet
 facet normal  0.000000e+00  0.000000e+00 -1.000000e+00
   outer loop
     vertex  3.123404e+02  1.570070e+02 -4.114000e+01
     vertex  3.121306e+02  1.565634e+02 -4.114000e+01
     vertex  3.122301e+02  1.567878e+02 -4.114000e+01
   endloop
 endfacet
 facet normal  0.000000e+00  0.000000e+00 -1.000000e+00
   outer loop
     vertex  3.123404e+02  1.570070e+02 -4.114000e+01
     vertex  3.117500e+02  1.546500e+02 -4.114000e+01
     vertex  3.121306e+02  1.565634e+02 -4.114000e+01
   endloop
 endfacet
 facet normal  0.000000e+00  0.000000e+00 -1.000000e+00
   outer loop
     vertex  3.696205e+02  1.000614e+02 -4.114000e+01
     vertex  3.691878e+02  9.983005e+01 -4.114000e+01
     vertex  3.670500e+02  9.935000e+01 -4.114000e+01
   endloop
 endfacet
 facet normal  0.000000e+00  0.000000e+00 -1.000000e+00
   outer loop
     vertex  3.696205e+02  1.000614e+02 -4.114000e+01
     vertex  3.694070e+02  9.994039e+01 -4.114000e+01
     vertex  3.691878e+02  9.983005e+01 -4.114000e+01
   endloop
 endfacet
 facet normal  0.000000e+00  0.000000e+00 -1.000000e+00
   outer loop
     vertex  3.125927e+02  1.574279e+02 -4.114000e+01
     vertex  3.123404e+02  1.570070e+02 -4.114000e+01
     vertex  3.124614e+02  1.572205e+02 -4.114000e+01
   endloop
 endfacet
 facet normal  0.000000e+00  0.000000e+00 -1.000000e+00
   outer loop
     vertex  3.125927e+02  1.574279e+02 -4.114000e+01
     vertex  3.117500e+02  1.546500e+02 -4.114000e+01
     vertex  3.123404e+02  1.570070e+02 -4.114000e+01
   endloop
 endfacet
 facet normal  0.000000e+00  0.000000e+00 -1.000000e+00
   outer loop
     vertex  3.700285e+02  1.003340e+02 -4.114000e+01
     vertex  3.696205e+02  1.000614e+02 -4.114000e+01
     vertex  3.670500e+02  9.935000e+01 -4.114000e+01
   endloop
 endfacet
 facet normal  0.000000e+00  0.000000e+00 -1.000000e+00
   outer loop
     vertex  3.700285e+02  1.003340e+02 -4.114000e+01
     vertex  3.698279e+02  1.001927e+02 -4.114000e+01
     vertex  3.696205e+02  1.000614e+02 -4.114000e+01
   endloop
 endfacet
 facet normal  0.000000e+00  0.000000e+00 -1.000000e+00
   outer loop
     vertex  3.702220e+02  1.004849e+02 -4.114000e+01
     vertex  3.700285e+02  1.003340e+02 -4.114000e+01
     vertex  3.670500e+02  9.935000e+01 -4.114000e+01
   endloop
 endfacet
 facet normal  0.000000e+00  0.000000e+00 -1.000000e+00
   outer loop
     vertex  3.128849e+02  1.578220e+02 -4.114000e+01
     vertex  3.125927e+02  1.574279e+02 -4.114000e+01
     vertex  3.127340e+02  1.576285e+02 -4.114000e+01
   endloop
 endfacet
 facet normal  0.000000e+00  0.000000e+00 -1.000000e+00
   outer loop
     vertex  3.705855e+02  1.008145e+02 -4.114000e+01
     vertex  3.704078e+02  1.006452e+02 -4.114000e+01
     vertex  3.702220e+02  1.004849e+02 -4.114000e+01
   endloop
 endfacet
 facet normal  0.000000e+00  0.000000e+00 -1.000000e+00
   outer loop
     vertex  3.705855e+02  1.008145e+02 -4.114000e+01
     vertex  3.702220e+02  1.004849e+02 -4.114000e+01
     vertex  3.670500e+02  9.935000e+01 -4.114000e+01
   endloop
 endfacet
 facet normal  0.000000e+00  0.000000e+00 -1.000000e+00
   outer loop
     vertex  3.707548e+02  1.009922e+02 -4.114000e+01
     vertex  3.705855e+02  1.008145e+02 -4.114000e+01
     vertex  3.670500e+02  9.935000e+01 -4.114000e+01
   endloop
 endfacet
 facet normal  0.000000e+00  0.000000e+00 -1.000000e+00
   outer loop
     vertex  3.133922e+02  1.583548e+02 -4.114000e+01
     vertex  3.130452e+02  1.580078e+02 -4.114000e+01
     vertex  3.132145e+02  1.581855e+02 -4.114000e+01
   endloop
 endfacet
 facet normal  0.000000e+00  0.000000e+00 -1.000000e+00
   outer loop
     vertex  3.135780e+02  1.585151e+02 -4.114000e+01
     vertex  3.128849e+02  1.578220e+02 -4.114000e+01
     vertex  3.130452e+02  1.580078e+02 -4.114000e+01
   endloop
 endfacet
 facet normal  0.000000e+00  0.000000e+00 -1.000000e+00
   outer loop
     vertex  3.135780e+02  1.585151e+02 -4.114000e+01
     vertex  3.125927e+02  1.574279e+02 -4.114000e+01
     vertex  3.128849e+02  1.578220e+02 -4.114000e+01
   endloop
 endfacet
 facet normal  0.000000e+00  0.000000e+00 -1.000000e+00
   outer loop
     vertex  3.135780e+02  1.585151e+02 -4.114000e+01
     vertex  3.130452e+02  1.580078e+02 -4.114000e+01
     vertex  3.133922e+02  1.583548e+02 -4.114000e+01
   endloop
 endfacet
 facet normal  0.000000e+00  0.000000e+00 -1.000000e+00
   outer loop
     vertex  3.137715e+02  1.586660e+02 -4.114000e+01
     vertex  3.117500e+02  1.546500e+02 -4.114000e+01
     vertex  3.125927e+02  1.574279e+02 -4.114000e+01
   endloop
 endfacet
 facet normal  0.000000e+00  0.000000e+00 -1.000000e+00
   outer loop
     vertex  3.137715e+02  1.586660e+02 -4.114000e+01
     vertex  3.125927e+02  1.574279e+02 -4.114000e+01
     vertex  3.135780e+02  1.585151e+02 -4.114000e+01
   endloop
 endfacet
 facet normal  0.000000e+00  0.000000e+00 -1.000000e+00
   outer loop
     vertex  3.710660e+02  1.013715e+02 -4.114000e+01
     vertex  3.709151e+02  1.011780e+02 -4.114000e+01
     vertex  3.707548e+02  1.009922e+02 -4.114000e+01
   endloop
 endfacet
 facet normal  0.000000e+00  0.000000e+00 -1.000000e+00
   outer loop
     vertex  3.710660e+02  1.013715e+02 -4.114000e+01
     vertex  3.707548e+02  1.009922e+02 -4.114000e+01
     vertex  3.670500e+02  9.935000e+01 -4.114000e+01
   endloop
 endfacet
 facet normal  0.000000e+00  0.000000e+00 -1.000000e+00
   outer loop
     vertex  3.141795e+02  1.589386e+02 -4.114000e+01
     vertex  3.137715e+02  1.586660e+02 -4.114000e+01
     vertex  3.139721e+02  1.588073e+02 -4.114000e+01
   endloop
 endfacet
 facet normal  0.000000e+00  0.000000e+00 -1.000000e+00
   outer loop
     vertex  3.146122e+02  1.591699e+02 -4.114000e+01
     vertex  3.141795e+02  1.589386e+02 -4.114000e+01
     vertex  3.143930e+02  1.590596e+02 -4.114000e+01
   endloop
 endfacet
 facet normal  0.000000e+00  0.000000e+00 -1.000000e+00
   outer loop
     vertex  3.146122e+02  1.591699e+02 -4.114000e+01
     vertex  3.137715e+02  1.586660e+02 -4.114000e+01
     vertex  3.141795e+02  1.589386e+02 -4.114000e+01
   endloop
 endfacet
 facet normal  0.000000e+00  0.000000e+00 -1.000000e+00
   outer loop
     vertex  3.716694e+02  1.024366e+02 -4.114000e+01
     vertex  3.715699e+02  1.022122e+02 -4.114000e+01
     vertex  3.714596e+02  1.019930e+02 -4.114000e+01
   endloop
 endfacet
 facet normal  0.000000e+00  0.000000e+00 -1.000000e+00
   outer loop
     vertex  3.716694e+02  1.024366e+02 -4.114000e+01
     vertex  3.714596e+02  1.019930e+02 -4.114000e+01
     vertex  3.713386e+02  1.017795e+02 -4.114000e+01
   endloop
 endfacet
 facet normal  0.000000e+00  0.000000e+00 -1.000000e+00
   outer loop
     vertex  3.148366e+02  1.592694e+02 -4.114000e+01
     vertex  3.117500e+02  1.546500e+02 -4.114000e+01
     vertex  3.137715e+02  1.586660e+02 -4.114000e+01
   endloop
 endfacet
 facet normal  0.000000e+00  0.000000e+00 -1.000000e+00
   outer loop
     vertex  3.148366e+02  1.592694e+02 -4.114000e+01
     vertex  3.137715e+02  1.586660e+02 -4.114000e+01
     vertex  3.146122e+02  1.591699e+02 -4.114000e+01
   endloop
 endfacet
 facet normal  0.000000e+00  0.000000e+00 -1.000000e+00
   outer loop
     vertex  3.717577e+02  1.026656e+02 -4.114000e+01
     vertex  3.713386e+02  1.017795e+02 -4.114000e+01
     vertex  3.712073e+02  1.015721e+02 -4.114000e+01
   endloop
 endfacet
 facet normal  0.000000e+00  0.000000e+00 -1.000000e+00
   outer loop
     vertex  3.717577e+02  1.026656e+02 -4.114000e+01
     vertex  3.712073e+02  1.015721e+02 -4.114000e+01
     vertex  3.710660e+02  1.013715e+02 -4.114000e+01
   endloop
 endfacet
 facet normal  0.000000e+00  0.000000e+00 -1.000000e+00
   outer loop
     vertex  3.717577e+02  1.026656e+02 -4.114000e+01
     vertex  3.710660e+02  1.013715e+02 -4.114000e+01
     vertex  3.670500e+02  9.935000e+01 -4.114000e+01
   endloop
 endfacet
 facet normal  0.000000e+00  0.000000e+00 -1.000000e+00
   outer loop
     vertex  3.717577e+02  1.026656e+02 -4.114000e+01
     vertex  3.716694e+02  1.024366e+02 -4.114000e+01
     vertex  3.713386e+02  1.017795e+02 -4.114000e+01
   endloop
 endfacet
 facet normal  0.000000e+00  0.000000e+00 -1.000000e+00
   outer loop
     vertex  3.150656e+02  1.593577e+02 -4.114000e+01
     vertex  3.117500e+02  1.546500e+02 -4.114000e+01
     vertex  3.148366e+02  1.592694e+02 -4.114000e+01
   endloop
 endfacet
 facet normal  0.000000e+00  0.000000e+00 -1.000000e+00
   outer loop
     vertex  3.152986e+02  1.594347e+02 -4.114000e+01
     vertex  3.117500e+02  1.546500e+02 -4.114000e+01
     vertex  3.150656e+02  1.593577e+02 -4.114000e+01
   endloop
 endfacet
 facet normal  0.000000e+00  0.000000e+00 -1.000000e+00
   outer loop
     vertex  3.719002e+02  1.031351e+02 -4.114000e+01
     vertex  3.718347e+02  1.028986e+02 -4.114000e+01
     vertex  3.717577e+02  1.026656e+02 -4.114000e+01
   endloop
 endfacet
 facet normal  0.000000e+00  0.000000e+00 -1.000000e+00
   outer loop
     vertex  3.719002e+02  1.031351e+02 -4.114000e+01
     vertex  3.717577e+02  1.026656e+02 -4.114000e+01
     vertex  3.670500e+02  9.935000e+01 -4.114000e+01
   endloop
 endfacet
 facet normal  0.000000e+00  0.000000e+00 -1.000000e+00
   outer loop
     vertex  3.157745e+02  1.595539e+02 -4.114000e+01
     vertex  3.117500e+02  1.546500e+02 -4.114000e+01
     vertex  3.152986e+02  1.594347e+02 -4.114000e+01
   endloop
 endfacet
 facet normal  0.000000e+00  0.000000e+00 -1.000000e+00
   outer loop
     vertex  3.157745e+02  1.595539e+02 -4.114000e+01
     vertex  3.152986e+02  1.594347e+02 -4.114000e+01
     vertex  3.155351e+02  1.595002e+02 -4.114000e+01
   endloop
 endfacet
 facet normal  0.000000e+00  0.000000e+00 -1.000000e+00
   outer loop
     vertex  3.160163e+02  1.595959e+02 -4.114000e+01
     vertex  3.117500e+02  1.546500e+02 -4.114000e+01
     vertex  3.157745e+02  1.595539e+02 -4.114000e+01
   endloop
 endfacet
 facet normal  0.000000e+00  0.000000e+00 -1.000000e+00
   outer loop
     vertex  3.719959e+02  1.036163e+02 -4.114000e+01
     vertex  3.719002e+02  1.031351e+02 -4.114000e+01
     vertex  3.670500e+02  9.935000e+01 -4.114000e+01
   endloop
 endfacet
 facet normal  0.000000e+00  0.000000e+00 -1.000000e+00
   outer loop
     vertex  3.719959e+02  1.036163e+02 -4.114000e+01
     vertex  3.719539e+02  1.033745e+02 -4.114000e+01
     vertex  3.719002e+02  1.031351e+02 -4.114000e+01
   endloop
 endfacet
 facet normal  0.000000e+00  0.000000e+00 -1.000000e+00
   outer loop
     vertex  3.165047e+02  1.596440e+02 -4.114000e+01
     vertex  3.160163e+02  1.595959e+02 -4.114000e+01
     vertex  3.162599e+02  1.596259e+02 -4.114000e+01
   endloop
 endfacet
 facet normal -0.000000e+00  0.000000e+00 -1.000000e+00
   outer loop
     vertex  3.720500e+02  1.043500e+02 -4.114000e+01
     vertex  3.167500e+02  9.935000e+01 -4.114000e+01
     vertex  3.117500e+02  1.043500e+02 -4.114000e+01
   endloop
 endfacet
 facet normal  0.000000e+00  0.000000e+00 -1.000000e+00
   outer loop
     vertex  3.720500e+02  1.043500e+02 -4.114000e+01
     vertex  3.719959e+02  1.036163e+02 -4.114000e+01
     vertex  3.670500e+02  9.935000e+01 -4.114000e+01
   endloop
 endfacet
 facet normal  0.000000e+00  0.000000e+00 -1.000000e+00
   outer loop
     vertex  3.720500e+02  1.043500e+02 -4.114000e+01
     vertex  3.670500e+02  9.935000e+01 -4.114000e+01
     vertex  3.167500e+02  9.935000e+01 -4.114000e+01
   endloop
 endfacet
 facet normal  0.000000e+00  0.000000e+00 -1.000000e+00
   outer loop
     vertex  3.720500e+02  1.043500e+02 -4.114000e+01
     vertex  3.720440e+02  1.041047e+02 -4.114000e+01
     vertex  3.720259e+02  1.038599e+02 -4.114000e+01
   endloop
 endfacet
 facet normal  0.000000e+00  0.000000e+00 -1.000000e+00
   outer loop
     vertex  3.720500e+02  1.043500e+02 -4.114000e+01
     vertex  3.720259e+02  1.038599e+02 -4.114000e+01
     vertex  3.719959e+02  1.036163e+02 -4.114000e+01
   endloop
 endfacet
 facet normal  0.000000e+00  0.000000e+00 -1.000000e+00
   outer loop
     vertex  3.167500e+02  1.596500e+02 -4.114000e+01
     vertex  3.117500e+02  1.546500e+02 -4.114000e+01
     vertex  3.160163e+02  1.595959e+02 -4.114000e+01
   endloop
 endfacet
 facet normal  0.000000e+00  0.000000e+00 -1.000000e+00
   outer loop
     vertex  3.167500e+02  1.596500e+02 -4.114000e+01
     vertex  3.160163e+02  1.595959e+02 -4.114000e+01
     vertex  3.165047e+02  1.596440e+02 -4.114000e+01
   endloop
 endfacet
 facet normal -0.000000e+00  0.000000e+00 -1.000000e+00
   outer loop
     vertex  3.720500e+02  1.546500e+02 -4.114000e+01
     vertex  3.117500e+02  1.043500e+02 -4.114000e+01
     vertex  3.117500e+02  1.546500e+02 -4.114000e+01
   endloop
 endfacet
 facet normal  0.000000e+00 -0.000000e+00 -1.000000e+00
   outer loop
     vertex  3.720500e+02  1.546500e+02 -4.114000e+01
     vertex  3.720500e+02  1.043500e+02 -4.114000e+01
     vertex  3.117500e+02  1.043500e+02 -4.114000e+01
   endloop
 endfacet
 facet normal -0.000000e+00  0.000000e+00 -1.000000e+00
   outer loop
     vertex  3.670500e+02  1.596500e+02 -4.114000e+01
     vertex  3.117500e+02  1.546500e+02 -4.114000e+01
     vertex  3.167500e+02  1.596500e+02 -4.114000e+01
   endloop
 endfacet
 facet normal  0.000000e+00 -0.000000e+00 -1.000000e+00
   outer loop
     vertex  3.670500e+02  1.596500e+02 -4.114000e+01
     vertex  3.720500e+02  1.546500e+02 -4.114000e+01
     vertex  3.117500e+02  1.546500e+02 -4.114000e+01
   endloop
 endfacet
 facet normal  0.000000e+00  0.000000e+00 -1.000000e+00
   outer loop
     vertex  3.720259e+02  1.551401e+02 -4.114000e+01
     vertex  3.720440e+02  1.548953e+02 -4.114000e+01
     vertex  3.720500e+02  1.546500e+02 -4.114000e+01
   endloop
 endfacet
 facet normal  0.000000e+00  0.000000e+00 -1.000000e+00
   outer loop
     vertex  3.675401e+02  1.596259e+02 -4.114000e+01
     vertex  3.670500e+02  1.596500e+02 -4.114000e+01
     vertex  3.672953e+02  1.596440e+02 -4.114000e+01
   endloop
 endfacet
 facet normal  0.000000e+00  0.000000e+00 -1.000000e+00
   outer loop
     vertex  3.719959e+02  1.553837e+02 -4.114000e+01
     vertex  3.720259e+02  1.551401e+02 -4.114000e+01
     vertex  3.720500e+02  1.546500e+02 -4.114000e+01
   endloop
 endfacet
 facet normal  0.000000e+00  0.000000e+00 -1.000000e+00
   outer loop
     vertex  3.680255e+02  1.595539e+02 -4.114000e+01
     vertex  3.675401e+02  1.596259e+02 -4.114000e+01
     vertex  3.677837e+02  1.595959e+02 -4.114000e+01
   endloop
 endfacet
 facet normal -0.000000e+00 -0.000000e+00 -1.000000e+00
   outer loop
     vertex  3.719002e+02  1.558649e+02 -4.114000e+01
     vertex  3.720500e+02  1.546500e+02 -4.114000e+01
     vertex  3.670500e+02  1.596500e+02 -4.114000e+01
   endloop
 endfacet
 facet normal  0.000000e+00  0.000000e+00 -1.000000e+00
   outer loop
     vertex  3.719002e+02  1.558649e+02 -4.114000e+01
     vertex  3.670500e+02  1.596500e+02 -4.114000e+01
     vertex  3.675401e+02  1.596259e+02 -4.114000e+01
   endloop
 endfacet
 facet normal  0.000000e+00  0.000000e+00 -1.000000e+00
   outer loop
     vertex  3.719002e+02  1.558649e+02 -4.114000e+01
     vertex  3.719959e+02  1.553837e+02 -4.114000e+01
     vertex  3.720500e+02  1.546500e+02 -4.114000e+01
   endloop
 endfacet
 facet normal  0.000000e+00  0.000000e+00 -1.000000e+00
   outer loop
     vertex  3.719002e+02  1.558649e+02 -4.114000e+01
     vertex  3.719539e+02  1.556255e+02 -4.114000e+01
     vertex  3.719959e+02  1.553837e+02 -4.114000e+01
   endloop
 endfacet
 facet normal  0.000000e+00  0.000000e+00 -1.000000e+00
   outer loop
     vertex  3.718347e+02  1.561014e+02 -4.114000e+01
     vertex  3.675401e+02  1.596259e+02 -4.114000e+01
     vertex  3.680255e+02  1.595539e+02 -4.114000e+01
   endloop
 endfacet
 facet normal -0.000000e+00 -0.000000e+00 -1.000000e+00
   outer loop
     vertex  3.718347e+02  1.561014e+02 -4.114000e+01
     vertex  3.719002e+02  1.558649e+02 -4.114000e+01
     vertex  3.675401e+02  1.596259e+02 -4.114000e+01
   endloop
 endfacet
 facet normal  0.000000e+00  0.000000e+00 -1.000000e+00
   outer loop
     vertex  3.718347e+02  1.561014e+02 -4.114000e+01
     vertex  3.680255e+02  1.595539e+02 -4.114000e+01
     vertex  3.682649e+02  1.595002e+02 -4.114000e+01
   endloop
 endfacet
 facet normal -0.000000e+00 -0.000000e+00 -1.000000e+00
   outer loop
     vertex  3.717577e+02  1.563344e+02 -4.114000e+01
     vertex  3.718347e+02  1.561014e+02 -4.114000e+01
     vertex  3.682649e+02  1.595002e+02 -4.114000e+01
   endloop
 endfacet
 facet normal  0.000000e+00  0.000000e+00 -1.000000e+00
   outer loop
     vertex  3.717577e+02  1.563344e+02 -4.114000e+01
     vertex  3.682649e+02  1.595002e+02 -4.114000e+01
     vertex  3.685014e+02  1.594347e+02 -4.114000e+01
   endloop
 endfacet
 facet normal  0.000000e+00  0.000000e+00 -1.000000e+00
   outer loop
     vertex  3.689634e+02  1.592694e+02 -4.114000e+01
     vertex  3.685014e+02  1.594347e+02 -4.114000e+01
     vertex  3.687344e+02  1.593577e+02 -4.114000e+01
   endloop
 endfacet
 facet normal -0.000000e+00 -0.000000e+00 -1.000000e+00
   outer loop
     vertex  3.715699e+02  1.567878e+02 -4.114000e+01
     vertex  3.717577e+02  1.563344e+02 -4.114000e+01
     vertex  3.685014e+02  1.594347e+02 -4.114000e+01
   endloop
 endfacet
 facet normal  0.000000e+00  0.000000e+00 -1.000000e+00
   outer loop
     vertex  3.715699e+02  1.567878e+02 -4.114000e+01
     vertex  3.716694e+02  1.565634e+02 -4.114000e+01
     vertex  3.717577e+02  1.563344e+02 -4.114000e+01
   endloop
 endfacet
 facet normal  0.000000e+00  0.000000e+00 -1.000000e+00
   outer loop
     vertex  3.694070e+02  1.590596e+02 -4.114000e+01
     vertex  3.685014e+02  1.594347e+02 -4.114000e+01
     vertex  3.689634e+02  1.592694e+02 -4.114000e+01
   endloop
 endfacet
 facet normal  0.000000e+00  0.000000e+00 -1.000000e+00
   outer loop
     vertex  3.694070e+02  1.590596e+02 -4.114000e+01
     vertex  3.689634e+02  1.592694e+02 -4.114000e+01
     vertex  3.691878e+02  1.591699e+02 -4.114000e+01
   endloop
 endfacet
 facet normal -0.000000e+00 -0.000000e+00 -1.000000e+00
   outer loop
     vertex  3.713386e+02  1.572205e+02 -4.114000e+01
     vertex  3.715699e+02  1.567878e+02 -4.114000e+01
     vertex  3.685014e+02  1.594347e+02 -4.114000e+01
   endloop
 endfacet
 facet normal  0.000000e+00  0.000000e+00 -1.000000e+00
   outer loop
     vertex  3.713386e+02  1.572205e+02 -4.114000e+01
     vertex  3.685014e+02  1.594347e+02 -4.114000e+01
     vertex  3.694070e+02  1.590596e+02 -4.114000e+01
   endloop
 endfacet
 facet normal  0.000000e+00  0.000000e+00 -1.000000e+00
   outer loop
     vertex  3.713386e+02  1.572205e+02 -4.114000e+01
     vertex  3.714596e+02  1.570070e+02 -4.114000e+01
     vertex  3.715699e+02  1.567878e+02 -4.114000e+01
   endloop
 endfacet
 facet normal -0.000000e+00 -0.000000e+00 -1.000000e+00
   outer loop
     vertex  3.696205e+02  1.589386e+02 -4.114000e+01
     vertex  3.713386e+02  1.572205e+02 -4.114000e+01
     vertex  3.694070e+02  1.590596e+02 -4.114000e+01
   endloop
 endfacet
 facet normal -0.000000e+00 -0.000000e+00 -1.000000e+00
   outer loop
     vertex  3.712073e+02  1.574279e+02 -4.114000e+01
     vertex  3.713386e+02  1.572205e+02 -4.114000e+01
     vertex  3.696205e+02  1.589386e+02 -4.114000e+01
   endloop
 endfacet
 facet normal  0.000000e+00  0.000000e+00 -1.000000e+00
   outer loop
     vertex  3.700285e+02  1.586660e+02 -4.114000e+01
     vertex  3.696205e+02  1.589386e+02 -4.114000e+01
     vertex  3.698279e+02  1.588073e+02 -4.114000e+01
   endloop
 endfacet
 facet normal  0.000000e+00  0.000000e+00 -1.000000e+00
   outer loop
     vertex  3.702220e+02  1.585151e+02 -4.114000e+01
     vertex  3.710660e+02  1.576285e+02 -4.114000e+01
     vertex  3.712073e+02  1.574279e+02 -4.114000e+01
   endloop
 endfacet
 facet normal  0.000000e+00  0.000000e+00 -1.000000e+00
   outer loop
     vertex  3.702220e+02  1.585151e+02 -4.114000e+01
     vertex  3.709151e+02  1.578220e+02 -4.114000e+01
     vertex  3.710660e+02  1.576285e+02 -4.114000e+01
   endloop
 endfacet
 facet normal -0.000000e+00 -0.000000e+00 -1.000000e+00
   outer loop
     vertex  3.702220e+02  1.585151e+02 -4.114000e+01
     vertex  3.712073e+02  1.574279e+02 -4.114000e+01
     vertex  3.696205e+02  1.589386e+02 -4.114000e+01
   endloop
 endfacet
 facet normal  0.000000e+00  0.000000e+00 -1.000000e+00
   outer loop
     vertex  3.702220e+02  1.585151e+02 -4.114000e+01
     vertex  3.696205e+02  1.589386e+02 -4.114000e+01
     vertex  3.700285e+02  1.586660e+02 -4.114000e+01
   endloop
 endfacet
 facet normal  0.000000e+00  0.000000e+00 -1.000000e+00
   outer loop
     vertex  3.705855e+02  1.581855e+02 -4.114000e+01
     vertex  3.707548e+02  1.580078e+02 -4.114000e+01
     vertex  3.709151e+02  1.578220e+02 -4.114000e+01
   endloop
 endfacet
 facet normal -0.000000e+00 -0.000000e+00 -1.000000e+00
   outer loop
     vertex  3.705855e+02  1.581855e+02 -4.114000e+01
     vertex  3.709151e+02  1.578220e+02 -4.114000e+01
     vertex  3.702220e+02  1.585151e+02 -4.114000e+01
   endloop
 endfacet
 facet normal  0.000000e+00  0.000000e+00 -1.000000e+00
   outer loop
     vertex  3.705855e+02  1.581855e+02 -4.114000e+01
     vertex  3.702220e+02  1.585151e+02 -4.114000e+01
     vertex  3.704078e+02  1.583548e+02 -4.114000e+01
   endloop
 endfacet
 facet normal  0.000000e+00  1.000000e+00  0.000000e+00
   outer loop
     vertex  3.670500e+02  1.596500e+02 -3.114000e+01
     vertex  3.670500e+02  1.596500e+02 -4.114000e+01
     vertex  3.167500e+02  1.596500e+02 -4.114000e+01
   endloop
 endfacet
 facet normal  0.000000e+00  1.000000e+00  0.000000e+00
   outer loop
     vertex  3.670500e+02  1.596500e+02 -3.114000e+01
     vertex  3.167500e+02  1.596500e+02 -4.114000e+01
     vertex  3.167500e+02  1.596500e+02 -3.114000e+01
   endloop
 endfacet
 facet normal  9.996988e-01  2.454123e-02  0.000000e+00
   outer loop
     vertex  3.720440e+02  1.548953e+02 -3.114000e+01
     vertex  3.720500e+02  1.546500e+02 -4.114000e+01
     vertex  3.720440e+02  1.548953e+02 -4.114000e+01
   endloop
 endfacet
 facet normal  9.996988e-01  2.454123e-02  0.000000e+00
   outer loop
     vertex  3.720440e+02  1.548953e+02 -3.114000e+01
     vertex  3.720500e+02  1.546500e+02 -3.114000e+01
     vertex  3.720500e+02  1.546500e+02 -4.114000e+01
   endloop
 endfacet
 facet normal  9.972905e-01  7.356456e-02  0.000000e+00
   outer loop
     vertex  3.720259e+02  1.551401e+02 -3.114000e+01
     vertex  3.720440e+02  1.548953e+02 -4.114000e+01
     vertex  3.720259e+02  1.551401e+02 -4.114000e+01
   endloop
 endfacet
 facet normal  9.924795e-01  1.224107e-01  0.000000e+00
   outer loop
     vertex  3.720259e+02  1.551401e+02 -3.114000e+01
     vertex  3.720259e+02  1.551401e+02 -4.114000e+01
     vertex  3.719959e+02  1.553837e+02 -4.114000e+01
   endloop
 endfacet
 facet normal  9.972905e-01  7.356456e-02  0.000000e+00
   outer loop
     vertex  3.720259e+02  1.551401e+02 -3.114000e+01
     vertex  3.720440e+02  1.548953e+02 -3.114000e+01
     vertex  3.720440e+02  1.548953e+02 -4.114000e+01
   endloop
 endfacet
 facet normal  9.924795e-01  1.224107e-01  0.000000e+00
   outer loop
     vertex  3.719959e+02  1.553837e+02 -3.114000e+01
     vertex  3.720259e+02  1.551401e+02 -3.114000e+01
     vertex  3.719959e+02  1.553837e+02 -4.114000e+01
   endloop
 endfacet
 facet normal  9.852776e-01  1.709619e-01  0.000000e+00
   outer loop
     vertex  3.719539e+02  1.556255e+02 -3.114000e+01
     vertex  3.719959e+02  1.553837e+02 -4.114000e+01
     vertex  3.719539e+02  1.556255e+02 -4.114000e+01
   endloop
 endfacet
 facet normal  9.852776e-01  1.709619e-01  0.000000e+00
   outer loop
     vertex  3.719539e+02  1.556255e+02 -3.114000e+01
     vertex  3.719959e+02  1.553837e+02 -3.114000e+01
     vertex  3.719959e+02  1.553837e+02 -4.114000e+01
   endloop
 endfacet
 facet normal  9.757021e-01  2.191012e-01  0.000000e+00
   outer loop
     vertex  3.719002e+02  1.558649e+02 -3.114000e+01
     vertex  3.719539e+02  1.556255e+02 -4.114000e+01
     vertex  3.719002e+02  1.558649e+02 -4.114000e+01
   endloop
 endfacet
 facet normal  9.637761e-01  2.667128e-01  0.000000e+00
   outer loop
     vertex  3.719002e+02  1.558649e+02 -3.114000e+01
     vertex  3.719002e+02  1.558649e+02 -4.114000e+01
     vertex  3.718347e+02  1.561014e+02 -4.114000e+01
   endloop
 endfacet
 facet normal  9.757021e-01  2.191012e-01  0.000000e+00
   outer loop
     vertex  3.719002e+02  1.558649e+02 -3.114000e+01
     vertex  3.719539e+02  1.556255e+02 -3.114000e+01
     vertex  3.719539e+02  1.556255e+02 -4.114000e+01
   endloop
 endfacet
 facet normal  9.637761e-01  2.667128e-01  0.000000e+00
   outer loop
     vertex  3.718347e+02  1.561014e+02 -3.114000e+01
     vertex  3.719002e+02  1.558649e+02 -3.114000e+01
     vertex  3.718347e+02  1.561014e+02 -4.114000e+01
   endloop
 endfacet
 facet normal  9.495282e-01  3.136817e-01  0.000000e+00
   outer loop
     vertex  3.717577e+02  1.563344e+02 -3.114000e+01
     vertex  3.718347e+02  1.561014e+02 -4.114000e+01
     vertex  3.717577e+02  1.563344e+02 -4.114000e+01
   endloop
 endfacet
 facet normal  9.495282e-01  3.136817e-01  0.000000e+00
   outer loop
     vertex  3.717577e+02  1.563344e+02 -3.114000e+01
     vertex  3.718347e+02  1.561014e+02 -3.114000e+01
     vertex  3.718347e+02  1.561014e+02 -4.114000e+01
   endloop
 endfacet
 facet normal  9.329928e-01  3.598950e-01  0.000000e+00
   outer loop
     vertex  3.716694e+02  1.565634e+02 -3.114000e+01
     vertex  3.717577e+02  1.563344e+02 -4.114000e+01
     vertex  3.716694e+02  1.565634e+02 -4.114000e+01
   endloop
 endfacet
 facet normal  9.142098e-01  4.052413e-01  0.000000e+00
   outer loop
     vertex  3.716694e+02  1.565634e+02 -3.114000e+01
     vertex  3.716694e+02  1.565634e+02 -4.114000e+01
     vertex  3.715699e+02  1.567878e+02 -4.114000e+01
   endloop
 endfacet
 facet normal  9.329928e-01  3.598950e-01  0.000000e+00
   outer loop
     vertex  3.716694e+02  1.565634e+02 -3.114000e+01
     vertex  3.717577e+02  1.563344e+02 -3.114000e+01
     vertex  3.717577e+02  1.563344e+02 -4.114000e+01
   endloop
 endfacet
 facet normal  9.142098e-01  4.052413e-01  0.000000e+00
   outer loop
     vertex  3.715699e+02  1.567878e+02 -3.114000e+01
     vertex  3.716694e+02  1.565634e+02 -3.114000e+01
     vertex  3.715699e+02  1.567878e+02 -4.114000e+01
   endloop
 endfacet
 facet normal  8.932243e-01  4.496113e-01  0.000000e+00
   outer loop
     vertex  3.714596e+02  1.570070e+02 -3.114000e+01
     vertex  3.715699e+02  1.567878e+02 -4.114000e+01
     vertex  3.714596e+02  1.570070e+02 -4.114000e+01
   endloop
 endfacet
 facet normal  8.932243e-01  4.496113e-01  0.000000e+00
   outer loop
     vertex  3.714596e+02  1.570070e+02 -3.114000e+01
     vertex  3.715699e+02  1.567878e+02 -3.114000e+01
     vertex  3.715699e+02  1.567878e+02 -4.114000e+01
   endloop
 endfacet
 facet normal  8.700870e-01  4.928982e-01  0.000000e+00
   outer loop
     vertex  3.713386e+02  1.572205e+02 -3.114000e+01
     vertex  3.714596e+02  1.570070e+02 -4.114000e+01
     vertex  3.713386e+02  1.572205e+02 -4.114000e+01
   endloop
 endfacet
 facet normal  8.700870e-01  4.928982e-01  0.000000e+00
   outer loop
     vertex  3.713386e+02  1.572205e+02 -3.114000e+01
     vertex  3.714596e+02  1.570070e+02 -3.114000e+01
     vertex  3.714596e+02  1.570070e+02 -4.114000e+01
   endloop
 endfacet
 facet normal  8.448536e-01  5.349976e-01  0.000000e+00
   outer loop
     vertex  3.712073e+02  1.574279e+02 -3.114000e+01
     vertex  3.713386e+02  1.572205e+02 -4.114000e+01
     vertex  3.712073e+02  1.574279e+02 -4.114000e+01
   endloop
 endfacet
 facet normal  8.448536e-01  5.349976e-01  0.000000e+00
   outer loop
     vertex  3.712073e+02  1.574279e+02 -3.114000e+01
     vertex  3.713386e+02  1.572205e+02 -3.114000e+01
     vertex  3.713386e+02  1.572205e+02 -4.114000e+01
   endloop
 endfacet
 facet normal  8.175848e-01  5.758082e-01  0.000000e+00
   outer loop
     vertex  3.710660e+02  1.576285e+02 -3.114000e+01
     vertex  3.712073e+02  1.574279e+02 -4.114000e+01
     vertex  3.710660e+02  1.576285e+02 -4.114000e+01
   endloop
 endfacet
 facet normal  7.883464e-01  6.152316e-01  0.000000e+00
   outer loop
     vertex  3.710660e+02  1.576285e+02 -3.114000e+01
     vertex  3.710660e+02  1.576285e+02 -4.114000e+01
     vertex  3.709151e+02  1.578220e+02 -4.114000e+01
   endloop
 endfacet
 facet normal  8.175848e-01  5.758082e-01  0.000000e+00
   outer loop
     vertex  3.710660e+02  1.576285e+02 -3.114000e+01
     vertex  3.712073e+02  1.574279e+02 -3.114000e+01
     vertex  3.712073e+02  1.574279e+02 -4.114000e+01
   endloop
 endfacet
 facet normal  7.883464e-01  6.152316e-01  0.000000e+00
   outer loop
     vertex  3.709151e+02  1.578220e+02 -3.114000e+01
     vertex  3.710660e+02  1.576285e+02 -3.114000e+01
     vertex  3.709151e+02  1.578220e+02 -4.114000e+01
   endloop
 endfacet
 facet normal  7.572088e-01  6.531728e-01  0.000000e+00
   outer loop
     vertex  3.707548e+02  1.580078e+02 -3.114000e+01
     vertex  3.709151e+02  1.578220e+02 -4.114000e+01
     vertex  3.707548e+02  1.580078e+02 -4.114000e+01
   endloop
 endfacet
 facet normal  7.572088e-01  6.531728e-01  0.000000e+00
   outer loop
     vertex  3.707548e+02  1.580078e+02 -3.114000e+01
     vertex  3.709151e+02  1.578220e+02 -3.114000e+01
     vertex  3.709151e+02  1.578220e+02 -4.114000e+01
   endloop
 endfacet
 facet normal  7.242471e-01  6.895405e-01  0.000000e+00
   outer loop
     vertex  3.705855e+02  1.581855e+02 -3.114000e+01
     vertex  3.707548e+02  1.580078e+02 -4.114000e+01
     vertex  3.705855e+02  1.581855e+02 -4.114000e+01
   endloop
 endfacet
 facet normal  7.242471e-01  6.895405e-01  0.000000e+00
   outer loop
     vertex  3.705855e+02  1.581855e+02 -3.114000e+01
     vertex  3.707548e+02  1.580078e+02 -3.114000e+01
     vertex  3.707548e+02  1.580078e+02 -4.114000e+01
   endloop
 endfacet
 facet normal  6.895405e-01  7.242471e-01  0.000000e+00
   outer loop
     vertex  3.704078e+02  1.583548e+02 -3.114000e+01
     vertex  3.705855e+02  1.581855e+02 -4.114000e+01
     vertex  3.704078e+02  1.583548e+02 -4.114000e+01
   endloop
 endfacet
 facet normal  6.895405e-01  7.242471e-01  0.000000e+00
   outer loop
     vertex  3.704078e+02  1.583548e+02 -3.114000e+01
     vertex  3.705855e+02  1.581855e+02 -3.114000e+01
     vertex  3.705855e+02  1.581855e+02 -4.114000e+01
   endloop
 endfacet
 facet normal  6.531728e-01  7.572088e-01  0.000000e+00
   outer loop
     vertex  3.702220e+02  1.585151e+02 -3.114000e+01
     vertex  3.704078e+02  1.583548e+02 -4.114000e+01
     vertex  3.702220e+02  1.585151e+02 -4.114000e+01
   endloop
 endfacet
 facet normal  6.531728e-01  7.572088e-01  0.000000e+00
   outer loop
     vertex  3.702220e+02  1.585151e+02 -3.114000e+01
     vertex  3.704078e+02  1.583548e+02 -3.114000e+01
     vertex  3.704078e+02  1.583548e+02 -4.114000e+01
   endloop
 endfacet
 facet normal  6.152316e-01  7.883464e-01  0.000000e+00
   outer loop
     vertex  3.700285e+02  1.586660e+02 -3.114000e+01
     vertex  3.702220e+02  1.585151e+02 -4.114000e+01
     vertex  3.700285e+02  1.586660e+02 -4.114000e+01
   endloop
 endfacet
 facet normal  5.758082e-01  8.175848e-01  0.000000e+00
   outer loop
     vertex  3.700285e+02  1.586660e+02 -3.114000e+01
     vertex  3.700285e+02  1.586660e+02 -4.114000e+01
     vertex  3.698279e+02  1.588073e+02 -4.114000e+01
   endloop
 endfacet
 facet normal  6.152316e-01  7.883464e-01  0.000000e+00
   outer loop
     vertex  3.700285e+02  1.586660e+02 -3.114000e+01
     vertex  3.702220e+02  1.585151e+02 -3.114000e+01
     vertex  3.702220e+02  1.585151e+02 -4.114000e+01
   endloop
 endfacet
 facet normal  5.758082e-01  8.175848e-01  0.000000e+00
   outer loop
     vertex  3.698279e+02  1.588073e+02 -3.114000e+01
     vertex  3.700285e+02  1.586660e+02 -3.114000e+01
     vertex  3.698279e+02  1.588073e+02 -4.114000e+01
   endloop
 endfacet
 facet normal  5.349976e-01  8.448536e-01  0.000000e+00
   outer loop
     vertex  3.696205e+02  1.589386e+02 -3.114000e+01
     vertex  3.698279e+02  1.588073e+02 -4.114000e+01
     vertex  3.696205e+02  1.589386e+02 -4.114000e+01
   endloop
 endfacet
 facet normal  5.349976e-01  8.448536e-01  0.000000e+00
   outer loop
     vertex  3.696205e+02  1.589386e+02 -3.114000e+01
     vertex  3.698279e+02  1.588073e+02 -3.114000e+01
     vertex  3.698279e+02  1.588073e+02 -4.114000e+01
   endloop
 endfacet
 facet normal  4.928982e-01  8.700870e-01  0.000000e+00
   outer loop
     vertex  3.694070e+02  1.590596e+02 -3.114000e+01
     vertex  3.696205e+02  1.589386e+02 -4.114000e+01
     vertex  3.694070e+02  1.590596e+02 -4.114000e+01
   endloop
 endfacet
 facet normal  4.928982e-01  8.700870e-01  0.000000e+00
   outer loop
     vertex  3.694070e+02  1.590596e+02 -3.114000e+01
     vertex  3.696205e+02  1.589386e+02 -3.114000e+01
     vertex  3.696205e+02  1.589386e+02 -4.114000e+01
   endloop
 endfacet
 facet normal  4.496113e-01  8.932243e-01  0.000000e+00
   outer loop
     vertex  3.691878e+02  1.591699e+02 -3.114000e+01
     vertex  3.694070e+02  1.590596e+02 -4.114000e+01
     vertex  3.691878e+02  1.591699e+02 -4.114000e+01
   endloop
 endfacet
 facet normal  4.496113e-01  8.932243e-01  0.000000e+00
   outer loop
     vertex  3.691878e+02  1.591699e+02 -3.114000e+01
     vertex  3.694070e+02  1.590596e+02 -3.114000e+01
     vertex  3.694070e+02  1.590596e+02 -4.114000e+01
   endloop
 endfacet
 facet normal  4.052413e-01  9.142098e-01  0.000000e+00
   outer loop
     vertex  3.689634e+02  1.592694e+02 -3.114000e+01
     vertex  3.691878e+02  1.591699e+02 -4.114000e+01
     vertex  3.689634e+02  1.592694e+02 -4.114000e+01
   endloop
 endfacet
 facet normal  4.052413e-01  9.142098e-01  0.000000e+00
   outer loop
     vertex  3.689634e+02  1.592694e+02 -3.114000e+01
     vertex  3.691878e+02  1.591699e+02 -3.114000e+01
     vertex  3.691878e+02  1.591699e+02 -4.114000e+01
   endloop
 endfacet
 facet normal  3.598950e-01  9.329928e-01  0.000000e+00
   outer loop
     vertex  3.687344e+02  1.593577e+02 -3.114000e+01
     vertex  3.689634e+02  1.592694e+02 -4.114000e+01
     vertex  3.687344e+02  1.593577e+02 -4.114000e+01
   endloop
 endfacet
 facet normal  3.598950e-01  9.329928e-01  0.000000e+00
   outer loop
     vertex  3.687344e+02  1.593577e+02 -3.114000e+01
     vertex  3.689634e+02  1.592694e+02 -3.114000e+01
     vertex  3.689634e+02  1.592694e+02 -4.114000e+01
   endloop
 endfacet
 facet normal  3.136817e-01  9.495282e-01  0.000000e+00
   outer loop
     vertex  3.685014e+02  1.594347e+02 -3.114000e+01
     vertex  3.687344e+02  1.593577e+02 -4.114000e+01
     vertex  3.685014e+02  1.594347e+02 -4.114000e+01
   endloop
 endfacet
 facet normal  3.136817e-01  9.495282e-01  0.000000e+00
   outer loop
     vertex  3.685014e+02  1.594347e+02 -3.114000e+01
     vertex  3.687344e+02  1.593577e+02 -3.114000e+01
     vertex  3.687344e+02  1.593577e+02 -4.114000e+01
   endloop
 endfacet
 facet normal  2.667128e-01  9.637761e-01  0.000000e+00
   outer loop
     vertex  3.682649e+02  1.595002e+02 -3.114000e+01
     vertex  3.685014e+02  1.594347e+02 -4.114000e+01
     vertex  3.682649e+02  1.595002e+02 -4.114000e+01
   endloop
 endfacet
 facet normal  2.667128e-01  9.637761e-01  0.000000e+00
   outer loop
     vertex  3.682649e+02  1.595002e+02 -3.114000e+01
     vertex  3.685014e+02  1.594347e+02 -3.114000e+01
     vertex  3.685014e+02  1.594347e+02 -4.114000e+01
   endloop
 endfacet
 facet normal  2.191012e-01  9.757021e-01  0.000000e+00
   outer loop
     vertex  3.680255e+02  1.595539e+02 -3.114000e+01
     vertex  3.682649e+02  1.595002e+02 -4.114000e+01
     vertex  3.680255e+02  1.595539e+02 -4.114000e+01
   endloop
 endfacet
 facet normal  2.191012e-01  9.757021e-01  0.000000e+00
   outer loop
     vertex  3.680255e+02  1.595539e+02 -3.114000e+01
     vertex  3.682649e+02  1.595002e+02 -3.114000e+01
     vertex  3.682649e+02  1.595002e+02 -4.114000e+01
   endloop
 endfacet
 facet normal  1.709619e-01  9.852776e-01  0.000000e+00
   outer loop
     vertex  3.677837e+02  1.595959e+02 -3.114000e+01
     vertex  3.680255e+02  1.595539e+02 -4.114000e+01
     vertex  3.677837e+02  1.595959e+02 -4.114000e+01
   endloop
 endfacet
 facet normal  1.224107e-01  9.924795e-01  0.000000e+00
   outer loop
     vertex  3.677837e+02  1.595959e+02 -3.114000e+01
     vertex  3.677837e+02  1.595959e+02 -4.114000e+01
     vertex  3.675401e+02  1.596259e+02 -4.114000e+01
   endloop
 endfacet
 facet normal  1.709619e-01  9.852776e-01  0.000000e+00
   outer loop
     vertex  3.677837e+02  1.595959e+02 -3.114000e+01
     vertex  3.680255e+02  1.595539e+02 -3.114000e+01
     vertex  3.680255e+02  1.595539e+02 -4.114000e+01
   endloop
 endfacet
 facet normal  1.224107e-01  9.924795e-01  0.000000e+00
   outer loop
     vertex  3.675401e+02  1.596259e+02 -3.114000e+01
     vertex  3.677837e+02  1.595959e+02 -3.114000e+01
     vertex  3.675401e+02  1.596259e+02 -4.114000e+01
   endloop
 endfacet
 facet normal  7.356456e-02  9.972905e-01  0.000000e+00
   outer loop
     vertex  3.672953e+02  1.596440e+02 -3.114000e+01
     vertex  3.675401e+02  1.596259e+02 -4.114000e+01
     vertex  3.672953e+02  1.596440e+02 -4.114000e+01
   endloop
 endfacet
 facet normal  2.454123e-02  9.996988e-01  0.000000e+00
   outer loop
     vertex  3.672953e+02  1.596440e+02 -3.114000e+01
     vertex  3.672953e+02  1.596440e+02 -4.114000e+01
     vertex  3.670500e+02  1.596500e+02 -4.114000e+01
   endloop
 endfacet
 facet normal  7.356456e-02  9.972905e-01  0.000000e+00
   outer loop
     vertex  3.672953e+02  1.596440e+02 -3.114000e+01
     vertex  3.675401e+02  1.596259e+02 -3.114000e+01
     vertex  3.675401e+02  1.596259e+02 -4.114000e+01
   endloop
 endfacet
 facet normal  2.454123e-02  9.996988e-01  0.000000e+00
   outer loop
     vertex  3.670500e+02  1.596500e+02 -3.114000e+01
     vertex  3.672953e+02  1.596440e+02 -3.114000e+01
     vertex  3.670500e+02  1.596500e+02 -4.114000e+01
   endloop
 endfacet
 facet normal  1.000000e+00  0.000000e+00  0.000000e+00
   outer loop
     vertex  3.720500e+02  1.043500e+02 -3.114000e+01
     vertex  3.720500e+02  1.043500e+02 -4.114000e+01
     vertex  3.720500e+02  1.546500e+02 -4.114000e+01
   endloop
 endfacet
 facet normal  1.000000e+00 -0.000000e+00  0.000000e+00
   outer loop
     vertex  3.720500e+02  1.043500e+02 -3.114000e+01
     vertex  3.720500e+02  1.546500e+02 -4.114000e+01
     vertex  3.720500e+02  1.546500e+02 -3.114000e+01
   endloop
 endfacet
 facet normal  9.996988e-01 -2.454123e-02  0.000000e+00
   outer loop
     vertex  3.720500e+02  1.043500e+02 -3.114000e+01
     vertex  3.720440e+02  1.041047e+02 -4.114000e+01
     vertex  3.720500e+02  1.043500e+02 -4.114000e+01
   endloop
 endfacet
 facet normal  9.996988e-01 -2.454123e-02  0.000000e+00
   outer loop
     vertex  3.720440e+02  1.041047e+02 -3.114000e+01
     vertex  3.720440e+02  1.041047e+02 -4.114000e+01
     vertex  3.720500e+02  1.043500e+02 -3.114000e+01
   endloop
 endfacet
 facet normal  9.972905e-01 -7.356456e-02  0.000000e+00
   outer loop
     vertex  3.720259e+02  1.038599e+02 -3.114000e+01
     vertex  3.720259e+02  1.038599e+02 -4.114000e+01
     vertex  3.720440e+02  1.041047e+02 -4.114000e+01
   endloop
 endfacet
 facet normal  9.924795e-01 -1.224107e-01  0.000000e+00
   outer loop
     vertex  3.720259e+02  1.038599e+02 -3.114000e+01
     vertex  3.719959e+02  1.036163e+02 -4.114000e+01
     vertex  3.720259e+02  1.038599e+02 -4.114000e+01
   endloop
 endfacet
 facet normal  9.972905e-01 -7.356456e-02  0.000000e+00
   outer loop
     vertex  3.720259e+02  1.038599e+02 -3.114000e+01
     vertex  3.720440e+02  1.041047e+02 -4.114000e+01
     vertex  3.720440e+02  1.041047e+02 -3.114000e+01
   endloop
 endfacet
 facet normal  9.924795e-01 -1.224107e-01  0.000000e+00
   outer loop
     vertex  3.719959e+02  1.036163e+02 -3.114000e+01
     vertex  3.719959e+02  1.036163e+02 -4.114000e+01
     vertex  3.720259e+02  1.038599e+02 -3.114000e+01
   endloop
 endfacet
 facet normal  9.852776e-01 -1.709619e-01  0.000000e+00
   outer loop
     vertex  3.719539e+02  1.033745e+02 -3.114000e+01
     vertex  3.719539e+02  1.033745e+02 -4.114000e+01
     vertex  3.719959e+02  1.036163e+02 -4.114000e+01
   endloop
 endfacet
 facet normal  9.852776e-01 -1.709619e-01  0.000000e+00
   outer loop
     vertex  3.719539e+02  1.033745e+02 -3.114000e+01
     vertex  3.719959e+02  1.036163e+02 -4.114000e+01
     vertex  3.719959e+02  1.036163e+02 -3.114000e+01
   endloop
 endfacet
 facet normal  9.757021e-01 -2.191012e-01  0.000000e+00
   outer loop
     vertex  3.719002e+02  1.031351e+02 -3.114000e+01
     vertex  3.719002e+02  1.031351e+02 -4.114000e+01
     vertex  3.719539e+02  1.033745e+02 -4.114000e+01
   endloop
 endfacet
 facet normal  9.637761e-01 -2.667128e-01  0.000000e+00
   outer loop
     vertex  3.719002e+02  1.031351e+02 -3.114000e+01
     vertex  3.718347e+02  1.028986e+02 -4.114000e+01
     vertex  3.719002e+02  1.031351e+02 -4.114000e+01
   endloop
 endfacet
 facet normal  9.757021e-01 -2.191012e-01  0.000000e+00
   outer loop
     vertex  3.719002e+02  1.031351e+02 -3.114000e+01
     vertex  3.719539e+02  1.033745e+02 -4.114000e+01
     vertex  3.719539e+02  1.033745e+02 -3.114000e+01
   endloop
 endfacet
 facet normal  9.637761e-01 -2.667128e-01  0.000000e+00
   outer loop
     vertex  3.718347e+02  1.028986e+02 -3.114000e+01
     vertex  3.718347e+02  1.028986e+02 -4.114000e+01
     vertex  3.719002e+02  1.031351e+02 -3.114000e+01
   endloop
 endfacet
 facet normal  9.495282e-01 -3.136817e-01  0.000000e+00
   outer loop
     vertex  3.717577e+02  1.026656e+02 -3.114000e+01
     vertex  3.717577e+02  1.026656e+02 -4.114000e+01
     vertex  3.718347e+02  1.028986e+02 -4.114000e+01
   endloop
 endfacet
 facet normal  9.495282e-01 -3.136817e-01  0.000000e+00
   outer loop
     vertex  3.717577e+02  1.026656e+02 -3.114000e+01
     vertex  3.718347e+02  1.028986e+02 -4.114000e+01
     vertex  3.718347e+02  1.028986e+02 -3.114000e+01
   endloop
 endfacet
 facet normal  9.329928e-01 -3.598950e-01  0.000000e+00
   outer loop
     vertex  3.716694e+02  1.024366e+02 -3.114000e+01
     vertex  3.716694e+02  1.024366e+02 -4.114000e+01
     vertex  3.717577e+02  1.026656e+02 -4.114000e+01
   endloop
 endfacet
 facet normal  9.329928e-01 -3.598950e-01  0.000000e+00
   outer loop
     vertex  3.716694e+02  1.024366e+02 -3.114000e+01
     vertex  3.717577e+02  1.026656e+02 -4.114000e+01
     vertex  3.717577e+02  1.026656e+02 -3.114000e+01
   endloop
 endfacet
 facet normal  9.142098e-01 -4.052413e-01  0.000000e+00
   outer loop
     vertex  3.715699e+02  1.022122e+02 -3.114000e+01
     vertex  3.716694e+02  1.024366e+02 -4.114000e+01
     vertex  3.716694e+02  1.024366e+02 -3.114000e+01
   endloop
 endfacet
 facet normal  9.142098e-01 -4.052413e-01  0.000000e+00
   outer loop
     vertex  3.715699e+02  1.022122e+02 -3.114000e+01
     vertex  3.715699e+02  1.022122e+02 -4.114000e+01
     vertex  3.716694e+02  1.024366e+02 -4.114000e+01
   endloop
 endfacet
 facet normal  8.932243e-01 -4.496113e-01  0.000000e+00
   outer loop
     vertex  3.714596e+02  1.019930e+02 -3.114000e+01
     vertex  3.714596e+02  1.019930e+02 -4.114000e+01
     vertex  3.715699e+02  1.022122e+02 -4.114000e+01
   endloop
 endfacet
 facet normal  8.932243e-01 -4.496113e-01  0.000000e+00
   outer loop
     vertex  3.714596e+02  1.019930e+02 -3.114000e+01
     vertex  3.715699e+02  1.022122e+02 -4.114000e+01
     vertex  3.715699e+02  1.022122e+02 -3.114000e+01
   endloop
 endfacet
 facet normal  8.700870e-01 -4.928982e-01  0.000000e+00
   outer loop
     vertex  3.713386e+02  1.017795e+02 -3.114000e+01
     vertex  3.713386e+02  1.017795e+02 -4.114000e+01
     vertex  3.714596e+02  1.019930e+02 -4.114000e+01
   endloop
 endfacet
 facet normal  8.448536e-01 -5.349976e-01  0.000000e+00
   outer loop
     vertex  3.713386e+02  1.017795e+02 -3.114000e+01
     vertex  3.712073e+02  1.015721e+02 -4.114000e+01
     vertex  3.713386e+02  1.017795e+02 -4.114000e+01
   endloop
 endfacet
 facet normal  8.700870e-01 -4.928982e-01  0.000000e+00
   outer loop
     vertex  3.713386e+02  1.017795e+02 -3.114000e+01
     vertex  3.714596e+02  1.019930e+02 -4.114000e+01
     vertex  3.714596e+02  1.019930e+02 -3.114000e+01
   endloop
 endfacet
 facet normal  8.448536e-01 -5.349976e-01  0.000000e+00
   outer loop
     vertex  3.712073e+02  1.015721e+02 -3.114000e+01
     vertex  3.712073e+02  1.015721e+02 -4.114000e+01
     vertex  3.713386e+02  1.017795e+02 -3.114000e+01
   endloop
 endfacet
 facet normal  8.175848e-01 -5.758082e-01  0.000000e+00
   outer loop
     vertex  3.710660e+02  1.013715e+02 -3.114000e+01
     vertex  3.710660e+02  1.013715e+02 -4.114000e+01
     vertex  3.712073e+02  1.015721e+02 -4.114000e+01
   endloop
 endfacet
 facet normal  8.175848e-01 -5.758082e-01  0.000000e+00
   outer loop
     vertex  3.710660e+02  1.013715e+02 -3.114000e+01
     vertex  3.712073e+02  1.015721e+02 -4.114000e+01
     vertex  3.712073e+02  1.015721e+02 -3.114000e+01
   endloop
 endfacet
 facet normal  7.883464e-01 -6.152316e-01  0.000000e+00
   outer loop
     vertex  3.709151e+02  1.011780e+02 -3.114000e+01
     vertex  3.709151e+02  1.011780e+02 -4.114000e+01
     vertex  3.710660e+02  1.013715e+02 -4.114000e+01
   endloop
 endfacet
 facet normal  7.883464e-01 -6.152316e-01  0.000000e+00
   outer loop
     vertex  3.709151e+02  1.011780e+02 -3.114000e+01
     vertex  3.710660e+02  1.013715e+02 -4.114000e+01
     vertex  3.710660e+02  1.013715e+02 -3.114000e+01
   endloop
 endfacet
 facet normal  7.572088e-01 -6.531728e-01  0.000000e+00
   outer loop
     vertex  3.707548e+02  1.009922e+02 -3.114000e+01
     vertex  3.707548e+02  1.009922e+02 -4.114000e+01
     vertex  3.709151e+02  1.011780e+02 -4.114000e+01
   endloop
 endfacet
 facet normal  7.572088e-01 -6.531728e-01  0.000000e+00
   outer loop
     vertex  3.707548e+02  1.009922e+02 -3.114000e+01
     vertex  3.709151e+02  1.011780e+02 -4.114000e+01
     vertex  3.709151e+02  1.011780e+02 -3.114000e+01
   endloop
 endfacet
 facet normal  7.242471e-01 -6.895405e-01  0.000000e+00
   outer loop
     vertex  3.705855e+02  1.008145e+02 -3.114000e+01
     vertex  3.705855e+02  1.008145e+02 -4.114000e+01
     vertex  3.707548e+02  1.009922e+02 -4.114000e+01
   endloop
 endfacet
 facet normal  7.242471e-01 -6.895405e-01  0.000000e+00
   outer loop
     vertex  3.705855e+02  1.008145e+02 -3.114000e+01
     vertex  3.707548e+02  1.009922e+02 -4.114000e+01
     vertex  3.707548e+02  1.009922e+02 -3.114000e+01
   endloop
 endfacet
 facet normal  6.895405e-01 -7.242471e-01  0.000000e+00
   outer loop
     vertex  3.704078e+02  1.006452e+02 -3.114000e+01
     vertex  3.704078e+02  1.006452e+02 -4.114000e+01
     vertex  3.705855e+02  1.008145e+02 -4.114000e+01
   endloop
 endfacet
 facet normal  6.895405e-01 -7.242471e-01  0.000000e+00
   outer loop
     vertex  3.704078e+02  1.006452e+02 -3.114000e+01
     vertex  3.705855e+02  1.008145e+02 -4.114000e+01
     vertex  3.705855e+02  1.008145e+02 -3.114000e+01
   endloop
 endfacet
 facet normal  6.531728e-01 -7.572088e-01  0.000000e+00
   outer loop
     vertex  3.702220e+02  1.004849e+02 -3.114000e+01
     vertex  3.702220e+02  1.004849e+02 -4.114000e+01
     vertex  3.704078e+02  1.006452e+02 -4.114000e+01
   endloop
 endfacet
 facet normal  6.531728e-01 -7.572088e-01  0.000000e+00
   outer loop
     vertex  3.702220e+02  1.004849e+02 -3.114000e+01
     vertex  3.704078e+02  1.006452e+02 -4.114000e+01
     vertex  3.704078e+02  1.006452e+02 -3.114000e+01
   endloop
 endfacet
 facet normal  6.152316e-01 -7.883464e-01  0.000000e+00
   outer loop
     vertex  3.700285e+02  1.003340e+02 -3.114000e+01
     vertex  3.700285e+02  1.003340e+02 -4.114000e+01
     vertex  3.702220e+02  1.004849e+02 -4.114000e+01
   endloop
 endfacet
 facet normal  6.152316e-01 -7.883464e-01  0.000000e+00
   outer loop
     vertex  3.700285e+02  1.003340e+02 -3.114000e+01
     vertex  3.702220e+02  1.004849e+02 -4.114000e+01
     vertex  3.702220e+02  1.004849e+02 -3.114000e+01
   endloop
 endfacet
 facet normal  5.758082e-01 -8.175848e-01  0.000000e+00
   outer loop
     vertex  3.698279e+02  1.001927e+02 -3.114000e+01
     vertex  3.698279e+02  1.001927e+02 -4.114000e+01
     vertex  3.700285e+02  1.003340e+02 -4.114000e+01
   endloop
 endfacet
 facet normal  5.758082e-01 -8.175848e-01  0.000000e+00
   outer loop
     vertex  3.698279e+02  1.001927e+02 -3.114000e+01
     vertex  3.700285e+02  1.003340e+02 -4.114000e+01
     vertex  3.700285e+02  1.003340e+02 -3.114000e+01
   endloop
 endfacet
 facet normal  5.349976e-01 -8.448536e-01  0.000000e+00
   outer loop
     vertex  3.696205e+02  1.000614e+02 -3.114000e+01
     vertex  3.696205e+02  1.000614e+02 -4.114000e+01
     vertex  3.698279e+02  1.001927e+02 -4.114000e+01
   endloop
 endfacet
 facet normal  5.349976e-01 -8.448536e-01  0.000000e+00
   outer loop
     vertex  3.696205e+02  1.000614e+02 -3.114000e+01
     vertex  3.698279e+02  1.001927e+02 -4.114000e+01
     vertex  3.698279e+02  1.001927e+02 -3.114000e+01
   endloop
 endfacet
 facet normal  4.928982e-01 -8.700870e-01  0.000000e+00
   outer loop
     vertex  3.694070e+02  9.994039e+01 -3.114000e+01
     vertex  3.694070e+02  9.994039e+01 -4.114000e+01
     vertex  3.696205e+02  1.000614e+02 -4.114000e+01
   endloop
 endfacet
 facet normal  4.928982e-01 -8.700870e-01  0.000000e+00
   outer loop
     vertex  3.694070e+02  9.994039e+01 -3.114000e+01
     vertex  3.696205e+02  1.000614e+02 -4.114000e+01
     vertex  3.696205e+02  1.000614e+02 -3.114000e+01
   endloop
 endfacet
 facet normal  4.496113e-01 -8.932243e-01  0.000000e+00
   outer loop
     vertex  3.691878e+02  9.983005e+01 -3.114000e+01
     vertex  3.691878e+02  9.983005e+01 -4.114000e+01
     vertex  3.694070e+02  9.994039e+01 -4.114000e+01
   endloop
 endfacet
 facet normal  4.496113e-01 -8.932243e-01  0.000000e+00
   outer loop
     vertex  3.691878e+02  9.983005e+01 -3.114000e+01
     vertex  3.694070e+02  9.994039e+01 -4.114000e+01
     vertex  3.694070e+02  9.994039e+01 -3.114000e+01
   endloop
 endfacet
 facet normal  4.052413e-01 -9.142098e-01  0.000000e+00
   outer loop
     vertex  3.689634e+02  9.973060e+01 -3.114000e+01
     vertex  3.689634e+02  9.973060e+01 -4.114000e+01
     vertex  3.691878e+02  9.983005e+01 -4.114000e+01
   endloop
 endfacet
 facet normal  4.052413e-01 -9.142098e-01  0.000000e+00
   outer loop
     vertex  3.689634e+02  9.973060e+01 -3.114000e+01
     vertex  3.691878e+02  9.983005e+01 -4.114000e+01
     vertex  3.691878e+02  9.983005e+01 -3.114000e+01
   endloop
 endfacet
 facet normal  3.598950e-01 -9.329928e-01  0.000000e+00
   outer loop
     vertex  3.687344e+02  9.964228e+01 -3.114000e+01
     vertex  3.687344e+02  9.964228e+01 -4.114000e+01
     vertex  3.689634e+02  9.973060e+01 -4.114000e+01
   endloop
 endfacet
 facet normal  3.598950e-01 -9.329928e-01  0.000000e+00
   outer loop
     vertex  3.687344e+02  9.964228e+01 -3.114000e+01
     vertex  3.689634e+02  9.973060e+01 -4.114000e+01
     vertex  3.689634e+02  9.973060e+01 -3.114000e+01
   endloop
 endfacet
 facet normal  3.136817e-01 -9.495282e-01  0.000000e+00
   outer loop
     vertex  3.685014e+02  9.956530e+01 -3.114000e+01
     vertex  3.685014e+02  9.956530e+01 -4.114000e+01
     vertex  3.687344e+02  9.964228e+01 -4.114000e+01
   endloop
 endfacet
 facet normal  3.136817e-01 -9.495282e-01  0.000000e+00
   outer loop
     vertex  3.685014e+02  9.956530e+01 -3.114000e+01
     vertex  3.687344e+02  9.964228e+01 -4.114000e+01
     vertex  3.687344e+02  9.964228e+01 -3.114000e+01
   endloop
 endfacet
 facet normal  2.667128e-01 -9.637761e-01  0.000000e+00
   outer loop
     vertex  3.682649e+02  9.949984e+01 -3.114000e+01
     vertex  3.682649e+02  9.949984e+01 -4.114000e+01
     vertex  3.685014e+02  9.956530e+01 -4.114000e+01
   endloop
 endfacet
 facet normal  2.667128e-01 -9.637761e-01  0.000000e+00
   outer loop
     vertex  3.682649e+02  9.949984e+01 -3.114000e+01
     vertex  3.685014e+02  9.956530e+01 -4.114000e+01
     vertex  3.685014e+02  9.956530e+01 -3.114000e+01
   endloop
 endfacet
 facet normal  2.191012e-01 -9.757021e-01  0.000000e+00
   outer loop
     vertex  3.680255e+02  9.944607e+01 -3.114000e+01
     vertex  3.680255e+02  9.944607e+01 -4.114000e+01
     vertex  3.682649e+02  9.949984e+01 -4.114000e+01
   endloop
 endfacet
 facet normal  2.191012e-01 -9.757021e-01  0.000000e+00
   outer loop
     vertex  3.680255e+02  9.944607e+01 -3.114000e+01
     vertex  3.682649e+02  9.949984e+01 -4.114000e+01
     vertex  3.682649e+02  9.949984e+01 -3.114000e+01
   endloop
 endfacet
 facet normal  1.709619e-01 -9.852776e-01  0.000000e+00
   outer loop
     vertex  3.677837e+02  9.940412e+01 -3.114000e+01
     vertex  3.677837e+02  9.940412e+01 -4.114000e+01
     vertex  3.680255e+02  9.944607e+01 -4.114000e+01
   endloop
 endfacet
 facet normal  1.709619e-01 -9.852776e-01  0.000000e+00
   outer loop
     vertex  3.677837e+02  9.940412e+01 -3.114000e+01
     vertex  3.680255e+02  9.944607e+01 -4.114000e+01
     vertex  3.680255e+02  9.944607e+01 -3.114000e+01
   endloop
 endfacet
 facet normal  1.224107e-01 -9.924795e-01  0.000000e+00
   outer loop
     vertex  3.675401e+02  9.937408e+01 -3.114000e+01
     vertex  3.675401e+02  9.937408e+01 -4.114000e+01
     vertex  3.677837e+02  9.940412e+01 -4.114000e+01
   endloop
 endfacet
 facet normal  7.356456e-02 -9.972905e-01  0.000000e+00
   outer loop
     vertex  3.675401e+02  9.937408e+01 -3.114000e+01
     vertex  3.672953e+02  9.935602e+01 -4.114000e+01
     vertex  3.675401e+02  9.937408e+01 -4.114000e+01
   endloop
 endfacet
 facet normal  1.224107e-01 -9.924795e-01  0.000000e+00
   outer loop
     vertex  3.675401e+02  9.937408e+01 -3.114000e+01
     vertex  3.677837e+02  9.940412e+01 -4.114000e+01
     vertex  3.677837e+02  9.940412e+01 -3.114000e+01
   endloop
 endfacet
 facet normal  7.356456e-02 -9.972905e-01  0.000000e+00
   outer loop
     vertex  3.672953e+02  9.935602e+01 -3.114000e+01
     vertex  3.672953e+02  9.935602e+01 -4.114000e+01
     vertex  3.675401e+02  9.937408e+01 -3.114000e+01
   endloop
 endfacet
 facet normal  2.454123e-02 -9.996988e-01  0.000000e+00
   outer loop
     vertex  3.672953e+02  9.935602e+01 -3.114000e+01
     vertex  3.670500e+02  9.935000e+01 -4.114000e+01
     vertex  3.672953e+02  9.935602e+01 -4.114000e+01
   endloop
 endfacet
 facet normal  2.454123e-02 -9.996988e-01  0.000000e+00
   outer loop
     vertex  3.670500e+02  9.935000e+01 -3.114000e+01
     vertex  3.670500e+02  9.935000e+01 -4.114000e+01
     vertex  3.672953e+02  9.935602e+01 -3.114000e+01
   endloop
 endfacet
 facet normal  0.000000e+00 -1.000000e+00 -0.000000e+00
   outer loop
     vertex  3.670500e+02  9.935000e+01 -3.114000e+01
     vertex  3.167500e+02  9.935000e+01 -4.114000e+01
     vertex  3.670500e+02  9.935000e+01 -4.114000e+01
   endloop
 endfacet
 facet normal -0.000000e+00 -1.000000e+00  0.000000e+00
   outer loop
     vertex  3.670500e+02  9.935000e+01 -3.114000e+01
     vertex  3.167500e+02  9.935000e+01 -3.114000e+01
     vertex  3.167500e+02  9.935000e+01 -4.114000e+01
   endloop
 endfacet
 facet normal -9.955865e-01 -9.384890e-02  3.004273e-12
   outer loop
     vertex  3.148789e+02  9.985521e+01 -3.114000e+01
     vertex  3.148928e+02  9.970772e+01 -3.314000e+01
     vertex  3.148928e+02  9.970772e+01 -3.114000e+01
   endloop
 endfacet
 facet normal -9.955865e-01 -9.384890e-02  2.116163e-14
   outer loop
     vertex  3.148789e+02  9.985521e+01 -3.114000e+01
     vertex  3.148789e+02  9.985521e+01 -3.314000e+01
     vertex  3.148928e+02  9.970772e+01 -3.314000e+01
   endloop
 endfacet
 facet normal -9.897396e-01 -1.428830e-01  3.984444e-14
   outer loop
     vertex  3.148577e+02  1.000018e+02 -3.114000e+01
     vertex  3.148577e+02  1.000018e+02 -3.314000e+01
     vertex  3.148789e+02  9.985521e+01 -3.314000e+01
   endloop
 endfacet
 facet normal -9.897396e-01 -1.428830e-01 -2.758361e-14
   outer loop
     vertex  3.148577e+02  1.000018e+02 -3.114000e+01
     vertex  3.148789e+02  9.985521e+01 -3.314000e+01
     vertex  3.148789e+02  9.985521e+01 -3.114000e+01
   endloop
 endfacet
 facet normal -9.814792e-01 -1.915687e-01  9.475307e-15
   outer loop
     vertex  3.148294e+02  1.001472e+02 -3.114000e+01
     vertex  3.148294e+02  1.001472e+02 -3.314000e+01
     vertex  3.148577e+02  1.000018e+02 -3.314000e+01
   endloop
 endfacet
 facet normal -9.814792e-01 -1.915687e-01 -5.497693e-15
   outer loop
     vertex  3.148294e+02  1.001472e+02 -3.114000e+01
     vertex  3.148577e+02  1.000018e+02 -3.314000e+01
     vertex  3.148577e+02  1.000018e+02 -3.114000e+01
   endloop
 endfacet
 facet normal -9.708255e-01 -2.397873e-01  1.595338e-14
   outer loop
     vertex  3.147938e+02  1.002911e+02 -3.114000e+01
     vertex  3.147938e+02  1.002911e+02 -3.314000e+01
     vertex  3.148294e+02  1.001472e+02 -3.314000e+01
   endloop
 endfacet
 facet normal -9.708255e-01 -2.397873e-01 -3.208452e-14
   outer loop
     vertex  3.147938e+02  1.002911e+02 -3.114000e+01
     vertex  3.148294e+02  1.001472e+02 -3.314000e+01
     vertex  3.148294e+02  1.001472e+02 -3.114000e+01
   endloop
 endfacet
 facet normal -9.578043e-01 -2.874211e-01  6.278491e-16
   outer loop
     vertex  3.147512e+02  1.004329e+02 -3.114000e+01
     vertex  3.147512e+02  1.004329e+02 -3.314000e+01
     vertex  3.147938e+02  1.002911e+02 -3.314000e+01
   endloop
 endfacet
 facet normal -9.578043e-01 -2.874211e-01 -2.183855e-14
   outer loop
     vertex  3.147512e+02  1.004329e+02 -3.114000e+01
     vertex  3.147938e+02  1.002911e+02 -3.314000e+01
     vertex  3.147938e+02  1.002911e+02 -3.114000e+01
   endloop
 endfacet
 facet normal -9.424476e-01 -3.343540e-01  1.710234e-14
   outer loop
     vertex  3.147017e+02  1.005726e+02 -3.114000e+01
     vertex  3.147017e+02  1.005726e+02 -3.314000e+01
     vertex  3.147512e+02  1.004329e+02 -3.314000e+01
   endloop
 endfacet
 facet normal -9.424476e-01 -3.343540e-01 -3.343991e-14
   outer loop
     vertex  3.147017e+02  1.005726e+02 -3.114000e+01
     vertex  3.147512e+02  1.004329e+02 -3.314000e+01
     vertex  3.147512e+02  1.004329e+02 -3.114000e+01
   endloop
 endfacet
 facet normal -9.247926e-01 -3.804716e-01  1.833115e-14
   outer loop
     vertex  3.146453e+02  1.007096e+02 -3.114000e+01
     vertex  3.146453e+02  1.007096e+02 -3.314000e+01
     vertex  3.147017e+02  1.005726e+02 -3.314000e+01
   endloop
 endfacet
 facet normal -9.247926e-01 -3.804716e-01 -1.411016e-14
   outer loop
     vertex  3.146453e+02  1.007096e+02 -3.114000e+01
     vertex  3.147017e+02  1.005726e+02 -3.314000e+01
     vertex  3.147017e+02  1.005726e+02 -3.114000e+01
   endloop
 endfacet
 facet normal -9.048825e-01 -4.256614e-01 -1.442216e-15
   outer loop
     vertex  3.145823e+02  1.008436e+02 -3.114000e+01
     vertex  3.145823e+02  1.008436e+02 -3.314000e+01
     vertex  3.146453e+02  1.007096e+02 -3.314000e+01
   endloop
 endfacet
 facet normal -9.048825e-01 -4.256614e-01 -8.993032e-15
   outer loop
     vertex  3.145823e+02  1.008436e+02 -3.114000e+01
     vertex  3.146453e+02  1.007096e+02 -3.314000e+01
     vertex  3.146453e+02  1.007096e+02 -3.114000e+01
   endloop
 endfacet
 facet normal -8.827658e-01 -4.698132e-01 -2.466643e-14
   outer loop
     vertex  3.145127e+02  1.009744e+02 -3.114000e+01
     vertex  3.145823e+02  1.008436e+02 -3.314000e+01
     vertex  3.145823e+02  1.008436e+02 -3.114000e+01
   endloop
 endfacet
 facet normal -8.827658e-01 -4.698132e-01  8.716814e-15
   outer loop
     vertex  3.145127e+02  1.009744e+02 -3.114000e+01
     vertex  3.145127e+02  1.009744e+02 -3.314000e+01
     vertex  3.145823e+02  1.008436e+02 -3.314000e+01
   endloop
 endfacet
 facet normal -8.584965e-01 -5.128194e-01 -1.138766e-14
   outer loop
     vertex  3.144367e+02  1.011016e+02 -3.114000e+01
     vertex  3.145127e+02  1.009744e+02 -3.314000e+01
     vertex  3.145127e+02  1.009744e+02 -3.114000e+01
   endloop
 endfacet
 facet normal -8.584965e-01 -5.128194e-01  6.475953e-16
   outer loop
     vertex  3.144367e+02  1.011016e+02 -3.114000e+01
     vertex  3.144367e+02  1.011016e+02 -3.314000e+01
     vertex  3.145127e+02  1.009744e+02 -3.314000e+01
   endloop
 endfacet
 facet normal -8.321337e-01 -5.545750e-01 -1.571439e-14
   outer loop
     vertex  3.143546e+02  1.012249e+02 -3.114000e+01
     vertex  3.144367e+02  1.011016e+02 -3.314000e+01
     vertex  3.144367e+02  1.011016e+02 -3.114000e+01
   endloop
 endfacet
 facet normal -8.321337e-01 -5.545750e-01  2.368920e-14
   outer loop
     vertex  3.143546e+02  1.012249e+02 -3.114000e+01
     vertex  3.143546e+02  1.012249e+02 -3.314000e+01
     vertex  3.144367e+02  1.011016e+02 -3.314000e+01
   endloop
 endfacet
 facet normal -8.037417e-01 -5.949783e-01  2.595778e-15
   outer loop
     vertex  3.142664e+02  1.013439e+02 -3.114000e+01
     vertex  3.142664e+02  1.013439e+02 -3.314000e+01
     vertex  3.143546e+02  1.012249e+02 -3.314000e+01
   endloop
 endfacet
 facet normal -8.037417e-01 -5.949783e-01  1.023426e-14
   outer loop
     vertex  3.142664e+02  1.013439e+02 -3.114000e+01
     vertex  3.143546e+02  1.012249e+02 -3.314000e+01
     vertex  3.143546e+02  1.012249e+02 -3.114000e+01
   endloop
 endfacet
 facet normal -7.733898e-01 -6.339307e-01 -5.585715e-15
   outer loop
     vertex  3.141725e+02  1.014585e+02 -3.114000e+01
     vertex  3.141725e+02  1.014585e+02 -3.314000e+01
     vertex  3.142664e+02  1.013439e+02 -3.314000e+01
   endloop
 endfacet
 facet normal -7.733898e-01 -6.339307e-01 -6.662806e-15
   outer loop
     vertex  3.141725e+02  1.014585e+02 -3.114000e+01
     vertex  3.142664e+02  1.013439e+02 -3.314000e+01
     vertex  3.142664e+02  1.013439e+02 -3.114000e+01
   endloop
 endfacet
 facet normal -7.411520e-01 -6.713373e-01  1.984252e-15
   outer loop
     vertex  3.140731e+02  1.015683e+02 -3.114000e+01
     vertex  3.140731e+02  1.015683e+02 -3.314000e+01
     vertex  3.141725e+02  1.014585e+02 -3.314000e+01
   endloop
 endfacet
 facet normal -7.411520e-01 -6.713373e-01 -1.033964e-14
   outer loop
     vertex  3.140731e+02  1.015683e+02 -3.114000e+01
     vertex  3.141725e+02  1.014585e+02 -3.314000e+01
     vertex  3.141725e+02  1.014585e+02 -3.114000e+01
   endloop
 endfacet
 facet normal -7.071068e-01 -7.071068e-01 -5.024296e-15
   outer loop
     vertex  3.139683e+02  1.016731e+02 -3.114000e+01
     vertex  3.139683e+02  1.016731e+02 -3.314000e+01
     vertex  3.140731e+02  1.015683e+02 -3.314000e+01
   endloop
 endfacet
 facet normal -6.713373e-01 -7.411520e-01 -3.281949e-15
   outer loop
     vertex  3.139683e+02  1.016731e+02 -3.114000e+01
     vertex  3.138585e+02  1.017725e+02 -3.314000e+01
     vertex  3.139683e+02  1.016731e+02 -3.314000e+01
   endloop
 endfacet
 facet normal -7.071068e-01 -7.071068e-01  0.000000e+00
   outer loop
     vertex  3.139683e+02  1.016731e+02 -3.114000e+01
     vertex  3.140731e+02  1.015683e+02 -3.314000e+01
     vertex  3.140731e+02  1.015683e+02 -3.114000e+01
   endloop
 endfacet
 facet normal -6.339307e-01 -7.733898e-01  9.004663e-16
   outer loop
     vertex  3.138585e+02  1.017725e+02 -3.114000e+01
     vertex  3.137439e+02  1.018664e+02 -3.314000e+01
     vertex  3.138585e+02  1.017725e+02 -3.314000e+01
   endloop
 endfacet
 facet normal -6.713373e-01 -7.411520e-01 -4.579647e-15
   outer loop
     vertex  3.138585e+02  1.017725e+02 -3.114000e+01
     vertex  3.138585e+02  1.017725e+02 -3.314000e+01
     vertex  3.139683e+02  1.016731e+02 -3.114000e+01
   endloop
 endfacet
 facet normal -5.949783e-01 -8.037417e-01  1.112425e-15
   outer loop
     vertex  3.137439e+02  1.018664e+02 -3.114000e+01
     vertex  3.136249e+02  1.019546e+02 -3.314000e+01
     vertex  3.137439e+02  1.018664e+02 -3.314000e+01
   endloop
 endfacet
 facet normal -6.339307e-01 -7.733898e-01 -7.657998e-15
   outer loop
     vertex  3.137439e+02  1.018664e+02 -3.114000e+01
     vertex  3.137439e+02  1.018664e+02 -3.314000e+01
     vertex  3.138585e+02  1.017725e+02 -3.114000e+01
   endloop
 endfacet
 facet normal -5.545750e-01 -8.321337e-01  1.383219e-14
   outer loop
     vertex  3.136249e+02  1.019546e+02 -3.114000e+01
     vertex  3.135016e+02  1.020367e+02 -3.314000e+01
     vertex  3.136249e+02  1.019546e+02 -3.314000e+01
   endloop
 endfacet
 facet normal -5.949783e-01 -8.037417e-01  1.557394e-15
   outer loop
     vertex  3.136249e+02  1.019546e+02 -3.114000e+01
     vertex  3.136249e+02  1.019546e+02 -3.314000e+01
     vertex  3.137439e+02  1.018664e+02 -3.114000e+01
   endloop
 endfacet
 facet normal -5.128194e-01 -8.584965e-01  2.132278e-14
   outer loop
     vertex  3.135016e+02  1.020367e+02 -3.114000e+01
     vertex  3.133744e+02  1.021127e+02 -3.314000e+01
     vertex  3.135016e+02  1.020367e+02 -3.314000e+01
   endloop
 endfacet
 facet normal -5.545750e-01 -8.321337e-01  5.958911e-15
   outer loop
     vertex  3.135016e+02  1.020367e+02 -3.114000e+01
     vertex  3.135016e+02  1.020367e+02 -3.314000e+01
     vertex  3.136249e+02  1.019546e+02 -3.114000e+01
   endloop
 endfacet
 facet normal -4.698132e-01 -8.827658e-01  1.539326e-14
   outer loop
     vertex  3.133744e+02  1.021127e+02 -3.114000e+01
     vertex  3.132436e+02  1.021823e+02 -3.314000e+01
     vertex  3.133744e+02  1.021127e+02 -3.314000e+01
   endloop
 endfacet
 facet normal -5.128194e-01 -8.584965e-01 -4.102873e-15
   outer loop
     vertex  3.133744e+02  1.021127e+02 -3.114000e+01
     vertex  3.133744e+02  1.021127e+02 -3.314000e+01
     vertex  3.135016e+02  1.020367e+02 -3.114000e+01
   endloop
 endfacet
 facet normal -4.256614e-01 -9.048825e-01  1.141694e-14
   outer loop
     vertex  3.132436e+02  1.021823e+02 -3.114000e+01
     vertex  3.131096e+02  1.022453e+02 -3.314000e+01
     vertex  3.132436e+02  1.021823e+02 -3.314000e+01
   endloop
 endfacet
 facet normal -4.698132e-01 -8.827658e-01 -1.212057e-14
   outer loop
     vertex  3.132436e+02  1.021823e+02 -3.114000e+01
     vertex  3.132436e+02  1.021823e+02 -3.314000e+01
     vertex  3.133744e+02  1.021127e+02 -3.114000e+01
   endloop
 endfacet
 facet normal -3.804716e-01 -9.247926e-01  9.056690e-15
   outer loop
     vertex  3.131096e+02  1.022453e+02 -3.114000e+01
     vertex  3.129726e+02  1.023017e+02 -3.314000e+01
     vertex  3.131096e+02  1.022453e+02 -3.314000e+01
   endloop
 endfacet
 facet normal -4.256614e-01 -9.048825e-01 -1.844756e-14
   outer loop
     vertex  3.131096e+02  1.022453e+02 -3.114000e+01
     vertex  3.131096e+02  1.022453e+02 -3.314000e+01
     vertex  3.132436e+02  1.021823e+02 -3.114000e+01
   endloop
 endfacet
 facet normal -3.343540e-01 -9.424476e-01  1.753303e-14
   outer loop
     vertex  3.129726e+02  1.023017e+02 -3.114000e+01
     vertex  3.128329e+02  1.023512e+02 -3.314000e+01
     vertex  3.129726e+02  1.023017e+02 -3.314000e+01
   endloop
 endfacet
 facet normal -3.804716e-01 -9.247926e-01 -1.257062e-14
   outer loop
     vertex  3.129726e+02  1.023017e+02 -3.114000e+01
     vertex  3.129726e+02  1.023017e+02 -3.314000e+01
     vertex  3.131096e+02  1.022453e+02 -3.114000e+01
   endloop
 endfacet
 facet normal -2.874211e-01 -9.578043e-01  2.308693e-14
   outer loop
     vertex  3.128329e+02  1.023512e+02 -3.114000e+01
     vertex  3.126911e+02  1.023938e+02 -3.314000e+01
     vertex  3.128329e+02  1.023512e+02 -3.314000e+01
   endloop
 endfacet
 facet normal -3.343540e-01 -9.424476e-01 -1.097571e-14
   outer loop
     vertex  3.128329e+02  1.023512e+02 -3.114000e+01
     vertex  3.128329e+02  1.023512e+02 -3.314000e+01
     vertex  3.129726e+02  1.023017e+02 -3.114000e+01
   endloop
 endfacet
 facet normal -2.397873e-01 -9.708255e-01  2.285151e-14
   outer loop
     vertex  3.126911e+02  1.023938e+02 -3.114000e+01
     vertex  3.125472e+02  1.024294e+02 -3.314000e+01
     vertex  3.126911e+02  1.023938e+02 -3.314000e+01
   endloop
 endfacet
 facet normal -2.874211e-01 -9.578043e-01 -1.503129e-14
   outer loop
     vertex  3.126911e+02  1.023938e+02 -3.114000e+01
     vertex  3.126911e+02  1.023938e+02 -3.314000e+01
     vertex  3.128329e+02  1.023512e+02 -3.114000e+01
   endloop
 endfacet
 facet normal -1.915687e-01 -9.814792e-01  1.644914e-14
   outer loop
     vertex  3.125472e+02  1.024294e+02 -3.114000e+01
     vertex  3.124018e+02  1.024577e+02 -3.314000e+01
     vertex  3.125472e+02  1.024294e+02 -3.314000e+01
   endloop
 endfacet
 facet normal -2.397873e-01 -9.708255e-01 -2.518650e-14
   outer loop
     vertex  3.125472e+02  1.024294e+02 -3.114000e+01
     vertex  3.125472e+02  1.024294e+02 -3.314000e+01
     vertex  3.126911e+02  1.023938e+02 -3.114000e+01
   endloop
 endfacet
 facet normal -1.428830e-01 -9.897396e-01  2.476415e-14
   outer loop
     vertex  3.124018e+02  1.024577e+02 -3.114000e+01
     vertex  3.122552e+02  1.024789e+02 -3.314000e+01
     vertex  3.124018e+02  1.024577e+02 -3.314000e+01
   endloop
 endfacet
 facet normal -1.915687e-01 -9.814792e-01 -2.080648e-14
   outer loop
     vertex  3.124018e+02  1.024577e+02 -3.114000e+01
     vertex  3.124018e+02  1.024577e+02 -3.314000e+01
     vertex  3.125472e+02  1.024294e+02 -3.114000e+01
   endloop
 endfacet
 facet normal -9.384890e-02 -9.955865e-01  2.690203e-14
   outer loop
     vertex  3.122552e+02  1.024789e+02 -3.114000e+01
     vertex  3.121077e+02  1.024928e+02 -3.314000e+01
     vertex  3.122552e+02  1.024789e+02 -3.314000e+01
   endloop
 endfacet
 facet normal -1.428830e-01 -9.897396e-01 -2.258140e-14
   outer loop
     vertex  3.122552e+02  1.024789e+02 -3.114000e+01
     vertex  3.122552e+02  1.024789e+02 -3.314000e+01
     vertex  3.124018e+02  1.024577e+02 -3.114000e+01
   endloop
 endfacet
 facet normal -9.384890e-02 -9.955865e-01  3.004273e-12
   outer loop
     vertex  3.121077e+02  1.024928e+02 -3.114000e+01
     vertex  3.121077e+02  1.024928e+02 -3.314000e+01
     vertex  3.122552e+02  1.024789e+02 -3.114000e+01
   endloop
 endfacet
 facet normal  0.000000e+00  0.000000e+00  1.000000e+00
   outer loop
     vertex  3.148789e+02  9.985521e+01 -3.314000e+01
     vertex  3.146739e+02  9.980140e+01 -3.314000e+01
     vertex  3.148928e+02  9.970772e+01 -3.314000e+01
   endloop
 endfacet
 facet normal  0.000000e+00  0.000000e+00  1.000000e+00
   outer loop
     vertex  3.122552e+02  1.024789e+02 -3.314000e+01
     vertex  3.121077e+02  1.024928e+02 -3.314000e+01
     vertex  3.122014e+02  1.022739e+02 -3.314000e+01
   endloop
 endfacet
 facet normal  0.000000e+00  0.000000e+00  1.000000e+00
   outer loop
     vertex  3.148577e+02  1.000018e+02 -3.314000e+01
     vertex  3.144597e+02  9.990540e+01 -3.314000e+01
     vertex  3.146739e+02  9.980140e+01 -3.314000e+01
   endloop
 endfacet
 facet normal  0.000000e+00  0.000000e+00  1.000000e+00
   outer loop
     vertex  3.148577e+02  1.000018e+02 -3.314000e+01
     vertex  3.146739e+02  9.980140e+01 -3.314000e+01
     vertex  3.148789e+02  9.985521e+01 -3.314000e+01
   endloop
 endfacet
 facet normal  0.000000e+00  0.000000e+00  1.000000e+00
   outer loop
     vertex  3.124018e+02  1.024577e+02 -3.314000e+01
     vertex  3.122014e+02  1.022739e+02 -3.314000e+01
     vertex  3.123054e+02  1.020597e+02 -3.314000e+01
   endloop
 endfacet
 facet normal  0.000000e+00  0.000000e+00  1.000000e+00
   outer loop
     vertex  3.124018e+02  1.024577e+02 -3.314000e+01
     vertex  3.122552e+02  1.024789e+02 -3.314000e+01
     vertex  3.122014e+02  1.022739e+02 -3.314000e+01
   endloop
 endfacet
 facet normal  0.000000e+00  0.000000e+00  1.000000e+00
   outer loop
     vertex  3.148294e+02  1.001472e+02 -3.314000e+01
     vertex  3.144597e+02  9.990540e+01 -3.314000e+01
     vertex  3.148577e+02  1.000018e+02 -3.314000e+01
   endloop
 endfacet
 facet normal  0.000000e+00  0.000000e+00  1.000000e+00
   outer loop
     vertex  3.125472e+02  1.024294e+02 -3.314000e+01
     vertex  3.124018e+02  1.024577e+02 -3.314000e+01
     vertex  3.123054e+02  1.020597e+02 -3.314000e+01
   endloop
 endfacet
 facet normal  0.000000e+00  0.000000e+00  1.000000e+00
   outer loop
     vertex  3.147938e+02  1.002911e+02 -3.314000e+01
     vertex  3.142507e+02  1.000195e+02 -3.314000e+01
     vertex  3.144597e+02  9.990540e+01 -3.314000e+01
   endloop
 endfacet
 facet normal  0.000000e+00  0.000000e+00  1.000000e+00
   outer loop
     vertex  3.147938e+02  1.002911e+02 -3.314000e+01
     vertex  3.144597e+02  9.990540e+01 -3.314000e+01
     vertex  3.148294e+02  1.001472e+02 -3.314000e+01
   endloop
 endfacet
 facet normal  0.000000e+00  0.000000e+00  1.000000e+00
   outer loop
     vertex  3.126911e+02  1.023938e+02 -3.314000e+01
     vertex  3.123054e+02  1.020597e+02 -3.314000e+01
     vertex  3.124195e+02  1.018507e+02 -3.314000e+01
   endloop
 endfacet
 facet normal  0.000000e+00  0.000000e+00  1.000000e+00
   outer loop
     vertex  3.126911e+02  1.023938e+02 -3.314000e+01
     vertex  3.125472e+02  1.024294e+02 -3.314000e+01
     vertex  3.123054e+02  1.020597e+02 -3.314000e+01
   endloop
 endfacet
 facet normal  0.000000e+00  0.000000e+00  1.000000e+00
   outer loop
     vertex  3.147512e+02  1.004329e+02 -3.314000e+01
     vertex  3.142507e+02  1.000195e+02 -3.314000e+01
     vertex  3.147938e+02  1.002911e+02 -3.314000e+01
   endloop
 endfacet
 facet normal  0.000000e+00  0.000000e+00  1.000000e+00
   outer loop
     vertex  3.128329e+02  1.023512e+02 -3.314000e+01
     vertex  3.126911e+02  1.023938e+02 -3.314000e+01
     vertex  3.124195e+02  1.018507e+02 -3.314000e+01
   endloop
 endfacet
 facet normal  0.000000e+00  0.000000e+00  1.000000e+00
   outer loop
     vertex  3.147017e+02  1.005726e+02 -3.314000e+01
     vertex  3.142507e+02  1.000195e+02 -3.314000e+01
     vertex  3.147512e+02  1.004329e+02 -3.314000e+01
   endloop
 endfacet
 facet normal  0.000000e+00  0.000000e+00  1.000000e+00
   outer loop
     vertex  3.147017e+02  1.005726e+02 -3.314000e+01
     vertex  3.140473e+02  1.001434e+02 -3.314000e+01
     vertex  3.142507e+02  1.000195e+02 -3.314000e+01
   endloop
 endfacet
 facet normal  0.000000e+00  0.000000e+00  1.000000e+00
   outer loop
     vertex  3.129726e+02  1.023017e+02 -3.314000e+01
     vertex  3.124195e+02  1.018507e+02 -3.314000e+01
     vertex  3.125434e+02  1.016473e+02 -3.314000e+01
   endloop
 endfacet
 facet normal  0.000000e+00  0.000000e+00  1.000000e+00
   outer loop
     vertex  3.129726e+02  1.023017e+02 -3.314000e+01
     vertex  3.128329e+02  1.023512e+02 -3.314000e+01
     vertex  3.124195e+02  1.018507e+02 -3.314000e+01
   endloop
 endfacet
 facet normal  0.000000e+00  0.000000e+00  1.000000e+00
   outer loop
     vertex  3.146453e+02  1.007096e+02 -3.314000e+01
     vertex  3.140473e+02  1.001434e+02 -3.314000e+01
     vertex  3.147017e+02  1.005726e+02 -3.314000e+01
   endloop
 endfacet
 facet normal  0.000000e+00  0.000000e+00  1.000000e+00
   outer loop
     vertex  3.146453e+02  1.007096e+02 -3.314000e+01
     vertex  3.138501e+02  1.002768e+02 -3.314000e+01
     vertex  3.140473e+02  1.001434e+02 -3.314000e+01
   endloop
 endfacet
 facet normal  0.000000e+00  0.000000e+00  1.000000e+00
   outer loop
     vertex  3.131096e+02  1.022453e+02 -3.314000e+01
     vertex  3.125434e+02  1.016473e+02 -3.314000e+01
     vertex  3.126768e+02  1.014501e+02 -3.314000e+01
   endloop
 endfacet
 facet normal  0.000000e+00  0.000000e+00  1.000000e+00
   outer loop
     vertex  3.131096e+02  1.022453e+02 -3.314000e+01
     vertex  3.129726e+02  1.023017e+02 -3.314000e+01
     vertex  3.125434e+02  1.016473e+02 -3.314000e+01
   endloop
 endfacet
 facet normal  0.000000e+00  0.000000e+00  1.000000e+00
   outer loop
     vertex  3.145823e+02  1.008436e+02 -3.314000e+01
     vertex  3.138501e+02  1.002768e+02 -3.314000e+01
     vertex  3.146453e+02  1.007096e+02 -3.314000e+01
   endloop
 endfacet
 facet normal  0.000000e+00  0.000000e+00  1.000000e+00
   outer loop
     vertex  3.132436e+02  1.021823e+02 -3.314000e+01
     vertex  3.131096e+02  1.022453e+02 -3.314000e+01
     vertex  3.126768e+02  1.014501e+02 -3.314000e+01
   endloop
 endfacet
 facet normal  0.000000e+00  0.000000e+00  1.000000e+00
   outer loop
     vertex  3.145127e+02  1.009744e+02 -3.314000e+01
     vertex  3.136595e+02  1.004195e+02 -3.314000e+01
     vertex  3.138501e+02  1.002768e+02 -3.314000e+01
   endloop
 endfacet
 facet normal  0.000000e+00  0.000000e+00  1.000000e+00
   outer loop
     vertex  3.145127e+02  1.009744e+02 -3.314000e+01
     vertex  3.138501e+02  1.002768e+02 -3.314000e+01
     vertex  3.145823e+02  1.008436e+02 -3.314000e+01
   endloop
 endfacet
 facet normal  0.000000e+00  0.000000e+00  1.000000e+00
   outer loop
     vertex  3.133744e+02  1.021127e+02 -3.314000e+01
     vertex  3.126768e+02  1.014501e+02 -3.314000e+01
     vertex  3.128195e+02  1.012595e+02 -3.314000e+01
   endloop
 endfacet
 facet normal  0.000000e+00  0.000000e+00  1.000000e+00
   outer loop
     vertex  3.133744e+02  1.021127e+02 -3.314000e+01
     vertex  3.132436e+02  1.021823e+02 -3.314000e+01
     vertex  3.126768e+02  1.014501e+02 -3.314000e+01
   endloop
 endfacet
 facet normal  0.000000e+00  0.000000e+00  1.000000e+00
   outer loop
     vertex  3.144367e+02  1.011016e+02 -3.314000e+01
     vertex  3.136595e+02  1.004195e+02 -3.314000e+01
     vertex  3.145127e+02  1.009744e+02 -3.314000e+01
   endloop
 endfacet
 facet normal  0.000000e+00  0.000000e+00  1.000000e+00
   outer loop
     vertex  3.135016e+02  1.020367e+02 -3.314000e+01
     vertex  3.133744e+02  1.021127e+02 -3.314000e+01
     vertex  3.128195e+02  1.012595e+02 -3.314000e+01
   endloop
 endfacet
 facet normal  0.000000e+00  0.000000e+00  1.000000e+00
   outer loop
     vertex  3.143546e+02  1.012249e+02 -3.314000e+01
     vertex  3.134759e+02  1.005711e+02 -3.314000e+01
     vertex  3.136595e+02  1.004195e+02 -3.314000e+01
   endloop
 endfacet
 facet normal  0.000000e+00  0.000000e+00  1.000000e+00
   outer loop
     vertex  3.143546e+02  1.012249e+02 -3.314000e+01
     vertex  3.136595e+02  1.004195e+02 -3.314000e+01
     vertex  3.144367e+02  1.011016e+02 -3.314000e+01
   endloop
 endfacet
 facet normal  0.000000e+00  0.000000e+00  1.000000e+00
   outer loop
     vertex  3.136249e+02  1.019546e+02 -3.314000e+01
     vertex  3.128195e+02  1.012595e+02 -3.314000e+01
     vertex  3.129711e+02  1.010759e+02 -3.314000e+01
   endloop
 endfacet
 facet normal  0.000000e+00  0.000000e+00  1.000000e+00
   outer loop
     vertex  3.136249e+02  1.019546e+02 -3.314000e+01
     vertex  3.135016e+02  1.020367e+02 -3.314000e+01
     vertex  3.128195e+02  1.012595e+02 -3.314000e+01
   endloop
 endfacet
 facet normal  0.000000e+00  0.000000e+00  1.000000e+00
   outer loop
     vertex  3.142664e+02  1.013439e+02 -3.314000e+01
     vertex  3.134759e+02  1.005711e+02 -3.314000e+01
     vertex  3.143546e+02  1.012249e+02 -3.314000e+01
   endloop
 endfacet
 facet normal  0.000000e+00  0.000000e+00  1.000000e+00
   outer loop
     vertex  3.137439e+02  1.018664e+02 -3.314000e+01
     vertex  3.136249e+02  1.019546e+02 -3.314000e+01
     vertex  3.129711e+02  1.010759e+02 -3.314000e+01
   endloop
 endfacet
 facet normal  0.000000e+00  0.000000e+00  1.000000e+00
   outer loop
     vertex  3.141725e+02  1.014585e+02 -3.314000e+01
     vertex  3.132997e+02  1.007313e+02 -3.314000e+01
     vertex  3.134759e+02  1.005711e+02 -3.314000e+01
   endloop
 endfacet
 facet normal  0.000000e+00  0.000000e+00  1.000000e+00
   outer loop
     vertex  3.141725e+02  1.014585e+02 -3.314000e+01
     vertex  3.134759e+02  1.005711e+02 -3.314000e+01
     vertex  3.142664e+02  1.013439e+02 -3.314000e+01
   endloop
 endfacet
 facet normal  0.000000e+00  0.000000e+00  1.000000e+00
   outer loop
     vertex  3.138585e+02  1.017725e+02 -3.314000e+01
     vertex  3.129711e+02  1.010759e+02 -3.314000e+01
     vertex  3.131313e+02  1.008997e+02 -3.314000e+01
   endloop
 endfacet
 facet normal  0.000000e+00  0.000000e+00  1.000000e+00
   outer loop
     vertex  3.138585e+02  1.017725e+02 -3.314000e+01
     vertex  3.137439e+02  1.018664e+02 -3.314000e+01
     vertex  3.129711e+02  1.010759e+02 -3.314000e+01
   endloop
 endfacet
 facet normal  0.000000e+00  0.000000e+00  1.000000e+00
   outer loop
     vertex  3.140731e+02  1.015683e+02 -3.314000e+01
     vertex  3.131313e+02  1.008997e+02 -3.314000e+01
     vertex  3.132997e+02  1.007313e+02 -3.314000e+01
   endloop
 endfacet
 facet normal  0.000000e+00  0.000000e+00  1.000000e+00
   outer loop
     vertex  3.140731e+02  1.015683e+02 -3.314000e+01
     vertex  3.132997e+02  1.007313e+02 -3.314000e+01
     vertex  3.141725e+02  1.014585e+02 -3.314000e+01
   endloop
 endfacet
 facet normal  0.000000e+00  0.000000e+00  1.000000e+00
   outer loop
     vertex  3.139683e+02  1.016731e+02 -3.314000e+01
     vertex  3.138585e+02  1.017725e+02 -3.314000e+01
     vertex  3.131313e+02  1.008997e+02 -3.314000e+01
   endloop
 endfacet
 facet normal  0.000000e+00  0.000000e+00  1.000000e+00
   outer loop
     vertex  3.139683e+02  1.016731e+02 -3.314000e+01
     vertex  3.131313e+02  1.008997e+02 -3.314000e+01
     vertex  3.140731e+02  1.015683e+02 -3.314000e+01
   endloop
 endfacet
 facet normal  0.000000e+00 -1.000000e+00 -0.000000e+00
   outer loop
     vertex  3.519500e+02  1.120929e+02 -2.417500e+01
     vertex  3.318500e+02  1.120929e+02 -3.020500e+01
     vertex  3.519500e+02  1.120929e+02 -3.020500e+01
   endloop
 endfacet
 facet normal -0.000000e+00 -1.000000e+00  0.000000e+00
   outer loop
     vertex  3.519500e+02  1.120929e+02 -2.417500e+01
     vertex  3.318500e+02  1.120929e+02 -2.417500e+01
     vertex  3.318500e+02  1.120929e+02 -3.020500e+01
   endloop
 endfacet
 facet normal -8.660254e-01 -5.000000e-01  0.000000e+00
   outer loop
     vertex  3.218000e+02  1.295000e+02 -3.020500e+01
     vertex  3.318500e+02  1.120929e+02 -3.020500e+01
     vertex  3.318500e+02  1.120929e+02 -2.417500e+01
   endloop
 endfacet
 facet normal -8.660254e-01 -5.000000e-01 -0.000000e+00
   outer loop
     vertex  3.218000e+02  1.295000e+02 -2.417500e+01
     vertex  3.218000e+02  1.295000e+02 -3.020500e+01
     vertex  3.318500e+02  1.120929e+02 -2.417500e+01
   endloop
 endfacet
 facet normal -8.164420e-01 -4.713730e-01  3.335114e-01
   outer loop
     vertex  3.343625e+02  1.219625e+02 -4.075000e+00
     vertex  3.218000e+02  1.295000e+02 -2.417500e+01
     vertex  3.318500e+02  1.120929e+02 -2.417500e+01
   endloop
 endfacet
 facet normal  0.000000e+00 -8.976263e-01  4.407573e-01
   outer loop
     vertex  3.494375e+02  1.219625e+02 -4.075000e+00
     vertex  3.318500e+02  1.120929e+02 -2.417500e+01
     vertex  3.519500e+02  1.120929e+02 -2.417500e+01
   endloop
 endfacet
 facet normal  0.000000e+00 -8.976263e-01  4.407573e-01
   outer loop
     vertex  3.494375e+02  1.219625e+02 -4.075000e+00
     vertex  3.343625e+02  1.219625e+02 -4.075000e+00
     vertex  3.318500e+02  1.120929e+02 -2.417500e+01
   endloop
 endfacet
 facet normal  8.164420e-01 -4.713730e-01  3.335114e-01
   outer loop
     vertex  3.494375e+02  1.219625e+02 -4.075000e+00
     vertex  3.519500e+02  1.120929e+02 -2.417500e+01
     vertex  3.620000e+02  1.295000e+02 -2.417500e+01
   endloop
 endfacet
 facet normal  8.660254e-01 -5.000000e-01  0.000000e+00
   outer loop
     vertex  3.519500e+02  1.120929e+02 -2.417500e+01
     vertex  3.620000e+02  1.295000e+02 -3.020500e+01
     vertex  3.620000e+02  1.295000e+02 -2.417500e+01
   endloop
 endfacet
 facet normal  8.660254e-01 -5.000000e-01  0.000000e+00
   outer loop
     vertex  3.519500e+02  1.120929e+02 -2.417500e+01
     vertex  3.519500e+02  1.120929e+02 -3.020500e+01
     vertex  3.620000e+02  1.295000e+02 -3.020500e+01
   endloop
 endfacet
 facet normal -5.302558e-16  3.061433e-16 -1.000000e+00
   outer loop
     vertex  3.318500e+02  1.469071e+02 -3.020500e+01
     vertex  3.318500e+02  1.120929e+02 -3.020500e+01
     vertex  3.218000e+02  1.295000e+02 -3.020500e+01
   endloop
 endfacet
 facet normal  0.000000e+00  3.061433e-16 -1.000000e+00
   outer loop
     vertex  3.519500e+02  1.469071e+02 -3.020500e+01
     vertex  3.519500e+02  1.120929e+02 -3.020500e+01
     vertex  3.318500e+02  1.120929e+02 -3.020500e+01
   endloop
 endfacet
 facet normal  5.302558e-16  3.061433e-16 -1.000000e+00
   outer loop
     vertex  3.519500e+02  1.469071e+02 -3.020500e+01
     vertex  3.620000e+02  1.295000e+02 -3.020500e+01
     vertex  3.519500e+02  1.120929e+02 -3.020500e+01
   endloop
 endfacet
 facet normal  0.000000e+00  3.061433e-16 -1.000000e+00
   outer loop
     vertex  3.519500e+02  1.469071e+02 -3.020500e+01
     vertex  3.318500e+02  1.120929e+02 -3.020500e+01
     vertex  3.318500e+02  1.469071e+02 -3.020500e+01
   endloop
 endfacet
 facet normal  0.000000e+00  1.000000e+00  0.000000e+00
   outer loop
     vertex  3.519500e+02  1.469071e+02 -2.417500e+01
     vertex  3.318500e+02  1.469071e+02 -3.020500e+01
     vertex  3.318500e+02  1.469071e+02 -2.417500e+01
   endloop
 endfacet
 facet normal  0.000000e+00  1.000000e+00 -0.000000e+00
   outer loop
     vertex  3.519500e+02  1.469071e+02 -3.020500e+01
     vertex  3.318500e+02  1.469071e+02 -3.020500e+01
     vertex  3.519500e+02  1.469071e+02 -2.417500e+01
   endloop
 endfacet
 facet normal -8.660254e-01  5.000000e-01  0.000000e+00
   outer loop
     vertex  3.318500e+02  1.469071e+02 -2.417500e+01
     vertex  3.218000e+02  1.295000e+02 -3.020500e+01
     vertex  3.218000e+02  1.295000e+02 -2.417500e+01
   endloop
 endfacet
 facet normal -8.660254e-01  5.000000e-01  0.000000e+00
   outer loop
     vertex  3.318500e+02  1.469071e+02 -2.417500e+01
     vertex  3.318500e+02  1.469071e+02 -3.020500e+01
     vertex  3.218000e+02  1.295000e+02 -3.020500e+01
   endloop
 endfacet
 facet normal -8.164420e-01  4.713730e-01  3.335114e-01
   outer loop
     vertex  3.343625e+02  1.370375e+02 -4.075000e+00
     vertex  3.318500e+02  1.469071e+02 -2.417500e+01
     vertex  3.218000e+02  1.295000e+02 -2.417500e+01
   endloop
 endfacet
 facet normal -8.479983e-01  0.000000e+00  5.299989e-01
   outer loop
     vertex  3.343625e+02  1.219625e+02 -4.075000e+00
     vertex  3.343625e+02  1.370375e+02 -4.075000e+00
     vertex  3.218000e+02  1.295000e+02 -2.417500e+01
   endloop
 endfacet
 facet normal  0.000000e+00  0.000000e+00  1.000000e+00
   outer loop
     vertex  3.343625e+02  1.370375e+02 -4.075000e+00
     vertex  3.343625e+02  1.219625e+02 -4.075000e+00
     vertex  3.494375e+02  1.219625e+02 -4.075000e+00
   endloop
 endfacet
 facet normal -0.000000e+00  0.000000e+00  1.000000e+00
   outer loop
     vertex  3.343625e+02  1.370375e+02 -4.075000e+00
     vertex  3.494375e+02  1.219625e+02 -4.075000e+00
     vertex  3.494375e+02  1.370375e+02 -4.075000e+00
   endloop
 endfacet
 facet normal  0.000000e+00  8.976263e-01  4.407573e-01
   outer loop
     vertex  3.519500e+02  1.469071e+02 -2.417500e+01
     vertex  3.318500e+02  1.469071e+02 -2.417500e+01
     vertex  3.343625e+02  1.370375e+02 -4.075000e+00
   endloop
 endfacet
 facet normal  0.000000e+00  8.976263e-01  4.407573e-01
   outer loop
     vertex  3.519500e+02  1.469071e+02 -2.417500e+01
     vertex  3.343625e+02  1.370375e+02 -4.075000e+00
     vertex  3.494375e+02  1.370375e+02 -4.075000e+00
   endloop
 endfacet
 facet normal  8.660254e-01  5.000000e-01  0.000000e+00
   outer loop
     vertex  3.620000e+02  1.295000e+02 -3.020500e+01
     vertex  3.519500e+02  1.469071e+02 -3.020500e+01
     vertex  3.519500e+02  1.469071e+02 -2.417500e+01
   endloop
 endfacet
 facet normal  8.660254e-01  5.000000e-01  0.000000e+00
   outer loop
     vertex  3.620000e+02  1.295000e+02 -2.417500e+01
     vertex  3.620000e+02  1.295000e+02 -3.020500e+01
     vertex  3.519500e+02  1.469071e+02 -2.417500e+01
   endloop
 endfacet
 facet normal  8.164420e-01  4.713730e-01  3.335114e-01
   outer loop
     vertex  3.494375e+02  1.370375e+02 -4.075000e+00
     vertex  3.620000e+02  1.295000e+02 -2.417500e+01
     vertex  3.519500e+02  1.469071e+02 -2.417500e+01
   endloop
 endfacet
 facet normal  8.479983e-01  0.000000e+00  5.299989e-01
   outer loop
     vertex  3.620000e+02  1.295000e+02 -2.417500e+01
     vertex  3.494375e+02  1.370375e+02 -4.075000e+00
     vertex  3.494375e+02  1.219625e+02 -4.075000e+00
   endloop
 endfacet
endsolid
