solid 
 facet normal -1.000000e+00  0.000000e+00  0.000000e+00
   outer loop
     vertex  5.068500e+02  4.025000e+01 -3.014000e+01
     vertex  5.068500e+02  9.055000e+01 -4.014000e+01
     vertex  5.068500e+02  4.025000e+01 -4.014000e+01
   endloop
 endfacet
 facet normal -1.000000e+00  0.000000e+00  0.000000e+00
   outer loop
     vertex  5.068500e+02  4.025000e+01 -3.014000e+01
     vertex  5.068500e+02  9.055000e+01 -3.014000e+01
     vertex  5.068500e+02  9.055000e+01 -4.014000e+01
   endloop
 endfacet
 facet normal  0.000000e+00  0.000000e+00  1.000000e+00
   outer loop
     vertex  5.071247e+02  3.861565e+01 -3.014000e+01
     vertex  5.072077e+02  3.839280e+01 -3.014000e+01
     vertex  5.073552e+02  3.837890e+01 -3.014000e+01
   endloop
 endfacet
 facet normal  0.000000e+00  0.000000e+00  1.000000e+00
   outer loop
     vertex  5.102157e+02  3.552465e+01 -3.014000e+01
     vertex  5.099789e+02  3.575521e+01 -3.014000e+01
     vertex  5.099928e+02  3.560772e+01 -3.014000e+01
   endloop
 endfacet
 facet normal  0.000000e+00  0.000000e+00  1.000000e+00
   outer loop
     vertex  5.099577e+02  3.590183e+01 -3.014000e+01
     vertex  5.099789e+02  3.575521e+01 -3.014000e+01
     vertex  5.102157e+02  3.552465e+01 -3.014000e+01
   endloop
 endfacet
 facet normal  0.000000e+00  0.000000e+00  1.000000e+00
   outer loop
     vertex  5.075018e+02  3.835773e+01 -3.014000e+01
     vertex  5.071247e+02  3.861565e+01 -3.014000e+01
     vertex  5.073552e+02  3.837890e+01 -3.014000e+01
   endloop
 endfacet
 facet normal  0.000000e+00  0.000000e+00  1.000000e+00
   outer loop
     vertex  5.070523e+02  3.884220e+01 -3.014000e+01
     vertex  5.071247e+02  3.861565e+01 -3.014000e+01
     vertex  5.075018e+02  3.835773e+01 -3.014000e+01
   endloop
 endfacet
 facet normal  0.000000e+00  0.000000e+00  1.000000e+00
   outer loop
     vertex  5.104422e+02  3.545228e+01 -3.014000e+01
     vertex  5.099577e+02  3.590183e+01 -3.014000e+01
     vertex  5.102157e+02  3.552465e+01 -3.014000e+01
   endloop
 endfacet
 facet normal  0.000000e+00  0.000000e+00  1.000000e+00
   outer loop
     vertex  5.099294e+02  3.604723e+01 -3.014000e+01
     vertex  5.099577e+02  3.590183e+01 -3.014000e+01
     vertex  5.104422e+02  3.545228e+01 -3.014000e+01
   endloop
 endfacet
 facet normal  0.000000e+00  0.000000e+00  1.000000e+00
   outer loop
     vertex  5.076472e+02  3.832935e+01 -3.014000e+01
     vertex  5.070523e+02  3.884220e+01 -3.014000e+01
     vertex  5.075018e+02  3.835773e+01 -3.014000e+01
   endloop
 endfacet
 facet normal  0.000000e+00  0.000000e+00  1.000000e+00
   outer loop
     vertex  5.069908e+02  3.907193e+01 -3.014000e+01
     vertex  5.070523e+02  3.884220e+01 -3.014000e+01
     vertex  5.076472e+02  3.832935e+01 -3.014000e+01
   endloop
 endfacet
 facet normal  0.000000e+00  0.000000e+00  1.000000e+00
   outer loop
     vertex  5.106719e+02  3.539077e+01 -3.014000e+01
     vertex  5.099294e+02  3.604723e+01 -3.014000e+01
     vertex  5.104422e+02  3.545228e+01 -3.014000e+01
   endloop
 endfacet
 facet normal  0.000000e+00  0.000000e+00  1.000000e+00
   outer loop
     vertex  5.098938e+02  3.619105e+01 -3.014000e+01
     vertex  5.099294e+02  3.604723e+01 -3.014000e+01
     vertex  5.106719e+02  3.539077e+01 -3.014000e+01
   endloop
 endfacet
 facet normal  0.000000e+00  0.000000e+00  1.000000e+00
   outer loop
     vertex  5.077911e+02  3.829383e+01 -3.014000e+01
     vertex  5.069908e+02  3.907193e+01 -3.014000e+01
     vertex  5.076472e+02  3.832935e+01 -3.014000e+01
   endloop
 endfacet
 facet normal  0.000000e+00  0.000000e+00  1.000000e+00
   outer loop
     vertex  5.069402e+02  3.930433e+01 -3.014000e+01
     vertex  5.077911e+02  3.829383e+01 -3.014000e+01
     vertex  5.079329e+02  3.825125e+01 -3.014000e+01
   endloop
 endfacet
 facet normal  0.000000e+00  0.000000e+00  1.000000e+00
   outer loop
     vertex  5.069402e+02  3.930433e+01 -3.014000e+01
     vertex  5.069908e+02  3.907193e+01 -3.014000e+01
     vertex  5.077911e+02  3.829383e+01 -3.014000e+01
   endloop
 endfacet
 facet normal  0.000000e+00  0.000000e+00  1.000000e+00
   outer loop
     vertex  5.109043e+02  3.534024e+01 -3.014000e+01
     vertex  5.098512e+02  3.633295e+01 -3.014000e+01
     vertex  5.098938e+02  3.619105e+01 -3.014000e+01
   endloop
 endfacet
 facet normal  0.000000e+00  0.000000e+00  1.000000e+00
   outer loop
     vertex  5.109043e+02  3.534024e+01 -3.014000e+01
     vertex  5.098938e+02  3.619105e+01 -3.014000e+01
     vertex  5.106719e+02  3.539077e+01 -3.014000e+01
   endloop
 endfacet
 facet normal  0.000000e+00  0.000000e+00  1.000000e+00
   outer loop
     vertex  5.069008e+02  3.953887e+01 -3.014000e+01
     vertex  5.079329e+02  3.825125e+01 -3.014000e+01
     vertex  5.080726e+02  3.820171e+01 -3.014000e+01
   endloop
 endfacet
 facet normal  0.000000e+00  0.000000e+00  1.000000e+00
   outer loop
     vertex  5.069008e+02  3.953887e+01 -3.014000e+01
     vertex  5.069402e+02  3.930433e+01 -3.014000e+01
     vertex  5.079329e+02  3.825125e+01 -3.014000e+01
   endloop
 endfacet
 facet normal  0.000000e+00  0.000000e+00  1.000000e+00
   outer loop
     vertex  5.111389e+02  3.530083e+01 -3.014000e+01
     vertex  5.098017e+02  3.647257e+01 -3.014000e+01
     vertex  5.098512e+02  3.633295e+01 -3.014000e+01
   endloop
 endfacet
 facet normal  0.000000e+00  0.000000e+00  1.000000e+00
   outer loop
     vertex  5.111389e+02  3.530083e+01 -3.014000e+01
     vertex  5.098512e+02  3.633295e+01 -3.014000e+01
     vertex  5.109043e+02  3.534024e+01 -3.014000e+01
   endloop
 endfacet
 facet normal  0.000000e+00  0.000000e+00  1.000000e+00
   outer loop
     vertex  5.068726e+02  3.977502e+01 -3.014000e+01
     vertex  5.069008e+02  3.953887e+01 -3.014000e+01
     vertex  5.080726e+02  3.820171e+01 -3.014000e+01
   endloop
 endfacet
 facet normal  0.000000e+00  0.000000e+00  1.000000e+00
   outer loop
     vertex  5.113750e+02  3.527261e+01 -3.014000e+01
     vertex  5.098017e+02  3.647257e+01 -3.014000e+01
     vertex  5.111389e+02  3.530083e+01 -3.014000e+01
   endloop
 endfacet
 facet normal  0.000000e+00  0.000000e+00  1.000000e+00
   outer loop
     vertex  5.068557e+02  4.001224e+01 -3.014000e+01
     vertex  5.068726e+02  3.977502e+01 -3.014000e+01
     vertex  5.080726e+02  3.820171e+01 -3.014000e+01
   endloop
 endfacet
 facet normal  0.000000e+00  0.000000e+00  1.000000e+00
   outer loop
     vertex  5.068557e+02  4.001224e+01 -3.014000e+01
     vertex  5.080726e+02  3.820171e+01 -3.014000e+01
     vertex  5.082096e+02  3.814535e+01 -3.014000e+01
   endloop
 endfacet
 facet normal  0.000000e+00  0.000000e+00  1.000000e+00
   outer loop
     vertex  5.116122e+02  3.525566e+01 -3.014000e+01
     vertex  5.097453e+02  3.660957e+01 -3.014000e+01
     vertex  5.098017e+02  3.647257e+01 -3.014000e+01
   endloop
 endfacet
 facet normal  0.000000e+00  0.000000e+00  1.000000e+00
   outer loop
     vertex  5.116122e+02  3.525566e+01 -3.014000e+01
     vertex  5.098017e+02  3.647257e+01 -3.014000e+01
     vertex  5.113750e+02  3.527261e+01 -3.014000e+01
   endloop
 endfacet
 facet normal  0.000000e+00  0.000000e+00  1.000000e+00
   outer loop
     vertex  5.118500e+02  3.525000e+01 -3.014000e+01
     vertex  5.096823e+02  3.674362e+01 -3.014000e+01
     vertex  5.097453e+02  3.660957e+01 -3.014000e+01
   endloop
 endfacet
 facet normal  0.000000e+00  0.000000e+00  1.000000e+00
   outer loop
     vertex  5.118500e+02  3.525000e+01 -3.014000e+01
     vertex  5.096127e+02  3.687440e+01 -3.014000e+01
     vertex  5.096823e+02  3.674362e+01 -3.014000e+01
   endloop
 endfacet
 facet normal  0.000000e+00  0.000000e+00  1.000000e+00
   outer loop
     vertex  5.118500e+02  3.525000e+01 -3.014000e+01
     vertex  5.095367e+02  3.700158e+01 -3.014000e+01
     vertex  5.096127e+02  3.687440e+01 -3.014000e+01
   endloop
 endfacet
 facet normal  0.000000e+00  0.000000e+00  1.000000e+00
   outer loop
     vertex  5.118500e+02  3.525000e+01 -3.014000e+01
     vertex  5.094546e+02  3.712486e+01 -3.014000e+01
     vertex  5.095367e+02  3.700158e+01 -3.014000e+01
   endloop
 endfacet
 facet normal  0.000000e+00  0.000000e+00  1.000000e+00
   outer loop
     vertex  5.118500e+02  3.525000e+01 -3.014000e+01
     vertex  5.093664e+02  3.724393e+01 -3.014000e+01
     vertex  5.094546e+02  3.712486e+01 -3.014000e+01
   endloop
 endfacet
 facet normal  0.000000e+00  0.000000e+00  1.000000e+00
   outer loop
     vertex  5.118500e+02  3.525000e+01 -3.014000e+01
     vertex  5.092725e+02  3.735850e+01 -3.014000e+01
     vertex  5.093664e+02  3.724393e+01 -3.014000e+01
   endloop
 endfacet
 facet normal  0.000000e+00  0.000000e+00  1.000000e+00
   outer loop
     vertex  5.118500e+02  3.525000e+01 -3.014000e+01
     vertex  5.097453e+02  3.660957e+01 -3.014000e+01
     vertex  5.116122e+02  3.525566e+01 -3.014000e+01
   endloop
 endfacet
 facet normal  0.000000e+00  0.000000e+00  1.000000e+00
   outer loop
     vertex  5.068500e+02  4.025000e+01 -3.014000e+01
     vertex  5.088439e+02  3.776642e+01 -3.014000e+01
     vertex  5.089585e+02  3.767251e+01 -3.014000e+01
   endloop
 endfacet
 facet normal  0.000000e+00  0.000000e+00  1.000000e+00
   outer loop
     vertex  5.068500e+02  4.025000e+01 -3.014000e+01
     vertex  5.087249e+02  3.785456e+01 -3.014000e+01
     vertex  5.088439e+02  3.776642e+01 -3.014000e+01
   endloop
 endfacet
 facet normal  0.000000e+00  0.000000e+00  1.000000e+00
   outer loop
     vertex  5.068500e+02  4.025000e+01 -3.014000e+01
     vertex  5.086016e+02  3.793672e+01 -3.014000e+01
     vertex  5.087249e+02  3.785456e+01 -3.014000e+01
   endloop
 endfacet
 facet normal  0.000000e+00  0.000000e+00  1.000000e+00
   outer loop
     vertex  5.068500e+02  4.025000e+01 -3.014000e+01
     vertex  5.084744e+02  3.801269e+01 -3.014000e+01
     vertex  5.086016e+02  3.793672e+01 -3.014000e+01
   endloop
 endfacet
 facet normal  0.000000e+00  0.000000e+00  1.000000e+00
   outer loop
     vertex  5.068500e+02  4.025000e+01 -3.014000e+01
     vertex  5.068557e+02  4.001224e+01 -3.014000e+01
     vertex  5.082096e+02  3.814535e+01 -3.014000e+01
   endloop
 endfacet
 facet normal  0.000000e+00  0.000000e+00  1.000000e+00
   outer loop
     vertex  5.068500e+02  4.025000e+01 -3.014000e+01
     vertex  5.083436e+02  3.808229e+01 -3.014000e+01
     vertex  5.084744e+02  3.801269e+01 -3.014000e+01
   endloop
 endfacet
 facet normal  0.000000e+00  0.000000e+00  1.000000e+00
   outer loop
     vertex  5.068500e+02  4.025000e+01 -3.014000e+01
     vertex  5.082096e+02  3.814535e+01 -3.014000e+01
     vertex  5.083436e+02  3.808229e+01 -3.014000e+01
   endloop
 endfacet
 facet normal  0.000000e+00  0.000000e+00  1.000000e+00
   outer loop
     vertex  5.269500e+02  4.799289e+01 -3.014000e+01
     vertex  5.091731e+02  3.746830e+01 -3.014000e+01
     vertex  5.092725e+02  3.735850e+01 -3.014000e+01
   endloop
 endfacet
 facet normal  0.000000e+00  0.000000e+00  1.000000e+00
   outer loop
     vertex  5.269500e+02  4.799289e+01 -3.014000e+01
     vertex  5.090683e+02  3.757305e+01 -3.014000e+01
     vertex  5.091731e+02  3.746830e+01 -3.014000e+01
   endloop
 endfacet
 facet normal  0.000000e+00  0.000000e+00  1.000000e+00
   outer loop
     vertex  5.269500e+02  4.799289e+01 -3.014000e+01
     vertex  5.089585e+02  3.767251e+01 -3.014000e+01
     vertex  5.090683e+02  3.757305e+01 -3.014000e+01
   endloop
 endfacet
 facet normal  0.000000e+00  0.000000e+00  1.000000e+00
   outer loop
     vertex  5.269500e+02  4.799289e+01 -3.014000e+01
     vertex  5.092725e+02  3.735850e+01 -3.014000e+01
     vertex  5.118500e+02  3.525000e+01 -3.014000e+01
   endloop
 endfacet
 facet normal  0.000000e+00  0.000000e+00  1.000000e+00
   outer loop
     vertex  5.269500e+02  4.799289e+01 -3.014000e+01
     vertex  5.068500e+02  4.025000e+01 -3.014000e+01
     vertex  5.089585e+02  3.767251e+01 -3.014000e+01
   endloop
 endfacet
 facet normal  0.000000e+00  0.000000e+00  1.000000e+00
   outer loop
     vertex  5.169000e+02  6.540000e+01 -3.014000e+01
     vertex  5.068500e+02  4.025000e+01 -3.014000e+01
     vertex  5.269500e+02  4.799289e+01 -3.014000e+01
   endloop
 endfacet
 facet normal  0.000000e+00  0.000000e+00  1.000000e+00
   outer loop
     vertex  5.621500e+02  3.525000e+01 -3.014000e+01
     vertex  5.269500e+02  4.799289e+01 -3.014000e+01
     vertex  5.118500e+02  3.525000e+01 -3.014000e+01
   endloop
 endfacet
 facet normal  0.000000e+00  0.000000e+00  1.000000e+00
   outer loop
     vertex  5.621500e+02  3.525000e+01 -3.014000e+01
     vertex  5.470500e+02  4.799289e+01 -3.014000e+01
     vertex  5.269500e+02  4.799289e+01 -3.014000e+01
   endloop
 endfacet
 facet normal  0.000000e+00  0.000000e+00  1.000000e+00
   outer loop
     vertex  5.068500e+02  9.055000e+01 -3.014000e+01
     vertex  5.068500e+02  4.025000e+01 -3.014000e+01
     vertex  5.169000e+02  6.540000e+01 -3.014000e+01
   endloop
 endfacet
 facet normal  0.000000e+00  0.000000e+00  1.000000e+00
   outer loop
     vertex  5.626401e+02  3.527408e+01 -3.014000e+01
     vertex  5.621500e+02  3.525000e+01 -3.014000e+01
     vertex  5.623953e+02  3.525602e+01 -3.014000e+01
   endloop
 endfacet
 facet normal  0.000000e+00  0.000000e+00  1.000000e+00
   outer loop
     vertex  5.069041e+02  9.128365e+01 -3.014000e+01
     vertex  5.068741e+02  9.104009e+01 -3.014000e+01
     vertex  5.068560e+02  9.079534e+01 -3.014000e+01
   endloop
 endfacet
 facet normal  0.000000e+00  0.000000e+00  1.000000e+00
   outer loop
     vertex  5.069461e+02  9.152545e+01 -3.014000e+01
     vertex  5.069041e+02  9.128365e+01 -3.014000e+01
     vertex  5.068560e+02  9.079534e+01 -3.014000e+01
   endloop
 endfacet
 facet normal  0.000000e+00  0.000000e+00  1.000000e+00
   outer loop
     vertex  5.631255e+02  3.534607e+01 -3.014000e+01
     vertex  5.626401e+02  3.527408e+01 -3.014000e+01
     vertex  5.628837e+02  3.530412e+01 -3.014000e+01
   endloop
 endfacet
 facet normal  0.000000e+00  0.000000e+00  1.000000e+00
   outer loop
     vertex  5.069998e+02  9.176490e+01 -3.014000e+01
     vertex  5.069461e+02  9.152545e+01 -3.014000e+01
     vertex  5.068560e+02  9.079534e+01 -3.014000e+01
   endloop
 endfacet
 facet normal  0.000000e+00  0.000000e+00  1.000000e+00
   outer loop
     vertex  5.070653e+02  9.200142e+01 -3.014000e+01
     vertex  5.069998e+02  9.176490e+01 -3.014000e+01
     vertex  5.068560e+02  9.079534e+01 -3.014000e+01
   endloop
 endfacet
 facet normal  0.000000e+00  0.000000e+00  1.000000e+00
   outer loop
     vertex  5.636014e+02  3.546530e+01 -3.014000e+01
     vertex  5.631255e+02  3.534607e+01 -3.014000e+01
     vertex  5.633649e+02  3.539984e+01 -3.014000e+01
   endloop
 endfacet
 facet normal  0.000000e+00  0.000000e+00  1.000000e+00
   outer loop
     vertex  5.071423e+02  9.223445e+01 -3.014000e+01
     vertex  5.068560e+02  9.079534e+01 -3.014000e+01
     vertex  5.068500e+02  9.055000e+01 -3.014000e+01
   endloop
 endfacet
 facet normal  0.000000e+00  0.000000e+00  1.000000e+00
   outer loop
     vertex  5.071423e+02  9.223445e+01 -3.014000e+01
     vertex  5.070653e+02  9.200142e+01 -3.014000e+01
     vertex  5.068560e+02  9.079534e+01 -3.014000e+01
   endloop
 endfacet
 facet normal  0.000000e+00  0.000000e+00  1.000000e+00
   outer loop
     vertex  5.638344e+02  3.554228e+01 -3.014000e+01
     vertex  5.626401e+02  3.527408e+01 -3.014000e+01
     vertex  5.631255e+02  3.534607e+01 -3.014000e+01
   endloop
 endfacet
 facet normal  0.000000e+00  0.000000e+00  1.000000e+00
   outer loop
     vertex  5.638344e+02  3.554228e+01 -3.014000e+01
     vertex  5.631255e+02  3.534607e+01 -3.014000e+01
     vertex  5.636014e+02  3.546530e+01 -3.014000e+01
   endloop
 endfacet
 facet normal  0.000000e+00  0.000000e+00  1.000000e+00
   outer loop
     vertex  5.073301e+02  9.268778e+01 -3.014000e+01
     vertex  5.072306e+02  9.246342e+01 -3.014000e+01
     vertex  5.071423e+02  9.223445e+01 -3.014000e+01
   endloop
 endfacet
 facet normal  0.000000e+00  0.000000e+00  1.000000e+00
   outer loop
     vertex  5.074404e+02  9.290698e+01 -3.014000e+01
     vertex  5.071423e+02  9.223445e+01 -3.014000e+01
     vertex  5.068500e+02  9.055000e+01 -3.014000e+01
   endloop
 endfacet
 facet normal  0.000000e+00  0.000000e+00  1.000000e+00
   outer loop
     vertex  5.074404e+02  9.290698e+01 -3.014000e+01
     vertex  5.073301e+02  9.268778e+01 -3.014000e+01
     vertex  5.071423e+02  9.223445e+01 -3.014000e+01
   endloop
 endfacet
 facet normal  0.000000e+00  0.000000e+00  1.000000e+00
   outer loop
     vertex  5.645070e+02  3.584039e+01 -3.014000e+01
     vertex  5.640634e+02  3.563060e+01 -3.014000e+01
     vertex  5.642878e+02  3.573005e+01 -3.014000e+01
   endloop
 endfacet
 facet normal  0.000000e+00  0.000000e+00  1.000000e+00
   outer loop
     vertex  5.647205e+02  3.596136e+01 -3.014000e+01
     vertex  5.638344e+02  3.554228e+01 -3.014000e+01
     vertex  5.640634e+02  3.563060e+01 -3.014000e+01
   endloop
 endfacet
 facet normal  0.000000e+00  0.000000e+00  1.000000e+00
   outer loop
     vertex  5.647205e+02  3.596136e+01 -3.014000e+01
     vertex  5.626401e+02  3.527408e+01 -3.014000e+01
     vertex  5.638344e+02  3.554228e+01 -3.014000e+01
   endloop
 endfacet
 facet normal  0.000000e+00  0.000000e+00  1.000000e+00
   outer loop
     vertex  5.647205e+02  3.596136e+01 -3.014000e+01
     vertex  5.640634e+02  3.563060e+01 -3.014000e+01
     vertex  5.645070e+02  3.584039e+01 -3.014000e+01
   endloop
 endfacet
 facet normal  0.000000e+00  0.000000e+00  1.000000e+00
   outer loop
     vertex  5.649279e+02  3.609265e+01 -3.014000e+01
     vertex  5.626401e+02  3.527408e+01 -3.014000e+01
     vertex  5.647205e+02  3.596136e+01 -3.014000e+01
   endloop
 endfacet
 facet normal  0.000000e+00  0.000000e+00  1.000000e+00
   outer loop
     vertex  5.078340e+02  9.352850e+01 -3.014000e+01
     vertex  5.075614e+02  9.312051e+01 -3.014000e+01
     vertex  5.074404e+02  9.290698e+01 -3.014000e+01
   endloop
 endfacet
 facet normal  0.000000e+00  0.000000e+00  1.000000e+00
   outer loop
     vertex  5.078340e+02  9.352850e+01 -3.014000e+01
     vertex  5.076927e+02  9.332785e+01 -3.014000e+01
     vertex  5.075614e+02  9.312051e+01 -3.014000e+01
   endloop
 endfacet
 facet normal  0.000000e+00  0.000000e+00  1.000000e+00
   outer loop
     vertex  5.651285e+02  3.623396e+01 -3.014000e+01
     vertex  5.626401e+02  3.527408e+01 -3.014000e+01
     vertex  5.649279e+02  3.609265e+01 -3.014000e+01
   endloop
 endfacet
 facet normal  0.000000e+00  0.000000e+00  1.000000e+00
   outer loop
     vertex  5.651285e+02  3.623396e+01 -3.014000e+01
     vertex  5.621500e+02  3.525000e+01 -3.014000e+01
     vertex  5.626401e+02  3.527408e+01 -3.014000e+01
   endloop
 endfacet
 facet normal  0.000000e+00  0.000000e+00  1.000000e+00
   outer loop
     vertex  5.081452e+02  9.390779e+01 -3.014000e+01
     vertex  5.079849e+02  9.372197e+01 -3.014000e+01
     vertex  5.078340e+02  9.352850e+01 -3.014000e+01
   endloop
 endfacet
 facet normal  0.000000e+00  0.000000e+00  1.000000e+00
   outer loop
     vertex  5.656855e+02  3.671447e+01 -3.014000e+01
     vertex  5.621500e+02  3.525000e+01 -3.014000e+01
     vertex  5.651285e+02  3.623396e+01 -3.014000e+01
   endloop
 endfacet
 facet normal  0.000000e+00  0.000000e+00  1.000000e+00
   outer loop
     vertex  5.656855e+02  3.671447e+01 -3.014000e+01
     vertex  5.653220e+02  3.638495e+01 -3.014000e+01
     vertex  5.655078e+02  3.654524e+01 -3.014000e+01
   endloop
 endfacet
 facet normal  0.000000e+00  0.000000e+00  1.000000e+00
   outer loop
     vertex  5.656855e+02  3.671447e+01 -3.014000e+01
     vertex  5.651285e+02  3.623396e+01 -3.014000e+01
     vertex  5.653220e+02  3.638495e+01 -3.014000e+01
   endloop
 endfacet
 facet normal  0.000000e+00  0.000000e+00  1.000000e+00
   outer loop
     vertex  5.084922e+02  9.425476e+01 -3.014000e+01
     vertex  5.083145e+02  9.408553e+01 -3.014000e+01
     vertex  5.081452e+02  9.390779e+01 -3.014000e+01
   endloop
 endfacet
 facet normal  0.000000e+00  0.000000e+00  1.000000e+00
   outer loop
     vertex  5.084922e+02  9.425476e+01 -3.014000e+01
     vertex  5.081452e+02  9.390779e+01 -3.014000e+01
     vertex  5.078340e+02  9.352850e+01 -3.014000e+01
   endloop
 endfacet
 facet normal  0.000000e+00  0.000000e+00  1.000000e+00
   outer loop
     vertex  5.084922e+02  9.425476e+01 -3.014000e+01
     vertex  5.078340e+02  9.352850e+01 -3.014000e+01
     vertex  5.074404e+02  9.290698e+01 -3.014000e+01
   endloop
 endfacet
 facet normal  0.000000e+00  0.000000e+00  1.000000e+00
   outer loop
     vertex  5.084922e+02  9.425476e+01 -3.014000e+01
     vertex  5.074404e+02  9.290698e+01 -3.014000e+01
     vertex  5.068500e+02  9.055000e+01 -3.014000e+01
   endloop
 endfacet
 facet normal  0.000000e+00  0.000000e+00  1.000000e+00
   outer loop
     vertex  5.658548e+02  3.689221e+01 -3.014000e+01
     vertex  5.621500e+02  3.525000e+01 -3.014000e+01
     vertex  5.656855e+02  3.671447e+01 -3.014000e+01
   endloop
 endfacet
 facet normal  0.000000e+00  0.000000e+00  1.000000e+00
   outer loop
     vertex  5.661660e+02  3.727150e+01 -3.014000e+01
     vertex  5.621500e+02  3.525000e+01 -3.014000e+01
     vertex  5.658548e+02  3.689221e+01 -3.014000e+01
   endloop
 endfacet
 facet normal  0.000000e+00  0.000000e+00  1.000000e+00
   outer loop
     vertex  5.661660e+02  3.727150e+01 -3.014000e+01
     vertex  5.658548e+02  3.689221e+01 -3.014000e+01
     vertex  5.660151e+02  3.707803e+01 -3.014000e+01
   endloop
 endfacet
 facet normal  0.000000e+00  0.000000e+00  1.000000e+00
   outer loop
     vertex  5.092795e+02  9.483864e+01 -3.014000e+01
     vertex  5.086780e+02  9.441505e+01 -3.014000e+01
     vertex  5.084922e+02  9.425476e+01 -3.014000e+01
   endloop
 endfacet
 facet normal  0.000000e+00  0.000000e+00  1.000000e+00
   outer loop
     vertex  5.092795e+02  9.483864e+01 -3.014000e+01
     vertex  5.088715e+02  9.456604e+01 -3.014000e+01
     vertex  5.086780e+02  9.441505e+01 -3.014000e+01
   endloop
 endfacet
 facet normal  0.000000e+00  0.000000e+00  1.000000e+00
   outer loop
     vertex  5.092795e+02  9.483864e+01 -3.014000e+01
     vertex  5.090721e+02  9.470735e+01 -3.014000e+01
     vertex  5.088715e+02  9.456604e+01 -3.014000e+01
   endloop
 endfacet
 facet normal  0.000000e+00  0.000000e+00  1.000000e+00
   outer loop
     vertex  5.094930e+02  9.495961e+01 -3.014000e+01
     vertex  5.092795e+02  9.483864e+01 -3.014000e+01
     vertex  5.084922e+02  9.425476e+01 -3.014000e+01
   endloop
 endfacet
 facet normal  0.000000e+00  0.000000e+00  1.000000e+00
   outer loop
     vertex  5.665596e+02  3.789302e+01 -3.014000e+01
     vertex  5.621500e+02  3.525000e+01 -3.014000e+01
     vertex  5.661660e+02  3.727150e+01 -3.014000e+01
   endloop
 endfacet
 facet normal  0.000000e+00  0.000000e+00  1.000000e+00
   outer loop
     vertex  5.665596e+02  3.789302e+01 -3.014000e+01
     vertex  5.663073e+02  3.747215e+01 -3.014000e+01
     vertex  5.664386e+02  3.767949e+01 -3.014000e+01
   endloop
 endfacet
 facet normal  0.000000e+00  0.000000e+00  1.000000e+00
   outer loop
     vertex  5.665596e+02  3.789302e+01 -3.014000e+01
     vertex  5.661660e+02  3.727150e+01 -3.014000e+01
     vertex  5.663073e+02  3.747215e+01 -3.014000e+01
   endloop
 endfacet
 facet normal  0.000000e+00  0.000000e+00  1.000000e+00
   outer loop
     vertex  5.097122e+02  9.506995e+01 -3.014000e+01
     vertex  5.084922e+02  9.425476e+01 -3.014000e+01
     vertex  5.068500e+02  9.055000e+01 -3.014000e+01
   endloop
 endfacet
 facet normal  0.000000e+00  0.000000e+00  1.000000e+00
   outer loop
     vertex  5.097122e+02  9.506995e+01 -3.014000e+01
     vertex  5.094930e+02  9.495961e+01 -3.014000e+01
     vertex  5.084922e+02  9.425476e+01 -3.014000e+01
   endloop
 endfacet
 facet normal  0.000000e+00  0.000000e+00  1.000000e+00
   outer loop
     vertex  5.666699e+02  3.811222e+01 -3.014000e+01
     vertex  5.621500e+02  3.525000e+01 -3.014000e+01
     vertex  5.665596e+02  3.789302e+01 -3.014000e+01
   endloop
 endfacet
 facet normal  0.000000e+00  0.000000e+00  1.000000e+00
   outer loop
     vertex  5.099366e+02  9.516940e+01 -3.014000e+01
     vertex  5.097122e+02  9.506995e+01 -3.014000e+01
     vertex  5.068500e+02  9.055000e+01 -3.014000e+01
   endloop
 endfacet
 facet normal  0.000000e+00  0.000000e+00  1.000000e+00
   outer loop
     vertex  5.668577e+02  3.856555e+01 -3.014000e+01
     vertex  5.621500e+02  3.525000e+01 -3.014000e+01
     vertex  5.666699e+02  3.811222e+01 -3.014000e+01
   endloop
 endfacet
 facet normal  0.000000e+00  0.000000e+00  1.000000e+00
   outer loop
     vertex  5.668577e+02  3.856555e+01 -3.014000e+01
     vertex  5.666699e+02  3.811222e+01 -3.014000e+01
     vertex  5.667694e+02  3.833658e+01 -3.014000e+01
   endloop
 endfacet
 facet normal  0.000000e+00  0.000000e+00  1.000000e+00
   outer loop
     vertex  5.103986e+02  9.533470e+01 -3.014000e+01
     vertex  5.101656e+02  9.525772e+01 -3.014000e+01
     vertex  5.099366e+02  9.516940e+01 -3.014000e+01
   endloop
 endfacet
 facet normal  0.000000e+00  0.000000e+00  1.000000e+00
   outer loop
     vertex  5.103986e+02  9.533470e+01 -3.014000e+01
     vertex  5.099366e+02  9.516940e+01 -3.014000e+01
     vertex  5.068500e+02  9.055000e+01 -3.014000e+01
   endloop
 endfacet
 facet normal  0.000000e+00  0.000000e+00  1.000000e+00
   outer loop
     vertex  5.106351e+02  9.540016e+01 -3.014000e+01
     vertex  5.103986e+02  9.533470e+01 -3.014000e+01
     vertex  5.068500e+02  9.055000e+01 -3.014000e+01
   endloop
 endfacet
 facet normal  0.000000e+00  0.000000e+00  1.000000e+00
   outer loop
     vertex  5.111163e+02  9.549588e+01 -3.014000e+01
     vertex  5.108745e+02  9.545393e+01 -3.014000e+01
     vertex  5.106351e+02  9.540016e+01 -3.014000e+01
   endloop
 endfacet
 facet normal  0.000000e+00  0.000000e+00  1.000000e+00
   outer loop
     vertex  5.111163e+02  9.549588e+01 -3.014000e+01
     vertex  5.106351e+02  9.540016e+01 -3.014000e+01
     vertex  5.068500e+02  9.055000e+01 -3.014000e+01
   endloop
 endfacet
 facet normal  0.000000e+00  0.000000e+00  1.000000e+00
   outer loop
     vertex  5.670959e+02  3.951635e+01 -3.014000e+01
     vertex  5.621500e+02  3.525000e+01 -3.014000e+01
     vertex  5.668577e+02  3.856555e+01 -3.014000e+01
   endloop
 endfacet
 facet normal  0.000000e+00  0.000000e+00  1.000000e+00
   outer loop
     vertex  5.670959e+02  3.951635e+01 -3.014000e+01
     vertex  5.670002e+02  3.903510e+01 -3.014000e+01
     vertex  5.670539e+02  3.927455e+01 -3.014000e+01
   endloop
 endfacet
 facet normal  0.000000e+00  0.000000e+00  1.000000e+00
   outer loop
     vertex  5.670959e+02  3.951635e+01 -3.014000e+01
     vertex  5.669347e+02  3.879858e+01 -3.014000e+01
     vertex  5.670002e+02  3.903510e+01 -3.014000e+01
   endloop
 endfacet
 facet normal  0.000000e+00  0.000000e+00  1.000000e+00
   outer loop
     vertex  5.670959e+02  3.951635e+01 -3.014000e+01
     vertex  5.668577e+02  3.856555e+01 -3.014000e+01
     vertex  5.669347e+02  3.879858e+01 -3.014000e+01
   endloop
 endfacet
 facet normal  0.000000e+00  0.000000e+00  1.000000e+00
   outer loop
     vertex  5.671500e+02  4.025000e+01 -3.014000e+01
     vertex  5.470500e+02  4.799289e+01 -3.014000e+01
     vertex  5.621500e+02  3.525000e+01 -3.014000e+01
   endloop
 endfacet
 facet normal  0.000000e+00  0.000000e+00  1.000000e+00
   outer loop
     vertex  5.671500e+02  4.025000e+01 -3.014000e+01
     vertex  5.671259e+02  3.975991e+01 -3.014000e+01
     vertex  5.671440e+02  4.000466e+01 -3.014000e+01
   endloop
 endfacet
 facet normal  0.000000e+00  0.000000e+00  1.000000e+00
   outer loop
     vertex  5.671500e+02  4.025000e+01 -3.014000e+01
     vertex  5.670959e+02  3.951635e+01 -3.014000e+01
     vertex  5.671259e+02  3.975991e+01 -3.014000e+01
   endloop
 endfacet
 facet normal  0.000000e+00  0.000000e+00  1.000000e+00
   outer loop
     vertex  5.671500e+02  4.025000e+01 -3.014000e+01
     vertex  5.621500e+02  3.525000e+01 -3.014000e+01
     vertex  5.670959e+02  3.951635e+01 -3.014000e+01
   endloop
 endfacet
 facet normal  0.000000e+00  0.000000e+00  1.000000e+00
   outer loop
     vertex  5.118500e+02  9.555000e+01 -3.014000e+01
     vertex  5.113599e+02  9.552592e+01 -3.014000e+01
     vertex  5.111163e+02  9.549588e+01 -3.014000e+01
   endloop
 endfacet
 facet normal  0.000000e+00  0.000000e+00  1.000000e+00
   outer loop
     vertex  5.118500e+02  9.555000e+01 -3.014000e+01
     vertex  5.116047e+02  9.554398e+01 -3.014000e+01
     vertex  5.113599e+02  9.552592e+01 -3.014000e+01
   endloop
 endfacet
 facet normal  0.000000e+00  0.000000e+00  1.000000e+00
   outer loop
     vertex  5.118500e+02  9.555000e+01 -3.014000e+01
     vertex  5.111163e+02  9.549588e+01 -3.014000e+01
     vertex  5.068500e+02  9.055000e+01 -3.014000e+01
   endloop
 endfacet
 facet normal  0.000000e+00  0.000000e+00  1.000000e+00
   outer loop
     vertex  5.269500e+02  8.280711e+01 -3.014000e+01
     vertex  5.068500e+02  9.055000e+01 -3.014000e+01
     vertex  5.169000e+02  6.540000e+01 -3.014000e+01
   endloop
 endfacet
 facet normal  0.000000e+00  0.000000e+00  1.000000e+00
   outer loop
     vertex  5.269500e+02  8.280711e+01 -3.014000e+01
     vertex  5.118500e+02  9.555000e+01 -3.014000e+01
     vertex  5.068500e+02  9.055000e+01 -3.014000e+01
   endloop
 endfacet
 facet normal  0.000000e+00  0.000000e+00  1.000000e+00
   outer loop
     vertex  5.571000e+02  6.540000e+01 -3.014000e+01
     vertex  5.470500e+02  4.799289e+01 -3.014000e+01
     vertex  5.671500e+02  4.025000e+01 -3.014000e+01
   endloop
 endfacet
 facet normal  0.000000e+00  0.000000e+00  1.000000e+00
   outer loop
     vertex  5.671500e+02  9.055000e+01 -3.014000e+01
     vertex  5.470500e+02  8.280711e+01 -3.014000e+01
     vertex  5.571000e+02  6.540000e+01 -3.014000e+01
   endloop
 endfacet
 facet normal  0.000000e+00  0.000000e+00  1.000000e+00
   outer loop
     vertex  5.671500e+02  9.055000e+01 -3.014000e+01
     vertex  5.571000e+02  6.540000e+01 -3.014000e+01
     vertex  5.671500e+02  4.025000e+01 -3.014000e+01
   endloop
 endfacet
 facet normal  0.000000e+00  0.000000e+00  1.000000e+00
   outer loop
     vertex  5.621500e+02  9.555000e+01 -3.014000e+01
     vertex  5.269500e+02  8.280711e+01 -3.014000e+01
     vertex  5.470500e+02  8.280711e+01 -3.014000e+01
   endloop
 endfacet
 facet normal  0.000000e+00  0.000000e+00  1.000000e+00
   outer loop
     vertex  5.621500e+02  9.555000e+01 -3.014000e+01
     vertex  5.118500e+02  9.555000e+01 -3.014000e+01
     vertex  5.269500e+02  8.280711e+01 -3.014000e+01
   endloop
 endfacet
 facet normal  0.000000e+00  0.000000e+00  1.000000e+00
   outer loop
     vertex  5.621500e+02  9.555000e+01 -3.014000e+01
     vertex  5.470500e+02  8.280711e+01 -3.014000e+01
     vertex  5.671500e+02  9.055000e+01 -3.014000e+01
   endloop
 endfacet
 facet normal  0.000000e+00  0.000000e+00  1.000000e+00
   outer loop
     vertex  5.671259e+02  9.104009e+01 -3.014000e+01
     vertex  5.671500e+02  9.055000e+01 -3.014000e+01
     vertex  5.671440e+02  9.079534e+01 -3.014000e+01
   endloop
 endfacet
 facet normal  0.000000e+00  0.000000e+00  1.000000e+00
   outer loop
     vertex  5.628837e+02  9.549588e+01 -3.014000e+01
     vertex  5.626401e+02  9.552592e+01 -3.014000e+01
     vertex  5.623953e+02  9.554398e+01 -3.014000e+01
   endloop
 endfacet
 facet normal  0.000000e+00  0.000000e+00  1.000000e+00
   outer loop
     vertex  5.670539e+02  9.152545e+01 -3.014000e+01
     vertex  5.671259e+02  9.104009e+01 -3.014000e+01
     vertex  5.670959e+02  9.128365e+01 -3.014000e+01
   endloop
 endfacet
 facet normal  0.000000e+00  0.000000e+00  1.000000e+00
   outer loop
     vertex  5.670002e+02  9.176490e+01 -3.014000e+01
     vertex  5.628837e+02  9.549588e+01 -3.014000e+01
     vertex  5.623953e+02  9.554398e+01 -3.014000e+01
   endloop
 endfacet
 facet normal  0.000000e+00  0.000000e+00  1.000000e+00
   outer loop
     vertex  5.670002e+02  9.176490e+01 -3.014000e+01
     vertex  5.671259e+02  9.104009e+01 -3.014000e+01
     vertex  5.670539e+02  9.152545e+01 -3.014000e+01
   endloop
 endfacet
 facet normal  0.000000e+00  0.000000e+00  1.000000e+00
   outer loop
     vertex  5.670002e+02  9.176490e+01 -3.014000e+01
     vertex  5.623953e+02  9.554398e+01 -3.014000e+01
     vertex  5.621500e+02  9.555000e+01 -3.014000e+01
   endloop
 endfacet
 facet normal  0.000000e+00  0.000000e+00  1.000000e+00
   outer loop
     vertex  5.670002e+02  9.176490e+01 -3.014000e+01
     vertex  5.621500e+02  9.555000e+01 -3.014000e+01
     vertex  5.671500e+02  9.055000e+01 -3.014000e+01
   endloop
 endfacet
 facet normal  0.000000e+00  0.000000e+00  1.000000e+00
   outer loop
     vertex  5.670002e+02  9.176490e+01 -3.014000e+01
     vertex  5.671500e+02  9.055000e+01 -3.014000e+01
     vertex  5.671259e+02  9.104009e+01 -3.014000e+01
   endloop
 endfacet
 facet normal  0.000000e+00  0.000000e+00  1.000000e+00
   outer loop
     vertex  5.633649e+02  9.540016e+01 -3.014000e+01
     vertex  5.631255e+02  9.545393e+01 -3.014000e+01
     vertex  5.628837e+02  9.549588e+01 -3.014000e+01
   endloop
 endfacet
 facet normal  0.000000e+00  0.000000e+00  1.000000e+00
   outer loop
     vertex  5.633649e+02  9.540016e+01 -3.014000e+01
     vertex  5.628837e+02  9.549588e+01 -3.014000e+01
     vertex  5.670002e+02  9.176490e+01 -3.014000e+01
   endloop
 endfacet
 facet normal  0.000000e+00  0.000000e+00  1.000000e+00
   outer loop
     vertex  5.668577e+02  9.223445e+01 -3.014000e+01
     vertex  5.670002e+02  9.176490e+01 -3.014000e+01
     vertex  5.669347e+02  9.200142e+01 -3.014000e+01
   endloop
 endfacet
 facet normal  0.000000e+00  0.000000e+00  1.000000e+00
   outer loop
     vertex  5.638344e+02  9.525772e+01 -3.014000e+01
     vertex  5.636014e+02  9.533470e+01 -3.014000e+01
     vertex  5.633649e+02  9.540016e+01 -3.014000e+01
   endloop
 endfacet
 facet normal  0.000000e+00  0.000000e+00  1.000000e+00
   outer loop
     vertex  5.638344e+02  9.525772e+01 -3.014000e+01
     vertex  5.633649e+02  9.540016e+01 -3.014000e+01
     vertex  5.670002e+02  9.176490e+01 -3.014000e+01
   endloop
 endfacet
 facet normal  0.000000e+00  0.000000e+00  1.000000e+00
   outer loop
     vertex  5.638344e+02  9.525772e+01 -3.014000e+01
     vertex  5.670002e+02  9.176490e+01 -3.014000e+01
     vertex  5.668577e+02  9.223445e+01 -3.014000e+01
   endloop
 endfacet
 facet normal  0.000000e+00  0.000000e+00  1.000000e+00
   outer loop
     vertex  5.642878e+02  9.506995e+01 -3.014000e+01
     vertex  5.640634e+02  9.516940e+01 -3.014000e+01
     vertex  5.638344e+02  9.525772e+01 -3.014000e+01
   endloop
 endfacet
 facet normal  0.000000e+00  0.000000e+00  1.000000e+00
   outer loop
     vertex  5.642878e+02  9.506995e+01 -3.014000e+01
     vertex  5.638344e+02  9.525772e+01 -3.014000e+01
     vertex  5.668577e+02  9.223445e+01 -3.014000e+01
   endloop
 endfacet
 facet normal  0.000000e+00  0.000000e+00  1.000000e+00
   outer loop
     vertex  5.642878e+02  9.506995e+01 -3.014000e+01
     vertex  5.668577e+02  9.223445e+01 -3.014000e+01
     vertex  5.667694e+02  9.246342e+01 -3.014000e+01
   endloop
 endfacet
 facet normal  0.000000e+00  0.000000e+00  1.000000e+00
   outer loop
     vertex  5.665596e+02  9.290698e+01 -3.014000e+01
     vertex  5.667694e+02  9.246342e+01 -3.014000e+01
     vertex  5.666699e+02  9.268778e+01 -3.014000e+01
   endloop
 endfacet
 facet normal  0.000000e+00  0.000000e+00  1.000000e+00
   outer loop
     vertex  5.664386e+02  9.312051e+01 -3.014000e+01
     vertex  5.645070e+02  9.495961e+01 -3.014000e+01
     vertex  5.642878e+02  9.506995e+01 -3.014000e+01
   endloop
 endfacet
 facet normal  0.000000e+00  0.000000e+00  1.000000e+00
   outer loop
     vertex  5.664386e+02  9.312051e+01 -3.014000e+01
     vertex  5.642878e+02  9.506995e+01 -3.014000e+01
     vertex  5.667694e+02  9.246342e+01 -3.014000e+01
   endloop
 endfacet
 facet normal  0.000000e+00  0.000000e+00  1.000000e+00
   outer loop
     vertex  5.664386e+02  9.312051e+01 -3.014000e+01
     vertex  5.667694e+02  9.246342e+01 -3.014000e+01
     vertex  5.665596e+02  9.290698e+01 -3.014000e+01
   endloop
 endfacet
 facet normal  0.000000e+00  0.000000e+00  1.000000e+00
   outer loop
     vertex  5.663073e+02  9.332785e+01 -3.014000e+01
     vertex  5.645070e+02  9.495961e+01 -3.014000e+01
     vertex  5.664386e+02  9.312051e+01 -3.014000e+01
   endloop
 endfacet
 facet normal  0.000000e+00  0.000000e+00  1.000000e+00
   outer loop
     vertex  5.661660e+02  9.352850e+01 -3.014000e+01
     vertex  5.647205e+02  9.483864e+01 -3.014000e+01
     vertex  5.645070e+02  9.495961e+01 -3.014000e+01
   endloop
 endfacet
 facet normal  0.000000e+00  0.000000e+00  1.000000e+00
   outer loop
     vertex  5.661660e+02  9.352850e+01 -3.014000e+01
     vertex  5.645070e+02  9.495961e+01 -3.014000e+01
     vertex  5.663073e+02  9.332785e+01 -3.014000e+01
   endloop
 endfacet
 facet normal  0.000000e+00  0.000000e+00  1.000000e+00
   outer loop
     vertex  5.660151e+02  9.372197e+01 -3.014000e+01
     vertex  5.649279e+02  9.470735e+01 -3.014000e+01
     vertex  5.647205e+02  9.483864e+01 -3.014000e+01
   endloop
 endfacet
 facet normal  0.000000e+00  0.000000e+00  1.000000e+00
   outer loop
     vertex  5.660151e+02  9.372197e+01 -3.014000e+01
     vertex  5.647205e+02  9.483864e+01 -3.014000e+01
     vertex  5.661660e+02  9.352850e+01 -3.014000e+01
   endloop
 endfacet
 facet normal  0.000000e+00  0.000000e+00  1.000000e+00
   outer loop
     vertex  5.660151e+02  9.372197e+01 -3.014000e+01
     vertex  5.651285e+02  9.456604e+01 -3.014000e+01
     vertex  5.649279e+02  9.470735e+01 -3.014000e+01
   endloop
 endfacet
 facet normal  0.000000e+00  0.000000e+00  1.000000e+00
   outer loop
     vertex  5.655078e+02  9.425476e+01 -3.014000e+01
     vertex  5.651285e+02  9.456604e+01 -3.014000e+01
     vertex  5.660151e+02  9.372197e+01 -3.014000e+01
   endloop
 endfacet
 facet normal  0.000000e+00  0.000000e+00  1.000000e+00
   outer loop
     vertex  5.655078e+02  9.425476e+01 -3.014000e+01
     vertex  5.660151e+02  9.372197e+01 -3.014000e+01
     vertex  5.658548e+02  9.390779e+01 -3.014000e+01
   endloop
 endfacet
 facet normal  0.000000e+00  0.000000e+00  1.000000e+00
   outer loop
     vertex  5.655078e+02  9.425476e+01 -3.014000e+01
     vertex  5.653220e+02  9.441505e+01 -3.014000e+01
     vertex  5.651285e+02  9.456604e+01 -3.014000e+01
   endloop
 endfacet
 facet normal  0.000000e+00  0.000000e+00  1.000000e+00
   outer loop
     vertex  5.656855e+02  9.408553e+01 -3.014000e+01
     vertex  5.655078e+02  9.425476e+01 -3.014000e+01
     vertex  5.658548e+02  9.390779e+01 -3.014000e+01
   endloop
 endfacet
 facet normal -9.997172e-01 -2.378273e-02  0.000000e+00
   outer loop
     vertex  5.068557e+02  4.001224e+01 -3.014000e+01
     vertex  5.068500e+02  4.025000e+01 -3.014000e+01
     vertex  5.068500e+02  4.025000e+01 -4.014000e+01
   endloop
 endfacet
 facet normal -9.996988e-01 -2.454123e-02 -1.804452e-05
   outer loop
     vertex  5.068557e+02  4.001224e+01 -3.014000e+01
     vertex  5.068500e+02  4.025000e+01 -4.014000e+01
     vertex  5.068560e+02  4.000466e+01 -4.014000e+01
   endloop
 endfacet
 facet normal -9.972905e-01 -7.356456e-02 -3.493803e-05
   outer loop
     vertex  5.068726e+02  3.977502e+01 -3.014000e+01
     vertex  5.068560e+02  4.000466e+01 -4.014000e+01
     vertex  5.068741e+02  3.975991e+01 -4.014000e+01
   endloop
 endfacet
 facet normal -9.974553e-01 -7.129437e-02  1.746902e-05
   outer loop
     vertex  5.068726e+02  3.977502e+01 -3.014000e+01
     vertex  5.068557e+02  4.001224e+01 -3.014000e+01
     vertex  5.068560e+02  4.000466e+01 -4.014000e+01
   endloop
 endfacet
 facet normal -9.924795e-01 -1.224107e-01 -5.068048e-05
   outer loop
     vertex  5.069008e+02  3.953887e+01 -3.014000e+01
     vertex  5.068741e+02  3.975991e+01 -4.014000e+01
     vertex  5.069041e+02  3.951635e+01 -4.014000e+01
   endloop
 endfacet
 facet normal -9.929368e-01 -1.186447e-01  3.378700e-05
   outer loop
     vertex  5.069008e+02  3.953887e+01 -3.014000e+01
     vertex  5.068726e+02  3.977502e+01 -3.014000e+01
     vertex  5.068741e+02  3.975991e+01 -4.014000e+01
   endloop
 endfacet
 facet normal -9.852776e-01 -1.709619e-01 -6.527183e-05
   outer loop
     vertex  5.069402e+02  3.930433e+01 -3.014000e+01
     vertex  5.069041e+02  3.951635e+01 -4.014000e+01
     vertex  5.069461e+02  3.927455e+01 -4.014000e+01
   endloop
 endfacet
 facet normal -9.861717e-01 -1.657266e-01  4.895391e-05
   outer loop
     vertex  5.069402e+02  3.930433e+01 -3.014000e+01
     vertex  5.069008e+02  3.953887e+01 -3.014000e+01
     vertex  5.069041e+02  3.951635e+01 -4.014000e+01
   endloop
 endfacet
 facet normal -9.757021e-01 -2.191012e-01 -7.871206e-05
   outer loop
     vertex  5.069908e+02  3.907193e+01 -3.014000e+01
     vertex  5.069461e+02  3.927455e+01 -4.014000e+01
     vertex  5.069998e+02  3.903510e+01 -4.014000e+01
   endloop
 endfacet
 facet normal -9.771755e-01 -2.124336e-01  6.296970e-05
   outer loop
     vertex  5.069908e+02  3.907193e+01 -3.014000e+01
     vertex  5.069402e+02  3.930433e+01 -3.014000e+01
     vertex  5.069461e+02  3.927455e+01 -4.014000e+01
   endloop
 endfacet
 facet normal -9.637761e-01 -2.667128e-01 -9.100113e-05
   outer loop
     vertex  5.070523e+02  3.884220e+01 -3.014000e+01
     vertex  5.069998e+02  3.903510e+01 -4.014000e+01
     vertex  5.070653e+02  3.879858e+01 -4.014000e+01
   endloop
 endfacet
 facet normal -9.659684e-01 -2.586599e-01  7.583435e-05
   outer loop
     vertex  5.070523e+02  3.884220e+01 -3.014000e+01
     vertex  5.069908e+02  3.907193e+01 -3.014000e+01
     vertex  5.069998e+02  3.903510e+01 -4.014000e+01
   endloop
 endfacet
 facet normal -9.495282e-01 -3.136817e-01 -1.021390e-04
   outer loop
     vertex  5.071247e+02  3.861565e+01 -3.014000e+01
     vertex  5.070653e+02  3.879858e+01 -4.014000e+01
     vertex  5.071423e+02  3.856555e+01 -4.014000e+01
   endloop
 endfacet
 facet normal -9.525759e-01 -3.043010e-01  8.754783e-05
   outer loop
     vertex  5.071247e+02  3.861565e+01 -3.014000e+01
     vertex  5.070523e+02  3.884220e+01 -3.014000e+01
     vertex  5.070653e+02  3.879858e+01 -4.014000e+01
   endloop
 endfacet
 facet normal -9.367262e-01 -3.500628e-01  1.026960e-04
   outer loop
     vertex  5.072077e+02  3.839280e+01 -3.214000e+01
     vertex  5.071247e+02  3.861565e+01 -3.014000e+01
     vertex  5.071423e+02  3.856555e+01 -4.014000e+01
   endloop
 endfacet
 facet normal -9.329928e-01 -3.598950e-01 -1.401571e-04
   outer loop
     vertex  5.072077e+02  3.839280e+01 -3.214000e+01
     vertex  5.071423e+02  3.856555e+01 -4.014000e+01
     vertex  5.072306e+02  3.833658e+01 -4.014000e+01
   endloop
 endfacet
 facet normal -9.370282e-01 -3.492537e-01  3.300726e-12
   outer loop
     vertex  5.072077e+02  3.839280e+01 -3.014000e+01
     vertex  5.071247e+02  3.861565e+01 -3.014000e+01
     vertex  5.072077e+02  3.839280e+01 -3.214000e+01
   endloop
 endfacet
 facet normal -9.142097e-01 -4.052413e-01 -1.508047e-04
   outer loop
     vertex  5.073014e+02  3.817389e+01 -3.214000e+01
     vertex  5.072306e+02  3.833658e+01 -4.014000e+01
     vertex  5.073301e+02  3.811222e+01 -4.014000e+01
   endloop
 endfacet
 facet normal -9.193490e-01 -3.934429e-01  1.346220e-04
   outer loop
     vertex  5.073014e+02  3.817389e+01 -3.214000e+01
     vertex  5.072077e+02  3.839280e+01 -3.214000e+01
     vertex  5.072306e+02  3.833658e+01 -4.014000e+01
   endloop
 endfacet
 facet normal -8.995747e-01 -4.367670e-01  1.446042e-04
   outer loop
     vertex  5.074054e+02  3.795968e+01 -3.214000e+01
     vertex  5.073014e+02  3.817389e+01 -3.214000e+01
     vertex  5.073301e+02  3.811222e+01 -4.014000e+01
   endloop
 endfacet
 facet normal -8.932243e-01 -4.496113e-01 -1.601215e-04
   outer loop
     vertex  5.074054e+02  3.795968e+01 -3.214000e+01
     vertex  5.073301e+02  3.811222e+01 -4.014000e+01
     vertex  5.074404e+02  3.789302e+01 -4.014000e+01
   endloop
 endfacet
 facet normal -8.700870e-01 -4.928982e-01 -1.681073e-04
   outer loop
     vertex  5.075195e+02  3.775067e+01 -3.214000e+01
     vertex  5.074404e+02  3.789302e+01 -4.014000e+01
     vertex  5.075614e+02  3.767949e+01 -4.014000e+01
   endloop
 endfacet
 facet normal -8.777600e-01 -4.791005e-01  1.532554e-04
   outer loop
     vertex  5.075195e+02  3.775067e+01 -3.214000e+01
     vertex  5.074054e+02  3.795968e+01 -3.214000e+01
     vertex  5.074404e+02  3.789302e+01 -4.014000e+01
   endloop
 endfacet
 facet normal -8.448536e-01 -5.349976e-01 -1.747621e-04
   outer loop
     vertex  5.076434e+02  3.754733e+01 -3.214000e+01
     vertex  5.075614e+02  3.767949e+01 -4.014000e+01
     vertex  5.076927e+02  3.747215e+01 -4.014000e+01
   endloop
 endfacet
 facet normal -8.539546e-01 -5.203474e-01  1.605758e-04
   outer loop
     vertex  5.076434e+02  3.754733e+01 -3.214000e+01
     vertex  5.075195e+02  3.775067e+01 -3.214000e+01
     vertex  5.075614e+02  3.767949e+01 -4.014000e+01
   endloop
 endfacet
 facet normal -8.175848e-01 -5.758082e-01 -1.800860e-04
   outer loop
     vertex  5.077768e+02  3.735012e+01 -3.214000e+01
     vertex  5.076927e+02  3.747215e+01 -4.014000e+01
     vertex  5.078340e+02  3.727150e+01 -4.014000e+01
   endloop
 endfacet
 facet normal -8.282125e-01 -5.604142e-01  1.665652e-04
   outer loop
     vertex  5.077768e+02  3.735012e+01 -3.214000e+01
     vertex  5.076434e+02  3.754733e+01 -3.214000e+01
     vertex  5.076927e+02  3.747215e+01 -4.014000e+01
   endloop
 endfacet
 facet normal -7.883464e-01 -6.152316e-01 -1.840790e-04
   outer loop
     vertex  5.079195e+02  3.715948e+01 -3.214000e+01
     vertex  5.078340e+02  3.727150e+01 -4.014000e+01
     vertex  5.079849e+02  3.707803e+01 -4.014000e+01
   endloop
 endfacet
 facet normal -8.005919e-01 -5.992100e-01  1.712236e-04
   outer loop
     vertex  5.079195e+02  3.715948e+01 -3.214000e+01
     vertex  5.077768e+02  3.735012e+01 -3.214000e+01
     vertex  5.078340e+02  3.727150e+01 -4.014000e+01
   endloop
 endfacet
 facet normal -7.572088e-01 -6.531728e-01 -1.867410e-04
   outer loop
     vertex  5.080711e+02  3.697586e+01 -3.214000e+01
     vertex  5.079849e+02  3.707803e+01 -4.014000e+01
     vertex  5.081452e+02  3.689221e+01 -4.014000e+01
   endloop
 endfacet
 facet normal -7.711556e-01 -6.366467e-01  1.745510e-04
   outer loop
     vertex  5.080711e+02  3.697586e+01 -3.214000e+01
     vertex  5.079195e+02  3.715948e+01 -3.214000e+01
     vertex  5.079849e+02  3.707803e+01 -4.014000e+01
   endloop
 endfacet
 facet normal -7.242471e-01 -6.895405e-01 -1.880719e-04
   outer loop
     vertex  5.082313e+02  3.679966e+01 -3.214000e+01
     vertex  5.081452e+02  3.689221e+01 -4.014000e+01
     vertex  5.083145e+02  3.671447e+01 -4.014000e+01
   endloop
 endfacet
 facet normal -7.399703e-01 -6.726395e-01  1.765475e-04
   outer loop
     vertex  5.082313e+02  3.679966e+01 -3.214000e+01
     vertex  5.080711e+02  3.697586e+01 -3.214000e+01
     vertex  5.081452e+02  3.689221e+01 -4.014000e+01
   endloop
 endfacet
 facet normal -6.895405e-01 -7.242471e-01 -1.880719e-04
   outer loop
     vertex  5.083997e+02  3.663128e+01 -3.214000e+01
     vertex  5.083145e+02  3.671447e+01 -4.014000e+01
     vertex  5.084922e+02  3.654524e+01 -4.014000e+01
   endloop
 endfacet
 facet normal -7.071068e-01 -7.071068e-01  1.772130e-04
   outer loop
     vertex  5.083997e+02  3.663128e+01 -3.214000e+01
     vertex  5.082313e+02  3.679966e+01 -3.214000e+01
     vertex  5.083145e+02  3.671447e+01 -4.014000e+01
   endloop
 endfacet
 facet normal -6.531728e-01 -7.572088e-01 -1.867410e-04
   outer loop
     vertex  5.085759e+02  3.647111e+01 -3.214000e+01
     vertex  5.084922e+02  3.654524e+01 -4.014000e+01
     vertex  5.086780e+02  3.638495e+01 -4.014000e+01
   endloop
 endfacet
 facet normal -6.726395e-01 -7.399703e-01  1.765475e-04
   outer loop
     vertex  5.085759e+02  3.647111e+01 -3.214000e+01
     vertex  5.083997e+02  3.663128e+01 -3.214000e+01
     vertex  5.084922e+02  3.654524e+01 -4.014000e+01
   endloop
 endfacet
 facet normal -6.152316e-01 -7.883464e-01 -1.840790e-04
   outer loop
     vertex  5.087595e+02  3.631952e+01 -3.214000e+01
     vertex  5.086780e+02  3.638495e+01 -4.014000e+01
     vertex  5.088715e+02  3.623396e+01 -4.014000e+01
   endloop
 endfacet
 facet normal -6.366467e-01 -7.711556e-01  1.745510e-04
   outer loop
     vertex  5.087595e+02  3.631952e+01 -3.214000e+01
     vertex  5.085759e+02  3.647111e+01 -3.214000e+01
     vertex  5.086780e+02  3.638495e+01 -4.014000e+01
   endloop
 endfacet
 facet normal -5.758082e-01 -8.175848e-01 -1.800860e-04
   outer loop
     vertex  5.089501e+02  3.617683e+01 -3.214000e+01
     vertex  5.088715e+02  3.623396e+01 -4.014000e+01
     vertex  5.090721e+02  3.609265e+01 -4.014000e+01
   endloop
 endfacet
 facet normal -5.992100e-01 -8.005919e-01  1.712236e-04
   outer loop
     vertex  5.089501e+02  3.617683e+01 -3.214000e+01
     vertex  5.087595e+02  3.631952e+01 -3.214000e+01
     vertex  5.088715e+02  3.623396e+01 -4.014000e+01
   endloop
 endfacet
 facet normal -5.349976e-01 -8.448536e-01 -1.747621e-04
   outer loop
     vertex  5.091473e+02  3.604339e+01 -3.214000e+01
     vertex  5.090721e+02  3.609265e+01 -4.014000e+01
     vertex  5.092795e+02  3.596136e+01 -4.014000e+01
   endloop
 endfacet
 facet normal -5.604142e-01 -8.282125e-01  1.665652e-04
   outer loop
     vertex  5.091473e+02  3.604339e+01 -3.214000e+01
     vertex  5.089501e+02  3.617683e+01 -3.214000e+01
     vertex  5.090721e+02  3.609265e+01 -4.014000e+01
   endloop
 endfacet
 facet normal -4.928982e-01 -8.700870e-01 -1.681073e-04
   outer loop
     vertex  5.093507e+02  3.591949e+01 -3.214000e+01
     vertex  5.092795e+02  3.596136e+01 -4.014000e+01
     vertex  5.094930e+02  3.584039e+01 -4.014000e+01
   endloop
 endfacet
 facet normal -5.203474e-01 -8.539546e-01  1.605758e-04
   outer loop
     vertex  5.093507e+02  3.591949e+01 -3.214000e+01
     vertex  5.091473e+02  3.604339e+01 -3.214000e+01
     vertex  5.092795e+02  3.596136e+01 -4.014000e+01
   endloop
 endfacet
 facet normal -4.496113e-01 -8.932243e-01 -1.601215e-04
   outer loop
     vertex  5.095597e+02  3.580540e+01 -3.214000e+01
     vertex  5.094930e+02  3.584039e+01 -4.014000e+01
     vertex  5.097122e+02  3.573005e+01 -4.014000e+01
   endloop
 endfacet
 facet normal -4.791005e-01 -8.777600e-01  1.532554e-04
   outer loop
     vertex  5.095597e+02  3.580540e+01 -3.214000e+01
     vertex  5.093507e+02  3.591949e+01 -3.214000e+01
     vertex  5.094930e+02  3.584039e+01 -4.014000e+01
   endloop
 endfacet
 facet normal -4.052413e-01 -9.142097e-01 -1.508047e-04
   outer loop
     vertex  5.097739e+02  3.570140e+01 -3.214000e+01
     vertex  5.097122e+02  3.573005e+01 -4.014000e+01
     vertex  5.099366e+02  3.563060e+01 -4.014000e+01
   endloop
 endfacet
 facet normal -4.367670e-01 -8.995747e-01  1.446042e-04
   outer loop
     vertex  5.097739e+02  3.570140e+01 -3.214000e+01
     vertex  5.095597e+02  3.580540e+01 -3.214000e+01
     vertex  5.097122e+02  3.573005e+01 -4.014000e+01
   endloop
 endfacet
 facet normal -3.598950e-01 -9.329928e-01 -1.401571e-04
   outer loop
     vertex  5.099928e+02  3.560772e+01 -3.214000e+01
     vertex  5.099366e+02  3.563060e+01 -4.014000e+01
     vertex  5.101656e+02  3.554228e+01 -4.014000e+01
   endloop
 endfacet
 facet normal -3.934429e-01 -9.193490e-01  1.346220e-04
   outer loop
     vertex  5.099928e+02  3.560772e+01 -3.214000e+01
     vertex  5.097739e+02  3.570140e+01 -3.214000e+01
     vertex  5.099366e+02  3.563060e+01 -4.014000e+01
   endloop
 endfacet
 facet normal -3.136817e-01 -9.495282e-01 -1.021390e-04
   outer loop
     vertex  5.102157e+02  3.552465e+01 -3.014000e+01
     vertex  5.101656e+02  3.554228e+01 -4.014000e+01
     vertex  5.103986e+02  3.546530e+01 -4.014000e+01
   endloop
 endfacet
 facet normal -3.492537e-01 -9.370282e-01  3.298186e-12
   outer loop
     vertex  5.102157e+02  3.552465e+01 -3.014000e+01
     vertex  5.099928e+02  3.560772e+01 -3.014000e+01
     vertex  5.099928e+02  3.560772e+01 -3.214000e+01
   endloop
 endfacet
 facet normal -3.500628e-01 -9.367262e-01  1.026960e-04
   outer loop
     vertex  5.102157e+02  3.552465e+01 -3.014000e+01
     vertex  5.099928e+02  3.560772e+01 -3.214000e+01
     vertex  5.101656e+02  3.554228e+01 -4.014000e+01
   endloop
 endfacet
 facet normal -2.667128e-01 -9.637761e-01 -9.100113e-05
   outer loop
     vertex  5.104422e+02  3.545228e+01 -3.014000e+01
     vertex  5.103986e+02  3.546530e+01 -4.014000e+01
     vertex  5.106351e+02  3.539984e+01 -4.014000e+01
   endloop
 endfacet
 facet normal -3.043010e-01 -9.525759e-01  8.754783e-05
   outer loop
     vertex  5.104422e+02  3.545228e+01 -3.014000e+01
     vertex  5.102157e+02  3.552465e+01 -3.014000e+01
     vertex  5.103986e+02  3.546530e+01 -4.014000e+01
   endloop
 endfacet
 facet normal -2.191012e-01 -9.757021e-01 -7.871206e-05
   outer loop
     vertex  5.106719e+02  3.539077e+01 -3.014000e+01
     vertex  5.106351e+02  3.539984e+01 -4.014000e+01
     vertex  5.108745e+02  3.534607e+01 -4.014000e+01
   endloop
 endfacet
 facet normal -2.586599e-01 -9.659684e-01  7.583435e-05
   outer loop
     vertex  5.106719e+02  3.539077e+01 -3.014000e+01
     vertex  5.104422e+02  3.545228e+01 -3.014000e+01
     vertex  5.106351e+02  3.539984e+01 -4.014000e+01
   endloop
 endfacet
 facet normal -1.709619e-01 -9.852776e-01 -6.527183e-05
   outer loop
     vertex  5.109043e+02  3.534024e+01 -3.014000e+01
     vertex  5.108745e+02  3.534607e+01 -4.014000e+01
     vertex  5.111163e+02  3.530412e+01 -4.014000e+01
   endloop
 endfacet
 facet normal -2.124336e-01 -9.771755e-01  6.296970e-05
   outer loop
     vertex  5.109043e+02  3.534024e+01 -3.014000e+01
     vertex  5.106719e+02  3.539077e+01 -3.014000e+01
     vertex  5.108745e+02  3.534607e+01 -4.014000e+01
   endloop
 endfacet
 facet normal -1.224107e-01 -9.924795e-01 -5.068048e-05
   outer loop
     vertex  5.111389e+02  3.530083e+01 -3.014000e+01
     vertex  5.111163e+02  3.530412e+01 -4.014000e+01
     vertex  5.113599e+02  3.527408e+01 -4.014000e+01
   endloop
 endfacet
 facet normal -1.657266e-01 -9.861717e-01  4.895391e-05
   outer loop
     vertex  5.111389e+02  3.530083e+01 -3.014000e+01
     vertex  5.109043e+02  3.534024e+01 -3.014000e+01
     vertex  5.111163e+02  3.530412e+01 -4.014000e+01
   endloop
 endfacet
 facet normal -7.356456e-02 -9.972905e-01 -3.493803e-05
   outer loop
     vertex  5.113750e+02  3.527261e+01 -3.014000e+01
     vertex  5.113599e+02  3.527408e+01 -4.014000e+01
     vertex  5.116047e+02  3.525602e+01 -4.014000e+01
   endloop
 endfacet
 facet normal -1.186447e-01 -9.929368e-01  3.378700e-05
   outer loop
     vertex  5.113750e+02  3.527261e+01 -3.014000e+01
     vertex  5.111389e+02  3.530083e+01 -3.014000e+01
     vertex  5.113599e+02  3.527408e+01 -4.014000e+01
   endloop
 endfacet
 facet normal -7.129437e-02 -9.974553e-01  1.746902e-05
   outer loop
     vertex  5.116122e+02  3.525566e+01 -3.014000e+01
     vertex  5.113750e+02  3.527261e+01 -3.014000e+01
     vertex  5.116047e+02  3.525602e+01 -4.014000e+01
   endloop
 endfacet
 facet normal -2.454123e-02 -9.996988e-01 -1.804452e-05
   outer loop
     vertex  5.116122e+02  3.525566e+01 -3.014000e+01
     vertex  5.116047e+02  3.525602e+01 -4.014000e+01
     vertex  5.118500e+02  3.525000e+01 -4.014000e+01
   endloop
 endfacet
 facet normal -2.378273e-02 -9.997172e-01 -0.000000e+00
   outer loop
     vertex  5.118500e+02  3.525000e+01 -3.014000e+01
     vertex  5.116122e+02  3.525566e+01 -3.014000e+01
     vertex  5.118500e+02  3.525000e+01 -4.014000e+01
   endloop
 endfacet
 facet normal -9.996988e-01  2.454123e-02  0.000000e+00
   outer loop
     vertex  5.068560e+02  9.079534e+01 -3.014000e+01
     vertex  5.068560e+02  9.079534e+01 -4.014000e+01
     vertex  5.068500e+02  9.055000e+01 -4.014000e+01
   endloop
 endfacet
 facet normal -9.996988e-01  2.454123e-02  0.000000e+00
   outer loop
     vertex  5.068560e+02  9.079534e+01 -3.014000e+01
     vertex  5.068500e+02  9.055000e+01 -4.014000e+01
     vertex  5.068500e+02  9.055000e+01 -3.014000e+01
   endloop
 endfacet
 facet normal -9.972905e-01  7.356456e-02  0.000000e+00
   outer loop
     vertex  5.068741e+02  9.104009e+01 -3.014000e+01
     vertex  5.068741e+02  9.104009e+01 -4.014000e+01
     vertex  5.068560e+02  9.079534e+01 -4.014000e+01
   endloop
 endfacet
 facet normal -9.924795e-01  1.224107e-01  0.000000e+00
   outer loop
     vertex  5.068741e+02  9.104009e+01 -3.014000e+01
     vertex  5.069041e+02  9.128365e+01 -4.014000e+01
     vertex  5.068741e+02  9.104009e+01 -4.014000e+01
   endloop
 endfacet
 facet normal -9.972905e-01  7.356456e-02  0.000000e+00
   outer loop
     vertex  5.068741e+02  9.104009e+01 -3.014000e+01
     vertex  5.068560e+02  9.079534e+01 -4.014000e+01
     vertex  5.068560e+02  9.079534e+01 -3.014000e+01
   endloop
 endfacet
 facet normal -9.924795e-01  1.224107e-01  0.000000e+00
   outer loop
     vertex  5.069041e+02  9.128365e+01 -3.014000e+01
     vertex  5.069041e+02  9.128365e+01 -4.014000e+01
     vertex  5.068741e+02  9.104009e+01 -3.014000e+01
   endloop
 endfacet
 facet normal -9.852776e-01  1.709619e-01  0.000000e+00
   outer loop
     vertex  5.069461e+02  9.152545e+01 -3.014000e+01
     vertex  5.069461e+02  9.152545e+01 -4.014000e+01
     vertex  5.069041e+02  9.128365e+01 -4.014000e+01
   endloop
 endfacet
 facet normal -9.852776e-01  1.709619e-01  0.000000e+00
   outer loop
     vertex  5.069461e+02  9.152545e+01 -3.014000e+01
     vertex  5.069041e+02  9.128365e+01 -4.014000e+01
     vertex  5.069041e+02  9.128365e+01 -3.014000e+01
   endloop
 endfacet
 facet normal -9.757021e-01  2.191012e-01  0.000000e+00
   outer loop
     vertex  5.069998e+02  9.176490e+01 -3.014000e+01
     vertex  5.069998e+02  9.176490e+01 -4.014000e+01
     vertex  5.069461e+02  9.152545e+01 -4.014000e+01
   endloop
 endfacet
 facet normal -9.637761e-01  2.667128e-01  0.000000e+00
   outer loop
     vertex  5.069998e+02  9.176490e+01 -3.014000e+01
     vertex  5.070653e+02  9.200142e+01 -4.014000e+01
     vertex  5.069998e+02  9.176490e+01 -4.014000e+01
   endloop
 endfacet
 facet normal -9.757021e-01  2.191012e-01  0.000000e+00
   outer loop
     vertex  5.069998e+02  9.176490e+01 -3.014000e+01
     vertex  5.069461e+02  9.152545e+01 -4.014000e+01
     vertex  5.069461e+02  9.152545e+01 -3.014000e+01
   endloop
 endfacet
 facet normal -9.637761e-01  2.667128e-01  0.000000e+00
   outer loop
     vertex  5.070653e+02  9.200142e+01 -3.014000e+01
     vertex  5.070653e+02  9.200142e+01 -4.014000e+01
     vertex  5.069998e+02  9.176490e+01 -3.014000e+01
   endloop
 endfacet
 facet normal -9.495282e-01  3.136817e-01  0.000000e+00
   outer loop
     vertex  5.071423e+02  9.223445e+01 -3.014000e+01
     vertex  5.071423e+02  9.223445e+01 -4.014000e+01
     vertex  5.070653e+02  9.200142e+01 -4.014000e+01
   endloop
 endfacet
 facet normal -9.495282e-01  3.136817e-01  0.000000e+00
   outer loop
     vertex  5.071423e+02  9.223445e+01 -3.014000e+01
     vertex  5.070653e+02  9.200142e+01 -4.014000e+01
     vertex  5.070653e+02  9.200142e+01 -3.014000e+01
   endloop
 endfacet
 facet normal -9.329928e-01  3.598950e-01  0.000000e+00
   outer loop
     vertex  5.072306e+02  9.246342e+01 -3.014000e+01
     vertex  5.072306e+02  9.246342e+01 -4.014000e+01
     vertex  5.071423e+02  9.223445e+01 -4.014000e+01
   endloop
 endfacet
 facet normal -9.142098e-01  4.052413e-01  0.000000e+00
   outer loop
     vertex  5.072306e+02  9.246342e+01 -3.014000e+01
     vertex  5.073301e+02  9.268778e+01 -4.014000e+01
     vertex  5.072306e+02  9.246342e+01 -4.014000e+01
   endloop
 endfacet
 facet normal -9.329928e-01  3.598950e-01  0.000000e+00
   outer loop
     vertex  5.072306e+02  9.246342e+01 -3.014000e+01
     vertex  5.071423e+02  9.223445e+01 -4.014000e+01
     vertex  5.071423e+02  9.223445e+01 -3.014000e+01
   endloop
 endfacet
 facet normal -9.142098e-01  4.052413e-01  0.000000e+00
   outer loop
     vertex  5.073301e+02  9.268778e+01 -3.014000e+01
     vertex  5.073301e+02  9.268778e+01 -4.014000e+01
     vertex  5.072306e+02  9.246342e+01 -3.014000e+01
   endloop
 endfacet
 facet normal -8.932243e-01  4.496113e-01  0.000000e+00
   outer loop
     vertex  5.074404e+02  9.290698e+01 -3.014000e+01
     vertex  5.074404e+02  9.290698e+01 -4.014000e+01
     vertex  5.073301e+02  9.268778e+01 -4.014000e+01
   endloop
 endfacet
 facet normal -8.932243e-01  4.496113e-01  0.000000e+00
   outer loop
     vertex  5.074404e+02  9.290698e+01 -3.014000e+01
     vertex  5.073301e+02  9.268778e+01 -4.014000e+01
     vertex  5.073301e+02  9.268778e+01 -3.014000e+01
   endloop
 endfacet
 facet normal -8.700870e-01  4.928982e-01  0.000000e+00
   outer loop
     vertex  5.075614e+02  9.312051e+01 -3.014000e+01
     vertex  5.075614e+02  9.312051e+01 -4.014000e+01
     vertex  5.074404e+02  9.290698e+01 -4.014000e+01
   endloop
 endfacet
 facet normal -8.700870e-01  4.928982e-01  0.000000e+00
   outer loop
     vertex  5.075614e+02  9.312051e+01 -3.014000e+01
     vertex  5.074404e+02  9.290698e+01 -4.014000e+01
     vertex  5.074404e+02  9.290698e+01 -3.014000e+01
   endloop
 endfacet
 facet normal -8.448536e-01  5.349976e-01  0.000000e+00
   outer loop
     vertex  5.076927e+02  9.332785e+01 -3.014000e+01
     vertex  5.076927e+02  9.332785e+01 -4.014000e+01
     vertex  5.075614e+02  9.312051e+01 -4.014000e+01
   endloop
 endfacet
 facet normal -8.448536e-01  5.349976e-01  0.000000e+00
   outer loop
     vertex  5.076927e+02  9.332785e+01 -3.014000e+01
     vertex  5.075614e+02  9.312051e+01 -4.014000e+01
     vertex  5.075614e+02  9.312051e+01 -3.014000e+01
   endloop
 endfacet
 facet normal -8.175848e-01  5.758082e-01  0.000000e+00
   outer loop
     vertex  5.078340e+02  9.352850e+01 -3.014000e+01
     vertex  5.078340e+02  9.352850e+01 -4.014000e+01
     vertex  5.076927e+02  9.332785e+01 -4.014000e+01
   endloop
 endfacet
 facet normal -7.883464e-01  6.152316e-01  0.000000e+00
   outer loop
     vertex  5.078340e+02  9.352850e+01 -3.014000e+01
     vertex  5.079849e+02  9.372197e+01 -4.014000e+01
     vertex  5.078340e+02  9.352850e+01 -4.014000e+01
   endloop
 endfacet
 facet normal -8.175848e-01  5.758082e-01  0.000000e+00
   outer loop
     vertex  5.078340e+02  9.352850e+01 -3.014000e+01
     vertex  5.076927e+02  9.332785e+01 -4.014000e+01
     vertex  5.076927e+02  9.332785e+01 -3.014000e+01
   endloop
 endfacet
 facet normal -7.883464e-01  6.152316e-01  0.000000e+00
   outer loop
     vertex  5.079849e+02  9.372197e+01 -3.014000e+01
     vertex  5.079849e+02  9.372197e+01 -4.014000e+01
     vertex  5.078340e+02  9.352850e+01 -3.014000e+01
   endloop
 endfacet
 facet normal -7.572088e-01  6.531728e-01  0.000000e+00
   outer loop
     vertex  5.081452e+02  9.390779e+01 -3.014000e+01
     vertex  5.081452e+02  9.390779e+01 -4.014000e+01
     vertex  5.079849e+02  9.372197e+01 -4.014000e+01
   endloop
 endfacet
 facet normal -7.572088e-01  6.531728e-01  0.000000e+00
   outer loop
     vertex  5.081452e+02  9.390779e+01 -3.014000e+01
     vertex  5.079849e+02  9.372197e+01 -4.014000e+01
     vertex  5.079849e+02  9.372197e+01 -3.014000e+01
   endloop
 endfacet
 facet normal -7.242471e-01  6.895405e-01  0.000000e+00
   outer loop
     vertex  5.083145e+02  9.408553e+01 -3.014000e+01
     vertex  5.083145e+02  9.408553e+01 -4.014000e+01
     vertex  5.081452e+02  9.390779e+01 -4.014000e+01
   endloop
 endfacet
 facet normal -7.242471e-01  6.895405e-01  0.000000e+00
   outer loop
     vertex  5.083145e+02  9.408553e+01 -3.014000e+01
     vertex  5.081452e+02  9.390779e+01 -4.014000e+01
     vertex  5.081452e+02  9.390779e+01 -3.014000e+01
   endloop
 endfacet
 facet normal -6.895405e-01  7.242471e-01  0.000000e+00
   outer loop
     vertex  5.084922e+02  9.425476e+01 -3.014000e+01
     vertex  5.084922e+02  9.425476e+01 -4.014000e+01
     vertex  5.083145e+02  9.408553e+01 -4.014000e+01
   endloop
 endfacet
 facet normal -6.895405e-01  7.242471e-01  0.000000e+00
   outer loop
     vertex  5.084922e+02  9.425476e+01 -3.014000e+01
     vertex  5.083145e+02  9.408553e+01 -4.014000e+01
     vertex  5.083145e+02  9.408553e+01 -3.014000e+01
   endloop
 endfacet
 facet normal -6.531728e-01  7.572088e-01  0.000000e+00
   outer loop
     vertex  5.086780e+02  9.441505e+01 -3.014000e+01
     vertex  5.086780e+02  9.441505e+01 -4.014000e+01
     vertex  5.084922e+02  9.425476e+01 -4.014000e+01
   endloop
 endfacet
 facet normal -6.531728e-01  7.572088e-01  0.000000e+00
   outer loop
     vertex  5.086780e+02  9.441505e+01 -3.014000e+01
     vertex  5.084922e+02  9.425476e+01 -4.014000e+01
     vertex  5.084922e+02  9.425476e+01 -3.014000e+01
   endloop
 endfacet
 facet normal -6.152316e-01  7.883464e-01  0.000000e+00
   outer loop
     vertex  5.088715e+02  9.456604e+01 -3.014000e+01
     vertex  5.088715e+02  9.456604e+01 -4.014000e+01
     vertex  5.086780e+02  9.441505e+01 -4.014000e+01
   endloop
 endfacet
 facet normal -5.758082e-01  8.175848e-01  0.000000e+00
   outer loop
     vertex  5.088715e+02  9.456604e+01 -3.014000e+01
     vertex  5.090721e+02  9.470735e+01 -4.014000e+01
     vertex  5.088715e+02  9.456604e+01 -4.014000e+01
   endloop
 endfacet
 facet normal -6.152316e-01  7.883464e-01  0.000000e+00
   outer loop
     vertex  5.088715e+02  9.456604e+01 -3.014000e+01
     vertex  5.086780e+02  9.441505e+01 -4.014000e+01
     vertex  5.086780e+02  9.441505e+01 -3.014000e+01
   endloop
 endfacet
 facet normal -5.758082e-01  8.175848e-01  0.000000e+00
   outer loop
     vertex  5.090721e+02  9.470735e+01 -3.014000e+01
     vertex  5.090721e+02  9.470735e+01 -4.014000e+01
     vertex  5.088715e+02  9.456604e+01 -3.014000e+01
   endloop
 endfacet
 facet normal -5.349976e-01  8.448536e-01  0.000000e+00
   outer loop
     vertex  5.092795e+02  9.483864e+01 -3.014000e+01
     vertex  5.092795e+02  9.483864e+01 -4.014000e+01
     vertex  5.090721e+02  9.470735e+01 -4.014000e+01
   endloop
 endfacet
 facet normal -5.349976e-01  8.448536e-01  0.000000e+00
   outer loop
     vertex  5.092795e+02  9.483864e+01 -3.014000e+01
     vertex  5.090721e+02  9.470735e+01 -4.014000e+01
     vertex  5.090721e+02  9.470735e+01 -3.014000e+01
   endloop
 endfacet
 facet normal -4.928982e-01  8.700870e-01  0.000000e+00
   outer loop
     vertex  5.094930e+02  9.495961e+01 -3.014000e+01
     vertex  5.094930e+02  9.495961e+01 -4.014000e+01
     vertex  5.092795e+02  9.483864e+01 -4.014000e+01
   endloop
 endfacet
 facet normal -4.928982e-01  8.700870e-01  0.000000e+00
   outer loop
     vertex  5.094930e+02  9.495961e+01 -3.014000e+01
     vertex  5.092795e+02  9.483864e+01 -4.014000e+01
     vertex  5.092795e+02  9.483864e+01 -3.014000e+01
   endloop
 endfacet
 facet normal -4.496113e-01  8.932243e-01  0.000000e+00
   outer loop
     vertex  5.097122e+02  9.506995e+01 -3.014000e+01
     vertex  5.097122e+02  9.506995e+01 -4.014000e+01
     vertex  5.094930e+02  9.495961e+01 -4.014000e+01
   endloop
 endfacet
 facet normal -4.496113e-01  8.932243e-01  0.000000e+00
   outer loop
     vertex  5.097122e+02  9.506995e+01 -3.014000e+01
     vertex  5.094930e+02  9.495961e+01 -4.014000e+01
     vertex  5.094930e+02  9.495961e+01 -3.014000e+01
   endloop
 endfacet
 facet normal -4.052413e-01  9.142098e-01  0.000000e+00
   outer loop
     vertex  5.099366e+02  9.516940e+01 -3.014000e+01
     vertex  5.099366e+02  9.516940e+01 -4.014000e+01
     vertex  5.097122e+02  9.506995e+01 -4.014000e+01
   endloop
 endfacet
 facet normal -4.052413e-01  9.142098e-01  0.000000e+00
   outer loop
     vertex  5.099366e+02  9.516940e+01 -3.014000e+01
     vertex  5.097122e+02  9.506995e+01 -4.014000e+01
     vertex  5.097122e+02  9.506995e+01 -3.014000e+01
   endloop
 endfacet
 facet normal -3.598950e-01  9.329928e-01  0.000000e+00
   outer loop
     vertex  5.101656e+02  9.525772e+01 -3.014000e+01
     vertex  5.101656e+02  9.525772e+01 -4.014000e+01
     vertex  5.099366e+02  9.516940e+01 -4.014000e+01
   endloop
 endfacet
 facet normal -3.598950e-01  9.329928e-01  0.000000e+00
   outer loop
     vertex  5.101656e+02  9.525772e+01 -3.014000e+01
     vertex  5.099366e+02  9.516940e+01 -4.014000e+01
     vertex  5.099366e+02  9.516940e+01 -3.014000e+01
   endloop
 endfacet
 facet normal -3.136817e-01  9.495282e-01  0.000000e+00
   outer loop
     vertex  5.103986e+02  9.533470e+01 -3.014000e+01
     vertex  5.103986e+02  9.533470e+01 -4.014000e+01
     vertex  5.101656e+02  9.525772e+01 -4.014000e+01
   endloop
 endfacet
 facet normal -3.136817e-01  9.495282e-01  0.000000e+00
   outer loop
     vertex  5.103986e+02  9.533470e+01 -3.014000e+01
     vertex  5.101656e+02  9.525772e+01 -4.014000e+01
     vertex  5.101656e+02  9.525772e+01 -3.014000e+01
   endloop
 endfacet
 facet normal -2.667128e-01  9.637761e-01  0.000000e+00
   outer loop
     vertex  5.106351e+02  9.540016e+01 -3.014000e+01
     vertex  5.106351e+02  9.540016e+01 -4.014000e+01
     vertex  5.103986e+02  9.533470e+01 -4.014000e+01
   endloop
 endfacet
 facet normal -2.667128e-01  9.637761e-01  0.000000e+00
   outer loop
     vertex  5.106351e+02  9.540016e+01 -3.014000e+01
     vertex  5.103986e+02  9.533470e+01 -4.014000e+01
     vertex  5.103986e+02  9.533470e+01 -3.014000e+01
   endloop
 endfacet
 facet normal -2.191012e-01  9.757021e-01  0.000000e+00
   outer loop
     vertex  5.108745e+02  9.545393e+01 -3.014000e+01
     vertex  5.108745e+02  9.545393e+01 -4.014000e+01
     vertex  5.106351e+02  9.540016e+01 -4.014000e+01
   endloop
 endfacet
 facet normal -2.191012e-01  9.757021e-01  0.000000e+00
   outer loop
     vertex  5.108745e+02  9.545393e+01 -3.014000e+01
     vertex  5.106351e+02  9.540016e+01 -4.014000e+01
     vertex  5.106351e+02  9.540016e+01 -3.014000e+01
   endloop
 endfacet
 facet normal -1.709619e-01  9.852776e-01  0.000000e+00
   outer loop
     vertex  5.111163e+02  9.549588e+01 -3.014000e+01
     vertex  5.111163e+02  9.549588e+01 -4.014000e+01
     vertex  5.108745e+02  9.545393e+01 -4.014000e+01
   endloop
 endfacet
 facet normal -1.224107e-01  9.924795e-01  0.000000e+00
   outer loop
     vertex  5.111163e+02  9.549588e+01 -3.014000e+01
     vertex  5.113599e+02  9.552592e+01 -4.014000e+01
     vertex  5.111163e+02  9.549588e+01 -4.014000e+01
   endloop
 endfacet
 facet normal -1.709619e-01  9.852776e-01  0.000000e+00
   outer loop
     vertex  5.111163e+02  9.549588e+01 -3.014000e+01
     vertex  5.108745e+02  9.545393e+01 -4.014000e+01
     vertex  5.108745e+02  9.545393e+01 -3.014000e+01
   endloop
 endfacet
 facet normal -1.224107e-01  9.924795e-01  0.000000e+00
   outer loop
     vertex  5.113599e+02  9.552592e+01 -3.014000e+01
     vertex  5.113599e+02  9.552592e+01 -4.014000e+01
     vertex  5.111163e+02  9.549588e+01 -3.014000e+01
   endloop
 endfacet
 facet normal -7.356456e-02  9.972905e-01  0.000000e+00
   outer loop
     vertex  5.116047e+02  9.554398e+01 -3.014000e+01
     vertex  5.116047e+02  9.554398e+01 -4.014000e+01
     vertex  5.113599e+02  9.552592e+01 -4.014000e+01
   endloop
 endfacet
 facet normal -2.454123e-02  9.996988e-01  0.000000e+00
   outer loop
     vertex  5.116047e+02  9.554398e+01 -3.014000e+01
     vertex  5.118500e+02  9.555000e+01 -4.014000e+01
     vertex  5.116047e+02  9.554398e+01 -4.014000e+01
   endloop
 endfacet
 facet normal -7.356456e-02  9.972905e-01  0.000000e+00
   outer loop
     vertex  5.116047e+02  9.554398e+01 -3.014000e+01
     vertex  5.113599e+02  9.552592e+01 -4.014000e+01
     vertex  5.113599e+02  9.552592e+01 -3.014000e+01
   endloop
 endfacet
 facet normal -2.454123e-02  9.996988e-01  0.000000e+00
   outer loop
     vertex  5.118500e+02  9.555000e+01 -3.014000e+01
     vertex  5.118500e+02  9.555000e+01 -4.014000e+01
     vertex  5.116047e+02  9.554398e+01 -3.014000e+01
   endloop
 endfacet
 facet normal  0.000000e+00  0.000000e+00 -1.000000e+00
   outer loop
     vertex  5.079849e+02  3.707803e+01 -4.014000e+01
     vertex  5.083145e+02  3.671447e+01 -4.014000e+01
     vertex  5.081452e+02  3.689221e+01 -4.014000e+01
   endloop
 endfacet
 facet normal  0.000000e+00  0.000000e+00 -1.000000e+00
   outer loop
     vertex  5.075614e+02  3.767949e+01 -4.014000e+01
     vertex  5.078340e+02  3.727150e+01 -4.014000e+01
     vertex  5.076927e+02  3.747215e+01 -4.014000e+01
   endloop
 endfacet
 facet normal  0.000000e+00  0.000000e+00 -1.000000e+00
   outer loop
     vertex  5.094930e+02  3.584039e+01 -4.014000e+01
     vertex  5.090721e+02  3.609265e+01 -4.014000e+01
     vertex  5.088715e+02  3.623396e+01 -4.014000e+01
   endloop
 endfacet
 facet normal  0.000000e+00  0.000000e+00 -1.000000e+00
   outer loop
     vertex  5.094930e+02  3.584039e+01 -4.014000e+01
     vertex  5.092795e+02  3.596136e+01 -4.014000e+01
     vertex  5.090721e+02  3.609265e+01 -4.014000e+01
   endloop
 endfacet
 facet normal  0.000000e+00  0.000000e+00 -1.000000e+00
   outer loop
     vertex  5.101656e+02  3.554228e+01 -4.014000e+01
     vertex  5.097122e+02  3.573005e+01 -4.014000e+01
     vertex  5.094930e+02  3.584039e+01 -4.014000e+01
   endloop
 endfacet
 facet normal  0.000000e+00  0.000000e+00 -1.000000e+00
   outer loop
     vertex  5.101656e+02  3.554228e+01 -4.014000e+01
     vertex  5.099366e+02  3.563060e+01 -4.014000e+01
     vertex  5.097122e+02  3.573005e+01 -4.014000e+01
   endloop
 endfacet
 facet normal  0.000000e+00  0.000000e+00 -1.000000e+00
   outer loop
     vertex  5.101656e+02  3.554228e+01 -4.014000e+01
     vertex  5.094930e+02  3.584039e+01 -4.014000e+01
     vertex  5.088715e+02  3.623396e+01 -4.014000e+01
   endloop
 endfacet
 facet normal  0.000000e+00  0.000000e+00 -1.000000e+00
   outer loop
     vertex  5.070653e+02  3.879858e+01 -4.014000e+01
     vertex  5.072306e+02  3.833658e+01 -4.014000e+01
     vertex  5.071423e+02  3.856555e+01 -4.014000e+01
   endloop
 endfacet
 facet normal  0.000000e+00  0.000000e+00 -1.000000e+00
   outer loop
     vertex  5.070653e+02  3.879858e+01 -4.014000e+01
     vertex  5.073301e+02  3.811222e+01 -4.014000e+01
     vertex  5.072306e+02  3.833658e+01 -4.014000e+01
   endloop
 endfacet
 facet normal  0.000000e+00  0.000000e+00 -1.000000e+00
   outer loop
     vertex  5.070653e+02  3.879858e+01 -4.014000e+01
     vertex  5.074404e+02  3.789302e+01 -4.014000e+01
     vertex  5.073301e+02  3.811222e+01 -4.014000e+01
   endloop
 endfacet
 facet normal  0.000000e+00  0.000000e+00 -1.000000e+00
   outer loop
     vertex  5.070653e+02  3.879858e+01 -4.014000e+01
     vertex  5.075614e+02  3.767949e+01 -4.014000e+01
     vertex  5.074404e+02  3.789302e+01 -4.014000e+01
   endloop
 endfacet
 facet normal  0.000000e+00  0.000000e+00 -1.000000e+00
   outer loop
     vertex  5.070653e+02  3.879858e+01 -4.014000e+01
     vertex  5.079849e+02  3.707803e+01 -4.014000e+01
     vertex  5.078340e+02  3.727150e+01 -4.014000e+01
   endloop
 endfacet
 facet normal  0.000000e+00  0.000000e+00 -1.000000e+00
   outer loop
     vertex  5.070653e+02  3.879858e+01 -4.014000e+01
     vertex  5.084922e+02  3.654524e+01 -4.014000e+01
     vertex  5.083145e+02  3.671447e+01 -4.014000e+01
   endloop
 endfacet
 facet normal  0.000000e+00  0.000000e+00 -1.000000e+00
   outer loop
     vertex  5.070653e+02  3.879858e+01 -4.014000e+01
     vertex  5.083145e+02  3.671447e+01 -4.014000e+01
     vertex  5.079849e+02  3.707803e+01 -4.014000e+01
   endloop
 endfacet
 facet normal  0.000000e+00  0.000000e+00 -1.000000e+00
   outer loop
     vertex  5.070653e+02  3.879858e+01 -4.014000e+01
     vertex  5.078340e+02  3.727150e+01 -4.014000e+01
     vertex  5.075614e+02  3.767949e+01 -4.014000e+01
   endloop
 endfacet
 facet normal  0.000000e+00  0.000000e+00 -1.000000e+00
   outer loop
     vertex  5.106351e+02  3.539984e+01 -4.014000e+01
     vertex  5.103986e+02  3.546530e+01 -4.014000e+01
     vertex  5.101656e+02  3.554228e+01 -4.014000e+01
   endloop
 endfacet
 facet normal  0.000000e+00  0.000000e+00 -1.000000e+00
   outer loop
     vertex  5.111163e+02  3.530412e+01 -4.014000e+01
     vertex  5.108745e+02  3.534607e+01 -4.014000e+01
     vertex  5.106351e+02  3.539984e+01 -4.014000e+01
   endloop
 endfacet
 facet normal  0.000000e+00  0.000000e+00 -1.000000e+00
   outer loop
     vertex  5.111163e+02  3.530412e+01 -4.014000e+01
     vertex  5.106351e+02  3.539984e+01 -4.014000e+01
     vertex  5.101656e+02  3.554228e+01 -4.014000e+01
   endloop
 endfacet
 facet normal  0.000000e+00  0.000000e+00 -1.000000e+00
   outer loop
     vertex  5.068741e+02  3.975991e+01 -4.014000e+01
     vertex  5.069461e+02  3.927455e+01 -4.014000e+01
     vertex  5.069041e+02  3.951635e+01 -4.014000e+01
   endloop
 endfacet
 facet normal  0.000000e+00  0.000000e+00 -1.000000e+00
   outer loop
     vertex  5.068741e+02  3.975991e+01 -4.014000e+01
     vertex  5.069998e+02  3.903510e+01 -4.014000e+01
     vertex  5.069461e+02  3.927455e+01 -4.014000e+01
   endloop
 endfacet
 facet normal  0.000000e+00  0.000000e+00 -1.000000e+00
   outer loop
     vertex  5.068741e+02  3.975991e+01 -4.014000e+01
     vertex  5.070653e+02  3.879858e+01 -4.014000e+01
     vertex  5.069998e+02  3.903510e+01 -4.014000e+01
   endloop
 endfacet
 facet normal  0.000000e+00  0.000000e+00 -1.000000e+00
   outer loop
     vertex  5.068741e+02  3.975991e+01 -4.014000e+01
     vertex  5.086780e+02  3.638495e+01 -4.014000e+01
     vertex  5.084922e+02  3.654524e+01 -4.014000e+01
   endloop
 endfacet
 facet normal  0.000000e+00  0.000000e+00 -1.000000e+00
   outer loop
     vertex  5.068741e+02  3.975991e+01 -4.014000e+01
     vertex  5.084922e+02  3.654524e+01 -4.014000e+01
     vertex  5.070653e+02  3.879858e+01 -4.014000e+01
   endloop
 endfacet
 facet normal  0.000000e+00  0.000000e+00 -1.000000e+00
   outer loop
     vertex  5.118500e+02  3.525000e+01 -4.014000e+01
     vertex  5.113599e+02  3.527408e+01 -4.014000e+01
     vertex  5.111163e+02  3.530412e+01 -4.014000e+01
   endloop
 endfacet
 facet normal  0.000000e+00  0.000000e+00 -1.000000e+00
   outer loop
     vertex  5.118500e+02  3.525000e+01 -4.014000e+01
     vertex  5.116047e+02  3.525602e+01 -4.014000e+01
     vertex  5.113599e+02  3.527408e+01 -4.014000e+01
   endloop
 endfacet
 facet normal  0.000000e+00  0.000000e+00 -1.000000e+00
   outer loop
     vertex  5.118500e+02  3.525000e+01 -4.014000e+01
     vertex  5.111163e+02  3.530412e+01 -4.014000e+01
     vertex  5.101656e+02  3.554228e+01 -4.014000e+01
   endloop
 endfacet
 facet normal  0.000000e+00  0.000000e+00 -1.000000e+00
   outer loop
     vertex  5.068500e+02  4.025000e+01 -4.014000e+01
     vertex  5.068741e+02  3.975991e+01 -4.014000e+01
     vertex  5.068560e+02  4.000466e+01 -4.014000e+01
   endloop
 endfacet
 facet normal  0.000000e+00  0.000000e+00 -1.000000e+00
   outer loop
     vertex  5.068500e+02  4.025000e+01 -4.014000e+01
     vertex  5.088715e+02  3.623396e+01 -4.014000e+01
     vertex  5.086780e+02  3.638495e+01 -4.014000e+01
   endloop
 endfacet
 facet normal  0.000000e+00  0.000000e+00 -1.000000e+00
   outer loop
     vertex  5.068500e+02  4.025000e+01 -4.014000e+01
     vertex  5.101656e+02  3.554228e+01 -4.014000e+01
     vertex  5.088715e+02  3.623396e+01 -4.014000e+01
   endloop
 endfacet
 facet normal  0.000000e+00  0.000000e+00 -1.000000e+00
   outer loop
     vertex  5.068500e+02  4.025000e+01 -4.014000e+01
     vertex  5.086780e+02  3.638495e+01 -4.014000e+01
     vertex  5.068741e+02  3.975991e+01 -4.014000e+01
   endloop
 endfacet
 facet normal  0.000000e+00  0.000000e+00 -1.000000e+00
   outer loop
     vertex  5.068500e+02  4.025000e+01 -4.014000e+01
     vertex  5.118500e+02  3.525000e+01 -4.014000e+01
     vertex  5.101656e+02  3.554228e+01 -4.014000e+01
   endloop
 endfacet
 facet normal  0.000000e+00  0.000000e+00 -1.000000e+00
   outer loop
     vertex  5.621500e+02  3.525000e+01 -4.014000e+01
     vertex  5.118500e+02  3.525000e+01 -4.014000e+01
     vertex  5.068500e+02  4.025000e+01 -4.014000e+01
   endloop
 endfacet
 facet normal  0.000000e+00  0.000000e+00 -1.000000e+00
   outer loop
     vertex  5.626401e+02  3.527408e+01 -4.014000e+01
     vertex  5.623953e+02  3.525602e+01 -4.014000e+01
     vertex  5.621500e+02  3.525000e+01 -4.014000e+01
   endloop
 endfacet
 facet normal  0.000000e+00  0.000000e+00 -1.000000e+00
   outer loop
     vertex  5.069041e+02  9.128365e+01 -4.014000e+01
     vertex  5.068560e+02  9.079534e+01 -4.014000e+01
     vertex  5.068741e+02  9.104009e+01 -4.014000e+01
   endloop
 endfacet
 facet normal  0.000000e+00  0.000000e+00 -1.000000e+00
   outer loop
     vertex  5.069461e+02  9.152545e+01 -4.014000e+01
     vertex  5.068560e+02  9.079534e+01 -4.014000e+01
     vertex  5.069041e+02  9.128365e+01 -4.014000e+01
   endloop
 endfacet
 facet normal  0.000000e+00  0.000000e+00 -1.000000e+00
   outer loop
     vertex  5.631255e+02  3.534607e+01 -4.014000e+01
     vertex  5.628837e+02  3.530412e+01 -4.014000e+01
     vertex  5.626401e+02  3.527408e+01 -4.014000e+01
   endloop
 endfacet
 facet normal  0.000000e+00  0.000000e+00 -1.000000e+00
   outer loop
     vertex  5.069998e+02  9.176490e+01 -4.014000e+01
     vertex  5.068560e+02  9.079534e+01 -4.014000e+01
     vertex  5.069461e+02  9.152545e+01 -4.014000e+01
   endloop
 endfacet
 facet normal  0.000000e+00  0.000000e+00 -1.000000e+00
   outer loop
     vertex  5.070653e+02  9.200142e+01 -4.014000e+01
     vertex  5.068560e+02  9.079534e+01 -4.014000e+01
     vertex  5.069998e+02  9.176490e+01 -4.014000e+01
   endloop
 endfacet
 facet normal  0.000000e+00  0.000000e+00 -1.000000e+00
   outer loop
     vertex  5.636014e+02  3.546530e+01 -4.014000e+01
     vertex  5.633649e+02  3.539984e+01 -4.014000e+01
     vertex  5.631255e+02  3.534607e+01 -4.014000e+01
   endloop
 endfacet
 facet normal  0.000000e+00  0.000000e+00 -1.000000e+00
   outer loop
     vertex  5.071423e+02  9.223445e+01 -4.014000e+01
     vertex  5.068500e+02  9.055000e+01 -4.014000e+01
     vertex  5.068560e+02  9.079534e+01 -4.014000e+01
   endloop
 endfacet
 facet normal  0.000000e+00  0.000000e+00 -1.000000e+00
   outer loop
     vertex  5.071423e+02  9.223445e+01 -4.014000e+01
     vertex  5.068560e+02  9.079534e+01 -4.014000e+01
     vertex  5.070653e+02  9.200142e+01 -4.014000e+01
   endloop
 endfacet
 facet normal  0.000000e+00  0.000000e+00 -1.000000e+00
   outer loop
     vertex  5.638344e+02  3.554228e+01 -4.014000e+01
     vertex  5.631255e+02  3.534607e+01 -4.014000e+01
     vertex  5.626401e+02  3.527408e+01 -4.014000e+01
   endloop
 endfacet
 facet normal  0.000000e+00  0.000000e+00 -1.000000e+00
   outer loop
     vertex  5.638344e+02  3.554228e+01 -4.014000e+01
     vertex  5.636014e+02  3.546530e+01 -4.014000e+01
     vertex  5.631255e+02  3.534607e+01 -4.014000e+01
   endloop
 endfacet
 facet normal  0.000000e+00  0.000000e+00 -1.000000e+00
   outer loop
     vertex  5.073301e+02  9.268778e+01 -4.014000e+01
     vertex  5.071423e+02  9.223445e+01 -4.014000e+01
     vertex  5.072306e+02  9.246342e+01 -4.014000e+01
   endloop
 endfacet
 facet normal  0.000000e+00  0.000000e+00 -1.000000e+00
   outer loop
     vertex  5.074404e+02  9.290698e+01 -4.014000e+01
     vertex  5.068500e+02  9.055000e+01 -4.014000e+01
     vertex  5.071423e+02  9.223445e+01 -4.014000e+01
   endloop
 endfacet
 facet normal  0.000000e+00  0.000000e+00 -1.000000e+00
   outer loop
     vertex  5.074404e+02  9.290698e+01 -4.014000e+01
     vertex  5.071423e+02  9.223445e+01 -4.014000e+01
     vertex  5.073301e+02  9.268778e+01 -4.014000e+01
   endloop
 endfacet
 facet normal  0.000000e+00  0.000000e+00 -1.000000e+00
   outer loop
     vertex  5.645070e+02  3.584039e+01 -4.014000e+01
     vertex  5.642878e+02  3.573005e+01 -4.014000e+01
     vertex  5.640634e+02  3.563060e+01 -4.014000e+01
   endloop
 endfacet
 facet normal  0.000000e+00  0.000000e+00 -1.000000e+00
   outer loop
     vertex  5.647205e+02  3.596136e+01 -4.014000e+01
     vertex  5.638344e+02  3.554228e+01 -4.014000e+01
     vertex  5.626401e+02  3.527408e+01 -4.014000e+01
   endloop
 endfacet
 facet normal  0.000000e+00  0.000000e+00 -1.000000e+00
   outer loop
     vertex  5.647205e+02  3.596136e+01 -4.014000e+01
     vertex  5.645070e+02  3.584039e+01 -4.014000e+01
     vertex  5.640634e+02  3.563060e+01 -4.014000e+01
   endloop
 endfacet
 facet normal  0.000000e+00  0.000000e+00 -1.000000e+00
   outer loop
     vertex  5.647205e+02  3.596136e+01 -4.014000e+01
     vertex  5.640634e+02  3.563060e+01 -4.014000e+01
     vertex  5.638344e+02  3.554228e+01 -4.014000e+01
   endloop
 endfacet
 facet normal  0.000000e+00  0.000000e+00 -1.000000e+00
   outer loop
     vertex  5.649279e+02  3.609265e+01 -4.014000e+01
     vertex  5.647205e+02  3.596136e+01 -4.014000e+01
     vertex  5.626401e+02  3.527408e+01 -4.014000e+01
   endloop
 endfacet
 facet normal  0.000000e+00  0.000000e+00 -1.000000e+00
   outer loop
     vertex  5.651285e+02  3.623396e+01 -4.014000e+01
     vertex  5.626401e+02  3.527408e+01 -4.014000e+01
     vertex  5.621500e+02  3.525000e+01 -4.014000e+01
   endloop
 endfacet
 facet normal  0.000000e+00  0.000000e+00 -1.000000e+00
   outer loop
     vertex  5.651285e+02  3.623396e+01 -4.014000e+01
     vertex  5.649279e+02  3.609265e+01 -4.014000e+01
     vertex  5.626401e+02  3.527408e+01 -4.014000e+01
   endloop
 endfacet
 facet normal  0.000000e+00  0.000000e+00 -1.000000e+00
   outer loop
     vertex  5.078340e+02  9.352850e+01 -4.014000e+01
     vertex  5.074404e+02  9.290698e+01 -4.014000e+01
     vertex  5.075614e+02  9.312051e+01 -4.014000e+01
   endloop
 endfacet
 facet normal  0.000000e+00  0.000000e+00 -1.000000e+00
   outer loop
     vertex  5.078340e+02  9.352850e+01 -4.014000e+01
     vertex  5.075614e+02  9.312051e+01 -4.014000e+01
     vertex  5.076927e+02  9.332785e+01 -4.014000e+01
   endloop
 endfacet
 facet normal  0.000000e+00  0.000000e+00 -1.000000e+00
   outer loop
     vertex  5.081452e+02  9.390779e+01 -4.014000e+01
     vertex  5.078340e+02  9.352850e+01 -4.014000e+01
     vertex  5.079849e+02  9.372197e+01 -4.014000e+01
   endloop
 endfacet
 facet normal  0.000000e+00  0.000000e+00 -1.000000e+00
   outer loop
     vertex  5.656855e+02  3.671447e+01 -4.014000e+01
     vertex  5.651285e+02  3.623396e+01 -4.014000e+01
     vertex  5.621500e+02  3.525000e+01 -4.014000e+01
   endloop
 endfacet
 facet normal  0.000000e+00  0.000000e+00 -1.000000e+00
   outer loop
     vertex  5.656855e+02  3.671447e+01 -4.014000e+01
     vertex  5.655078e+02  3.654524e+01 -4.014000e+01
     vertex  5.653220e+02  3.638495e+01 -4.014000e+01
   endloop
 endfacet
 facet normal  0.000000e+00  0.000000e+00 -1.000000e+00
   outer loop
     vertex  5.656855e+02  3.671447e+01 -4.014000e+01
     vertex  5.653220e+02  3.638495e+01 -4.014000e+01
     vertex  5.651285e+02  3.623396e+01 -4.014000e+01
   endloop
 endfacet
 facet normal  0.000000e+00  0.000000e+00 -1.000000e+00
   outer loop
     vertex  5.084922e+02  9.425476e+01 -4.014000e+01
     vertex  5.081452e+02  9.390779e+01 -4.014000e+01
     vertex  5.083145e+02  9.408553e+01 -4.014000e+01
   endloop
 endfacet
 facet normal  0.000000e+00  0.000000e+00 -1.000000e+00
   outer loop
     vertex  5.084922e+02  9.425476e+01 -4.014000e+01
     vertex  5.068500e+02  9.055000e+01 -4.014000e+01
     vertex  5.074404e+02  9.290698e+01 -4.014000e+01
   endloop
 endfacet
 facet normal  0.000000e+00  0.000000e+00 -1.000000e+00
   outer loop
     vertex  5.084922e+02  9.425476e+01 -4.014000e+01
     vertex  5.074404e+02  9.290698e+01 -4.014000e+01
     vertex  5.078340e+02  9.352850e+01 -4.014000e+01
   endloop
 endfacet
 facet normal  0.000000e+00  0.000000e+00 -1.000000e+00
   outer loop
     vertex  5.084922e+02  9.425476e+01 -4.014000e+01
     vertex  5.078340e+02  9.352850e+01 -4.014000e+01
     vertex  5.081452e+02  9.390779e+01 -4.014000e+01
   endloop
 endfacet
 facet normal  0.000000e+00  0.000000e+00 -1.000000e+00
   outer loop
     vertex  5.658548e+02  3.689221e+01 -4.014000e+01
     vertex  5.656855e+02  3.671447e+01 -4.014000e+01
     vertex  5.621500e+02  3.525000e+01 -4.014000e+01
   endloop
 endfacet
 facet normal  0.000000e+00  0.000000e+00 -1.000000e+00
   outer loop
     vertex  5.661660e+02  3.727150e+01 -4.014000e+01
     vertex  5.660151e+02  3.707803e+01 -4.014000e+01
     vertex  5.658548e+02  3.689221e+01 -4.014000e+01
   endloop
 endfacet
 facet normal  0.000000e+00  0.000000e+00 -1.000000e+00
   outer loop
     vertex  5.661660e+02  3.727150e+01 -4.014000e+01
     vertex  5.658548e+02  3.689221e+01 -4.014000e+01
     vertex  5.621500e+02  3.525000e+01 -4.014000e+01
   endloop
 endfacet
 facet normal  0.000000e+00  0.000000e+00 -1.000000e+00
   outer loop
     vertex  5.092795e+02  9.483864e+01 -4.014000e+01
     vertex  5.084922e+02  9.425476e+01 -4.014000e+01
     vertex  5.086780e+02  9.441505e+01 -4.014000e+01
   endloop
 endfacet
 facet normal  0.000000e+00  0.000000e+00 -1.000000e+00
   outer loop
     vertex  5.092795e+02  9.483864e+01 -4.014000e+01
     vertex  5.086780e+02  9.441505e+01 -4.014000e+01
     vertex  5.088715e+02  9.456604e+01 -4.014000e+01
   endloop
 endfacet
 facet normal  0.000000e+00  0.000000e+00 -1.000000e+00
   outer loop
     vertex  5.092795e+02  9.483864e+01 -4.014000e+01
     vertex  5.088715e+02  9.456604e+01 -4.014000e+01
     vertex  5.090721e+02  9.470735e+01 -4.014000e+01
   endloop
 endfacet
 facet normal  0.000000e+00  0.000000e+00 -1.000000e+00
   outer loop
     vertex  5.094930e+02  9.495961e+01 -4.014000e+01
     vertex  5.084922e+02  9.425476e+01 -4.014000e+01
     vertex  5.092795e+02  9.483864e+01 -4.014000e+01
   endloop
 endfacet
 facet normal  0.000000e+00  0.000000e+00 -1.000000e+00
   outer loop
     vertex  5.665596e+02  3.789302e+01 -4.014000e+01
     vertex  5.664386e+02  3.767949e+01 -4.014000e+01
     vertex  5.663073e+02  3.747215e+01 -4.014000e+01
   endloop
 endfacet
 facet normal  0.000000e+00  0.000000e+00 -1.000000e+00
   outer loop
     vertex  5.665596e+02  3.789302e+01 -4.014000e+01
     vertex  5.663073e+02  3.747215e+01 -4.014000e+01
     vertex  5.661660e+02  3.727150e+01 -4.014000e+01
   endloop
 endfacet
 facet normal  0.000000e+00  0.000000e+00 -1.000000e+00
   outer loop
     vertex  5.665596e+02  3.789302e+01 -4.014000e+01
     vertex  5.661660e+02  3.727150e+01 -4.014000e+01
     vertex  5.621500e+02  3.525000e+01 -4.014000e+01
   endloop
 endfacet
 facet normal  0.000000e+00  0.000000e+00 -1.000000e+00
   outer loop
     vertex  5.097122e+02  9.506995e+01 -4.014000e+01
     vertex  5.084922e+02  9.425476e+01 -4.014000e+01
     vertex  5.094930e+02  9.495961e+01 -4.014000e+01
   endloop
 endfacet
 facet normal  0.000000e+00  0.000000e+00 -1.000000e+00
   outer loop
     vertex  5.097122e+02  9.506995e+01 -4.014000e+01
     vertex  5.068500e+02  9.055000e+01 -4.014000e+01
     vertex  5.084922e+02  9.425476e+01 -4.014000e+01
   endloop
 endfacet
 facet normal  0.000000e+00  0.000000e+00 -1.000000e+00
   outer loop
     vertex  5.666699e+02  3.811222e+01 -4.014000e+01
     vertex  5.665596e+02  3.789302e+01 -4.014000e+01
     vertex  5.621500e+02  3.525000e+01 -4.014000e+01
   endloop
 endfacet
 facet normal  0.000000e+00  0.000000e+00 -1.000000e+00
   outer loop
     vertex  5.099366e+02  9.516940e+01 -4.014000e+01
     vertex  5.068500e+02  9.055000e+01 -4.014000e+01
     vertex  5.097122e+02  9.506995e+01 -4.014000e+01
   endloop
 endfacet
 facet normal  0.000000e+00  0.000000e+00 -1.000000e+00
   outer loop
     vertex  5.668577e+02  3.856555e+01 -4.014000e+01
     vertex  5.667694e+02  3.833658e+01 -4.014000e+01
     vertex  5.666699e+02  3.811222e+01 -4.014000e+01
   endloop
 endfacet
 facet normal  0.000000e+00  0.000000e+00 -1.000000e+00
   outer loop
     vertex  5.668577e+02  3.856555e+01 -4.014000e+01
     vertex  5.666699e+02  3.811222e+01 -4.014000e+01
     vertex  5.621500e+02  3.525000e+01 -4.014000e+01
   endloop
 endfacet
 facet normal  0.000000e+00  0.000000e+00 -1.000000e+00
   outer loop
     vertex  5.103986e+02  9.533470e+01 -4.014000e+01
     vertex  5.099366e+02  9.516940e+01 -4.014000e+01
     vertex  5.101656e+02  9.525772e+01 -4.014000e+01
   endloop
 endfacet
 facet normal  0.000000e+00  0.000000e+00 -1.000000e+00
   outer loop
     vertex  5.103986e+02  9.533470e+01 -4.014000e+01
     vertex  5.068500e+02  9.055000e+01 -4.014000e+01
     vertex  5.099366e+02  9.516940e+01 -4.014000e+01
   endloop
 endfacet
 facet normal  0.000000e+00  0.000000e+00 -1.000000e+00
   outer loop
     vertex  5.106351e+02  9.540016e+01 -4.014000e+01
     vertex  5.068500e+02  9.055000e+01 -4.014000e+01
     vertex  5.103986e+02  9.533470e+01 -4.014000e+01
   endloop
 endfacet
 facet normal  0.000000e+00  0.000000e+00 -1.000000e+00
   outer loop
     vertex  5.111163e+02  9.549588e+01 -4.014000e+01
     vertex  5.068500e+02  9.055000e+01 -4.014000e+01
     vertex  5.106351e+02  9.540016e+01 -4.014000e+01
   endloop
 endfacet
 facet normal  0.000000e+00  0.000000e+00 -1.000000e+00
   outer loop
     vertex  5.111163e+02  9.549588e+01 -4.014000e+01
     vertex  5.106351e+02  9.540016e+01 -4.014000e+01
     vertex  5.108745e+02  9.545393e+01 -4.014000e+01
   endloop
 endfacet
 facet normal  0.000000e+00  0.000000e+00 -1.000000e+00
   outer loop
     vertex  5.670959e+02  3.951635e+01 -4.014000e+01
     vertex  5.670539e+02  3.927455e+01 -4.014000e+01
     vertex  5.670002e+02  3.903510e+01 -4.014000e+01
   endloop
 endfacet
 facet normal  0.000000e+00  0.000000e+00 -1.000000e+00
   outer loop
     vertex  5.670959e+02  3.951635e+01 -4.014000e+01
     vertex  5.670002e+02  3.903510e+01 -4.014000e+01
     vertex  5.669347e+02  3.879858e+01 -4.014000e+01
   endloop
 endfacet
 facet normal  0.000000e+00  0.000000e+00 -1.000000e+00
   outer loop
     vertex  5.670959e+02  3.951635e+01 -4.014000e+01
     vertex  5.669347e+02  3.879858e+01 -4.014000e+01
     vertex  5.668577e+02  3.856555e+01 -4.014000e+01
   endloop
 endfacet
 facet normal  0.000000e+00  0.000000e+00 -1.000000e+00
   outer loop
     vertex  5.670959e+02  3.951635e+01 -4.014000e+01
     vertex  5.668577e+02  3.856555e+01 -4.014000e+01
     vertex  5.621500e+02  3.525000e+01 -4.014000e+01
   endloop
 endfacet
 facet normal  0.000000e+00  0.000000e+00 -1.000000e+00
   outer loop
     vertex  5.671500e+02  4.025000e+01 -4.014000e+01
     vertex  5.670959e+02  3.951635e+01 -4.014000e+01
     vertex  5.621500e+02  3.525000e+01 -4.014000e+01
   endloop
 endfacet
 facet normal  0.000000e+00  0.000000e+00 -1.000000e+00
   outer loop
     vertex  5.671500e+02  4.025000e+01 -4.014000e+01
     vertex  5.671440e+02  4.000466e+01 -4.014000e+01
     vertex  5.671259e+02  3.975991e+01 -4.014000e+01
   endloop
 endfacet
 facet normal  0.000000e+00  0.000000e+00 -1.000000e+00
   outer loop
     vertex  5.671500e+02  4.025000e+01 -4.014000e+01
     vertex  5.671259e+02  3.975991e+01 -4.014000e+01
     vertex  5.670959e+02  3.951635e+01 -4.014000e+01
   endloop
 endfacet
 facet normal  0.000000e+00  0.000000e+00 -1.000000e+00
   outer loop
     vertex  5.118500e+02  9.555000e+01 -4.014000e+01
     vertex  5.068500e+02  9.055000e+01 -4.014000e+01
     vertex  5.111163e+02  9.549588e+01 -4.014000e+01
   endloop
 endfacet
 facet normal  0.000000e+00  0.000000e+00 -1.000000e+00
   outer loop
     vertex  5.118500e+02  9.555000e+01 -4.014000e+01
     vertex  5.111163e+02  9.549588e+01 -4.014000e+01
     vertex  5.113599e+02  9.552592e+01 -4.014000e+01
   endloop
 endfacet
 facet normal  0.000000e+00  0.000000e+00 -1.000000e+00
   outer loop
     vertex  5.118500e+02  9.555000e+01 -4.014000e+01
     vertex  5.113599e+02  9.552592e+01 -4.014000e+01
     vertex  5.116047e+02  9.554398e+01 -4.014000e+01
   endloop
 endfacet
 facet normal  0.000000e+00  0.000000e+00 -1.000000e+00
   outer loop
     vertex  5.621500e+02  9.555000e+01 -4.014000e+01
     vertex  5.068500e+02  4.025000e+01 -4.014000e+01
     vertex  5.068500e+02  9.055000e+01 -4.014000e+01
   endloop
 endfacet
 facet normal  0.000000e+00  0.000000e+00 -1.000000e+00
   outer loop
     vertex  5.621500e+02  9.555000e+01 -4.014000e+01
     vertex  5.671500e+02  4.025000e+01 -4.014000e+01
     vertex  5.621500e+02  3.525000e+01 -4.014000e+01
   endloop
 endfacet
 facet normal -0.000000e+00  0.000000e+00 -1.000000e+00
   outer loop
     vertex  5.621500e+02  9.555000e+01 -4.014000e+01
     vertex  5.068500e+02  9.055000e+01 -4.014000e+01
     vertex  5.118500e+02  9.555000e+01 -4.014000e+01
   endloop
 endfacet
 facet normal  0.000000e+00  0.000000e+00 -1.000000e+00
   outer loop
     vertex  5.621500e+02  9.555000e+01 -4.014000e+01
     vertex  5.671500e+02  9.055000e+01 -4.014000e+01
     vertex  5.671500e+02  4.025000e+01 -4.014000e+01
   endloop
 endfacet
 facet normal  0.000000e+00 -0.000000e+00 -1.000000e+00
   outer loop
     vertex  5.621500e+02  9.555000e+01 -4.014000e+01
     vertex  5.621500e+02  3.525000e+01 -4.014000e+01
     vertex  5.068500e+02  4.025000e+01 -4.014000e+01
   endloop
 endfacet
 facet normal  0.000000e+00  0.000000e+00 -1.000000e+00
   outer loop
     vertex  5.671259e+02  9.104009e+01 -4.014000e+01
     vertex  5.671440e+02  9.079534e+01 -4.014000e+01
     vertex  5.671500e+02  9.055000e+01 -4.014000e+01
   endloop
 endfacet
 facet normal  0.000000e+00  0.000000e+00 -1.000000e+00
   outer loop
     vertex  5.628837e+02  9.549588e+01 -4.014000e+01
     vertex  5.623953e+02  9.554398e+01 -4.014000e+01
     vertex  5.626401e+02  9.552592e+01 -4.014000e+01
   endloop
 endfacet
 facet normal  0.000000e+00  0.000000e+00 -1.000000e+00
   outer loop
     vertex  5.670539e+02  9.152545e+01 -4.014000e+01
     vertex  5.670959e+02  9.128365e+01 -4.014000e+01
     vertex  5.671259e+02  9.104009e+01 -4.014000e+01
   endloop
 endfacet
 facet normal -0.000000e+00 -0.000000e+00 -1.000000e+00
   outer loop
     vertex  5.670002e+02  9.176490e+01 -4.014000e+01
     vertex  5.671500e+02  9.055000e+01 -4.014000e+01
     vertex  5.621500e+02  9.555000e+01 -4.014000e+01
   endloop
 endfacet
 facet normal  0.000000e+00  0.000000e+00 -1.000000e+00
   outer loop
     vertex  5.670002e+02  9.176490e+01 -4.014000e+01
     vertex  5.670539e+02  9.152545e+01 -4.014000e+01
     vertex  5.671259e+02  9.104009e+01 -4.014000e+01
   endloop
 endfacet
 facet normal  0.000000e+00  0.000000e+00 -1.000000e+00
   outer loop
     vertex  5.670002e+02  9.176490e+01 -4.014000e+01
     vertex  5.671259e+02  9.104009e+01 -4.014000e+01
     vertex  5.671500e+02  9.055000e+01 -4.014000e+01
   endloop
 endfacet
 facet normal  0.000000e+00  0.000000e+00 -1.000000e+00
   outer loop
     vertex  5.670002e+02  9.176490e+01 -4.014000e+01
     vertex  5.623953e+02  9.554398e+01 -4.014000e+01
     vertex  5.628837e+02  9.549588e+01 -4.014000e+01
   endloop
 endfacet
 facet normal  0.000000e+00  0.000000e+00 -1.000000e+00
   outer loop
     vertex  5.670002e+02  9.176490e+01 -4.014000e+01
     vertex  5.621500e+02  9.555000e+01 -4.014000e+01
     vertex  5.623953e+02  9.554398e+01 -4.014000e+01
   endloop
 endfacet
 facet normal -0.000000e+00 -0.000000e+00 -1.000000e+00
   outer loop
     vertex  5.633649e+02  9.540016e+01 -4.014000e+01
     vertex  5.670002e+02  9.176490e+01 -4.014000e+01
     vertex  5.628837e+02  9.549588e+01 -4.014000e+01
   endloop
 endfacet
 facet normal  0.000000e+00  0.000000e+00 -1.000000e+00
   outer loop
     vertex  5.633649e+02  9.540016e+01 -4.014000e+01
     vertex  5.628837e+02  9.549588e+01 -4.014000e+01
     vertex  5.631255e+02  9.545393e+01 -4.014000e+01
   endloop
 endfacet
 facet normal  0.000000e+00  0.000000e+00 -1.000000e+00
   outer loop
     vertex  5.668577e+02  9.223445e+01 -4.014000e+01
     vertex  5.669347e+02  9.200142e+01 -4.014000e+01
     vertex  5.670002e+02  9.176490e+01 -4.014000e+01
   endloop
 endfacet
 facet normal -0.000000e+00 -0.000000e+00 -1.000000e+00
   outer loop
     vertex  5.638344e+02  9.525772e+01 -4.014000e+01
     vertex  5.670002e+02  9.176490e+01 -4.014000e+01
     vertex  5.633649e+02  9.540016e+01 -4.014000e+01
   endloop
 endfacet
 facet normal  0.000000e+00  0.000000e+00 -1.000000e+00
   outer loop
     vertex  5.638344e+02  9.525772e+01 -4.014000e+01
     vertex  5.668577e+02  9.223445e+01 -4.014000e+01
     vertex  5.670002e+02  9.176490e+01 -4.014000e+01
   endloop
 endfacet
 facet normal  0.000000e+00  0.000000e+00 -1.000000e+00
   outer loop
     vertex  5.638344e+02  9.525772e+01 -4.014000e+01
     vertex  5.633649e+02  9.540016e+01 -4.014000e+01
     vertex  5.636014e+02  9.533470e+01 -4.014000e+01
   endloop
 endfacet
 facet normal -0.000000e+00 -0.000000e+00 -1.000000e+00
   outer loop
     vertex  5.642878e+02  9.506995e+01 -4.014000e+01
     vertex  5.668577e+02  9.223445e+01 -4.014000e+01
     vertex  5.638344e+02  9.525772e+01 -4.014000e+01
   endloop
 endfacet
 facet normal  0.000000e+00  0.000000e+00 -1.000000e+00
   outer loop
     vertex  5.642878e+02  9.506995e+01 -4.014000e+01
     vertex  5.667694e+02  9.246342e+01 -4.014000e+01
     vertex  5.668577e+02  9.223445e+01 -4.014000e+01
   endloop
 endfacet
 facet normal  0.000000e+00  0.000000e+00 -1.000000e+00
   outer loop
     vertex  5.642878e+02  9.506995e+01 -4.014000e+01
     vertex  5.638344e+02  9.525772e+01 -4.014000e+01
     vertex  5.640634e+02  9.516940e+01 -4.014000e+01
   endloop
 endfacet
 facet normal  0.000000e+00  0.000000e+00 -1.000000e+00
   outer loop
     vertex  5.665596e+02  9.290698e+01 -4.014000e+01
     vertex  5.666699e+02  9.268778e+01 -4.014000e+01
     vertex  5.667694e+02  9.246342e+01 -4.014000e+01
   endloop
 endfacet
 facet normal -0.000000e+00 -0.000000e+00 -1.000000e+00
   outer loop
     vertex  5.664386e+02  9.312051e+01 -4.014000e+01
     vertex  5.667694e+02  9.246342e+01 -4.014000e+01
     vertex  5.642878e+02  9.506995e+01 -4.014000e+01
   endloop
 endfacet
 facet normal  0.000000e+00  0.000000e+00 -1.000000e+00
   outer loop
     vertex  5.664386e+02  9.312051e+01 -4.014000e+01
     vertex  5.665596e+02  9.290698e+01 -4.014000e+01
     vertex  5.667694e+02  9.246342e+01 -4.014000e+01
   endloop
 endfacet
 facet normal  0.000000e+00  0.000000e+00 -1.000000e+00
   outer loop
     vertex  5.664386e+02  9.312051e+01 -4.014000e+01
     vertex  5.642878e+02  9.506995e+01 -4.014000e+01
     vertex  5.645070e+02  9.495961e+01 -4.014000e+01
   endloop
 endfacet
 facet normal -0.000000e+00 -0.000000e+00 -1.000000e+00
   outer loop
     vertex  5.663073e+02  9.332785e+01 -4.014000e+01
     vertex  5.664386e+02  9.312051e+01 -4.014000e+01
     vertex  5.645070e+02  9.495961e+01 -4.014000e+01
   endloop
 endfacet
 facet normal -0.000000e+00 -0.000000e+00 -1.000000e+00
   outer loop
     vertex  5.661660e+02  9.352850e+01 -4.014000e+01
     vertex  5.663073e+02  9.332785e+01 -4.014000e+01
     vertex  5.645070e+02  9.495961e+01 -4.014000e+01
   endloop
 endfacet
 facet normal  0.000000e+00  0.000000e+00 -1.000000e+00
   outer loop
     vertex  5.661660e+02  9.352850e+01 -4.014000e+01
     vertex  5.645070e+02  9.495961e+01 -4.014000e+01
     vertex  5.647205e+02  9.483864e+01 -4.014000e+01
   endloop
 endfacet
 facet normal -0.000000e+00 -0.000000e+00 -1.000000e+00
   outer loop
     vertex  5.660151e+02  9.372197e+01 -4.014000e+01
     vertex  5.661660e+02  9.352850e+01 -4.014000e+01
     vertex  5.647205e+02  9.483864e+01 -4.014000e+01
   endloop
 endfacet
 facet normal  0.000000e+00  0.000000e+00 -1.000000e+00
   outer loop
     vertex  5.660151e+02  9.372197e+01 -4.014000e+01
     vertex  5.649279e+02  9.470735e+01 -4.014000e+01
     vertex  5.651285e+02  9.456604e+01 -4.014000e+01
   endloop
 endfacet
 facet normal  0.000000e+00  0.000000e+00 -1.000000e+00
   outer loop
     vertex  5.660151e+02  9.372197e+01 -4.014000e+01
     vertex  5.647205e+02  9.483864e+01 -4.014000e+01
     vertex  5.649279e+02  9.470735e+01 -4.014000e+01
   endloop
 endfacet
 facet normal  0.000000e+00  0.000000e+00 -1.000000e+00
   outer loop
     vertex  5.655078e+02  9.425476e+01 -4.014000e+01
     vertex  5.658548e+02  9.390779e+01 -4.014000e+01
     vertex  5.660151e+02  9.372197e+01 -4.014000e+01
   endloop
 endfacet
 facet normal  0.000000e+00  0.000000e+00 -1.000000e+00
   outer loop
     vertex  5.655078e+02  9.425476e+01 -4.014000e+01
     vertex  5.651285e+02  9.456604e+01 -4.014000e+01
     vertex  5.653220e+02  9.441505e+01 -4.014000e+01
   endloop
 endfacet
 facet normal -0.000000e+00 -0.000000e+00 -1.000000e+00
   outer loop
     vertex  5.655078e+02  9.425476e+01 -4.014000e+01
     vertex  5.660151e+02  9.372197e+01 -4.014000e+01
     vertex  5.651285e+02  9.456604e+01 -4.014000e+01
   endloop
 endfacet
 facet normal -0.000000e+00 -0.000000e+00 -1.000000e+00
   outer loop
     vertex  5.656855e+02  9.408553e+01 -4.014000e+01
     vertex  5.658548e+02  9.390779e+01 -4.014000e+01
     vertex  5.655078e+02  9.425476e+01 -4.014000e+01
   endloop
 endfacet
 facet normal -9.955865e-01 -9.384890e-02  7.125617e-13
   outer loop
     vertex  5.099928e+02  3.560772e+01 -3.014000e+01
     vertex  5.099789e+02  3.575521e+01 -3.214000e+01
     vertex  5.099928e+02  3.560772e+01 -3.214000e+01
   endloop
 endfacet
 facet normal -9.897396e-01 -1.428830e-01  7.441748e-14
   outer loop
     vertex  5.099789e+02  3.575521e+01 -3.014000e+01
     vertex  5.099577e+02  3.590183e+01 -3.214000e+01
     vertex  5.099789e+02  3.575521e+01 -3.214000e+01
   endloop
 endfacet
 facet normal -9.955865e-01 -9.384890e-02 -7.877785e-14
   outer loop
     vertex  5.099789e+02  3.575521e+01 -3.014000e+01
     vertex  5.099789e+02  3.575521e+01 -3.214000e+01
     vertex  5.099928e+02  3.560772e+01 -3.014000e+01
   endloop
 endfacet
 facet normal -9.814792e-01 -1.915687e-01  6.888945e-14
   outer loop
     vertex  5.099577e+02  3.590183e+01 -3.014000e+01
     vertex  5.099294e+02  3.604723e+01 -3.214000e+01
     vertex  5.099577e+02  3.590183e+01 -3.214000e+01
   endloop
 endfacet
 facet normal -9.897396e-01 -1.428830e-01 -7.312883e-14
   outer loop
     vertex  5.099577e+02  3.590183e+01 -3.014000e+01
     vertex  5.099577e+02  3.590183e+01 -3.214000e+01
     vertex  5.099789e+02  3.575521e+01 -3.014000e+01
   endloop
 endfacet
 facet normal -9.708255e-01 -2.397873e-01  6.747761e-14
   outer loop
     vertex  5.099294e+02  3.604723e+01 -3.014000e+01
     vertex  5.098938e+02  3.619105e+01 -3.214000e+01
     vertex  5.099294e+02  3.604723e+01 -3.214000e+01
   endloop
 endfacet
 facet normal -9.814792e-01 -1.915687e-01 -6.311830e-14
   outer loop
     vertex  5.099294e+02  3.604723e+01 -3.014000e+01
     vertex  5.099294e+02  3.604723e+01 -3.214000e+01
     vertex  5.099577e+02  3.590183e+01 -3.014000e+01
   endloop
 endfacet
 facet normal -9.578043e-01 -2.874211e-01  4.374181e-14
   outer loop
     vertex  5.098938e+02  3.619105e+01 -3.014000e+01
     vertex  5.098512e+02  3.633295e+01 -3.214000e+01
     vertex  5.098938e+02  3.619105e+01 -3.214000e+01
   endloop
 endfacet
 facet normal -9.708255e-01 -2.397873e-01 -7.578453e-14
   outer loop
     vertex  5.098938e+02  3.619105e+01 -3.014000e+01
     vertex  5.098938e+02  3.619105e+01 -3.214000e+01
     vertex  5.099294e+02  3.604723e+01 -3.014000e+01
   endloop
 endfacet
 facet normal -9.424476e-01 -3.343540e-01  5.084929e-14
   outer loop
     vertex  5.098512e+02  3.633295e+01 -3.014000e+01
     vertex  5.098017e+02  3.647257e+01 -3.214000e+01
     vertex  5.098512e+02  3.633295e+01 -3.214000e+01
   endloop
 endfacet
 facet normal -9.578043e-01 -2.874211e-01 -5.700161e-14
   outer loop
     vertex  5.098512e+02  3.633295e+01 -3.014000e+01
     vertex  5.098512e+02  3.633295e+01 -3.214000e+01
     vertex  5.098938e+02  3.619105e+01 -3.014000e+01
   endloop
 endfacet
 facet normal -9.247926e-01 -3.804716e-01  6.260503e-14
   outer loop
     vertex  5.098017e+02  3.647257e+01 -3.014000e+01
     vertex  5.097453e+02  3.660957e+01 -3.214000e+01
     vertex  5.098017e+02  3.647257e+01 -3.214000e+01
   endloop
 endfacet
 facet normal -9.424476e-01 -3.343540e-01 -3.348905e-14
   outer loop
     vertex  5.098017e+02  3.647257e+01 -3.014000e+01
     vertex  5.098017e+02  3.647257e+01 -3.214000e+01
     vertex  5.098512e+02  3.633295e+01 -3.014000e+01
   endloop
 endfacet
 facet normal -9.048825e-01 -4.256614e-01  5.420098e-14
   outer loop
     vertex  5.097453e+02  3.660957e+01 -3.014000e+01
     vertex  5.096823e+02  3.674362e+01 -3.214000e+01
     vertex  5.097453e+02  3.660957e+01 -3.214000e+01
   endloop
 endfacet
 facet normal -9.247926e-01 -3.804716e-01 -3.066273e-14
   outer loop
     vertex  5.097453e+02  3.660957e+01 -3.014000e+01
     vertex  5.097453e+02  3.660957e+01 -3.214000e+01
     vertex  5.098017e+02  3.647257e+01 -3.014000e+01
   endloop
 endfacet
 facet normal -8.827658e-01 -4.698132e-01  2.376381e-14
   outer loop
     vertex  5.096823e+02  3.674362e+01 -3.014000e+01
     vertex  5.096127e+02  3.687440e+01 -3.214000e+01
     vertex  5.096823e+02  3.674362e+01 -3.214000e+01
   endloop
 endfacet
 facet normal -9.048825e-01 -4.256614e-01 -5.014448e-14
   outer loop
     vertex  5.096823e+02  3.674362e+01 -3.014000e+01
     vertex  5.096823e+02  3.674362e+01 -3.214000e+01
     vertex  5.097453e+02  3.660957e+01 -3.014000e+01
   endloop
 endfacet
 facet normal -8.827658e-01 -4.698132e-01 -3.454904e-14
   outer loop
     vertex  5.096127e+02  3.687440e+01 -3.014000e+01
     vertex  5.096127e+02  3.687440e+01 -3.214000e+01
     vertex  5.096823e+02  3.674362e+01 -3.014000e+01
   endloop
 endfacet
 facet normal -8.584965e-01 -5.128194e-01  2.799049e-14
   outer loop
     vertex  5.096127e+02  3.687440e+01 -3.014000e+01
     vertex  5.095367e+02  3.700158e+01 -3.214000e+01
     vertex  5.096127e+02  3.687440e+01 -3.214000e+01
   endloop
 endfacet
 facet normal -8.584965e-01 -5.128194e-01 -1.723322e-14
   outer loop
     vertex  5.095367e+02  3.700158e+01 -3.014000e+01
     vertex  5.095367e+02  3.700158e+01 -3.214000e+01
     vertex  5.096127e+02  3.687440e+01 -3.014000e+01
   endloop
 endfacet
 facet normal -8.321337e-01 -5.545750e-01  3.334774e-14
   outer loop
     vertex  5.095367e+02  3.700158e+01 -3.014000e+01
     vertex  5.094546e+02  3.712486e+01 -3.214000e+01
     vertex  5.095367e+02  3.700158e+01 -3.214000e+01
   endloop
 endfacet
 facet normal -8.321337e-01 -5.545750e-01 -1.588529e-14
   outer loop
     vertex  5.094546e+02  3.712486e+01 -3.014000e+01
     vertex  5.094546e+02  3.712486e+01 -3.214000e+01
     vertex  5.095367e+02  3.700158e+01 -3.014000e+01
   endloop
 endfacet
 facet normal -8.037417e-01 -5.949783e-01  2.343749e-14
   outer loop
     vertex  5.094546e+02  3.712486e+01 -3.014000e+01
     vertex  5.093664e+02  3.724393e+01 -3.214000e+01
     vertex  5.094546e+02  3.712486e+01 -3.214000e+01
   endloop
 endfacet
 facet normal -7.733898e-01 -6.339307e-01  2.000125e-14
   outer loop
     vertex  5.093664e+02  3.724393e+01 -3.014000e+01
     vertex  5.092725e+02  3.735850e+01 -3.214000e+01
     vertex  5.093664e+02  3.724393e+01 -3.214000e+01
   endloop
 endfacet
 facet normal -8.037417e-01 -5.949783e-01 -7.787334e-15
   outer loop
     vertex  5.093664e+02  3.724393e+01 -3.014000e+01
     vertex  5.093664e+02  3.724393e+01 -3.214000e+01
     vertex  5.094546e+02  3.712486e+01 -3.014000e+01
   endloop
 endfacet
 facet normal -7.411520e-01 -6.713373e-01  3.206537e-15
   outer loop
     vertex  5.092725e+02  3.735850e+01 -3.014000e+01
     vertex  5.091731e+02  3.746830e+01 -3.214000e+01
     vertex  5.092725e+02  3.735850e+01 -3.214000e+01
   endloop
 endfacet
 facet normal -7.733898e-01 -6.339307e-01 -1.369193e-14
   outer loop
     vertex  5.092725e+02  3.735850e+01 -3.014000e+01
     vertex  5.092725e+02  3.735850e+01 -3.214000e+01
     vertex  5.093664e+02  3.724393e+01 -3.014000e+01
   endloop
 endfacet
 facet normal -7.411520e-01 -6.713373e-01 -1.072289e-14
   outer loop
     vertex  5.091731e+02  3.746830e+01 -3.014000e+01
     vertex  5.091731e+02  3.746830e+01 -3.214000e+01
     vertex  5.092725e+02  3.735850e+01 -3.014000e+01
   endloop
 endfacet
 facet normal -7.071068e-01 -7.071068e-01 -5.023451e-15
   outer loop
     vertex  5.090683e+02  3.757305e+01 -3.014000e+01
     vertex  5.091731e+02  3.746830e+01 -3.214000e+01
     vertex  5.091731e+02  3.746830e+01 -3.014000e+01
   endloop
 endfacet
 facet normal -7.071068e-01 -7.071068e-01 -8.179115e-27
   outer loop
     vertex  5.090683e+02  3.757305e+01 -3.014000e+01
     vertex  5.090683e+02  3.757305e+01 -3.214000e+01
     vertex  5.091731e+02  3.746830e+01 -3.214000e+01
   endloop
 endfacet
 facet normal -6.713373e-01 -7.411520e-01  5.734359e-16
   outer loop
     vertex  5.089585e+02  3.767251e+01 -3.014000e+01
     vertex  5.089585e+02  3.767251e+01 -3.214000e+01
     vertex  5.090683e+02  3.757305e+01 -3.214000e+01
   endloop
 endfacet
 facet normal -6.713373e-01 -7.411520e-01 -5.954371e-15
   outer loop
     vertex  5.089585e+02  3.767251e+01 -3.014000e+01
     vertex  5.090683e+02  3.757305e+01 -3.214000e+01
     vertex  5.090683e+02  3.757305e+01 -3.014000e+01
   endloop
 endfacet
 facet normal -6.339307e-01 -7.733898e-01  3.153246e-14
   outer loop
     vertex  5.088439e+02  3.776642e+01 -3.014000e+01
     vertex  5.088439e+02  3.776642e+01 -3.214000e+01
     vertex  5.089585e+02  3.767251e+01 -3.214000e+01
   endloop
 endfacet
 facet normal -6.339307e-01 -7.733898e-01 -1.644039e-14
   outer loop
     vertex  5.088439e+02  3.776642e+01 -3.014000e+01
     vertex  5.089585e+02  3.767251e+01 -3.214000e+01
     vertex  5.089585e+02  3.767251e+01 -3.014000e+01
   endloop
 endfacet
 facet normal -5.949783e-01 -8.037417e-01  1.487110e-14
   outer loop
     vertex  5.087249e+02  3.785456e+01 -3.014000e+01
     vertex  5.087249e+02  3.785456e+01 -3.214000e+01
     vertex  5.088439e+02  3.776642e+01 -3.214000e+01
   endloop
 endfacet
 facet normal -5.949783e-01 -8.037417e-01  1.926242e-15
   outer loop
     vertex  5.087249e+02  3.785456e+01 -3.014000e+01
     vertex  5.088439e+02  3.776642e+01 -3.214000e+01
     vertex  5.088439e+02  3.776642e+01 -3.014000e+01
   endloop
 endfacet
 facet normal -5.545750e-01 -8.321337e-01  2.447682e-14
   outer loop
     vertex  5.086016e+02  3.793672e+01 -3.014000e+01
     vertex  5.086016e+02  3.793672e+01 -3.214000e+01
     vertex  5.087249e+02  3.785456e+01 -3.214000e+01
   endloop
 endfacet
 facet normal -5.545750e-01 -8.321337e-01 -2.475426e-14
   outer loop
     vertex  5.086016e+02  3.793672e+01 -3.014000e+01
     vertex  5.087249e+02  3.785456e+01 -3.214000e+01
     vertex  5.087249e+02  3.785456e+01 -3.014000e+01
   endloop
 endfacet
 facet normal -5.128194e-01 -8.584965e-01  2.858430e-14
   outer loop
     vertex  5.084744e+02  3.801269e+01 -3.014000e+01
     vertex  5.084744e+02  3.801269e+01 -3.214000e+01
     vertex  5.086016e+02  3.793672e+01 -3.214000e+01
   endloop
 endfacet
 facet normal -5.128194e-01 -8.584965e-01 -2.701423e-14
   outer loop
     vertex  5.084744e+02  3.801269e+01 -3.014000e+01
     vertex  5.086016e+02  3.793672e+01 -3.214000e+01
     vertex  5.086016e+02  3.793672e+01 -3.014000e+01
   endloop
 endfacet
 facet normal -4.698132e-01 -8.827658e-01  3.170535e-14
   outer loop
     vertex  5.083436e+02  3.808229e+01 -3.014000e+01
     vertex  5.083436e+02  3.808229e+01 -3.214000e+01
     vertex  5.084744e+02  3.801269e+01 -3.214000e+01
   endloop
 endfacet
 facet normal -4.698132e-01 -8.827658e-01 -3.435034e-14
   outer loop
     vertex  5.083436e+02  3.808229e+01 -3.014000e+01
     vertex  5.084744e+02  3.801269e+01 -3.214000e+01
     vertex  5.084744e+02  3.801269e+01 -3.014000e+01
   endloop
 endfacet
 facet normal -4.256614e-01 -9.048825e-01  4.417605e-14
   outer loop
     vertex  5.082096e+02  3.814535e+01 -3.014000e+01
     vertex  5.082096e+02  3.814535e+01 -3.214000e+01
     vertex  5.083436e+02  3.808229e+01 -3.214000e+01
   endloop
 endfacet
 facet normal -4.256614e-01 -9.048825e-01 -4.220168e-14
   outer loop
     vertex  5.082096e+02  3.814535e+01 -3.014000e+01
     vertex  5.083436e+02  3.808229e+01 -3.214000e+01
     vertex  5.083436e+02  3.808229e+01 -3.014000e+01
   endloop
 endfacet
 facet normal -3.804716e-01 -9.247926e-01  4.482571e-14
   outer loop
     vertex  5.080726e+02  3.820171e+01 -3.014000e+01
     vertex  5.080726e+02  3.820171e+01 -3.214000e+01
     vertex  5.082096e+02  3.814535e+01 -3.214000e+01
   endloop
 endfacet
 facet normal -3.804716e-01 -9.247926e-01 -4.168352e-14
   outer loop
     vertex  5.080726e+02  3.820171e+01 -3.014000e+01
     vertex  5.082096e+02  3.814535e+01 -3.214000e+01
     vertex  5.082096e+02  3.814535e+01 -3.014000e+01
   endloop
 endfacet
 facet normal -3.343540e-01 -9.424476e-01  4.750105e-14
   outer loop
     vertex  5.079329e+02  3.825125e+01 -3.014000e+01
     vertex  5.079329e+02  3.825125e+01 -3.214000e+01
     vertex  5.080726e+02  3.820171e+01 -3.214000e+01
   endloop
 endfacet
 facet normal -3.343540e-01 -9.424476e-01 -5.141719e-14
   outer loop
     vertex  5.079329e+02  3.825125e+01 -3.014000e+01
     vertex  5.080726e+02  3.820171e+01 -3.214000e+01
     vertex  5.080726e+02  3.820171e+01 -3.014000e+01
   endloop
 endfacet
 facet normal -2.874211e-01 -9.578043e-01  5.735302e-14
   outer loop
     vertex  5.077911e+02  3.829383e+01 -3.014000e+01
     vertex  5.077911e+02  3.829383e+01 -3.214000e+01
     vertex  5.079329e+02  3.825125e+01 -3.214000e+01
   endloop
 endfacet
 facet normal -2.874211e-01 -9.578043e-01 -6.040437e-14
   outer loop
     vertex  5.077911e+02  3.829383e+01 -3.014000e+01
     vertex  5.079329e+02  3.825125e+01 -3.214000e+01
     vertex  5.079329e+02  3.825125e+01 -3.014000e+01
   endloop
 endfacet
 facet normal -2.397873e-01 -9.708255e-01  6.143137e-14
   outer loop
     vertex  5.076472e+02  3.832935e+01 -3.014000e+01
     vertex  5.076472e+02  3.832935e+01 -3.214000e+01
     vertex  5.077911e+02  3.829383e+01 -3.214000e+01
   endloop
 endfacet
 facet normal -2.397873e-01 -9.708255e-01 -6.198810e-14
   outer loop
     vertex  5.076472e+02  3.832935e+01 -3.014000e+01
     vertex  5.077911e+02  3.829383e+01 -3.214000e+01
     vertex  5.077911e+02  3.829383e+01 -3.014000e+01
   endloop
 endfacet
 facet normal -1.915687e-01 -9.814792e-01  7.025063e-14
   outer loop
     vertex  5.075018e+02  3.835773e+01 -3.014000e+01
     vertex  5.075018e+02  3.835773e+01 -3.214000e+01
     vertex  5.076472e+02  3.832935e+01 -3.214000e+01
   endloop
 endfacet
 facet normal -1.915687e-01 -9.814792e-01 -6.941204e-14
   outer loop
     vertex  5.075018e+02  3.835773e+01 -3.014000e+01
     vertex  5.076472e+02  3.832935e+01 -3.214000e+01
     vertex  5.076472e+02  3.832935e+01 -3.014000e+01
   endloop
 endfacet
 facet normal -1.428830e-01 -9.897396e-01  7.695559e-14
   outer loop
     vertex  5.073552e+02  3.837890e+01 -3.014000e+01
     vertex  5.073552e+02  3.837890e+01 -3.214000e+01
     vertex  5.075018e+02  3.835773e+01 -3.214000e+01
   endloop
 endfacet
 facet normal -1.428830e-01 -9.897396e-01 -7.211405e-14
   outer loop
     vertex  5.073552e+02  3.837890e+01 -3.014000e+01
     vertex  5.075018e+02  3.835773e+01 -3.214000e+01
     vertex  5.075018e+02  3.835773e+01 -3.014000e+01
   endloop
 endfacet
 facet normal -9.384890e-02 -9.955865e-01 -7.710969e-14
   outer loop
     vertex  5.072077e+02  3.839280e+01 -3.014000e+01
     vertex  5.073552e+02  3.837890e+01 -3.214000e+01
     vertex  5.073552e+02  3.837890e+01 -3.014000e+01
   endloop
 endfacet
 facet normal -9.384890e-02 -9.955865e-01  6.923398e-13
   outer loop
     vertex  5.072077e+02  3.839280e+01 -3.014000e+01
     vertex  5.072077e+02  3.839280e+01 -3.214000e+01
     vertex  5.073552e+02  3.837890e+01 -3.214000e+01
   endloop
 endfacet
 facet normal  0.000000e+00  1.000000e+00  0.000000e+00
   outer loop
     vertex  5.621500e+02  9.555000e+01 -3.014000e+01
     vertex  5.621500e+02  9.555000e+01 -4.014000e+01
     vertex  5.118500e+02  9.555000e+01 -4.014000e+01
   endloop
 endfacet
 facet normal  0.000000e+00  1.000000e+00  0.000000e+00
   outer loop
     vertex  5.621500e+02  9.555000e+01 -3.014000e+01
     vertex  5.118500e+02  9.555000e+01 -4.014000e+01
     vertex  5.118500e+02  9.555000e+01 -3.014000e+01
   endloop
 endfacet
 facet normal  9.996988e-01  2.454123e-02  0.000000e+00
   outer loop
     vertex  5.671440e+02  9.079534e+01 -3.014000e+01
     vertex  5.671500e+02  9.055000e+01 -4.014000e+01
     vertex  5.671440e+02  9.079534e+01 -4.014000e+01
   endloop
 endfacet
 facet normal  9.996988e-01  2.454123e-02  0.000000e+00
   outer loop
     vertex  5.671440e+02  9.079534e+01 -3.014000e+01
     vertex  5.671500e+02  9.055000e+01 -3.014000e+01
     vertex  5.671500e+02  9.055000e+01 -4.014000e+01
   endloop
 endfacet
 facet normal  9.972905e-01  7.356456e-02  0.000000e+00
   outer loop
     vertex  5.671259e+02  9.104009e+01 -3.014000e+01
     vertex  5.671440e+02  9.079534e+01 -4.014000e+01
     vertex  5.671259e+02  9.104009e+01 -4.014000e+01
   endloop
 endfacet
 facet normal  9.924795e-01  1.224107e-01  0.000000e+00
   outer loop
     vertex  5.671259e+02  9.104009e+01 -3.014000e+01
     vertex  5.671259e+02  9.104009e+01 -4.014000e+01
     vertex  5.670959e+02  9.128365e+01 -4.014000e+01
   endloop
 endfacet
 facet normal  9.972905e-01  7.356456e-02  0.000000e+00
   outer loop
     vertex  5.671259e+02  9.104009e+01 -3.014000e+01
     vertex  5.671440e+02  9.079534e+01 -3.014000e+01
     vertex  5.671440e+02  9.079534e+01 -4.014000e+01
   endloop
 endfacet
 facet normal  9.924795e-01  1.224107e-01  0.000000e+00
   outer loop
     vertex  5.670959e+02  9.128365e+01 -3.014000e+01
     vertex  5.671259e+02  9.104009e+01 -3.014000e+01
     vertex  5.670959e+02  9.128365e+01 -4.014000e+01
   endloop
 endfacet
 facet normal  9.852776e-01  1.709619e-01  0.000000e+00
   outer loop
     vertex  5.670539e+02  9.152545e+01 -3.014000e+01
     vertex  5.670959e+02  9.128365e+01 -4.014000e+01
     vertex  5.670539e+02  9.152545e+01 -4.014000e+01
   endloop
 endfacet
 facet normal  9.852776e-01  1.709619e-01  0.000000e+00
   outer loop
     vertex  5.670539e+02  9.152545e+01 -3.014000e+01
     vertex  5.670959e+02  9.128365e+01 -3.014000e+01
     vertex  5.670959e+02  9.128365e+01 -4.014000e+01
   endloop
 endfacet
 facet normal  9.757021e-01  2.191012e-01  0.000000e+00
   outer loop
     vertex  5.670002e+02  9.176490e+01 -3.014000e+01
     vertex  5.670539e+02  9.152545e+01 -4.014000e+01
     vertex  5.670002e+02  9.176490e+01 -4.014000e+01
   endloop
 endfacet
 facet normal  9.637761e-01  2.667128e-01  0.000000e+00
   outer loop
     vertex  5.670002e+02  9.176490e+01 -3.014000e+01
     vertex  5.670002e+02  9.176490e+01 -4.014000e+01
     vertex  5.669347e+02  9.200142e+01 -4.014000e+01
   endloop
 endfacet
 facet normal  9.757021e-01  2.191012e-01  0.000000e+00
   outer loop
     vertex  5.670002e+02  9.176490e+01 -3.014000e+01
     vertex  5.670539e+02  9.152545e+01 -3.014000e+01
     vertex  5.670539e+02  9.152545e+01 -4.014000e+01
   endloop
 endfacet
 facet normal  9.637761e-01  2.667128e-01  0.000000e+00
   outer loop
     vertex  5.669347e+02  9.200142e+01 -3.014000e+01
     vertex  5.670002e+02  9.176490e+01 -3.014000e+01
     vertex  5.669347e+02  9.200142e+01 -4.014000e+01
   endloop
 endfacet
 facet normal  9.495282e-01  3.136817e-01  0.000000e+00
   outer loop
     vertex  5.668577e+02  9.223445e+01 -3.014000e+01
     vertex  5.669347e+02  9.200142e+01 -4.014000e+01
     vertex  5.668577e+02  9.223445e+01 -4.014000e+01
   endloop
 endfacet
 facet normal  9.495282e-01  3.136817e-01  0.000000e+00
   outer loop
     vertex  5.668577e+02  9.223445e+01 -3.014000e+01
     vertex  5.669347e+02  9.200142e+01 -3.014000e+01
     vertex  5.669347e+02  9.200142e+01 -4.014000e+01
   endloop
 endfacet
 facet normal  9.329928e-01  3.598950e-01  0.000000e+00
   outer loop
     vertex  5.667694e+02  9.246342e+01 -3.014000e+01
     vertex  5.668577e+02  9.223445e+01 -4.014000e+01
     vertex  5.667694e+02  9.246342e+01 -4.014000e+01
   endloop
 endfacet
 facet normal  9.142098e-01  4.052413e-01  0.000000e+00
   outer loop
     vertex  5.667694e+02  9.246342e+01 -3.014000e+01
     vertex  5.667694e+02  9.246342e+01 -4.014000e+01
     vertex  5.666699e+02  9.268778e+01 -4.014000e+01
   endloop
 endfacet
 facet normal  9.329928e-01  3.598950e-01  0.000000e+00
   outer loop
     vertex  5.667694e+02  9.246342e+01 -3.014000e+01
     vertex  5.668577e+02  9.223445e+01 -3.014000e+01
     vertex  5.668577e+02  9.223445e+01 -4.014000e+01
   endloop
 endfacet
 facet normal  9.142098e-01  4.052413e-01  0.000000e+00
   outer loop
     vertex  5.666699e+02  9.268778e+01 -3.014000e+01
     vertex  5.667694e+02  9.246342e+01 -3.014000e+01
     vertex  5.666699e+02  9.268778e+01 -4.014000e+01
   endloop
 endfacet
 facet normal  8.932243e-01  4.496113e-01  0.000000e+00
   outer loop
     vertex  5.665596e+02  9.290698e+01 -3.014000e+01
     vertex  5.666699e+02  9.268778e+01 -4.014000e+01
     vertex  5.665596e+02  9.290698e+01 -4.014000e+01
   endloop
 endfacet
 facet normal  8.932243e-01  4.496113e-01  0.000000e+00
   outer loop
     vertex  5.665596e+02  9.290698e+01 -3.014000e+01
     vertex  5.666699e+02  9.268778e+01 -3.014000e+01
     vertex  5.666699e+02  9.268778e+01 -4.014000e+01
   endloop
 endfacet
 facet normal  8.700870e-01  4.928982e-01  0.000000e+00
   outer loop
     vertex  5.664386e+02  9.312051e+01 -3.014000e+01
     vertex  5.665596e+02  9.290698e+01 -4.014000e+01
     vertex  5.664386e+02  9.312051e+01 -4.014000e+01
   endloop
 endfacet
 facet normal  8.700870e-01  4.928982e-01  0.000000e+00
   outer loop
     vertex  5.664386e+02  9.312051e+01 -3.014000e+01
     vertex  5.665596e+02  9.290698e+01 -3.014000e+01
     vertex  5.665596e+02  9.290698e+01 -4.014000e+01
   endloop
 endfacet
 facet normal  8.448536e-01  5.349976e-01  0.000000e+00
   outer loop
     vertex  5.663073e+02  9.332785e+01 -3.014000e+01
     vertex  5.664386e+02  9.312051e+01 -4.014000e+01
     vertex  5.663073e+02  9.332785e+01 -4.014000e+01
   endloop
 endfacet
 facet normal  8.448536e-01  5.349976e-01  0.000000e+00
   outer loop
     vertex  5.663073e+02  9.332785e+01 -3.014000e+01
     vertex  5.664386e+02  9.312051e+01 -3.014000e+01
     vertex  5.664386e+02  9.312051e+01 -4.014000e+01
   endloop
 endfacet
 facet normal  8.175848e-01  5.758082e-01  0.000000e+00
   outer loop
     vertex  5.661660e+02  9.352850e+01 -3.014000e+01
     vertex  5.663073e+02  9.332785e+01 -4.014000e+01
     vertex  5.661660e+02  9.352850e+01 -4.014000e+01
   endloop
 endfacet
 facet normal  7.883464e-01  6.152316e-01  0.000000e+00
   outer loop
     vertex  5.661660e+02  9.352850e+01 -3.014000e+01
     vertex  5.661660e+02  9.352850e+01 -4.014000e+01
     vertex  5.660151e+02  9.372197e+01 -4.014000e+01
   endloop
 endfacet
 facet normal  8.175848e-01  5.758082e-01  0.000000e+00
   outer loop
     vertex  5.661660e+02  9.352850e+01 -3.014000e+01
     vertex  5.663073e+02  9.332785e+01 -3.014000e+01
     vertex  5.663073e+02  9.332785e+01 -4.014000e+01
   endloop
 endfacet
 facet normal  7.883464e-01  6.152316e-01  0.000000e+00
   outer loop
     vertex  5.660151e+02  9.372197e+01 -3.014000e+01
     vertex  5.661660e+02  9.352850e+01 -3.014000e+01
     vertex  5.660151e+02  9.372197e+01 -4.014000e+01
   endloop
 endfacet
 facet normal  7.572088e-01  6.531728e-01  0.000000e+00
   outer loop
     vertex  5.658548e+02  9.390779e+01 -3.014000e+01
     vertex  5.660151e+02  9.372197e+01 -4.014000e+01
     vertex  5.658548e+02  9.390779e+01 -4.014000e+01
   endloop
 endfacet
 facet normal  7.572088e-01  6.531728e-01  0.000000e+00
   outer loop
     vertex  5.658548e+02  9.390779e+01 -3.014000e+01
     vertex  5.660151e+02  9.372197e+01 -3.014000e+01
     vertex  5.660151e+02  9.372197e+01 -4.014000e+01
   endloop
 endfacet
 facet normal  7.242471e-01  6.895405e-01  0.000000e+00
   outer loop
     vertex  5.656855e+02  9.408553e+01 -3.014000e+01
     vertex  5.658548e+02  9.390779e+01 -4.014000e+01
     vertex  5.656855e+02  9.408553e+01 -4.014000e+01
   endloop
 endfacet
 facet normal  7.242471e-01  6.895405e-01  0.000000e+00
   outer loop
     vertex  5.656855e+02  9.408553e+01 -3.014000e+01
     vertex  5.658548e+02  9.390779e+01 -3.014000e+01
     vertex  5.658548e+02  9.390779e+01 -4.014000e+01
   endloop
 endfacet
 facet normal  6.895405e-01  7.242471e-01  0.000000e+00
   outer loop
     vertex  5.655078e+02  9.425476e+01 -3.014000e+01
     vertex  5.656855e+02  9.408553e+01 -4.014000e+01
     vertex  5.655078e+02  9.425476e+01 -4.014000e+01
   endloop
 endfacet
 facet normal  6.895405e-01  7.242471e-01  0.000000e+00
   outer loop
     vertex  5.655078e+02  9.425476e+01 -3.014000e+01
     vertex  5.656855e+02  9.408553e+01 -3.014000e+01
     vertex  5.656855e+02  9.408553e+01 -4.014000e+01
   endloop
 endfacet
 facet normal  6.531728e-01  7.572088e-01  0.000000e+00
   outer loop
     vertex  5.653220e+02  9.441505e+01 -3.014000e+01
     vertex  5.655078e+02  9.425476e+01 -4.014000e+01
     vertex  5.653220e+02  9.441505e+01 -4.014000e+01
   endloop
 endfacet
 facet normal  6.531728e-01  7.572088e-01  0.000000e+00
   outer loop
     vertex  5.653220e+02  9.441505e+01 -3.014000e+01
     vertex  5.655078e+02  9.425476e+01 -3.014000e+01
     vertex  5.655078e+02  9.425476e+01 -4.014000e+01
   endloop
 endfacet
 facet normal  6.152316e-01  7.883464e-01  0.000000e+00
   outer loop
     vertex  5.651285e+02  9.456604e+01 -3.014000e+01
     vertex  5.653220e+02  9.441505e+01 -4.014000e+01
     vertex  5.651285e+02  9.456604e+01 -4.014000e+01
   endloop
 endfacet
 facet normal  5.758082e-01  8.175848e-01  0.000000e+00
   outer loop
     vertex  5.651285e+02  9.456604e+01 -3.014000e+01
     vertex  5.651285e+02  9.456604e+01 -4.014000e+01
     vertex  5.649279e+02  9.470735e+01 -4.014000e+01
   endloop
 endfacet
 facet normal  6.152316e-01  7.883464e-01  0.000000e+00
   outer loop
     vertex  5.651285e+02  9.456604e+01 -3.014000e+01
     vertex  5.653220e+02  9.441505e+01 -3.014000e+01
     vertex  5.653220e+02  9.441505e+01 -4.014000e+01
   endloop
 endfacet
 facet normal  5.758082e-01  8.175848e-01  0.000000e+00
   outer loop
     vertex  5.649279e+02  9.470735e+01 -3.014000e+01
     vertex  5.651285e+02  9.456604e+01 -3.014000e+01
     vertex  5.649279e+02  9.470735e+01 -4.014000e+01
   endloop
 endfacet
 facet normal  5.349976e-01  8.448536e-01  0.000000e+00
   outer loop
     vertex  5.647205e+02  9.483864e+01 -3.014000e+01
     vertex  5.649279e+02  9.470735e+01 -4.014000e+01
     vertex  5.647205e+02  9.483864e+01 -4.014000e+01
   endloop
 endfacet
 facet normal  5.349976e-01  8.448536e-01  0.000000e+00
   outer loop
     vertex  5.647205e+02  9.483864e+01 -3.014000e+01
     vertex  5.649279e+02  9.470735e+01 -3.014000e+01
     vertex  5.649279e+02  9.470735e+01 -4.014000e+01
   endloop
 endfacet
 facet normal  4.928982e-01  8.700870e-01  0.000000e+00
   outer loop
     vertex  5.645070e+02  9.495961e+01 -3.014000e+01
     vertex  5.647205e+02  9.483864e+01 -4.014000e+01
     vertex  5.645070e+02  9.495961e+01 -4.014000e+01
   endloop
 endfacet
 facet normal  4.928982e-01  8.700870e-01  0.000000e+00
   outer loop
     vertex  5.645070e+02  9.495961e+01 -3.014000e+01
     vertex  5.647205e+02  9.483864e+01 -3.014000e+01
     vertex  5.647205e+02  9.483864e+01 -4.014000e+01
   endloop
 endfacet
 facet normal  4.496113e-01  8.932243e-01  0.000000e+00
   outer loop
     vertex  5.642878e+02  9.506995e+01 -3.014000e+01
     vertex  5.645070e+02  9.495961e+01 -4.014000e+01
     vertex  5.642878e+02  9.506995e+01 -4.014000e+01
   endloop
 endfacet
 facet normal  4.496113e-01  8.932243e-01  0.000000e+00
   outer loop
     vertex  5.642878e+02  9.506995e+01 -3.014000e+01
     vertex  5.645070e+02  9.495961e+01 -3.014000e+01
     vertex  5.645070e+02  9.495961e+01 -4.014000e+01
   endloop
 endfacet
 facet normal  4.052413e-01  9.142098e-01  0.000000e+00
   outer loop
     vertex  5.640634e+02  9.516940e+01 -3.014000e+01
     vertex  5.642878e+02  9.506995e+01 -4.014000e+01
     vertex  5.640634e+02  9.516940e+01 -4.014000e+01
   endloop
 endfacet
 facet normal  4.052413e-01  9.142098e-01  0.000000e+00
   outer loop
     vertex  5.640634e+02  9.516940e+01 -3.014000e+01
     vertex  5.642878e+02  9.506995e+01 -3.014000e+01
     vertex  5.642878e+02  9.506995e+01 -4.014000e+01
   endloop
 endfacet
 facet normal  3.598950e-01  9.329928e-01  0.000000e+00
   outer loop
     vertex  5.638344e+02  9.525772e+01 -3.014000e+01
     vertex  5.640634e+02  9.516940e+01 -4.014000e+01
     vertex  5.638344e+02  9.525772e+01 -4.014000e+01
   endloop
 endfacet
 facet normal  3.598950e-01  9.329928e-01  0.000000e+00
   outer loop
     vertex  5.638344e+02  9.525772e+01 -3.014000e+01
     vertex  5.640634e+02  9.516940e+01 -3.014000e+01
     vertex  5.640634e+02  9.516940e+01 -4.014000e+01
   endloop
 endfacet
 facet normal  3.136817e-01  9.495282e-01  0.000000e+00
   outer loop
     vertex  5.636014e+02  9.533470e+01 -3.014000e+01
     vertex  5.638344e+02  9.525772e+01 -4.014000e+01
     vertex  5.636014e+02  9.533470e+01 -4.014000e+01
   endloop
 endfacet
 facet normal  3.136817e-01  9.495282e-01  0.000000e+00
   outer loop
     vertex  5.636014e+02  9.533470e+01 -3.014000e+01
     vertex  5.638344e+02  9.525772e+01 -3.014000e+01
     vertex  5.638344e+02  9.525772e+01 -4.014000e+01
   endloop
 endfacet
 facet normal  2.667128e-01  9.637761e-01  0.000000e+00
   outer loop
     vertex  5.633649e+02  9.540016e+01 -3.014000e+01
     vertex  5.636014e+02  9.533470e+01 -4.014000e+01
     vertex  5.633649e+02  9.540016e+01 -4.014000e+01
   endloop
 endfacet
 facet normal  2.667128e-01  9.637761e-01  0.000000e+00
   outer loop
     vertex  5.633649e+02  9.540016e+01 -3.014000e+01
     vertex  5.636014e+02  9.533470e+01 -3.014000e+01
     vertex  5.636014e+02  9.533470e+01 -4.014000e+01
   endloop
 endfacet
 facet normal  2.191012e-01  9.757021e-01  0.000000e+00
   outer loop
     vertex  5.631255e+02  9.545393e+01 -3.014000e+01
     vertex  5.633649e+02  9.540016e+01 -4.014000e+01
     vertex  5.631255e+02  9.545393e+01 -4.014000e+01
   endloop
 endfacet
 facet normal  2.191012e-01  9.757021e-01  0.000000e+00
   outer loop
     vertex  5.631255e+02  9.545393e+01 -3.014000e+01
     vertex  5.633649e+02  9.540016e+01 -3.014000e+01
     vertex  5.633649e+02  9.540016e+01 -4.014000e+01
   endloop
 endfacet
 facet normal  1.709619e-01  9.852776e-01  0.000000e+00
   outer loop
     vertex  5.628837e+02  9.549588e+01 -3.014000e+01
     vertex  5.631255e+02  9.545393e+01 -4.014000e+01
     vertex  5.628837e+02  9.549588e+01 -4.014000e+01
   endloop
 endfacet
 facet normal  1.224107e-01  9.924795e-01  0.000000e+00
   outer loop
     vertex  5.628837e+02  9.549588e+01 -3.014000e+01
     vertex  5.628837e+02  9.549588e+01 -4.014000e+01
     vertex  5.626401e+02  9.552592e+01 -4.014000e+01
   endloop
 endfacet
 facet normal  1.709619e-01  9.852776e-01  0.000000e+00
   outer loop
     vertex  5.628837e+02  9.549588e+01 -3.014000e+01
     vertex  5.631255e+02  9.545393e+01 -3.014000e+01
     vertex  5.631255e+02  9.545393e+01 -4.014000e+01
   endloop
 endfacet
 facet normal  1.224107e-01  9.924795e-01  0.000000e+00
   outer loop
     vertex  5.626401e+02  9.552592e+01 -3.014000e+01
     vertex  5.628837e+02  9.549588e+01 -3.014000e+01
     vertex  5.626401e+02  9.552592e+01 -4.014000e+01
   endloop
 endfacet
 facet normal  7.356456e-02  9.972905e-01  0.000000e+00
   outer loop
     vertex  5.623953e+02  9.554398e+01 -3.014000e+01
     vertex  5.626401e+02  9.552592e+01 -4.014000e+01
     vertex  5.623953e+02  9.554398e+01 -4.014000e+01
   endloop
 endfacet
 facet normal  2.454123e-02  9.996988e-01  0.000000e+00
   outer loop
     vertex  5.623953e+02  9.554398e+01 -3.014000e+01
     vertex  5.623953e+02  9.554398e+01 -4.014000e+01
     vertex  5.621500e+02  9.555000e+01 -4.014000e+01
   endloop
 endfacet
 facet normal  7.356456e-02  9.972905e-01  0.000000e+00
   outer loop
     vertex  5.623953e+02  9.554398e+01 -3.014000e+01
     vertex  5.626401e+02  9.552592e+01 -3.014000e+01
     vertex  5.626401e+02  9.552592e+01 -4.014000e+01
   endloop
 endfacet
 facet normal  2.454123e-02  9.996988e-01  0.000000e+00
   outer loop
     vertex  5.621500e+02  9.555000e+01 -3.014000e+01
     vertex  5.623953e+02  9.554398e+01 -3.014000e+01
     vertex  5.621500e+02  9.555000e+01 -4.014000e+01
   endloop
 endfacet
 facet normal  0.000000e+00 -1.000000e+00 -0.000000e+00
   outer loop
     vertex  5.621500e+02  3.525000e+01 -3.014000e+01
     vertex  5.118500e+02  3.525000e+01 -4.014000e+01
     vertex  5.621500e+02  3.525000e+01 -4.014000e+01
   endloop
 endfacet
 facet normal -0.000000e+00 -1.000000e+00  0.000000e+00
   outer loop
     vertex  5.621500e+02  3.525000e+01 -3.014000e+01
     vertex  5.118500e+02  3.525000e+01 -3.014000e+01
     vertex  5.118500e+02  3.525000e+01 -4.014000e+01
   endloop
 endfacet
 facet normal  1.000000e+00  0.000000e+00  0.000000e+00
   outer loop
     vertex  5.671500e+02  4.025000e+01 -3.014000e+01
     vertex  5.671500e+02  4.025000e+01 -4.014000e+01
     vertex  5.671500e+02  9.055000e+01 -4.014000e+01
   endloop
 endfacet
 facet normal  1.000000e+00 -0.000000e+00  0.000000e+00
   outer loop
     vertex  5.671500e+02  4.025000e+01 -3.014000e+01
     vertex  5.671500e+02  9.055000e+01 -4.014000e+01
     vertex  5.671500e+02  9.055000e+01 -3.014000e+01
   endloop
 endfacet
 facet normal  9.996988e-01 -2.454123e-02  0.000000e+00
   outer loop
     vertex  5.671500e+02  4.025000e+01 -3.014000e+01
     vertex  5.671440e+02  4.000466e+01 -4.014000e+01
     vertex  5.671500e+02  4.025000e+01 -4.014000e+01
   endloop
 endfacet
 facet normal  9.996988e-01 -2.454123e-02  0.000000e+00
   outer loop
     vertex  5.671440e+02  4.000466e+01 -3.014000e+01
     vertex  5.671440e+02  4.000466e+01 -4.014000e+01
     vertex  5.671500e+02  4.025000e+01 -3.014000e+01
   endloop
 endfacet
 facet normal  9.972905e-01 -7.356456e-02  0.000000e+00
   outer loop
     vertex  5.671259e+02  3.975991e+01 -3.014000e+01
     vertex  5.671259e+02  3.975991e+01 -4.014000e+01
     vertex  5.671440e+02  4.000466e+01 -4.014000e+01
   endloop
 endfacet
 facet normal  9.924795e-01 -1.224107e-01  0.000000e+00
   outer loop
     vertex  5.671259e+02  3.975991e+01 -3.014000e+01
     vertex  5.670959e+02  3.951635e+01 -4.014000e+01
     vertex  5.671259e+02  3.975991e+01 -4.014000e+01
   endloop
 endfacet
 facet normal  9.972905e-01 -7.356456e-02  0.000000e+00
   outer loop
     vertex  5.671259e+02  3.975991e+01 -3.014000e+01
     vertex  5.671440e+02  4.000466e+01 -4.014000e+01
     vertex  5.671440e+02  4.000466e+01 -3.014000e+01
   endloop
 endfacet
 facet normal  9.924795e-01 -1.224107e-01  0.000000e+00
   outer loop
     vertex  5.670959e+02  3.951635e+01 -3.014000e+01
     vertex  5.670959e+02  3.951635e+01 -4.014000e+01
     vertex  5.671259e+02  3.975991e+01 -3.014000e+01
   endloop
 endfacet
 facet normal  9.852776e-01 -1.709619e-01  0.000000e+00
   outer loop
     vertex  5.670539e+02  3.927455e+01 -3.014000e+01
     vertex  5.670539e+02  3.927455e+01 -4.014000e+01
     vertex  5.670959e+02  3.951635e+01 -4.014000e+01
   endloop
 endfacet
 facet normal  9.852776e-01 -1.709619e-01  0.000000e+00
   outer loop
     vertex  5.670539e+02  3.927455e+01 -3.014000e+01
     vertex  5.670959e+02  3.951635e+01 -4.014000e+01
     vertex  5.670959e+02  3.951635e+01 -3.014000e+01
   endloop
 endfacet
 facet normal  9.757021e-01 -2.191012e-01  0.000000e+00
   outer loop
     vertex  5.670002e+02  3.903510e+01 -3.014000e+01
     vertex  5.670002e+02  3.903510e+01 -4.014000e+01
     vertex  5.670539e+02  3.927455e+01 -4.014000e+01
   endloop
 endfacet
 facet normal  9.637761e-01 -2.667128e-01  0.000000e+00
   outer loop
     vertex  5.670002e+02  3.903510e+01 -3.014000e+01
     vertex  5.669347e+02  3.879858e+01 -4.014000e+01
     vertex  5.670002e+02  3.903510e+01 -4.014000e+01
   endloop
 endfacet
 facet normal  9.757021e-01 -2.191012e-01  0.000000e+00
   outer loop
     vertex  5.670002e+02  3.903510e+01 -3.014000e+01
     vertex  5.670539e+02  3.927455e+01 -4.014000e+01
     vertex  5.670539e+02  3.927455e+01 -3.014000e+01
   endloop
 endfacet
 facet normal  9.637761e-01 -2.667128e-01  0.000000e+00
   outer loop
     vertex  5.669347e+02  3.879858e+01 -3.014000e+01
     vertex  5.669347e+02  3.879858e+01 -4.014000e+01
     vertex  5.670002e+02  3.903510e+01 -3.014000e+01
   endloop
 endfacet
 facet normal  9.495282e-01 -3.136817e-01  0.000000e+00
   outer loop
     vertex  5.668577e+02  3.856555e+01 -3.014000e+01
     vertex  5.668577e+02  3.856555e+01 -4.014000e+01
     vertex  5.669347e+02  3.879858e+01 -4.014000e+01
   endloop
 endfacet
 facet normal  9.495282e-01 -3.136817e-01  0.000000e+00
   outer loop
     vertex  5.668577e+02  3.856555e+01 -3.014000e+01
     vertex  5.669347e+02  3.879858e+01 -4.014000e+01
     vertex  5.669347e+02  3.879858e+01 -3.014000e+01
   endloop
 endfacet
 facet normal  9.329928e-01 -3.598950e-01  0.000000e+00
   outer loop
     vertex  5.667694e+02  3.833658e+01 -3.014000e+01
     vertex  5.667694e+02  3.833658e+01 -4.014000e+01
     vertex  5.668577e+02  3.856555e+01 -4.014000e+01
   endloop
 endfacet
 facet normal  9.329928e-01 -3.598950e-01  0.000000e+00
   outer loop
     vertex  5.667694e+02  3.833658e+01 -3.014000e+01
     vertex  5.668577e+02  3.856555e+01 -4.014000e+01
     vertex  5.668577e+02  3.856555e+01 -3.014000e+01
   endloop
 endfacet
 facet normal  9.142098e-01 -4.052413e-01  0.000000e+00
   outer loop
     vertex  5.666699e+02  3.811222e+01 -3.014000e+01
     vertex  5.667694e+02  3.833658e+01 -4.014000e+01
     vertex  5.667694e+02  3.833658e+01 -3.014000e+01
   endloop
 endfacet
 facet normal  9.142098e-01 -4.052413e-01  0.000000e+00
   outer loop
     vertex  5.666699e+02  3.811222e+01 -3.014000e+01
     vertex  5.666699e+02  3.811222e+01 -4.014000e+01
     vertex  5.667694e+02  3.833658e+01 -4.014000e+01
   endloop
 endfacet
 facet normal  8.932243e-01 -4.496113e-01  0.000000e+00
   outer loop
     vertex  5.665596e+02  3.789302e+01 -3.014000e+01
     vertex  5.665596e+02  3.789302e+01 -4.014000e+01
     vertex  5.666699e+02  3.811222e+01 -4.014000e+01
   endloop
 endfacet
 facet normal  8.932243e-01 -4.496113e-01  0.000000e+00
   outer loop
     vertex  5.665596e+02  3.789302e+01 -3.014000e+01
     vertex  5.666699e+02  3.811222e+01 -4.014000e+01
     vertex  5.666699e+02  3.811222e+01 -3.014000e+01
   endloop
 endfacet
 facet normal  8.700870e-01 -4.928982e-01  0.000000e+00
   outer loop
     vertex  5.664386e+02  3.767949e+01 -3.014000e+01
     vertex  5.664386e+02  3.767949e+01 -4.014000e+01
     vertex  5.665596e+02  3.789302e+01 -4.014000e+01
   endloop
 endfacet
 facet normal  8.448536e-01 -5.349976e-01  0.000000e+00
   outer loop
     vertex  5.664386e+02  3.767949e+01 -3.014000e+01
     vertex  5.663073e+02  3.747215e+01 -4.014000e+01
     vertex  5.664386e+02  3.767949e+01 -4.014000e+01
   endloop
 endfacet
 facet normal  8.700870e-01 -4.928982e-01  0.000000e+00
   outer loop
     vertex  5.664386e+02  3.767949e+01 -3.014000e+01
     vertex  5.665596e+02  3.789302e+01 -4.014000e+01
     vertex  5.665596e+02  3.789302e+01 -3.014000e+01
   endloop
 endfacet
 facet normal  8.448536e-01 -5.349976e-01  0.000000e+00
   outer loop
     vertex  5.663073e+02  3.747215e+01 -3.014000e+01
     vertex  5.663073e+02  3.747215e+01 -4.014000e+01
     vertex  5.664386e+02  3.767949e+01 -3.014000e+01
   endloop
 endfacet
 facet normal  8.175848e-01 -5.758082e-01  0.000000e+00
   outer loop
     vertex  5.661660e+02  3.727150e+01 -3.014000e+01
     vertex  5.661660e+02  3.727150e+01 -4.014000e+01
     vertex  5.663073e+02  3.747215e+01 -4.014000e+01
   endloop
 endfacet
 facet normal  8.175848e-01 -5.758082e-01  0.000000e+00
   outer loop
     vertex  5.661660e+02  3.727150e+01 -3.014000e+01
     vertex  5.663073e+02  3.747215e+01 -4.014000e+01
     vertex  5.663073e+02  3.747215e+01 -3.014000e+01
   endloop
 endfacet
 facet normal  7.883464e-01 -6.152316e-01  0.000000e+00
   outer loop
     vertex  5.660151e+02  3.707803e+01 -3.014000e+01
     vertex  5.660151e+02  3.707803e+01 -4.014000e+01
     vertex  5.661660e+02  3.727150e+01 -4.014000e+01
   endloop
 endfacet
 facet normal  7.883464e-01 -6.152316e-01  0.000000e+00
   outer loop
     vertex  5.660151e+02  3.707803e+01 -3.014000e+01
     vertex  5.661660e+02  3.727150e+01 -4.014000e+01
     vertex  5.661660e+02  3.727150e+01 -3.014000e+01
   endloop
 endfacet
 facet normal  7.572088e-01 -6.531728e-01  0.000000e+00
   outer loop
     vertex  5.658548e+02  3.689221e+01 -3.014000e+01
     vertex  5.658548e+02  3.689221e+01 -4.014000e+01
     vertex  5.660151e+02  3.707803e+01 -4.014000e+01
   endloop
 endfacet
 facet normal  7.572088e-01 -6.531728e-01  0.000000e+00
   outer loop
     vertex  5.658548e+02  3.689221e+01 -3.014000e+01
     vertex  5.660151e+02  3.707803e+01 -4.014000e+01
     vertex  5.660151e+02  3.707803e+01 -3.014000e+01
   endloop
 endfacet
 facet normal  7.242471e-01 -6.895405e-01  0.000000e+00
   outer loop
     vertex  5.656855e+02  3.671447e+01 -3.014000e+01
     vertex  5.656855e+02  3.671447e+01 -4.014000e+01
     vertex  5.658548e+02  3.689221e+01 -4.014000e+01
   endloop
 endfacet
 facet normal  7.242471e-01 -6.895405e-01  0.000000e+00
   outer loop
     vertex  5.656855e+02  3.671447e+01 -3.014000e+01
     vertex  5.658548e+02  3.689221e+01 -4.014000e+01
     vertex  5.658548e+02  3.689221e+01 -3.014000e+01
   endloop
 endfacet
 facet normal  6.895405e-01 -7.242471e-01  0.000000e+00
   outer loop
     vertex  5.655078e+02  3.654524e+01 -3.014000e+01
     vertex  5.655078e+02  3.654524e+01 -4.014000e+01
     vertex  5.656855e+02  3.671447e+01 -4.014000e+01
   endloop
 endfacet
 facet normal  6.895405e-01 -7.242471e-01  0.000000e+00
   outer loop
     vertex  5.655078e+02  3.654524e+01 -3.014000e+01
     vertex  5.656855e+02  3.671447e+01 -4.014000e+01
     vertex  5.656855e+02  3.671447e+01 -3.014000e+01
   endloop
 endfacet
 facet normal  6.531728e-01 -7.572088e-01  0.000000e+00
   outer loop
     vertex  5.653220e+02  3.638495e+01 -3.014000e+01
     vertex  5.653220e+02  3.638495e+01 -4.014000e+01
     vertex  5.655078e+02  3.654524e+01 -4.014000e+01
   endloop
 endfacet
 facet normal  6.531728e-01 -7.572088e-01  0.000000e+00
   outer loop
     vertex  5.653220e+02  3.638495e+01 -3.014000e+01
     vertex  5.655078e+02  3.654524e+01 -4.014000e+01
     vertex  5.655078e+02  3.654524e+01 -3.014000e+01
   endloop
 endfacet
 facet normal  6.152316e-01 -7.883464e-01  0.000000e+00
   outer loop
     vertex  5.651285e+02  3.623396e+01 -3.014000e+01
     vertex  5.651285e+02  3.623396e+01 -4.014000e+01
     vertex  5.653220e+02  3.638495e+01 -4.014000e+01
   endloop
 endfacet
 facet normal  6.152316e-01 -7.883464e-01  0.000000e+00
   outer loop
     vertex  5.651285e+02  3.623396e+01 -3.014000e+01
     vertex  5.653220e+02  3.638495e+01 -4.014000e+01
     vertex  5.653220e+02  3.638495e+01 -3.014000e+01
   endloop
 endfacet
 facet normal  5.758082e-01 -8.175848e-01  0.000000e+00
   outer loop
     vertex  5.649279e+02  3.609265e+01 -3.014000e+01
     vertex  5.649279e+02  3.609265e+01 -4.014000e+01
     vertex  5.651285e+02  3.623396e+01 -4.014000e+01
   endloop
 endfacet
 facet normal  5.758082e-01 -8.175848e-01  0.000000e+00
   outer loop
     vertex  5.649279e+02  3.609265e+01 -3.014000e+01
     vertex  5.651285e+02  3.623396e+01 -4.014000e+01
     vertex  5.651285e+02  3.623396e+01 -3.014000e+01
   endloop
 endfacet
 facet normal  5.349976e-01 -8.448536e-01  0.000000e+00
   outer loop
     vertex  5.647205e+02  3.596136e+01 -3.014000e+01
     vertex  5.647205e+02  3.596136e+01 -4.014000e+01
     vertex  5.649279e+02  3.609265e+01 -4.014000e+01
   endloop
 endfacet
 facet normal  5.349976e-01 -8.448536e-01  0.000000e+00
   outer loop
     vertex  5.647205e+02  3.596136e+01 -3.014000e+01
     vertex  5.649279e+02  3.609265e+01 -4.014000e+01
     vertex  5.649279e+02  3.609265e+01 -3.014000e+01
   endloop
 endfacet
 facet normal  4.928982e-01 -8.700870e-01  0.000000e+00
   outer loop
     vertex  5.645070e+02  3.584039e+01 -3.014000e+01
     vertex  5.645070e+02  3.584039e+01 -4.014000e+01
     vertex  5.647205e+02  3.596136e+01 -4.014000e+01
   endloop
 endfacet
 facet normal  4.928982e-01 -8.700870e-01  0.000000e+00
   outer loop
     vertex  5.645070e+02  3.584039e+01 -3.014000e+01
     vertex  5.647205e+02  3.596136e+01 -4.014000e+01
     vertex  5.647205e+02  3.596136e+01 -3.014000e+01
   endloop
 endfacet
 facet normal  4.496113e-01 -8.932243e-01  0.000000e+00
   outer loop
     vertex  5.642878e+02  3.573005e+01 -3.014000e+01
     vertex  5.642878e+02  3.573005e+01 -4.014000e+01
     vertex  5.645070e+02  3.584039e+01 -4.014000e+01
   endloop
 endfacet
 facet normal  4.496113e-01 -8.932243e-01  0.000000e+00
   outer loop
     vertex  5.642878e+02  3.573005e+01 -3.014000e+01
     vertex  5.645070e+02  3.584039e+01 -4.014000e+01
     vertex  5.645070e+02  3.584039e+01 -3.014000e+01
   endloop
 endfacet
 facet normal  4.052413e-01 -9.142098e-01  0.000000e+00
   outer loop
     vertex  5.640634e+02  3.563060e+01 -3.014000e+01
     vertex  5.640634e+02  3.563060e+01 -4.014000e+01
     vertex  5.642878e+02  3.573005e+01 -4.014000e+01
   endloop
 endfacet
 facet normal  4.052413e-01 -9.142098e-01  0.000000e+00
   outer loop
     vertex  5.640634e+02  3.563060e+01 -3.014000e+01
     vertex  5.642878e+02  3.573005e+01 -4.014000e+01
     vertex  5.642878e+02  3.573005e+01 -3.014000e+01
   endloop
 endfacet
 facet normal  3.598950e-01 -9.329928e-01  0.000000e+00
   outer loop
     vertex  5.638344e+02  3.554228e+01 -3.014000e+01
     vertex  5.638344e+02  3.554228e+01 -4.014000e+01
     vertex  5.640634e+02  3.563060e+01 -4.014000e+01
   endloop
 endfacet
 facet normal  3.598950e-01 -9.329928e-01  0.000000e+00
   outer loop
     vertex  5.638344e+02  3.554228e+01 -3.014000e+01
     vertex  5.640634e+02  3.563060e+01 -4.014000e+01
     vertex  5.640634e+02  3.563060e+01 -3.014000e+01
   endloop
 endfacet
 facet normal  3.136817e-01 -9.495282e-01  0.000000e+00
   outer loop
     vertex  5.636014e+02  3.546530e+01 -3.014000e+01
     vertex  5.636014e+02  3.546530e+01 -4.014000e+01
     vertex  5.638344e+02  3.554228e+01 -4.014000e+01
   endloop
 endfacet
 facet normal  3.136817e-01 -9.495282e-01  0.000000e+00
   outer loop
     vertex  5.636014e+02  3.546530e+01 -3.014000e+01
     vertex  5.638344e+02  3.554228e+01 -4.014000e+01
     vertex  5.638344e+02  3.554228e+01 -3.014000e+01
   endloop
 endfacet
 facet normal  2.667128e-01 -9.637761e-01  0.000000e+00
   outer loop
     vertex  5.633649e+02  3.539984e+01 -3.014000e+01
     vertex  5.633649e+02  3.539984e+01 -4.014000e+01
     vertex  5.636014e+02  3.546530e+01 -4.014000e+01
   endloop
 endfacet
 facet normal  2.667128e-01 -9.637761e-01  0.000000e+00
   outer loop
     vertex  5.633649e+02  3.539984e+01 -3.014000e+01
     vertex  5.636014e+02  3.546530e+01 -4.014000e+01
     vertex  5.636014e+02  3.546530e+01 -3.014000e+01
   endloop
 endfacet
 facet normal  2.191012e-01 -9.757021e-01  0.000000e+00
   outer loop
     vertex  5.631255e+02  3.534607e+01 -3.014000e+01
     vertex  5.631255e+02  3.534607e+01 -4.014000e+01
     vertex  5.633649e+02  3.539984e+01 -4.014000e+01
   endloop
 endfacet
 facet normal  2.191012e-01 -9.757021e-01  0.000000e+00
   outer loop
     vertex  5.631255e+02  3.534607e+01 -3.014000e+01
     vertex  5.633649e+02  3.539984e+01 -4.014000e+01
     vertex  5.633649e+02  3.539984e+01 -3.014000e+01
   endloop
 endfacet
 facet normal  1.709619e-01 -9.852776e-01  0.000000e+00
   outer loop
     vertex  5.628837e+02  3.530412e+01 -3.014000e+01
     vertex  5.628837e+02  3.530412e+01 -4.014000e+01
     vertex  5.631255e+02  3.534607e+01 -4.014000e+01
   endloop
 endfacet
 facet normal  1.709619e-01 -9.852776e-01  0.000000e+00
   outer loop
     vertex  5.628837e+02  3.530412e+01 -3.014000e+01
     vertex  5.631255e+02  3.534607e+01 -4.014000e+01
     vertex  5.631255e+02  3.534607e+01 -3.014000e+01
   endloop
 endfacet
 facet normal  1.224107e-01 -9.924795e-01  0.000000e+00
   outer loop
     vertex  5.626401e+02  3.527408e+01 -3.014000e+01
     vertex  5.626401e+02  3.527408e+01 -4.014000e+01
     vertex  5.628837e+02  3.530412e+01 -4.014000e+01
   endloop
 endfacet
 facet normal  7.356456e-02 -9.972905e-01  0.000000e+00
   outer loop
     vertex  5.626401e+02  3.527408e+01 -3.014000e+01
     vertex  5.623953e+02  3.525602e+01 -4.014000e+01
     vertex  5.626401e+02  3.527408e+01 -4.014000e+01
   endloop
 endfacet
 facet normal  1.224107e-01 -9.924795e-01  0.000000e+00
   outer loop
     vertex  5.626401e+02  3.527408e+01 -3.014000e+01
     vertex  5.628837e+02  3.530412e+01 -4.014000e+01
     vertex  5.628837e+02  3.530412e+01 -3.014000e+01
   endloop
 endfacet
 facet normal  7.356456e-02 -9.972905e-01  0.000000e+00
   outer loop
     vertex  5.623953e+02  3.525602e+01 -3.014000e+01
     vertex  5.623953e+02  3.525602e+01 -4.014000e+01
     vertex  5.626401e+02  3.527408e+01 -3.014000e+01
   endloop
 endfacet
 facet normal  2.454123e-02 -9.996988e-01  0.000000e+00
   outer loop
     vertex  5.623953e+02  3.525602e+01 -3.014000e+01
     vertex  5.621500e+02  3.525000e+01 -4.014000e+01
     vertex  5.623953e+02  3.525602e+01 -4.014000e+01
   endloop
 endfacet
 facet normal  2.454123e-02 -9.996988e-01  0.000000e+00
   outer loop
     vertex  5.621500e+02  3.525000e+01 -3.014000e+01
     vertex  5.621500e+02  3.525000e+01 -4.014000e+01
     vertex  5.623953e+02  3.525602e+01 -3.014000e+01
   endloop
 endfacet
 facet normal  0.000000e+00  1.000000e+00  0.000000e+00
   outer loop
     vertex  5.470500e+02  4.799289e+01 -3.014000e+01
     vertex  5.470500e+02  4.799289e+01 -3.020500e+01
     vertex  5.269500e+02  4.799289e+01 -3.020500e+01
   endloop
 endfacet
 facet normal  0.000000e+00  1.000000e+00  0.000000e+00
   outer loop
     vertex  5.470500e+02  4.799289e+01 -3.014000e+01
     vertex  5.269500e+02  4.799289e+01 -3.020500e+01
     vertex  5.269500e+02  4.799289e+01 -3.014000e+01
   endloop
 endfacet
 facet normal -8.660254e-01  5.000000e-01  0.000000e+00
   outer loop
     vertex  5.470500e+02  4.799289e+01 -3.020500e+01
     vertex  5.571000e+02  6.540000e+01 -3.014000e+01
     vertex  5.571000e+02  6.540000e+01 -3.020500e+01
   endloop
 endfacet
 facet normal -8.660254e-01  5.000000e-01  0.000000e+00
   outer loop
     vertex  5.470500e+02  4.799289e+01 -3.014000e+01
     vertex  5.571000e+02  6.540000e+01 -3.014000e+01
     vertex  5.470500e+02  4.799289e+01 -3.020500e+01
   endloop
 endfacet
 facet normal -8.660254e-01 -5.000000e-01  0.000000e+00
   outer loop
     vertex  5.571000e+02  6.540000e+01 -3.020500e+01
     vertex  5.470500e+02  8.280711e+01 -3.014000e+01
     vertex  5.470500e+02  8.280711e+01 -3.020500e+01
   endloop
 endfacet
 facet normal -8.660254e-01 -5.000000e-01 -0.000000e+00
   outer loop
     vertex  5.571000e+02  6.540000e+01 -3.014000e+01
     vertex  5.470500e+02  8.280711e+01 -3.014000e+01
     vertex  5.571000e+02  6.540000e+01 -3.020500e+01
   endloop
 endfacet
 facet normal  0.000000e+00 -1.000000e+00  0.000000e+00
   outer loop
     vertex  5.470500e+02  8.280711e+01 -3.020500e+01
     vertex  5.470500e+02  8.280711e+01 -3.014000e+01
     vertex  5.269500e+02  8.280711e+01 -3.014000e+01
   endloop
 endfacet
 facet normal  0.000000e+00 -1.000000e+00  0.000000e+00
   outer loop
     vertex  5.470500e+02  8.280711e+01 -3.020500e+01
     vertex  5.269500e+02  8.280711e+01 -3.014000e+01
     vertex  5.269500e+02  8.280711e+01 -3.020500e+01
   endloop
 endfacet
 facet normal  8.660254e-01 -5.000000e-01  0.000000e+00
   outer loop
     vertex  5.269500e+02  8.280711e+01 -3.020500e+01
     vertex  5.169000e+02  6.540000e+01 -3.014000e+01
     vertex  5.169000e+02  6.540000e+01 -3.020500e+01
   endloop
 endfacet
 facet normal  8.660254e-01 -5.000000e-01  0.000000e+00
   outer loop
     vertex  5.269500e+02  8.280711e+01 -3.014000e+01
     vertex  5.169000e+02  6.540000e+01 -3.014000e+01
     vertex  5.269500e+02  8.280711e+01 -3.020500e+01
   endloop
 endfacet
 facet normal  8.660254e-01  5.000000e-01  0.000000e+00
   outer loop
     vertex  5.169000e+02  6.540000e+01 -3.020500e+01
     vertex  5.269500e+02  4.799289e+01 -3.014000e+01
     vertex  5.269500e+02  4.799289e+01 -3.020500e+01
   endloop
 endfacet
 facet normal  8.660254e-01  5.000000e-01  0.000000e+00
   outer loop
     vertex  5.169000e+02  6.540000e+01 -3.014000e+01
     vertex  5.269500e+02  4.799289e+01 -3.014000e+01
     vertex  5.169000e+02  6.540000e+01 -3.020500e+01
   endloop
 endfacet
 facet normal  0.000000e+00  0.000000e+00  1.000000e+00
   outer loop
     vertex  5.073552e+02  3.837890e+01 -3.214000e+01
     vertex  5.072077e+02  3.839280e+01 -3.214000e+01
     vertex  5.073014e+02  3.817389e+01 -3.214000e+01
   endloop
 endfacet
 facet normal  0.000000e+00  0.000000e+00  1.000000e+00
   outer loop
     vertex  5.099789e+02  3.575521e+01 -3.214000e+01
     vertex  5.097739e+02  3.570140e+01 -3.214000e+01
     vertex  5.099928e+02  3.560772e+01 -3.214000e+01
   endloop
 endfacet
 facet normal  0.000000e+00  0.000000e+00  1.000000e+00
   outer loop
     vertex  5.075018e+02  3.835773e+01 -3.214000e+01
     vertex  5.073014e+02  3.817389e+01 -3.214000e+01
     vertex  5.074054e+02  3.795968e+01 -3.214000e+01
   endloop
 endfacet
 facet normal  0.000000e+00  0.000000e+00  1.000000e+00
   outer loop
     vertex  5.075018e+02  3.835773e+01 -3.214000e+01
     vertex  5.073552e+02  3.837890e+01 -3.214000e+01
     vertex  5.073014e+02  3.817389e+01 -3.214000e+01
   endloop
 endfacet
 facet normal  0.000000e+00  0.000000e+00  1.000000e+00
   outer loop
     vertex  5.099577e+02  3.590183e+01 -3.214000e+01
     vertex  5.095597e+02  3.580540e+01 -3.214000e+01
     vertex  5.097739e+02  3.570140e+01 -3.214000e+01
   endloop
 endfacet
 facet normal  0.000000e+00  0.000000e+00  1.000000e+00
   outer loop
     vertex  5.099577e+02  3.590183e+01 -3.214000e+01
     vertex  5.097739e+02  3.570140e+01 -3.214000e+01
     vertex  5.099789e+02  3.575521e+01 -3.214000e+01
   endloop
 endfacet
 facet normal  0.000000e+00  0.000000e+00  1.000000e+00
   outer loop
     vertex  5.076472e+02  3.832935e+01 -3.214000e+01
     vertex  5.075018e+02  3.835773e+01 -3.214000e+01
     vertex  5.074054e+02  3.795968e+01 -3.214000e+01
   endloop
 endfacet
 facet normal  0.000000e+00  0.000000e+00  1.000000e+00
   outer loop
     vertex  5.099294e+02  3.604723e+01 -3.214000e+01
     vertex  5.095597e+02  3.580540e+01 -3.214000e+01
     vertex  5.099577e+02  3.590183e+01 -3.214000e+01
   endloop
 endfacet
 facet normal  0.000000e+00  0.000000e+00  1.000000e+00
   outer loop
     vertex  5.077911e+02  3.829383e+01 -3.214000e+01
     vertex  5.074054e+02  3.795968e+01 -3.214000e+01
     vertex  5.075195e+02  3.775067e+01 -3.214000e+01
   endloop
 endfacet
 facet normal  0.000000e+00  0.000000e+00  1.000000e+00
   outer loop
     vertex  5.077911e+02  3.829383e+01 -3.214000e+01
     vertex  5.076472e+02  3.832935e+01 -3.214000e+01
     vertex  5.074054e+02  3.795968e+01 -3.214000e+01
   endloop
 endfacet
 facet normal  0.000000e+00  0.000000e+00  1.000000e+00
   outer loop
     vertex  5.098938e+02  3.619105e+01 -3.214000e+01
     vertex  5.093507e+02  3.591949e+01 -3.214000e+01
     vertex  5.095597e+02  3.580540e+01 -3.214000e+01
   endloop
 endfacet
 facet normal  0.000000e+00  0.000000e+00  1.000000e+00
   outer loop
     vertex  5.098938e+02  3.619105e+01 -3.214000e+01
     vertex  5.095597e+02  3.580540e+01 -3.214000e+01
     vertex  5.099294e+02  3.604723e+01 -3.214000e+01
   endloop
 endfacet
 facet normal  0.000000e+00  0.000000e+00  1.000000e+00
   outer loop
     vertex  5.079329e+02  3.825125e+01 -3.214000e+01
     vertex  5.077911e+02  3.829383e+01 -3.214000e+01
     vertex  5.075195e+02  3.775067e+01 -3.214000e+01
   endloop
 endfacet
 facet normal  0.000000e+00  0.000000e+00  1.000000e+00
   outer loop
     vertex  5.098512e+02  3.633295e+01 -3.214000e+01
     vertex  5.093507e+02  3.591949e+01 -3.214000e+01
     vertex  5.098938e+02  3.619105e+01 -3.214000e+01
   endloop
 endfacet
 facet normal  0.000000e+00  0.000000e+00  1.000000e+00
   outer loop
     vertex  5.080726e+02  3.820171e+01 -3.214000e+01
     vertex  5.075195e+02  3.775067e+01 -3.214000e+01
     vertex  5.076434e+02  3.754733e+01 -3.214000e+01
   endloop
 endfacet
 facet normal  0.000000e+00  0.000000e+00  1.000000e+00
   outer loop
     vertex  5.080726e+02  3.820171e+01 -3.214000e+01
     vertex  5.079329e+02  3.825125e+01 -3.214000e+01
     vertex  5.075195e+02  3.775067e+01 -3.214000e+01
   endloop
 endfacet
 facet normal  0.000000e+00  0.000000e+00  1.000000e+00
   outer loop
     vertex  5.098017e+02  3.647257e+01 -3.214000e+01
     vertex  5.091473e+02  3.604339e+01 -3.214000e+01
     vertex  5.093507e+02  3.591949e+01 -3.214000e+01
   endloop
 endfacet
 facet normal  0.000000e+00  0.000000e+00  1.000000e+00
   outer loop
     vertex  5.098017e+02  3.647257e+01 -3.214000e+01
     vertex  5.093507e+02  3.591949e+01 -3.214000e+01
     vertex  5.098512e+02  3.633295e+01 -3.214000e+01
   endloop
 endfacet
 facet normal  0.000000e+00  0.000000e+00  1.000000e+00
   outer loop
     vertex  5.082096e+02  3.814535e+01 -3.214000e+01
     vertex  5.076434e+02  3.754733e+01 -3.214000e+01
     vertex  5.077768e+02  3.735012e+01 -3.214000e+01
   endloop
 endfacet
 facet normal  0.000000e+00  0.000000e+00  1.000000e+00
   outer loop
     vertex  5.082096e+02  3.814535e+01 -3.214000e+01
     vertex  5.080726e+02  3.820171e+01 -3.214000e+01
     vertex  5.076434e+02  3.754733e+01 -3.214000e+01
   endloop
 endfacet
 facet normal  0.000000e+00  0.000000e+00  1.000000e+00
   outer loop
     vertex  5.097453e+02  3.660957e+01 -3.214000e+01
     vertex  5.089501e+02  3.617683e+01 -3.214000e+01
     vertex  5.091473e+02  3.604339e+01 -3.214000e+01
   endloop
 endfacet
 facet normal  0.000000e+00  0.000000e+00  1.000000e+00
   outer loop
     vertex  5.097453e+02  3.660957e+01 -3.214000e+01
     vertex  5.091473e+02  3.604339e+01 -3.214000e+01
     vertex  5.098017e+02  3.647257e+01 -3.214000e+01
   endloop
 endfacet
 facet normal  0.000000e+00  0.000000e+00  1.000000e+00
   outer loop
     vertex  5.083436e+02  3.808229e+01 -3.214000e+01
     vertex  5.082096e+02  3.814535e+01 -3.214000e+01
     vertex  5.077768e+02  3.735012e+01 -3.214000e+01
   endloop
 endfacet
 facet normal  0.000000e+00  0.000000e+00  1.000000e+00
   outer loop
     vertex  5.096823e+02  3.674362e+01 -3.214000e+01
     vertex  5.089501e+02  3.617683e+01 -3.214000e+01
     vertex  5.097453e+02  3.660957e+01 -3.214000e+01
   endloop
 endfacet
 facet normal  0.000000e+00  0.000000e+00  1.000000e+00
   outer loop
     vertex  5.084744e+02  3.801269e+01 -3.214000e+01
     vertex  5.077768e+02  3.735012e+01 -3.214000e+01
     vertex  5.079195e+02  3.715948e+01 -3.214000e+01
   endloop
 endfacet
 facet normal  0.000000e+00  0.000000e+00  1.000000e+00
   outer loop
     vertex  5.084744e+02  3.801269e+01 -3.214000e+01
     vertex  5.083436e+02  3.808229e+01 -3.214000e+01
     vertex  5.077768e+02  3.735012e+01 -3.214000e+01
   endloop
 endfacet
 facet normal  0.000000e+00  0.000000e+00  1.000000e+00
   outer loop
     vertex  5.096127e+02  3.687440e+01 -3.214000e+01
     vertex  5.087595e+02  3.631952e+01 -3.214000e+01
     vertex  5.089501e+02  3.617683e+01 -3.214000e+01
   endloop
 endfacet
 facet normal  0.000000e+00  0.000000e+00  1.000000e+00
   outer loop
     vertex  5.096127e+02  3.687440e+01 -3.214000e+01
     vertex  5.089501e+02  3.617683e+01 -3.214000e+01
     vertex  5.096823e+02  3.674362e+01 -3.214000e+01
   endloop
 endfacet
 facet normal  0.000000e+00  0.000000e+00  1.000000e+00
   outer loop
     vertex  5.086016e+02  3.793672e+01 -3.214000e+01
     vertex  5.084744e+02  3.801269e+01 -3.214000e+01
     vertex  5.079195e+02  3.715948e+01 -3.214000e+01
   endloop
 endfacet
 facet normal  0.000000e+00  0.000000e+00  1.000000e+00
   outer loop
     vertex  5.095367e+02  3.700158e+01 -3.214000e+01
     vertex  5.087595e+02  3.631952e+01 -3.214000e+01
     vertex  5.096127e+02  3.687440e+01 -3.214000e+01
   endloop
 endfacet
 facet normal  0.000000e+00  0.000000e+00  1.000000e+00
   outer loop
     vertex  5.087249e+02  3.785456e+01 -3.214000e+01
     vertex  5.079195e+02  3.715948e+01 -3.214000e+01
     vertex  5.080711e+02  3.697586e+01 -3.214000e+01
   endloop
 endfacet
 facet normal  0.000000e+00  0.000000e+00  1.000000e+00
   outer loop
     vertex  5.087249e+02  3.785456e+01 -3.214000e+01
     vertex  5.086016e+02  3.793672e+01 -3.214000e+01
     vertex  5.079195e+02  3.715948e+01 -3.214000e+01
   endloop
 endfacet
 facet normal  0.000000e+00  0.000000e+00  1.000000e+00
   outer loop
     vertex  5.094546e+02  3.712486e+01 -3.214000e+01
     vertex  5.085759e+02  3.647111e+01 -3.214000e+01
     vertex  5.087595e+02  3.631952e+01 -3.214000e+01
   endloop
 endfacet
 facet normal  0.000000e+00  0.000000e+00  1.000000e+00
   outer loop
     vertex  5.094546e+02  3.712486e+01 -3.214000e+01
     vertex  5.087595e+02  3.631952e+01 -3.214000e+01
     vertex  5.095367e+02  3.700158e+01 -3.214000e+01
   endloop
 endfacet
 facet normal  0.000000e+00  0.000000e+00  1.000000e+00
   outer loop
     vertex  5.088439e+02  3.776642e+01 -3.214000e+01
     vertex  5.087249e+02  3.785456e+01 -3.214000e+01
     vertex  5.080711e+02  3.697586e+01 -3.214000e+01
   endloop
 endfacet
 facet normal  0.000000e+00  0.000000e+00  1.000000e+00
   outer loop
     vertex  5.093664e+02  3.724393e+01 -3.214000e+01
     vertex  5.085759e+02  3.647111e+01 -3.214000e+01
     vertex  5.094546e+02  3.712486e+01 -3.214000e+01
   endloop
 endfacet
 facet normal  0.000000e+00  0.000000e+00  1.000000e+00
   outer loop
     vertex  5.089585e+02  3.767251e+01 -3.214000e+01
     vertex  5.080711e+02  3.697586e+01 -3.214000e+01
     vertex  5.082313e+02  3.679966e+01 -3.214000e+01
   endloop
 endfacet
 facet normal  0.000000e+00  0.000000e+00  1.000000e+00
   outer loop
     vertex  5.089585e+02  3.767251e+01 -3.214000e+01
     vertex  5.088439e+02  3.776642e+01 -3.214000e+01
     vertex  5.080711e+02  3.697586e+01 -3.214000e+01
   endloop
 endfacet
 facet normal  0.000000e+00  0.000000e+00  1.000000e+00
   outer loop
     vertex  5.092725e+02  3.735850e+01 -3.214000e+01
     vertex  5.083997e+02  3.663128e+01 -3.214000e+01
     vertex  5.085759e+02  3.647111e+01 -3.214000e+01
   endloop
 endfacet
 facet normal  0.000000e+00  0.000000e+00  1.000000e+00
   outer loop
     vertex  5.092725e+02  3.735850e+01 -3.214000e+01
     vertex  5.085759e+02  3.647111e+01 -3.214000e+01
     vertex  5.093664e+02  3.724393e+01 -3.214000e+01
   endloop
 endfacet
 facet normal  0.000000e+00  0.000000e+00  1.000000e+00
   outer loop
     vertex  5.090683e+02  3.757305e+01 -3.214000e+01
     vertex  5.082313e+02  3.679966e+01 -3.214000e+01
     vertex  5.083997e+02  3.663128e+01 -3.214000e+01
   endloop
 endfacet
 facet normal  0.000000e+00  0.000000e+00  1.000000e+00
   outer loop
     vertex  5.090683e+02  3.757305e+01 -3.214000e+01
     vertex  5.089585e+02  3.767251e+01 -3.214000e+01
     vertex  5.082313e+02  3.679966e+01 -3.214000e+01
   endloop
 endfacet
 facet normal  0.000000e+00  0.000000e+00  1.000000e+00
   outer loop
     vertex  5.091731e+02  3.746830e+01 -3.214000e+01
     vertex  5.083997e+02  3.663128e+01 -3.214000e+01
     vertex  5.092725e+02  3.735850e+01 -3.214000e+01
   endloop
 endfacet
 facet normal  0.000000e+00  0.000000e+00  1.000000e+00
   outer loop
     vertex  5.091731e+02  3.746830e+01 -3.214000e+01
     vertex  5.090683e+02  3.757305e+01 -3.214000e+01
     vertex  5.083997e+02  3.663128e+01 -3.214000e+01
   endloop
 endfacet
 facet normal  0.000000e+00  0.000000e+00  1.000000e+00
   outer loop
     vertex  5.269500e+02  8.280711e+01 -3.020500e+01
     vertex  5.169000e+02  6.540000e+01 -3.020500e+01
     vertex  5.269500e+02  4.799289e+01 -3.020500e+01
   endloop
 endfacet
 facet normal  0.000000e+00  0.000000e+00  1.000000e+00
   outer loop
     vertex  5.470500e+02  8.280711e+01 -3.020500e+01
     vertex  5.269500e+02  4.799289e+01 -3.020500e+01
     vertex  5.470500e+02  4.799289e+01 -3.020500e+01
   endloop
 endfacet
 facet normal  0.000000e+00  0.000000e+00  1.000000e+00
   outer loop
     vertex  5.470500e+02  8.280711e+01 -3.020500e+01
     vertex  5.470500e+02  4.799289e+01 -3.020500e+01
     vertex  5.571000e+02  6.540000e+01 -3.020500e+01
   endloop
 endfacet
 facet normal  0.000000e+00  0.000000e+00  1.000000e+00
   outer loop
     vertex  5.470500e+02  8.280711e+01 -3.020500e+01
     vertex  5.269500e+02  8.280711e+01 -3.020500e+01
     vertex  5.269500e+02  4.799289e+01 -3.020500e+01
   endloop
 endfacet
endsolid
