solid 
 facet normal -1.000000e+00  0.000000e+00  0.000000e+00
   outer loop
     vertex  3.768500e+02  3.965000e+01 -2.814000e+01
     vertex  3.768500e+02  8.995000e+01 -3.814000e+01
     vertex  3.768500e+02  3.965000e+01 -3.814000e+01
   endloop
 endfacet
 facet normal -1.000000e+00  0.000000e+00  0.000000e+00
   outer loop
     vertex  3.768500e+02  3.965000e+01 -2.814000e+01
     vertex  3.768500e+02  8.995000e+01 -2.814000e+01
     vertex  3.768500e+02  8.995000e+01 -3.814000e+01
   endloop
 endfacet
 facet normal  0.000000e+00  0.000000e+00  1.000000e+00
   outer loop
     vertex  3.771247e+02  3.801565e+01 -2.814000e+01
     vertex  3.772077e+02  3.779280e+01 -2.814000e+01
     vertex  3.773552e+02  3.777890e+01 -2.814000e+01
   endloop
 endfacet
 facet normal  0.000000e+00  0.000000e+00  1.000000e+00
   outer loop
     vertex  3.802157e+02  3.492465e+01 -2.814000e+01
     vertex  3.799789e+02  3.515521e+01 -2.814000e+01
     vertex  3.799928e+02  3.500772e+01 -2.814000e+01
   endloop
 endfacet
 facet normal  0.000000e+00  0.000000e+00  1.000000e+00
   outer loop
     vertex  3.799577e+02  3.530183e+01 -2.814000e+01
     vertex  3.799789e+02  3.515521e+01 -2.814000e+01
     vertex  3.802157e+02  3.492465e+01 -2.814000e+01
   endloop
 endfacet
 facet normal  0.000000e+00  0.000000e+00  1.000000e+00
   outer loop
     vertex  3.775018e+02  3.775773e+01 -2.814000e+01
     vertex  3.771247e+02  3.801565e+01 -2.814000e+01
     vertex  3.773552e+02  3.777890e+01 -2.814000e+01
   endloop
 endfacet
 facet normal  0.000000e+00  0.000000e+00  1.000000e+00
   outer loop
     vertex  3.770523e+02  3.824220e+01 -2.814000e+01
     vertex  3.771247e+02  3.801565e+01 -2.814000e+01
     vertex  3.775018e+02  3.775773e+01 -2.814000e+01
   endloop
 endfacet
 facet normal  0.000000e+00  0.000000e+00  1.000000e+00
   outer loop
     vertex  3.804422e+02  3.485228e+01 -2.814000e+01
     vertex  3.799577e+02  3.530183e+01 -2.814000e+01
     vertex  3.802157e+02  3.492465e+01 -2.814000e+01
   endloop
 endfacet
 facet normal  0.000000e+00  0.000000e+00  1.000000e+00
   outer loop
     vertex  3.799294e+02  3.544723e+01 -2.814000e+01
     vertex  3.799577e+02  3.530183e+01 -2.814000e+01
     vertex  3.804422e+02  3.485228e+01 -2.814000e+01
   endloop
 endfacet
 facet normal  0.000000e+00  0.000000e+00  1.000000e+00
   outer loop
     vertex  3.776472e+02  3.772935e+01 -2.814000e+01
     vertex  3.770523e+02  3.824220e+01 -2.814000e+01
     vertex  3.775018e+02  3.775773e+01 -2.814000e+01
   endloop
 endfacet
 facet normal  0.000000e+00  0.000000e+00  1.000000e+00
   outer loop
     vertex  3.769908e+02  3.847193e+01 -2.814000e+01
     vertex  3.770523e+02  3.824220e+01 -2.814000e+01
     vertex  3.776472e+02  3.772935e+01 -2.814000e+01
   endloop
 endfacet
 facet normal  0.000000e+00  0.000000e+00  1.000000e+00
   outer loop
     vertex  3.806719e+02  3.479077e+01 -2.814000e+01
     vertex  3.799294e+02  3.544723e+01 -2.814000e+01
     vertex  3.804422e+02  3.485228e+01 -2.814000e+01
   endloop
 endfacet
 facet normal  0.000000e+00  0.000000e+00  1.000000e+00
   outer loop
     vertex  3.798938e+02  3.559105e+01 -2.814000e+01
     vertex  3.799294e+02  3.544723e+01 -2.814000e+01
     vertex  3.806719e+02  3.479077e+01 -2.814000e+01
   endloop
 endfacet
 facet normal  0.000000e+00  0.000000e+00  1.000000e+00
   outer loop
     vertex  3.777911e+02  3.769383e+01 -2.814000e+01
     vertex  3.769908e+02  3.847193e+01 -2.814000e+01
     vertex  3.776472e+02  3.772935e+01 -2.814000e+01
   endloop
 endfacet
 facet normal  0.000000e+00  0.000000e+00  1.000000e+00
   outer loop
     vertex  3.769402e+02  3.870433e+01 -2.814000e+01
     vertex  3.777911e+02  3.769383e+01 -2.814000e+01
     vertex  3.779329e+02  3.765125e+01 -2.814000e+01
   endloop
 endfacet
 facet normal  0.000000e+00  0.000000e+00  1.000000e+00
   outer loop
     vertex  3.769402e+02  3.870433e+01 -2.814000e+01
     vertex  3.769908e+02  3.847193e+01 -2.814000e+01
     vertex  3.777911e+02  3.769383e+01 -2.814000e+01
   endloop
 endfacet
 facet normal  0.000000e+00  0.000000e+00  1.000000e+00
   outer loop
     vertex  3.809043e+02  3.474024e+01 -2.814000e+01
     vertex  3.798512e+02  3.573295e+01 -2.814000e+01
     vertex  3.798938e+02  3.559105e+01 -2.814000e+01
   endloop
 endfacet
 facet normal  0.000000e+00  0.000000e+00  1.000000e+00
   outer loop
     vertex  3.809043e+02  3.474024e+01 -2.814000e+01
     vertex  3.798938e+02  3.559105e+01 -2.814000e+01
     vertex  3.806719e+02  3.479077e+01 -2.814000e+01
   endloop
 endfacet
 facet normal  0.000000e+00  0.000000e+00  1.000000e+00
   outer loop
     vertex  3.769008e+02  3.893887e+01 -2.814000e+01
     vertex  3.779329e+02  3.765125e+01 -2.814000e+01
     vertex  3.780726e+02  3.760171e+01 -2.814000e+01
   endloop
 endfacet
 facet normal  0.000000e+00  0.000000e+00  1.000000e+00
   outer loop
     vertex  3.769008e+02  3.893887e+01 -2.814000e+01
     vertex  3.769402e+02  3.870433e+01 -2.814000e+01
     vertex  3.779329e+02  3.765125e+01 -2.814000e+01
   endloop
 endfacet
 facet normal  0.000000e+00  0.000000e+00  1.000000e+00
   outer loop
     vertex  3.811389e+02  3.470083e+01 -2.814000e+01
     vertex  3.798017e+02  3.587257e+01 -2.814000e+01
     vertex  3.798512e+02  3.573295e+01 -2.814000e+01
   endloop
 endfacet
 facet normal  0.000000e+00  0.000000e+00  1.000000e+00
   outer loop
     vertex  3.811389e+02  3.470083e+01 -2.814000e+01
     vertex  3.798512e+02  3.573295e+01 -2.814000e+01
     vertex  3.809043e+02  3.474024e+01 -2.814000e+01
   endloop
 endfacet
 facet normal  0.000000e+00  0.000000e+00  1.000000e+00
   outer loop
     vertex  3.813750e+02  3.467261e+01 -2.814000e+01
     vertex  3.798017e+02  3.587257e+01 -2.814000e+01
     vertex  3.811389e+02  3.470083e+01 -2.814000e+01
   endloop
 endfacet
 facet normal  0.000000e+00  0.000000e+00  1.000000e+00
   outer loop
     vertex  3.768726e+02  3.917502e+01 -2.814000e+01
     vertex  3.769008e+02  3.893887e+01 -2.814000e+01
     vertex  3.780726e+02  3.760171e+01 -2.814000e+01
   endloop
 endfacet
 facet normal  0.000000e+00  0.000000e+00  1.000000e+00
   outer loop
     vertex  3.816122e+02  3.465566e+01 -2.814000e+01
     vertex  3.797453e+02  3.600957e+01 -2.814000e+01
     vertex  3.798017e+02  3.587257e+01 -2.814000e+01
   endloop
 endfacet
 facet normal  0.000000e+00  0.000000e+00  1.000000e+00
   outer loop
     vertex  3.816122e+02  3.465566e+01 -2.814000e+01
     vertex  3.798017e+02  3.587257e+01 -2.814000e+01
     vertex  3.813750e+02  3.467261e+01 -2.814000e+01
   endloop
 endfacet
 facet normal  0.000000e+00  0.000000e+00  1.000000e+00
   outer loop
     vertex  3.768557e+02  3.941224e+01 -2.814000e+01
     vertex  3.768726e+02  3.917502e+01 -2.814000e+01
     vertex  3.780726e+02  3.760171e+01 -2.814000e+01
   endloop
 endfacet
 facet normal  0.000000e+00  0.000000e+00  1.000000e+00
   outer loop
     vertex  3.768557e+02  3.941224e+01 -2.814000e+01
     vertex  3.780726e+02  3.760171e+01 -2.814000e+01
     vertex  3.782096e+02  3.754535e+01 -2.814000e+01
   endloop
 endfacet
 facet normal  0.000000e+00  0.000000e+00  1.000000e+00
   outer loop
     vertex  3.818500e+02  3.465000e+01 -2.814000e+01
     vertex  3.796823e+02  3.614362e+01 -2.814000e+01
     vertex  3.797453e+02  3.600957e+01 -2.814000e+01
   endloop
 endfacet
 facet normal  0.000000e+00  0.000000e+00  1.000000e+00
   outer loop
     vertex  3.818500e+02  3.465000e+01 -2.814000e+01
     vertex  3.796127e+02  3.627440e+01 -2.814000e+01
     vertex  3.796823e+02  3.614362e+01 -2.814000e+01
   endloop
 endfacet
 facet normal  0.000000e+00  0.000000e+00  1.000000e+00
   outer loop
     vertex  3.818500e+02  3.465000e+01 -2.814000e+01
     vertex  3.795367e+02  3.640158e+01 -2.814000e+01
     vertex  3.796127e+02  3.627440e+01 -2.814000e+01
   endloop
 endfacet
 facet normal  0.000000e+00  0.000000e+00  1.000000e+00
   outer loop
     vertex  3.818500e+02  3.465000e+01 -2.814000e+01
     vertex  3.794546e+02  3.652486e+01 -2.814000e+01
     vertex  3.795367e+02  3.640158e+01 -2.814000e+01
   endloop
 endfacet
 facet normal  0.000000e+00  0.000000e+00  1.000000e+00
   outer loop
     vertex  3.818500e+02  3.465000e+01 -2.814000e+01
     vertex  3.793664e+02  3.664393e+01 -2.814000e+01
     vertex  3.794546e+02  3.652486e+01 -2.814000e+01
   endloop
 endfacet
 facet normal  0.000000e+00  0.000000e+00  1.000000e+00
   outer loop
     vertex  3.818500e+02  3.465000e+01 -2.814000e+01
     vertex  3.792725e+02  3.675850e+01 -2.814000e+01
     vertex  3.793664e+02  3.664393e+01 -2.814000e+01
   endloop
 endfacet
 facet normal  0.000000e+00  0.000000e+00  1.000000e+00
   outer loop
     vertex  3.818500e+02  3.465000e+01 -2.814000e+01
     vertex  3.791731e+02  3.686830e+01 -2.814000e+01
     vertex  3.792725e+02  3.675850e+01 -2.814000e+01
   endloop
 endfacet
 facet normal  0.000000e+00  0.000000e+00  1.000000e+00
   outer loop
     vertex  3.818500e+02  3.465000e+01 -2.814000e+01
     vertex  3.790683e+02  3.697305e+01 -2.814000e+01
     vertex  3.791731e+02  3.686830e+01 -2.814000e+01
   endloop
 endfacet
 facet normal  0.000000e+00  0.000000e+00  1.000000e+00
   outer loop
     vertex  3.818500e+02  3.465000e+01 -2.814000e+01
     vertex  3.797453e+02  3.600957e+01 -2.814000e+01
     vertex  3.816122e+02  3.465566e+01 -2.814000e+01
   endloop
 endfacet
 facet normal  0.000000e+00  0.000000e+00  1.000000e+00
   outer loop
     vertex  3.768500e+02  3.965000e+01 -2.814000e+01
     vertex  3.790683e+02  3.697305e+01 -2.814000e+01
     vertex  3.818500e+02  3.465000e+01 -2.814000e+01
   endloop
 endfacet
 facet normal  0.000000e+00  0.000000e+00  1.000000e+00
   outer loop
     vertex  3.768500e+02  3.965000e+01 -2.814000e+01
     vertex  3.789585e+02  3.707251e+01 -2.814000e+01
     vertex  3.790683e+02  3.697305e+01 -2.814000e+01
   endloop
 endfacet
 facet normal  0.000000e+00  0.000000e+00  1.000000e+00
   outer loop
     vertex  3.768500e+02  3.965000e+01 -2.814000e+01
     vertex  3.788439e+02  3.716642e+01 -2.814000e+01
     vertex  3.789585e+02  3.707251e+01 -2.814000e+01
   endloop
 endfacet
 facet normal  0.000000e+00  0.000000e+00  1.000000e+00
   outer loop
     vertex  3.768500e+02  3.965000e+01 -2.814000e+01
     vertex  3.787249e+02  3.725456e+01 -2.814000e+01
     vertex  3.788439e+02  3.716642e+01 -2.814000e+01
   endloop
 endfacet
 facet normal  0.000000e+00  0.000000e+00  1.000000e+00
   outer loop
     vertex  3.768500e+02  3.965000e+01 -2.814000e+01
     vertex  3.786016e+02  3.733672e+01 -2.814000e+01
     vertex  3.787249e+02  3.725456e+01 -2.814000e+01
   endloop
 endfacet
 facet normal  0.000000e+00  0.000000e+00  1.000000e+00
   outer loop
     vertex  3.768500e+02  3.965000e+01 -2.814000e+01
     vertex  3.784744e+02  3.741269e+01 -2.814000e+01
     vertex  3.786016e+02  3.733672e+01 -2.814000e+01
   endloop
 endfacet
 facet normal  0.000000e+00  0.000000e+00  1.000000e+00
   outer loop
     vertex  3.768500e+02  3.965000e+01 -2.814000e+01
     vertex  3.783436e+02  3.748229e+01 -2.814000e+01
     vertex  3.784744e+02  3.741269e+01 -2.814000e+01
   endloop
 endfacet
 facet normal  0.000000e+00  0.000000e+00  1.000000e+00
   outer loop
     vertex  3.768500e+02  3.965000e+01 -2.814000e+01
     vertex  3.782096e+02  3.754535e+01 -2.814000e+01
     vertex  3.783436e+02  3.748229e+01 -2.814000e+01
   endloop
 endfacet
 facet normal  0.000000e+00  0.000000e+00  1.000000e+00
   outer loop
     vertex  3.768500e+02  3.965000e+01 -2.814000e+01
     vertex  3.768557e+02  3.941224e+01 -2.814000e+01
     vertex  3.782096e+02  3.754535e+01 -2.814000e+01
   endloop
 endfacet
 facet normal  0.000000e+00  0.000000e+00  1.000000e+00
   outer loop
     vertex  4.321500e+02  3.465000e+01 -2.814000e+01
     vertex  3.768500e+02  3.965000e+01 -2.814000e+01
     vertex  3.818500e+02  3.465000e+01 -2.814000e+01
   endloop
 endfacet
 facet normal  0.000000e+00  0.000000e+00  1.000000e+00
   outer loop
     vertex  4.326401e+02  3.467408e+01 -2.814000e+01
     vertex  4.321500e+02  3.465000e+01 -2.814000e+01
     vertex  4.323953e+02  3.465602e+01 -2.814000e+01
   endloop
 endfacet
 facet normal  0.000000e+00  0.000000e+00  1.000000e+00
   outer loop
     vertex  3.769041e+02  9.068365e+01 -2.814000e+01
     vertex  3.768741e+02  9.044009e+01 -2.814000e+01
     vertex  3.768560e+02  9.019534e+01 -2.814000e+01
   endloop
 endfacet
 facet normal  0.000000e+00  0.000000e+00  1.000000e+00
   outer loop
     vertex  3.769461e+02  9.092545e+01 -2.814000e+01
     vertex  3.769041e+02  9.068365e+01 -2.814000e+01
     vertex  3.768560e+02  9.019534e+01 -2.814000e+01
   endloop
 endfacet
 facet normal  0.000000e+00  0.000000e+00  1.000000e+00
   outer loop
     vertex  4.331255e+02  3.474607e+01 -2.814000e+01
     vertex  4.326401e+02  3.467408e+01 -2.814000e+01
     vertex  4.328837e+02  3.470412e+01 -2.814000e+01
   endloop
 endfacet
 facet normal  0.000000e+00  0.000000e+00  1.000000e+00
   outer loop
     vertex  3.769998e+02  9.116490e+01 -2.814000e+01
     vertex  3.769461e+02  9.092545e+01 -2.814000e+01
     vertex  3.768560e+02  9.019534e+01 -2.814000e+01
   endloop
 endfacet
 facet normal  0.000000e+00  0.000000e+00  1.000000e+00
   outer loop
     vertex  3.770653e+02  9.140142e+01 -2.814000e+01
     vertex  3.769998e+02  9.116490e+01 -2.814000e+01
     vertex  3.768560e+02  9.019534e+01 -2.814000e+01
   endloop
 endfacet
 facet normal  0.000000e+00  0.000000e+00  1.000000e+00
   outer loop
     vertex  4.336014e+02  3.486530e+01 -2.814000e+01
     vertex  4.331255e+02  3.474607e+01 -2.814000e+01
     vertex  4.333649e+02  3.479984e+01 -2.814000e+01
   endloop
 endfacet
 facet normal  0.000000e+00  0.000000e+00  1.000000e+00
   outer loop
     vertex  3.771423e+02  9.163445e+01 -2.814000e+01
     vertex  3.770653e+02  9.140142e+01 -2.814000e+01
     vertex  3.768560e+02  9.019534e+01 -2.814000e+01
   endloop
 endfacet
 facet normal  0.000000e+00  0.000000e+00  1.000000e+00
   outer loop
     vertex  3.771423e+02  9.163445e+01 -2.814000e+01
     vertex  3.768560e+02  9.019534e+01 -2.814000e+01
     vertex  3.768500e+02  8.995000e+01 -2.814000e+01
   endloop
 endfacet
 facet normal  0.000000e+00  0.000000e+00  1.000000e+00
   outer loop
     vertex  4.338344e+02  3.494228e+01 -2.814000e+01
     vertex  4.326401e+02  3.467408e+01 -2.814000e+01
     vertex  4.331255e+02  3.474607e+01 -2.814000e+01
   endloop
 endfacet
 facet normal  0.000000e+00  0.000000e+00  1.000000e+00
   outer loop
     vertex  4.338344e+02  3.494228e+01 -2.814000e+01
     vertex  4.331255e+02  3.474607e+01 -2.814000e+01
     vertex  4.336014e+02  3.486530e+01 -2.814000e+01
   endloop
 endfacet
 facet normal  0.000000e+00  0.000000e+00  1.000000e+00
   outer loop
     vertex  3.773301e+02  9.208778e+01 -2.814000e+01
     vertex  3.772306e+02  9.186342e+01 -2.814000e+01
     vertex  3.771423e+02  9.163445e+01 -2.814000e+01
   endloop
 endfacet
 facet normal  0.000000e+00  0.000000e+00  1.000000e+00
   outer loop
     vertex  3.774404e+02  9.230698e+01 -2.814000e+01
     vertex  3.773301e+02  9.208778e+01 -2.814000e+01
     vertex  3.771423e+02  9.163445e+01 -2.814000e+01
   endloop
 endfacet
 facet normal  0.000000e+00  0.000000e+00  1.000000e+00
   outer loop
     vertex  3.774404e+02  9.230698e+01 -2.814000e+01
     vertex  3.771423e+02  9.163445e+01 -2.814000e+01
     vertex  3.768500e+02  8.995000e+01 -2.814000e+01
   endloop
 endfacet
 facet normal  0.000000e+00  0.000000e+00  1.000000e+00
   outer loop
     vertex  4.345070e+02  3.524039e+01 -2.814000e+01
     vertex  4.340634e+02  3.503060e+01 -2.814000e+01
     vertex  4.342878e+02  3.513005e+01 -2.814000e+01
   endloop
 endfacet
 facet normal  0.000000e+00  0.000000e+00  1.000000e+00
   outer loop
     vertex  4.347205e+02  3.536136e+01 -2.814000e+01
     vertex  4.326401e+02  3.467408e+01 -2.814000e+01
     vertex  4.338344e+02  3.494228e+01 -2.814000e+01
   endloop
 endfacet
 facet normal  0.000000e+00  0.000000e+00  1.000000e+00
   outer loop
     vertex  4.347205e+02  3.536136e+01 -2.814000e+01
     vertex  4.338344e+02  3.494228e+01 -2.814000e+01
     vertex  4.340634e+02  3.503060e+01 -2.814000e+01
   endloop
 endfacet
 facet normal  0.000000e+00  0.000000e+00  1.000000e+00
   outer loop
     vertex  4.347205e+02  3.536136e+01 -2.814000e+01
     vertex  4.340634e+02  3.503060e+01 -2.814000e+01
     vertex  4.345070e+02  3.524039e+01 -2.814000e+01
   endloop
 endfacet
 facet normal  0.000000e+00  0.000000e+00  1.000000e+00
   outer loop
     vertex  4.349279e+02  3.549265e+01 -2.814000e+01
     vertex  4.326401e+02  3.467408e+01 -2.814000e+01
     vertex  4.347205e+02  3.536136e+01 -2.814000e+01
   endloop
 endfacet
 facet normal  0.000000e+00  0.000000e+00  1.000000e+00
   outer loop
     vertex  3.778340e+02  9.292850e+01 -2.814000e+01
     vertex  3.775614e+02  9.252051e+01 -2.814000e+01
     vertex  3.774404e+02  9.230698e+01 -2.814000e+01
   endloop
 endfacet
 facet normal  0.000000e+00  0.000000e+00  1.000000e+00
   outer loop
     vertex  3.778340e+02  9.292850e+01 -2.814000e+01
     vertex  3.776927e+02  9.272785e+01 -2.814000e+01
     vertex  3.775614e+02  9.252051e+01 -2.814000e+01
   endloop
 endfacet
 facet normal  0.000000e+00  0.000000e+00  1.000000e+00
   outer loop
     vertex  4.351285e+02  3.563396e+01 -2.814000e+01
     vertex  4.321500e+02  3.465000e+01 -2.814000e+01
     vertex  4.326401e+02  3.467408e+01 -2.814000e+01
   endloop
 endfacet
 facet normal  0.000000e+00  0.000000e+00  1.000000e+00
   outer loop
     vertex  4.351285e+02  3.563396e+01 -2.814000e+01
     vertex  4.326401e+02  3.467408e+01 -2.814000e+01
     vertex  4.349279e+02  3.549265e+01 -2.814000e+01
   endloop
 endfacet
 facet normal  0.000000e+00  0.000000e+00  1.000000e+00
   outer loop
     vertex  3.781452e+02  9.330779e+01 -2.814000e+01
     vertex  3.779849e+02  9.312197e+01 -2.814000e+01
     vertex  3.778340e+02  9.292850e+01 -2.814000e+01
   endloop
 endfacet
 facet normal  0.000000e+00  0.000000e+00  1.000000e+00
   outer loop
     vertex  4.356855e+02  3.611447e+01 -2.814000e+01
     vertex  4.353220e+02  3.578495e+01 -2.814000e+01
     vertex  4.355078e+02  3.594524e+01 -2.814000e+01
   endloop
 endfacet
 facet normal  0.000000e+00  0.000000e+00  1.000000e+00
   outer loop
     vertex  4.356855e+02  3.611447e+01 -2.814000e+01
     vertex  4.351285e+02  3.563396e+01 -2.814000e+01
     vertex  4.353220e+02  3.578495e+01 -2.814000e+01
   endloop
 endfacet
 facet normal  0.000000e+00  0.000000e+00  1.000000e+00
   outer loop
     vertex  4.356855e+02  3.611447e+01 -2.814000e+01
     vertex  4.321500e+02  3.465000e+01 -2.814000e+01
     vertex  4.351285e+02  3.563396e+01 -2.814000e+01
   endloop
 endfacet
 facet normal  0.000000e+00  0.000000e+00  1.000000e+00
   outer loop
     vertex  3.784922e+02  9.365476e+01 -2.814000e+01
     vertex  3.783145e+02  9.348553e+01 -2.814000e+01
     vertex  3.781452e+02  9.330779e+01 -2.814000e+01
   endloop
 endfacet
 facet normal  0.000000e+00  0.000000e+00  1.000000e+00
   outer loop
     vertex  3.784922e+02  9.365476e+01 -2.814000e+01
     vertex  3.778340e+02  9.292850e+01 -2.814000e+01
     vertex  3.774404e+02  9.230698e+01 -2.814000e+01
   endloop
 endfacet
 facet normal  0.000000e+00  0.000000e+00  1.000000e+00
   outer loop
     vertex  3.784922e+02  9.365476e+01 -2.814000e+01
     vertex  3.774404e+02  9.230698e+01 -2.814000e+01
     vertex  3.768500e+02  8.995000e+01 -2.814000e+01
   endloop
 endfacet
 facet normal  0.000000e+00  0.000000e+00  1.000000e+00
   outer loop
     vertex  3.784922e+02  9.365476e+01 -2.814000e+01
     vertex  3.781452e+02  9.330779e+01 -2.814000e+01
     vertex  3.778340e+02  9.292850e+01 -2.814000e+01
   endloop
 endfacet
 facet normal  0.000000e+00  0.000000e+00  1.000000e+00
   outer loop
     vertex  4.358548e+02  3.629221e+01 -2.814000e+01
     vertex  4.321500e+02  3.465000e+01 -2.814000e+01
     vertex  4.356855e+02  3.611447e+01 -2.814000e+01
   endloop
 endfacet
 facet normal  0.000000e+00  0.000000e+00  1.000000e+00
   outer loop
     vertex  4.361660e+02  3.667150e+01 -2.814000e+01
     vertex  4.358548e+02  3.629221e+01 -2.814000e+01
     vertex  4.360151e+02  3.647803e+01 -2.814000e+01
   endloop
 endfacet
 facet normal  0.000000e+00  0.000000e+00  1.000000e+00
   outer loop
     vertex  4.361660e+02  3.667150e+01 -2.814000e+01
     vertex  4.321500e+02  3.465000e+01 -2.814000e+01
     vertex  4.358548e+02  3.629221e+01 -2.814000e+01
   endloop
 endfacet
 facet normal  0.000000e+00  0.000000e+00  1.000000e+00
   outer loop
     vertex  3.792795e+02  9.423864e+01 -2.814000e+01
     vertex  3.786780e+02  9.381505e+01 -2.814000e+01
     vertex  3.784922e+02  9.365476e+01 -2.814000e+01
   endloop
 endfacet
 facet normal  0.000000e+00  0.000000e+00  1.000000e+00
   outer loop
     vertex  3.792795e+02  9.423864e+01 -2.814000e+01
     vertex  3.788715e+02  9.396604e+01 -2.814000e+01
     vertex  3.786780e+02  9.381505e+01 -2.814000e+01
   endloop
 endfacet
 facet normal  0.000000e+00  0.000000e+00  1.000000e+00
   outer loop
     vertex  3.792795e+02  9.423864e+01 -2.814000e+01
     vertex  3.790721e+02  9.410735e+01 -2.814000e+01
     vertex  3.788715e+02  9.396604e+01 -2.814000e+01
   endloop
 endfacet
 facet normal  0.000000e+00  0.000000e+00  1.000000e+00
   outer loop
     vertex  3.794930e+02  9.435961e+01 -2.814000e+01
     vertex  3.792795e+02  9.423864e+01 -2.814000e+01
     vertex  3.784922e+02  9.365476e+01 -2.814000e+01
   endloop
 endfacet
 facet normal  0.000000e+00  0.000000e+00  1.000000e+00
   outer loop
     vertex  4.365596e+02  3.729302e+01 -2.814000e+01
     vertex  4.321500e+02  3.465000e+01 -2.814000e+01
     vertex  4.361660e+02  3.667150e+01 -2.814000e+01
   endloop
 endfacet
 facet normal  0.000000e+00  0.000000e+00  1.000000e+00
   outer loop
     vertex  4.365596e+02  3.729302e+01 -2.814000e+01
     vertex  4.363073e+02  3.687215e+01 -2.814000e+01
     vertex  4.364386e+02  3.707949e+01 -2.814000e+01
   endloop
 endfacet
 facet normal  0.000000e+00  0.000000e+00  1.000000e+00
   outer loop
     vertex  4.365596e+02  3.729302e+01 -2.814000e+01
     vertex  4.361660e+02  3.667150e+01 -2.814000e+01
     vertex  4.363073e+02  3.687215e+01 -2.814000e+01
   endloop
 endfacet
 facet normal  0.000000e+00  0.000000e+00  1.000000e+00
   outer loop
     vertex  3.797122e+02  9.446995e+01 -2.814000e+01
     vertex  3.794930e+02  9.435961e+01 -2.814000e+01
     vertex  3.784922e+02  9.365476e+01 -2.814000e+01
   endloop
 endfacet
 facet normal  0.000000e+00  0.000000e+00  1.000000e+00
   outer loop
     vertex  3.797122e+02  9.446995e+01 -2.814000e+01
     vertex  3.784922e+02  9.365476e+01 -2.814000e+01
     vertex  3.768500e+02  8.995000e+01 -2.814000e+01
   endloop
 endfacet
 facet normal  0.000000e+00  0.000000e+00  1.000000e+00
   outer loop
     vertex  4.366699e+02  3.751222e+01 -2.814000e+01
     vertex  4.321500e+02  3.465000e+01 -2.814000e+01
     vertex  4.365596e+02  3.729302e+01 -2.814000e+01
   endloop
 endfacet
 facet normal  0.000000e+00  0.000000e+00  1.000000e+00
   outer loop
     vertex  3.799366e+02  9.456940e+01 -2.814000e+01
     vertex  3.797122e+02  9.446995e+01 -2.814000e+01
     vertex  3.768500e+02  8.995000e+01 -2.814000e+01
   endloop
 endfacet
 facet normal  0.000000e+00  0.000000e+00  1.000000e+00
   outer loop
     vertex  4.368577e+02  3.796555e+01 -2.814000e+01
     vertex  4.321500e+02  3.465000e+01 -2.814000e+01
     vertex  4.366699e+02  3.751222e+01 -2.814000e+01
   endloop
 endfacet
 facet normal  0.000000e+00  0.000000e+00  1.000000e+00
   outer loop
     vertex  4.368577e+02  3.796555e+01 -2.814000e+01
     vertex  4.366699e+02  3.751222e+01 -2.814000e+01
     vertex  4.367694e+02  3.773658e+01 -2.814000e+01
   endloop
 endfacet
 facet normal  0.000000e+00  0.000000e+00  1.000000e+00
   outer loop
     vertex  3.803986e+02  9.473470e+01 -2.814000e+01
     vertex  3.799366e+02  9.456940e+01 -2.814000e+01
     vertex  3.768500e+02  8.995000e+01 -2.814000e+01
   endloop
 endfacet
 facet normal  0.000000e+00  0.000000e+00  1.000000e+00
   outer loop
     vertex  3.803986e+02  9.473470e+01 -2.814000e+01
     vertex  3.801656e+02  9.465772e+01 -2.814000e+01
     vertex  3.799366e+02  9.456940e+01 -2.814000e+01
   endloop
 endfacet
 facet normal  0.000000e+00  0.000000e+00  1.000000e+00
   outer loop
     vertex  3.806351e+02  9.480016e+01 -2.814000e+01
     vertex  3.803986e+02  9.473470e+01 -2.814000e+01
     vertex  3.768500e+02  8.995000e+01 -2.814000e+01
   endloop
 endfacet
 facet normal  0.000000e+00  0.000000e+00  1.000000e+00
   outer loop
     vertex  3.811163e+02  9.489588e+01 -2.814000e+01
     vertex  3.808745e+02  9.485393e+01 -2.814000e+01
     vertex  3.806351e+02  9.480016e+01 -2.814000e+01
   endloop
 endfacet
 facet normal  0.000000e+00  0.000000e+00  1.000000e+00
   outer loop
     vertex  3.811163e+02  9.489588e+01 -2.814000e+01
     vertex  3.806351e+02  9.480016e+01 -2.814000e+01
     vertex  3.768500e+02  8.995000e+01 -2.814000e+01
   endloop
 endfacet
 facet normal  0.000000e+00  0.000000e+00  1.000000e+00
   outer loop
     vertex  4.370959e+02  3.891635e+01 -2.814000e+01
     vertex  4.321500e+02  3.465000e+01 -2.814000e+01
     vertex  4.368577e+02  3.796555e+01 -2.814000e+01
   endloop
 endfacet
 facet normal  0.000000e+00  0.000000e+00  1.000000e+00
   outer loop
     vertex  4.370959e+02  3.891635e+01 -2.814000e+01
     vertex  4.370002e+02  3.843510e+01 -2.814000e+01
     vertex  4.370539e+02  3.867455e+01 -2.814000e+01
   endloop
 endfacet
 facet normal  0.000000e+00  0.000000e+00  1.000000e+00
   outer loop
     vertex  4.370959e+02  3.891635e+01 -2.814000e+01
     vertex  4.369347e+02  3.819858e+01 -2.814000e+01
     vertex  4.370002e+02  3.843510e+01 -2.814000e+01
   endloop
 endfacet
 facet normal  0.000000e+00  0.000000e+00  1.000000e+00
   outer loop
     vertex  4.370959e+02  3.891635e+01 -2.814000e+01
     vertex  4.368577e+02  3.796555e+01 -2.814000e+01
     vertex  4.369347e+02  3.819858e+01 -2.814000e+01
   endloop
 endfacet
 facet normal  0.000000e+00  0.000000e+00  1.000000e+00
   outer loop
     vertex  4.371500e+02  3.965000e+01 -2.814000e+01
     vertex  4.321500e+02  3.465000e+01 -2.814000e+01
     vertex  4.370959e+02  3.891635e+01 -2.814000e+01
   endloop
 endfacet
 facet normal  0.000000e+00  0.000000e+00  1.000000e+00
   outer loop
     vertex  4.371500e+02  3.965000e+01 -2.814000e+01
     vertex  4.371259e+02  3.915991e+01 -2.814000e+01
     vertex  4.371440e+02  3.940466e+01 -2.814000e+01
   endloop
 endfacet
 facet normal  0.000000e+00  0.000000e+00  1.000000e+00
   outer loop
     vertex  4.371500e+02  3.965000e+01 -2.814000e+01
     vertex  4.370959e+02  3.891635e+01 -2.814000e+01
     vertex  4.371259e+02  3.915991e+01 -2.814000e+01
   endloop
 endfacet
 facet normal  0.000000e+00  0.000000e+00  1.000000e+00
   outer loop
     vertex  3.818500e+02  9.495000e+01 -2.814000e+01
     vertex  3.813599e+02  9.492592e+01 -2.814000e+01
     vertex  3.811163e+02  9.489588e+01 -2.814000e+01
   endloop
 endfacet
 facet normal  0.000000e+00  0.000000e+00  1.000000e+00
   outer loop
     vertex  3.818500e+02  9.495000e+01 -2.814000e+01
     vertex  3.816047e+02  9.494398e+01 -2.814000e+01
     vertex  3.813599e+02  9.492592e+01 -2.814000e+01
   endloop
 endfacet
 facet normal  0.000000e+00  0.000000e+00  1.000000e+00
   outer loop
     vertex  3.818500e+02  9.495000e+01 -2.814000e+01
     vertex  3.811163e+02  9.489588e+01 -2.814000e+01
     vertex  3.768500e+02  8.995000e+01 -2.814000e+01
   endloop
 endfacet
 facet normal  0.000000e+00  0.000000e+00  1.000000e+00
   outer loop
     vertex  4.321500e+02  9.495000e+01 -2.814000e+01
     vertex  3.768500e+02  8.995000e+01 -2.814000e+01
     vertex  3.768500e+02  3.965000e+01 -2.814000e+01
   endloop
 endfacet
 facet normal  0.000000e+00  0.000000e+00  1.000000e+00
   outer loop
     vertex  4.321500e+02  9.495000e+01 -2.814000e+01
     vertex  3.768500e+02  3.965000e+01 -2.814000e+01
     vertex  4.321500e+02  3.465000e+01 -2.814000e+01
   endloop
 endfacet
 facet normal  0.000000e+00  0.000000e+00  1.000000e+00
   outer loop
     vertex  4.321500e+02  9.495000e+01 -2.814000e+01
     vertex  4.321500e+02  3.465000e+01 -2.814000e+01
     vertex  4.371500e+02  3.965000e+01 -2.814000e+01
   endloop
 endfacet
 facet normal  0.000000e+00  0.000000e+00  1.000000e+00
   outer loop
     vertex  4.321500e+02  9.495000e+01 -2.814000e+01
     vertex  3.818500e+02  9.495000e+01 -2.814000e+01
     vertex  3.768500e+02  8.995000e+01 -2.814000e+01
   endloop
 endfacet
 facet normal  0.000000e+00  0.000000e+00  1.000000e+00
   outer loop
     vertex  4.321500e+02  9.495000e+01 -2.814000e+01
     vertex  4.371500e+02  3.965000e+01 -2.814000e+01
     vertex  4.371500e+02  8.995000e+01 -2.814000e+01
   endloop
 endfacet
 facet normal  0.000000e+00  0.000000e+00  1.000000e+00
   outer loop
     vertex  4.371259e+02  9.044009e+01 -2.814000e+01
     vertex  4.371500e+02  8.995000e+01 -2.814000e+01
     vertex  4.371440e+02  9.019534e+01 -2.814000e+01
   endloop
 endfacet
 facet normal  0.000000e+00  0.000000e+00  1.000000e+00
   outer loop
     vertex  4.328837e+02  9.489588e+01 -2.814000e+01
     vertex  4.326401e+02  9.492592e+01 -2.814000e+01
     vertex  4.323953e+02  9.494398e+01 -2.814000e+01
   endloop
 endfacet
 facet normal  0.000000e+00  0.000000e+00  1.000000e+00
   outer loop
     vertex  4.370539e+02  9.092545e+01 -2.814000e+01
     vertex  4.371259e+02  9.044009e+01 -2.814000e+01
     vertex  4.370959e+02  9.068365e+01 -2.814000e+01
   endloop
 endfacet
 facet normal  0.000000e+00  0.000000e+00  1.000000e+00
   outer loop
     vertex  4.370002e+02  9.116490e+01 -2.814000e+01
     vertex  4.323953e+02  9.494398e+01 -2.814000e+01
     vertex  4.321500e+02  9.495000e+01 -2.814000e+01
   endloop
 endfacet
 facet normal  0.000000e+00  0.000000e+00  1.000000e+00
   outer loop
     vertex  4.370002e+02  9.116490e+01 -2.814000e+01
     vertex  4.321500e+02  9.495000e+01 -2.814000e+01
     vertex  4.371500e+02  8.995000e+01 -2.814000e+01
   endloop
 endfacet
 facet normal  0.000000e+00  0.000000e+00  1.000000e+00
   outer loop
     vertex  4.370002e+02  9.116490e+01 -2.814000e+01
     vertex  4.328837e+02  9.489588e+01 -2.814000e+01
     vertex  4.323953e+02  9.494398e+01 -2.814000e+01
   endloop
 endfacet
 facet normal  0.000000e+00  0.000000e+00  1.000000e+00
   outer loop
     vertex  4.370002e+02  9.116490e+01 -2.814000e+01
     vertex  4.371500e+02  8.995000e+01 -2.814000e+01
     vertex  4.371259e+02  9.044009e+01 -2.814000e+01
   endloop
 endfacet
 facet normal  0.000000e+00  0.000000e+00  1.000000e+00
   outer loop
     vertex  4.370002e+02  9.116490e+01 -2.814000e+01
     vertex  4.371259e+02  9.044009e+01 -2.814000e+01
     vertex  4.370539e+02  9.092545e+01 -2.814000e+01
   endloop
 endfacet
 facet normal  0.000000e+00  0.000000e+00  1.000000e+00
   outer loop
     vertex  4.333649e+02  9.480016e+01 -2.814000e+01
     vertex  4.331255e+02  9.485393e+01 -2.814000e+01
     vertex  4.328837e+02  9.489588e+01 -2.814000e+01
   endloop
 endfacet
 facet normal  0.000000e+00  0.000000e+00  1.000000e+00
   outer loop
     vertex  4.333649e+02  9.480016e+01 -2.814000e+01
     vertex  4.328837e+02  9.489588e+01 -2.814000e+01
     vertex  4.370002e+02  9.116490e+01 -2.814000e+01
   endloop
 endfacet
 facet normal  0.000000e+00  0.000000e+00  1.000000e+00
   outer loop
     vertex  4.368577e+02  9.163445e+01 -2.814000e+01
     vertex  4.370002e+02  9.116490e+01 -2.814000e+01
     vertex  4.369347e+02  9.140142e+01 -2.814000e+01
   endloop
 endfacet
 facet normal  0.000000e+00  0.000000e+00  1.000000e+00
   outer loop
     vertex  4.338344e+02  9.465772e+01 -2.814000e+01
     vertex  4.336014e+02  9.473470e+01 -2.814000e+01
     vertex  4.333649e+02  9.480016e+01 -2.814000e+01
   endloop
 endfacet
 facet normal  0.000000e+00  0.000000e+00  1.000000e+00
   outer loop
     vertex  4.338344e+02  9.465772e+01 -2.814000e+01
     vertex  4.333649e+02  9.480016e+01 -2.814000e+01
     vertex  4.370002e+02  9.116490e+01 -2.814000e+01
   endloop
 endfacet
 facet normal  0.000000e+00  0.000000e+00  1.000000e+00
   outer loop
     vertex  4.338344e+02  9.465772e+01 -2.814000e+01
     vertex  4.370002e+02  9.116490e+01 -2.814000e+01
     vertex  4.368577e+02  9.163445e+01 -2.814000e+01
   endloop
 endfacet
 facet normal  0.000000e+00  0.000000e+00  1.000000e+00
   outer loop
     vertex  4.342878e+02  9.446995e+01 -2.814000e+01
     vertex  4.338344e+02  9.465772e+01 -2.814000e+01
     vertex  4.368577e+02  9.163445e+01 -2.814000e+01
   endloop
 endfacet
 facet normal  0.000000e+00  0.000000e+00  1.000000e+00
   outer loop
     vertex  4.342878e+02  9.446995e+01 -2.814000e+01
     vertex  4.340634e+02  9.456940e+01 -2.814000e+01
     vertex  4.338344e+02  9.465772e+01 -2.814000e+01
   endloop
 endfacet
 facet normal  0.000000e+00  0.000000e+00  1.000000e+00
   outer loop
     vertex  4.342878e+02  9.446995e+01 -2.814000e+01
     vertex  4.368577e+02  9.163445e+01 -2.814000e+01
     vertex  4.367694e+02  9.186342e+01 -2.814000e+01
   endloop
 endfacet
 facet normal  0.000000e+00  0.000000e+00  1.000000e+00
   outer loop
     vertex  4.365596e+02  9.230698e+01 -2.814000e+01
     vertex  4.367694e+02  9.186342e+01 -2.814000e+01
     vertex  4.366699e+02  9.208778e+01 -2.814000e+01
   endloop
 endfacet
 facet normal  0.000000e+00  0.000000e+00  1.000000e+00
   outer loop
     vertex  4.364386e+02  9.252051e+01 -2.814000e+01
     vertex  4.345070e+02  9.435961e+01 -2.814000e+01
     vertex  4.342878e+02  9.446995e+01 -2.814000e+01
   endloop
 endfacet
 facet normal  0.000000e+00  0.000000e+00  1.000000e+00
   outer loop
     vertex  4.364386e+02  9.252051e+01 -2.814000e+01
     vertex  4.342878e+02  9.446995e+01 -2.814000e+01
     vertex  4.367694e+02  9.186342e+01 -2.814000e+01
   endloop
 endfacet
 facet normal  0.000000e+00  0.000000e+00  1.000000e+00
   outer loop
     vertex  4.364386e+02  9.252051e+01 -2.814000e+01
     vertex  4.367694e+02  9.186342e+01 -2.814000e+01
     vertex  4.365596e+02  9.230698e+01 -2.814000e+01
   endloop
 endfacet
 facet normal  0.000000e+00  0.000000e+00  1.000000e+00
   outer loop
     vertex  4.363073e+02  9.272785e+01 -2.814000e+01
     vertex  4.345070e+02  9.435961e+01 -2.814000e+01
     vertex  4.364386e+02  9.252051e+01 -2.814000e+01
   endloop
 endfacet
 facet normal  0.000000e+00  0.000000e+00  1.000000e+00
   outer loop
     vertex  4.361660e+02  9.292850e+01 -2.814000e+01
     vertex  4.347205e+02  9.423864e+01 -2.814000e+01
     vertex  4.345070e+02  9.435961e+01 -2.814000e+01
   endloop
 endfacet
 facet normal  0.000000e+00  0.000000e+00  1.000000e+00
   outer loop
     vertex  4.361660e+02  9.292850e+01 -2.814000e+01
     vertex  4.345070e+02  9.435961e+01 -2.814000e+01
     vertex  4.363073e+02  9.272785e+01 -2.814000e+01
   endloop
 endfacet
 facet normal  0.000000e+00  0.000000e+00  1.000000e+00
   outer loop
     vertex  4.360151e+02  9.312197e+01 -2.814000e+01
     vertex  4.349279e+02  9.410735e+01 -2.814000e+01
     vertex  4.347205e+02  9.423864e+01 -2.814000e+01
   endloop
 endfacet
 facet normal  0.000000e+00  0.000000e+00  1.000000e+00
   outer loop
     vertex  4.360151e+02  9.312197e+01 -2.814000e+01
     vertex  4.347205e+02  9.423864e+01 -2.814000e+01
     vertex  4.361660e+02  9.292850e+01 -2.814000e+01
   endloop
 endfacet
 facet normal  0.000000e+00  0.000000e+00  1.000000e+00
   outer loop
     vertex  4.360151e+02  9.312197e+01 -2.814000e+01
     vertex  4.351285e+02  9.396604e+01 -2.814000e+01
     vertex  4.349279e+02  9.410735e+01 -2.814000e+01
   endloop
 endfacet
 facet normal  0.000000e+00  0.000000e+00  1.000000e+00
   outer loop
     vertex  4.355078e+02  9.365476e+01 -2.814000e+01
     vertex  4.351285e+02  9.396604e+01 -2.814000e+01
     vertex  4.360151e+02  9.312197e+01 -2.814000e+01
   endloop
 endfacet
 facet normal  0.000000e+00  0.000000e+00  1.000000e+00
   outer loop
     vertex  4.355078e+02  9.365476e+01 -2.814000e+01
     vertex  4.360151e+02  9.312197e+01 -2.814000e+01
     vertex  4.358548e+02  9.330779e+01 -2.814000e+01
   endloop
 endfacet
 facet normal  0.000000e+00  0.000000e+00  1.000000e+00
   outer loop
     vertex  4.355078e+02  9.365476e+01 -2.814000e+01
     vertex  4.353220e+02  9.381505e+01 -2.814000e+01
     vertex  4.351285e+02  9.396604e+01 -2.814000e+01
   endloop
 endfacet
 facet normal  0.000000e+00  0.000000e+00  1.000000e+00
   outer loop
     vertex  4.356855e+02  9.348553e+01 -2.814000e+01
     vertex  4.355078e+02  9.365476e+01 -2.814000e+01
     vertex  4.358548e+02  9.330779e+01 -2.814000e+01
   endloop
 endfacet
 facet normal -9.997172e-01 -2.378273e-02  0.000000e+00
   outer loop
     vertex  3.768557e+02  3.941224e+01 -2.814000e+01
     vertex  3.768500e+02  3.965000e+01 -2.814000e+01
     vertex  3.768500e+02  3.965000e+01 -3.814000e+01
   endloop
 endfacet
 facet normal -9.996988e-01 -2.454123e-02 -1.804452e-05
   outer loop
     vertex  3.768557e+02  3.941224e+01 -2.814000e+01
     vertex  3.768500e+02  3.965000e+01 -3.814000e+01
     vertex  3.768560e+02  3.940466e+01 -3.814000e+01
   endloop
 endfacet
 facet normal -9.972905e-01 -7.356456e-02 -3.493803e-05
   outer loop
     vertex  3.768726e+02  3.917502e+01 -2.814000e+01
     vertex  3.768560e+02  3.940466e+01 -3.814000e+01
     vertex  3.768741e+02  3.915991e+01 -3.814000e+01
   endloop
 endfacet
 facet normal -9.974553e-01 -7.129437e-02  1.746902e-05
   outer loop
     vertex  3.768726e+02  3.917502e+01 -2.814000e+01
     vertex  3.768557e+02  3.941224e+01 -2.814000e+01
     vertex  3.768560e+02  3.940466e+01 -3.814000e+01
   endloop
 endfacet
 facet normal -9.924795e-01 -1.224107e-01 -5.068048e-05
   outer loop
     vertex  3.769008e+02  3.893887e+01 -2.814000e+01
     vertex  3.768741e+02  3.915991e+01 -3.814000e+01
     vertex  3.769041e+02  3.891635e+01 -3.814000e+01
   endloop
 endfacet
 facet normal -9.929368e-01 -1.186447e-01  3.378700e-05
   outer loop
     vertex  3.769008e+02  3.893887e+01 -2.814000e+01
     vertex  3.768726e+02  3.917502e+01 -2.814000e+01
     vertex  3.768741e+02  3.915991e+01 -3.814000e+01
   endloop
 endfacet
 facet normal -9.852776e-01 -1.709619e-01 -6.527183e-05
   outer loop
     vertex  3.769402e+02  3.870433e+01 -2.814000e+01
     vertex  3.769041e+02  3.891635e+01 -3.814000e+01
     vertex  3.769461e+02  3.867455e+01 -3.814000e+01
   endloop
 endfacet
 facet normal -9.861717e-01 -1.657266e-01  4.895391e-05
   outer loop
     vertex  3.769402e+02  3.870433e+01 -2.814000e+01
     vertex  3.769008e+02  3.893887e+01 -2.814000e+01
     vertex  3.769041e+02  3.891635e+01 -3.814000e+01
   endloop
 endfacet
 facet normal -9.757021e-01 -2.191012e-01 -7.871206e-05
   outer loop
     vertex  3.769908e+02  3.847193e+01 -2.814000e+01
     vertex  3.769461e+02  3.867455e+01 -3.814000e+01
     vertex  3.769998e+02  3.843510e+01 -3.814000e+01
   endloop
 endfacet
 facet normal -9.771755e-01 -2.124336e-01  6.296970e-05
   outer loop
     vertex  3.769908e+02  3.847193e+01 -2.814000e+01
     vertex  3.769402e+02  3.870433e+01 -2.814000e+01
     vertex  3.769461e+02  3.867455e+01 -3.814000e+01
   endloop
 endfacet
 facet normal -9.637761e-01 -2.667128e-01 -9.100113e-05
   outer loop
     vertex  3.770523e+02  3.824220e+01 -2.814000e+01
     vertex  3.769998e+02  3.843510e+01 -3.814000e+01
     vertex  3.770653e+02  3.819858e+01 -3.814000e+01
   endloop
 endfacet
 facet normal -9.659684e-01 -2.586599e-01  7.583435e-05
   outer loop
     vertex  3.770523e+02  3.824220e+01 -2.814000e+01
     vertex  3.769908e+02  3.847193e+01 -2.814000e+01
     vertex  3.769998e+02  3.843510e+01 -3.814000e+01
   endloop
 endfacet
 facet normal -9.495282e-01 -3.136817e-01 -1.021390e-04
   outer loop
     vertex  3.771247e+02  3.801565e+01 -2.814000e+01
     vertex  3.770653e+02  3.819858e+01 -3.814000e+01
     vertex  3.771423e+02  3.796555e+01 -3.814000e+01
   endloop
 endfacet
 facet normal -9.525759e-01 -3.043010e-01  8.754783e-05
   outer loop
     vertex  3.771247e+02  3.801565e+01 -2.814000e+01
     vertex  3.770523e+02  3.824220e+01 -2.814000e+01
     vertex  3.770653e+02  3.819858e+01 -3.814000e+01
   endloop
 endfacet
 facet normal -9.367262e-01 -3.500628e-01  1.026960e-04
   outer loop
     vertex  3.772077e+02  3.779280e+01 -3.014000e+01
     vertex  3.771247e+02  3.801565e+01 -2.814000e+01
     vertex  3.771423e+02  3.796555e+01 -3.814000e+01
   endloop
 endfacet
 facet normal -9.329928e-01 -3.598950e-01 -1.401571e-04
   outer loop
     vertex  3.772077e+02  3.779280e+01 -3.014000e+01
     vertex  3.771423e+02  3.796555e+01 -3.814000e+01
     vertex  3.772306e+02  3.773658e+01 -3.814000e+01
   endloop
 endfacet
 facet normal -9.370282e-01 -3.492537e-01  4.854377e-13
   outer loop
     vertex  3.772077e+02  3.779280e+01 -2.814000e+01
     vertex  3.771247e+02  3.801565e+01 -2.814000e+01
     vertex  3.772077e+02  3.779280e+01 -3.014000e+01
   endloop
 endfacet
 facet normal -9.142097e-01 -4.052413e-01 -1.508047e-04
   outer loop
     vertex  3.773014e+02  3.757389e+01 -3.014000e+01
     vertex  3.772306e+02  3.773658e+01 -3.814000e+01
     vertex  3.773301e+02  3.751222e+01 -3.814000e+01
   endloop
 endfacet
 facet normal -9.193490e-01 -3.934429e-01  1.346220e-04
   outer loop
     vertex  3.773014e+02  3.757389e+01 -3.014000e+01
     vertex  3.772077e+02  3.779280e+01 -3.014000e+01
     vertex  3.772306e+02  3.773658e+01 -3.814000e+01
   endloop
 endfacet
 facet normal -8.995747e-01 -4.367670e-01  1.446042e-04
   outer loop
     vertex  3.774054e+02  3.735968e+01 -3.014000e+01
     vertex  3.773014e+02  3.757389e+01 -3.014000e+01
     vertex  3.773301e+02  3.751222e+01 -3.814000e+01
   endloop
 endfacet
 facet normal -8.932243e-01 -4.496113e-01 -1.601215e-04
   outer loop
     vertex  3.774054e+02  3.735968e+01 -3.014000e+01
     vertex  3.773301e+02  3.751222e+01 -3.814000e+01
     vertex  3.774404e+02  3.729302e+01 -3.814000e+01
   endloop
 endfacet
 facet normal -8.700870e-01 -4.928982e-01 -1.681073e-04
   outer loop
     vertex  3.775195e+02  3.715067e+01 -3.014000e+01
     vertex  3.774404e+02  3.729302e+01 -3.814000e+01
     vertex  3.775614e+02  3.707949e+01 -3.814000e+01
   endloop
 endfacet
 facet normal -8.777600e-01 -4.791005e-01  1.532554e-04
   outer loop
     vertex  3.775195e+02  3.715067e+01 -3.014000e+01
     vertex  3.774054e+02  3.735968e+01 -3.014000e+01
     vertex  3.774404e+02  3.729302e+01 -3.814000e+01
   endloop
 endfacet
 facet normal -8.448536e-01 -5.349976e-01 -1.747621e-04
   outer loop
     vertex  3.776434e+02  3.694733e+01 -3.014000e+01
     vertex  3.775614e+02  3.707949e+01 -3.814000e+01
     vertex  3.776927e+02  3.687215e+01 -3.814000e+01
   endloop
 endfacet
 facet normal -8.539546e-01 -5.203474e-01  1.605758e-04
   outer loop
     vertex  3.776434e+02  3.694733e+01 -3.014000e+01
     vertex  3.775195e+02  3.715067e+01 -3.014000e+01
     vertex  3.775614e+02  3.707949e+01 -3.814000e+01
   endloop
 endfacet
 facet normal -8.175848e-01 -5.758082e-01 -1.800860e-04
   outer loop
     vertex  3.777768e+02  3.675012e+01 -3.014000e+01
     vertex  3.776927e+02  3.687215e+01 -3.814000e+01
     vertex  3.778340e+02  3.667150e+01 -3.814000e+01
   endloop
 endfacet
 facet normal -8.282125e-01 -5.604142e-01  1.665652e-04
   outer loop
     vertex  3.777768e+02  3.675012e+01 -3.014000e+01
     vertex  3.776434e+02  3.694733e+01 -3.014000e+01
     vertex  3.776927e+02  3.687215e+01 -3.814000e+01
   endloop
 endfacet
 facet normal -7.883464e-01 -6.152316e-01 -1.840790e-04
   outer loop
     vertex  3.779195e+02  3.655948e+01 -3.014000e+01
     vertex  3.778340e+02  3.667150e+01 -3.814000e+01
     vertex  3.779849e+02  3.647803e+01 -3.814000e+01
   endloop
 endfacet
 facet normal -8.005919e-01 -5.992100e-01  1.712236e-04
   outer loop
     vertex  3.779195e+02  3.655948e+01 -3.014000e+01
     vertex  3.777768e+02  3.675012e+01 -3.014000e+01
     vertex  3.778340e+02  3.667150e+01 -3.814000e+01
   endloop
 endfacet
 facet normal -7.572088e-01 -6.531728e-01 -1.867410e-04
   outer loop
     vertex  3.780711e+02  3.637586e+01 -3.014000e+01
     vertex  3.779849e+02  3.647803e+01 -3.814000e+01
     vertex  3.781452e+02  3.629221e+01 -3.814000e+01
   endloop
 endfacet
 facet normal -7.711556e-01 -6.366467e-01  1.745510e-04
   outer loop
     vertex  3.780711e+02  3.637586e+01 -3.014000e+01
     vertex  3.779195e+02  3.655948e+01 -3.014000e+01
     vertex  3.779849e+02  3.647803e+01 -3.814000e+01
   endloop
 endfacet
 facet normal -7.242471e-01 -6.895405e-01 -1.880719e-04
   outer loop
     vertex  3.782313e+02  3.619966e+01 -3.014000e+01
     vertex  3.781452e+02  3.629221e+01 -3.814000e+01
     vertex  3.783145e+02  3.611447e+01 -3.814000e+01
   endloop
 endfacet
 facet normal -7.399703e-01 -6.726395e-01  1.765475e-04
   outer loop
     vertex  3.782313e+02  3.619966e+01 -3.014000e+01
     vertex  3.780711e+02  3.637586e+01 -3.014000e+01
     vertex  3.781452e+02  3.629221e+01 -3.814000e+01
   endloop
 endfacet
 facet normal -6.895405e-01 -7.242471e-01 -1.880719e-04
   outer loop
     vertex  3.783997e+02  3.603128e+01 -3.014000e+01
     vertex  3.783145e+02  3.611447e+01 -3.814000e+01
     vertex  3.784922e+02  3.594524e+01 -3.814000e+01
   endloop
 endfacet
 facet normal -7.071068e-01 -7.071068e-01  1.772130e-04
   outer loop
     vertex  3.783997e+02  3.603128e+01 -3.014000e+01
     vertex  3.782313e+02  3.619966e+01 -3.014000e+01
     vertex  3.783145e+02  3.611447e+01 -3.814000e+01
   endloop
 endfacet
 facet normal -6.531728e-01 -7.572088e-01 -1.867410e-04
   outer loop
     vertex  3.785759e+02  3.587111e+01 -3.014000e+01
     vertex  3.784922e+02  3.594524e+01 -3.814000e+01
     vertex  3.786780e+02  3.578495e+01 -3.814000e+01
   endloop
 endfacet
 facet normal -6.726395e-01 -7.399703e-01  1.765475e-04
   outer loop
     vertex  3.785759e+02  3.587111e+01 -3.014000e+01
     vertex  3.783997e+02  3.603128e+01 -3.014000e+01
     vertex  3.784922e+02  3.594524e+01 -3.814000e+01
   endloop
 endfacet
 facet normal -6.152316e-01 -7.883464e-01 -1.840790e-04
   outer loop
     vertex  3.787595e+02  3.571952e+01 -3.014000e+01
     vertex  3.786780e+02  3.578495e+01 -3.814000e+01
     vertex  3.788715e+02  3.563396e+01 -3.814000e+01
   endloop
 endfacet
 facet normal -6.366467e-01 -7.711556e-01  1.745510e-04
   outer loop
     vertex  3.787595e+02  3.571952e+01 -3.014000e+01
     vertex  3.785759e+02  3.587111e+01 -3.014000e+01
     vertex  3.786780e+02  3.578495e+01 -3.814000e+01
   endloop
 endfacet
 facet normal -5.758082e-01 -8.175848e-01 -1.800860e-04
   outer loop
     vertex  3.789501e+02  3.557683e+01 -3.014000e+01
     vertex  3.788715e+02  3.563396e+01 -3.814000e+01
     vertex  3.790721e+02  3.549265e+01 -3.814000e+01
   endloop
 endfacet
 facet normal -5.992100e-01 -8.005919e-01  1.712236e-04
   outer loop
     vertex  3.789501e+02  3.557683e+01 -3.014000e+01
     vertex  3.787595e+02  3.571952e+01 -3.014000e+01
     vertex  3.788715e+02  3.563396e+01 -3.814000e+01
   endloop
 endfacet
 facet normal -5.349976e-01 -8.448536e-01 -1.747621e-04
   outer loop
     vertex  3.791473e+02  3.544339e+01 -3.014000e+01
     vertex  3.790721e+02  3.549265e+01 -3.814000e+01
     vertex  3.792795e+02  3.536136e+01 -3.814000e+01
   endloop
 endfacet
 facet normal -5.604142e-01 -8.282125e-01  1.665652e-04
   outer loop
     vertex  3.791473e+02  3.544339e+01 -3.014000e+01
     vertex  3.789501e+02  3.557683e+01 -3.014000e+01
     vertex  3.790721e+02  3.549265e+01 -3.814000e+01
   endloop
 endfacet
 facet normal -4.928982e-01 -8.700870e-01 -1.681073e-04
   outer loop
     vertex  3.793507e+02  3.531949e+01 -3.014000e+01
     vertex  3.792795e+02  3.536136e+01 -3.814000e+01
     vertex  3.794930e+02  3.524039e+01 -3.814000e+01
   endloop
 endfacet
 facet normal -5.203474e-01 -8.539546e-01  1.605758e-04
   outer loop
     vertex  3.793507e+02  3.531949e+01 -3.014000e+01
     vertex  3.791473e+02  3.544339e+01 -3.014000e+01
     vertex  3.792795e+02  3.536136e+01 -3.814000e+01
   endloop
 endfacet
 facet normal -4.496113e-01 -8.932243e-01 -1.601215e-04
   outer loop
     vertex  3.795597e+02  3.520540e+01 -3.014000e+01
     vertex  3.794930e+02  3.524039e+01 -3.814000e+01
     vertex  3.797122e+02  3.513005e+01 -3.814000e+01
   endloop
 endfacet
 facet normal -4.791005e-01 -8.777600e-01  1.532554e-04
   outer loop
     vertex  3.795597e+02  3.520540e+01 -3.014000e+01
     vertex  3.793507e+02  3.531949e+01 -3.014000e+01
     vertex  3.794930e+02  3.524039e+01 -3.814000e+01
   endloop
 endfacet
 facet normal -4.052413e-01 -9.142097e-01 -1.508047e-04
   outer loop
     vertex  3.797739e+02  3.510140e+01 -3.014000e+01
     vertex  3.797122e+02  3.513005e+01 -3.814000e+01
     vertex  3.799366e+02  3.503060e+01 -3.814000e+01
   endloop
 endfacet
 facet normal -4.367670e-01 -8.995747e-01  1.446042e-04
   outer loop
     vertex  3.797739e+02  3.510140e+01 -3.014000e+01
     vertex  3.795597e+02  3.520540e+01 -3.014000e+01
     vertex  3.797122e+02  3.513005e+01 -3.814000e+01
   endloop
 endfacet
 facet normal -3.598950e-01 -9.329928e-01 -1.401571e-04
   outer loop
     vertex  3.799928e+02  3.500772e+01 -3.014000e+01
     vertex  3.799366e+02  3.503060e+01 -3.814000e+01
     vertex  3.801656e+02  3.494228e+01 -3.814000e+01
   endloop
 endfacet
 facet normal -3.934429e-01 -9.193490e-01  1.346220e-04
   outer loop
     vertex  3.799928e+02  3.500772e+01 -3.014000e+01
     vertex  3.797739e+02  3.510140e+01 -3.014000e+01
     vertex  3.799366e+02  3.503060e+01 -3.814000e+01
   endloop
 endfacet
 facet normal -3.136817e-01 -9.495282e-01 -1.021390e-04
   outer loop
     vertex  3.802157e+02  3.492465e+01 -2.814000e+01
     vertex  3.801656e+02  3.494228e+01 -3.814000e+01
     vertex  3.803986e+02  3.486530e+01 -3.814000e+01
   endloop
 endfacet
 facet normal -3.492537e-01 -9.370282e-01  4.787813e-13
   outer loop
     vertex  3.802157e+02  3.492465e+01 -2.814000e+01
     vertex  3.799928e+02  3.500772e+01 -2.814000e+01
     vertex  3.799928e+02  3.500772e+01 -3.014000e+01
   endloop
 endfacet
 facet normal -3.500628e-01 -9.367262e-01  1.026960e-04
   outer loop
     vertex  3.802157e+02  3.492465e+01 -2.814000e+01
     vertex  3.799928e+02  3.500772e+01 -3.014000e+01
     vertex  3.801656e+02  3.494228e+01 -3.814000e+01
   endloop
 endfacet
 facet normal -2.667128e-01 -9.637761e-01 -9.100113e-05
   outer loop
     vertex  3.804422e+02  3.485228e+01 -2.814000e+01
     vertex  3.803986e+02  3.486530e+01 -3.814000e+01
     vertex  3.806351e+02  3.479984e+01 -3.814000e+01
   endloop
 endfacet
 facet normal -3.043010e-01 -9.525759e-01  8.754783e-05
   outer loop
     vertex  3.804422e+02  3.485228e+01 -2.814000e+01
     vertex  3.802157e+02  3.492465e+01 -2.814000e+01
     vertex  3.803986e+02  3.486530e+01 -3.814000e+01
   endloop
 endfacet
 facet normal -2.191012e-01 -9.757021e-01 -7.871206e-05
   outer loop
     vertex  3.806719e+02  3.479077e+01 -2.814000e+01
     vertex  3.806351e+02  3.479984e+01 -3.814000e+01
     vertex  3.808745e+02  3.474607e+01 -3.814000e+01
   endloop
 endfacet
 facet normal -2.586599e-01 -9.659684e-01  7.583435e-05
   outer loop
     vertex  3.806719e+02  3.479077e+01 -2.814000e+01
     vertex  3.804422e+02  3.485228e+01 -2.814000e+01
     vertex  3.806351e+02  3.479984e+01 -3.814000e+01
   endloop
 endfacet
 facet normal -1.709619e-01 -9.852776e-01 -6.527183e-05
   outer loop
     vertex  3.809043e+02  3.474024e+01 -2.814000e+01
     vertex  3.808745e+02  3.474607e+01 -3.814000e+01
     vertex  3.811163e+02  3.470412e+01 -3.814000e+01
   endloop
 endfacet
 facet normal -2.124336e-01 -9.771755e-01  6.296970e-05
   outer loop
     vertex  3.809043e+02  3.474024e+01 -2.814000e+01
     vertex  3.806719e+02  3.479077e+01 -2.814000e+01
     vertex  3.808745e+02  3.474607e+01 -3.814000e+01
   endloop
 endfacet
 facet normal -1.224107e-01 -9.924795e-01 -5.068048e-05
   outer loop
     vertex  3.811389e+02  3.470083e+01 -2.814000e+01
     vertex  3.811163e+02  3.470412e+01 -3.814000e+01
     vertex  3.813599e+02  3.467408e+01 -3.814000e+01
   endloop
 endfacet
 facet normal -1.657266e-01 -9.861717e-01  4.895391e-05
   outer loop
     vertex  3.811389e+02  3.470083e+01 -2.814000e+01
     vertex  3.809043e+02  3.474024e+01 -2.814000e+01
     vertex  3.811163e+02  3.470412e+01 -3.814000e+01
   endloop
 endfacet
 facet normal -7.356456e-02 -9.972905e-01 -3.493803e-05
   outer loop
     vertex  3.813750e+02  3.467261e+01 -2.814000e+01
     vertex  3.813599e+02  3.467408e+01 -3.814000e+01
     vertex  3.816047e+02  3.465602e+01 -3.814000e+01
   endloop
 endfacet
 facet normal -1.186447e-01 -9.929368e-01  3.378700e-05
   outer loop
     vertex  3.813750e+02  3.467261e+01 -2.814000e+01
     vertex  3.811389e+02  3.470083e+01 -2.814000e+01
     vertex  3.813599e+02  3.467408e+01 -3.814000e+01
   endloop
 endfacet
 facet normal -7.129437e-02 -9.974553e-01  1.746902e-05
   outer loop
     vertex  3.816122e+02  3.465566e+01 -2.814000e+01
     vertex  3.813750e+02  3.467261e+01 -2.814000e+01
     vertex  3.816047e+02  3.465602e+01 -3.814000e+01
   endloop
 endfacet
 facet normal -2.454123e-02 -9.996988e-01 -1.804452e-05
   outer loop
     vertex  3.816122e+02  3.465566e+01 -2.814000e+01
     vertex  3.816047e+02  3.465602e+01 -3.814000e+01
     vertex  3.818500e+02  3.465000e+01 -3.814000e+01
   endloop
 endfacet
 facet normal -2.378273e-02 -9.997172e-01 -0.000000e+00
   outer loop
     vertex  3.818500e+02  3.465000e+01 -2.814000e+01
     vertex  3.816122e+02  3.465566e+01 -2.814000e+01
     vertex  3.818500e+02  3.465000e+01 -3.814000e+01
   endloop
 endfacet
 facet normal -9.996988e-01  2.454123e-02  0.000000e+00
   outer loop
     vertex  3.768560e+02  9.019534e+01 -2.814000e+01
     vertex  3.768560e+02  9.019534e+01 -3.814000e+01
     vertex  3.768500e+02  8.995000e+01 -3.814000e+01
   endloop
 endfacet
 facet normal -9.996988e-01  2.454123e-02  0.000000e+00
   outer loop
     vertex  3.768560e+02  9.019534e+01 -2.814000e+01
     vertex  3.768500e+02  8.995000e+01 -3.814000e+01
     vertex  3.768500e+02  8.995000e+01 -2.814000e+01
   endloop
 endfacet
 facet normal -9.972905e-01  7.356456e-02  0.000000e+00
   outer loop
     vertex  3.768741e+02  9.044009e+01 -2.814000e+01
     vertex  3.768741e+02  9.044009e+01 -3.814000e+01
     vertex  3.768560e+02  9.019534e+01 -3.814000e+01
   endloop
 endfacet
 facet normal -9.924795e-01  1.224107e-01  0.000000e+00
   outer loop
     vertex  3.768741e+02  9.044009e+01 -2.814000e+01
     vertex  3.769041e+02  9.068365e+01 -3.814000e+01
     vertex  3.768741e+02  9.044009e+01 -3.814000e+01
   endloop
 endfacet
 facet normal -9.972905e-01  7.356456e-02  0.000000e+00
   outer loop
     vertex  3.768741e+02  9.044009e+01 -2.814000e+01
     vertex  3.768560e+02  9.019534e+01 -3.814000e+01
     vertex  3.768560e+02  9.019534e+01 -2.814000e+01
   endloop
 endfacet
 facet normal -9.924795e-01  1.224107e-01  0.000000e+00
   outer loop
     vertex  3.769041e+02  9.068365e+01 -2.814000e+01
     vertex  3.769041e+02  9.068365e+01 -3.814000e+01
     vertex  3.768741e+02  9.044009e+01 -2.814000e+01
   endloop
 endfacet
 facet normal -9.852776e-01  1.709619e-01  0.000000e+00
   outer loop
     vertex  3.769461e+02  9.092545e+01 -2.814000e+01
     vertex  3.769461e+02  9.092545e+01 -3.814000e+01
     vertex  3.769041e+02  9.068365e+01 -3.814000e+01
   endloop
 endfacet
 facet normal -9.852776e-01  1.709619e-01  0.000000e+00
   outer loop
     vertex  3.769461e+02  9.092545e+01 -2.814000e+01
     vertex  3.769041e+02  9.068365e+01 -3.814000e+01
     vertex  3.769041e+02  9.068365e+01 -2.814000e+01
   endloop
 endfacet
 facet normal -9.757021e-01  2.191012e-01  0.000000e+00
   outer loop
     vertex  3.769998e+02  9.116490e+01 -2.814000e+01
     vertex  3.769998e+02  9.116490e+01 -3.814000e+01
     vertex  3.769461e+02  9.092545e+01 -3.814000e+01
   endloop
 endfacet
 facet normal -9.637761e-01  2.667128e-01  0.000000e+00
   outer loop
     vertex  3.769998e+02  9.116490e+01 -2.814000e+01
     vertex  3.770653e+02  9.140142e+01 -3.814000e+01
     vertex  3.769998e+02  9.116490e+01 -3.814000e+01
   endloop
 endfacet
 facet normal -9.757021e-01  2.191012e-01  0.000000e+00
   outer loop
     vertex  3.769998e+02  9.116490e+01 -2.814000e+01
     vertex  3.769461e+02  9.092545e+01 -3.814000e+01
     vertex  3.769461e+02  9.092545e+01 -2.814000e+01
   endloop
 endfacet
 facet normal -9.637761e-01  2.667128e-01  0.000000e+00
   outer loop
     vertex  3.770653e+02  9.140142e+01 -2.814000e+01
     vertex  3.770653e+02  9.140142e+01 -3.814000e+01
     vertex  3.769998e+02  9.116490e+01 -2.814000e+01
   endloop
 endfacet
 facet normal -9.495282e-01  3.136817e-01  0.000000e+00
   outer loop
     vertex  3.771423e+02  9.163445e+01 -2.814000e+01
     vertex  3.771423e+02  9.163445e+01 -3.814000e+01
     vertex  3.770653e+02  9.140142e+01 -3.814000e+01
   endloop
 endfacet
 facet normal -9.495282e-01  3.136817e-01  0.000000e+00
   outer loop
     vertex  3.771423e+02  9.163445e+01 -2.814000e+01
     vertex  3.770653e+02  9.140142e+01 -3.814000e+01
     vertex  3.770653e+02  9.140142e+01 -2.814000e+01
   endloop
 endfacet
 facet normal -9.329928e-01  3.598950e-01  0.000000e+00
   outer loop
     vertex  3.772306e+02  9.186342e+01 -2.814000e+01
     vertex  3.772306e+02  9.186342e+01 -3.814000e+01
     vertex  3.771423e+02  9.163445e+01 -3.814000e+01
   endloop
 endfacet
 facet normal -9.142098e-01  4.052413e-01  0.000000e+00
   outer loop
     vertex  3.772306e+02  9.186342e+01 -2.814000e+01
     vertex  3.773301e+02  9.208778e+01 -3.814000e+01
     vertex  3.772306e+02  9.186342e+01 -3.814000e+01
   endloop
 endfacet
 facet normal -9.329928e-01  3.598950e-01  0.000000e+00
   outer loop
     vertex  3.772306e+02  9.186342e+01 -2.814000e+01
     vertex  3.771423e+02  9.163445e+01 -3.814000e+01
     vertex  3.771423e+02  9.163445e+01 -2.814000e+01
   endloop
 endfacet
 facet normal -9.142098e-01  4.052413e-01  0.000000e+00
   outer loop
     vertex  3.773301e+02  9.208778e+01 -2.814000e+01
     vertex  3.773301e+02  9.208778e+01 -3.814000e+01
     vertex  3.772306e+02  9.186342e+01 -2.814000e+01
   endloop
 endfacet
 facet normal -8.932243e-01  4.496113e-01  0.000000e+00
   outer loop
     vertex  3.774404e+02  9.230698e+01 -2.814000e+01
     vertex  3.774404e+02  9.230698e+01 -3.814000e+01
     vertex  3.773301e+02  9.208778e+01 -3.814000e+01
   endloop
 endfacet
 facet normal -8.932243e-01  4.496113e-01  0.000000e+00
   outer loop
     vertex  3.774404e+02  9.230698e+01 -2.814000e+01
     vertex  3.773301e+02  9.208778e+01 -3.814000e+01
     vertex  3.773301e+02  9.208778e+01 -2.814000e+01
   endloop
 endfacet
 facet normal -8.700870e-01  4.928982e-01  0.000000e+00
   outer loop
     vertex  3.775614e+02  9.252051e+01 -2.814000e+01
     vertex  3.775614e+02  9.252051e+01 -3.814000e+01
     vertex  3.774404e+02  9.230698e+01 -3.814000e+01
   endloop
 endfacet
 facet normal -8.700870e-01  4.928982e-01  0.000000e+00
   outer loop
     vertex  3.775614e+02  9.252051e+01 -2.814000e+01
     vertex  3.774404e+02  9.230698e+01 -3.814000e+01
     vertex  3.774404e+02  9.230698e+01 -2.814000e+01
   endloop
 endfacet
 facet normal -8.448536e-01  5.349976e-01  0.000000e+00
   outer loop
     vertex  3.776927e+02  9.272785e+01 -2.814000e+01
     vertex  3.776927e+02  9.272785e+01 -3.814000e+01
     vertex  3.775614e+02  9.252051e+01 -3.814000e+01
   endloop
 endfacet
 facet normal -8.448536e-01  5.349976e-01  0.000000e+00
   outer loop
     vertex  3.776927e+02  9.272785e+01 -2.814000e+01
     vertex  3.775614e+02  9.252051e+01 -3.814000e+01
     vertex  3.775614e+02  9.252051e+01 -2.814000e+01
   endloop
 endfacet
 facet normal -8.175848e-01  5.758082e-01  0.000000e+00
   outer loop
     vertex  3.778340e+02  9.292850e+01 -2.814000e+01
     vertex  3.778340e+02  9.292850e+01 -3.814000e+01
     vertex  3.776927e+02  9.272785e+01 -3.814000e+01
   endloop
 endfacet
 facet normal -7.883464e-01  6.152316e-01  0.000000e+00
   outer loop
     vertex  3.778340e+02  9.292850e+01 -2.814000e+01
     vertex  3.779849e+02  9.312197e+01 -3.814000e+01
     vertex  3.778340e+02  9.292850e+01 -3.814000e+01
   endloop
 endfacet
 facet normal -8.175848e-01  5.758082e-01  0.000000e+00
   outer loop
     vertex  3.778340e+02  9.292850e+01 -2.814000e+01
     vertex  3.776927e+02  9.272785e+01 -3.814000e+01
     vertex  3.776927e+02  9.272785e+01 -2.814000e+01
   endloop
 endfacet
 facet normal -7.883464e-01  6.152316e-01  0.000000e+00
   outer loop
     vertex  3.779849e+02  9.312197e+01 -2.814000e+01
     vertex  3.779849e+02  9.312197e+01 -3.814000e+01
     vertex  3.778340e+02  9.292850e+01 -2.814000e+01
   endloop
 endfacet
 facet normal -7.572088e-01  6.531728e-01  0.000000e+00
   outer loop
     vertex  3.781452e+02  9.330779e+01 -2.814000e+01
     vertex  3.781452e+02  9.330779e+01 -3.814000e+01
     vertex  3.779849e+02  9.312197e+01 -3.814000e+01
   endloop
 endfacet
 facet normal -7.572088e-01  6.531728e-01  0.000000e+00
   outer loop
     vertex  3.781452e+02  9.330779e+01 -2.814000e+01
     vertex  3.779849e+02  9.312197e+01 -3.814000e+01
     vertex  3.779849e+02  9.312197e+01 -2.814000e+01
   endloop
 endfacet
 facet normal -7.242471e-01  6.895405e-01  0.000000e+00
   outer loop
     vertex  3.783145e+02  9.348553e+01 -2.814000e+01
     vertex  3.783145e+02  9.348553e+01 -3.814000e+01
     vertex  3.781452e+02  9.330779e+01 -3.814000e+01
   endloop
 endfacet
 facet normal -7.242471e-01  6.895405e-01  0.000000e+00
   outer loop
     vertex  3.783145e+02  9.348553e+01 -2.814000e+01
     vertex  3.781452e+02  9.330779e+01 -3.814000e+01
     vertex  3.781452e+02  9.330779e+01 -2.814000e+01
   endloop
 endfacet
 facet normal -6.895405e-01  7.242471e-01  0.000000e+00
   outer loop
     vertex  3.784922e+02  9.365476e+01 -2.814000e+01
     vertex  3.784922e+02  9.365476e+01 -3.814000e+01
     vertex  3.783145e+02  9.348553e+01 -3.814000e+01
   endloop
 endfacet
 facet normal -6.895405e-01  7.242471e-01  0.000000e+00
   outer loop
     vertex  3.784922e+02  9.365476e+01 -2.814000e+01
     vertex  3.783145e+02  9.348553e+01 -3.814000e+01
     vertex  3.783145e+02  9.348553e+01 -2.814000e+01
   endloop
 endfacet
 facet normal -6.531728e-01  7.572088e-01  0.000000e+00
   outer loop
     vertex  3.786780e+02  9.381505e+01 -2.814000e+01
     vertex  3.786780e+02  9.381505e+01 -3.814000e+01
     vertex  3.784922e+02  9.365476e+01 -3.814000e+01
   endloop
 endfacet
 facet normal -6.531728e-01  7.572088e-01  0.000000e+00
   outer loop
     vertex  3.786780e+02  9.381505e+01 -2.814000e+01
     vertex  3.784922e+02  9.365476e+01 -3.814000e+01
     vertex  3.784922e+02  9.365476e+01 -2.814000e+01
   endloop
 endfacet
 facet normal -6.152316e-01  7.883464e-01  0.000000e+00
   outer loop
     vertex  3.788715e+02  9.396604e+01 -2.814000e+01
     vertex  3.788715e+02  9.396604e+01 -3.814000e+01
     vertex  3.786780e+02  9.381505e+01 -3.814000e+01
   endloop
 endfacet
 facet normal -5.758082e-01  8.175848e-01  0.000000e+00
   outer loop
     vertex  3.788715e+02  9.396604e+01 -2.814000e+01
     vertex  3.790721e+02  9.410735e+01 -3.814000e+01
     vertex  3.788715e+02  9.396604e+01 -3.814000e+01
   endloop
 endfacet
 facet normal -6.152316e-01  7.883464e-01  0.000000e+00
   outer loop
     vertex  3.788715e+02  9.396604e+01 -2.814000e+01
     vertex  3.786780e+02  9.381505e+01 -3.814000e+01
     vertex  3.786780e+02  9.381505e+01 -2.814000e+01
   endloop
 endfacet
 facet normal -5.758082e-01  8.175848e-01  0.000000e+00
   outer loop
     vertex  3.790721e+02  9.410735e+01 -2.814000e+01
     vertex  3.790721e+02  9.410735e+01 -3.814000e+01
     vertex  3.788715e+02  9.396604e+01 -2.814000e+01
   endloop
 endfacet
 facet normal -5.349976e-01  8.448536e-01  0.000000e+00
   outer loop
     vertex  3.792795e+02  9.423864e+01 -2.814000e+01
     vertex  3.792795e+02  9.423864e+01 -3.814000e+01
     vertex  3.790721e+02  9.410735e+01 -3.814000e+01
   endloop
 endfacet
 facet normal -5.349976e-01  8.448536e-01  0.000000e+00
   outer loop
     vertex  3.792795e+02  9.423864e+01 -2.814000e+01
     vertex  3.790721e+02  9.410735e+01 -3.814000e+01
     vertex  3.790721e+02  9.410735e+01 -2.814000e+01
   endloop
 endfacet
 facet normal -4.928982e-01  8.700870e-01  0.000000e+00
   outer loop
     vertex  3.794930e+02  9.435961e+01 -2.814000e+01
     vertex  3.794930e+02  9.435961e+01 -3.814000e+01
     vertex  3.792795e+02  9.423864e+01 -3.814000e+01
   endloop
 endfacet
 facet normal -4.928982e-01  8.700870e-01  0.000000e+00
   outer loop
     vertex  3.794930e+02  9.435961e+01 -2.814000e+01
     vertex  3.792795e+02  9.423864e+01 -3.814000e+01
     vertex  3.792795e+02  9.423864e+01 -2.814000e+01
   endloop
 endfacet
 facet normal -4.496113e-01  8.932243e-01  0.000000e+00
   outer loop
     vertex  3.797122e+02  9.446995e+01 -2.814000e+01
     vertex  3.797122e+02  9.446995e+01 -3.814000e+01
     vertex  3.794930e+02  9.435961e+01 -3.814000e+01
   endloop
 endfacet
 facet normal -4.496113e-01  8.932243e-01  0.000000e+00
   outer loop
     vertex  3.797122e+02  9.446995e+01 -2.814000e+01
     vertex  3.794930e+02  9.435961e+01 -3.814000e+01
     vertex  3.794930e+02  9.435961e+01 -2.814000e+01
   endloop
 endfacet
 facet normal -4.052413e-01  9.142098e-01  0.000000e+00
   outer loop
     vertex  3.799366e+02  9.456940e+01 -2.814000e+01
     vertex  3.799366e+02  9.456940e+01 -3.814000e+01
     vertex  3.797122e+02  9.446995e+01 -3.814000e+01
   endloop
 endfacet
 facet normal -4.052413e-01  9.142098e-01  0.000000e+00
   outer loop
     vertex  3.799366e+02  9.456940e+01 -2.814000e+01
     vertex  3.797122e+02  9.446995e+01 -3.814000e+01
     vertex  3.797122e+02  9.446995e+01 -2.814000e+01
   endloop
 endfacet
 facet normal -3.598950e-01  9.329928e-01  0.000000e+00
   outer loop
     vertex  3.801656e+02  9.465772e+01 -2.814000e+01
     vertex  3.801656e+02  9.465772e+01 -3.814000e+01
     vertex  3.799366e+02  9.456940e+01 -3.814000e+01
   endloop
 endfacet
 facet normal -3.598950e-01  9.329928e-01  0.000000e+00
   outer loop
     vertex  3.801656e+02  9.465772e+01 -2.814000e+01
     vertex  3.799366e+02  9.456940e+01 -3.814000e+01
     vertex  3.799366e+02  9.456940e+01 -2.814000e+01
   endloop
 endfacet
 facet normal -3.136817e-01  9.495282e-01  0.000000e+00
   outer loop
     vertex  3.803986e+02  9.473470e+01 -2.814000e+01
     vertex  3.803986e+02  9.473470e+01 -3.814000e+01
     vertex  3.801656e+02  9.465772e+01 -3.814000e+01
   endloop
 endfacet
 facet normal -3.136817e-01  9.495282e-01  0.000000e+00
   outer loop
     vertex  3.803986e+02  9.473470e+01 -2.814000e+01
     vertex  3.801656e+02  9.465772e+01 -3.814000e+01
     vertex  3.801656e+02  9.465772e+01 -2.814000e+01
   endloop
 endfacet
 facet normal -2.667128e-01  9.637761e-01  0.000000e+00
   outer loop
     vertex  3.806351e+02  9.480016e+01 -2.814000e+01
     vertex  3.806351e+02  9.480016e+01 -3.814000e+01
     vertex  3.803986e+02  9.473470e+01 -3.814000e+01
   endloop
 endfacet
 facet normal -2.667128e-01  9.637761e-01  0.000000e+00
   outer loop
     vertex  3.806351e+02  9.480016e+01 -2.814000e+01
     vertex  3.803986e+02  9.473470e+01 -3.814000e+01
     vertex  3.803986e+02  9.473470e+01 -2.814000e+01
   endloop
 endfacet
 facet normal -2.191012e-01  9.757021e-01  0.000000e+00
   outer loop
     vertex  3.808745e+02  9.485393e+01 -2.814000e+01
     vertex  3.808745e+02  9.485393e+01 -3.814000e+01
     vertex  3.806351e+02  9.480016e+01 -3.814000e+01
   endloop
 endfacet
 facet normal -2.191012e-01  9.757021e-01  0.000000e+00
   outer loop
     vertex  3.808745e+02  9.485393e+01 -2.814000e+01
     vertex  3.806351e+02  9.480016e+01 -3.814000e+01
     vertex  3.806351e+02  9.480016e+01 -2.814000e+01
   endloop
 endfacet
 facet normal -1.709619e-01  9.852776e-01  0.000000e+00
   outer loop
     vertex  3.811163e+02  9.489588e+01 -2.814000e+01
     vertex  3.811163e+02  9.489588e+01 -3.814000e+01
     vertex  3.808745e+02  9.485393e+01 -3.814000e+01
   endloop
 endfacet
 facet normal -1.224107e-01  9.924795e-01  0.000000e+00
   outer loop
     vertex  3.811163e+02  9.489588e+01 -2.814000e+01
     vertex  3.813599e+02  9.492592e+01 -3.814000e+01
     vertex  3.811163e+02  9.489588e+01 -3.814000e+01
   endloop
 endfacet
 facet normal -1.709619e-01  9.852776e-01  0.000000e+00
   outer loop
     vertex  3.811163e+02  9.489588e+01 -2.814000e+01
     vertex  3.808745e+02  9.485393e+01 -3.814000e+01
     vertex  3.808745e+02  9.485393e+01 -2.814000e+01
   endloop
 endfacet
 facet normal -1.224107e-01  9.924795e-01  0.000000e+00
   outer loop
     vertex  3.813599e+02  9.492592e+01 -2.814000e+01
     vertex  3.813599e+02  9.492592e+01 -3.814000e+01
     vertex  3.811163e+02  9.489588e+01 -2.814000e+01
   endloop
 endfacet
 facet normal -7.356456e-02  9.972905e-01  0.000000e+00
   outer loop
     vertex  3.816047e+02  9.494398e+01 -2.814000e+01
     vertex  3.816047e+02  9.494398e+01 -3.814000e+01
     vertex  3.813599e+02  9.492592e+01 -3.814000e+01
   endloop
 endfacet
 facet normal -2.454123e-02  9.996988e-01  0.000000e+00
   outer loop
     vertex  3.816047e+02  9.494398e+01 -2.814000e+01
     vertex  3.818500e+02  9.495000e+01 -3.814000e+01
     vertex  3.816047e+02  9.494398e+01 -3.814000e+01
   endloop
 endfacet
 facet normal -7.356456e-02  9.972905e-01  0.000000e+00
   outer loop
     vertex  3.816047e+02  9.494398e+01 -2.814000e+01
     vertex  3.813599e+02  9.492592e+01 -3.814000e+01
     vertex  3.813599e+02  9.492592e+01 -2.814000e+01
   endloop
 endfacet
 facet normal -2.454123e-02  9.996988e-01  0.000000e+00
   outer loop
     vertex  3.818500e+02  9.495000e+01 -2.814000e+01
     vertex  3.818500e+02  9.495000e+01 -3.814000e+01
     vertex  3.816047e+02  9.494398e+01 -2.814000e+01
   endloop
 endfacet
 facet normal  0.000000e+00  0.000000e+00 -1.000000e+00
   outer loop
     vertex  3.779849e+02  3.647803e+01 -3.814000e+01
     vertex  3.783145e+02  3.611447e+01 -3.814000e+01
     vertex  3.781452e+02  3.629221e+01 -3.814000e+01
   endloop
 endfacet
 facet normal  0.000000e+00  0.000000e+00 -1.000000e+00
   outer loop
     vertex  3.775614e+02  3.707949e+01 -3.814000e+01
     vertex  3.778340e+02  3.667150e+01 -3.814000e+01
     vertex  3.776927e+02  3.687215e+01 -3.814000e+01
   endloop
 endfacet
 facet normal  0.000000e+00  0.000000e+00 -1.000000e+00
   outer loop
     vertex  3.794930e+02  3.524039e+01 -3.814000e+01
     vertex  3.790721e+02  3.549265e+01 -3.814000e+01
     vertex  3.788715e+02  3.563396e+01 -3.814000e+01
   endloop
 endfacet
 facet normal  0.000000e+00  0.000000e+00 -1.000000e+00
   outer loop
     vertex  3.794930e+02  3.524039e+01 -3.814000e+01
     vertex  3.792795e+02  3.536136e+01 -3.814000e+01
     vertex  3.790721e+02  3.549265e+01 -3.814000e+01
   endloop
 endfacet
 facet normal  0.000000e+00  0.000000e+00 -1.000000e+00
   outer loop
     vertex  3.801656e+02  3.494228e+01 -3.814000e+01
     vertex  3.797122e+02  3.513005e+01 -3.814000e+01
     vertex  3.794930e+02  3.524039e+01 -3.814000e+01
   endloop
 endfacet
 facet normal  0.000000e+00  0.000000e+00 -1.000000e+00
   outer loop
     vertex  3.801656e+02  3.494228e+01 -3.814000e+01
     vertex  3.799366e+02  3.503060e+01 -3.814000e+01
     vertex  3.797122e+02  3.513005e+01 -3.814000e+01
   endloop
 endfacet
 facet normal  0.000000e+00  0.000000e+00 -1.000000e+00
   outer loop
     vertex  3.801656e+02  3.494228e+01 -3.814000e+01
     vertex  3.794930e+02  3.524039e+01 -3.814000e+01
     vertex  3.788715e+02  3.563396e+01 -3.814000e+01
   endloop
 endfacet
 facet normal  0.000000e+00  0.000000e+00 -1.000000e+00
   outer loop
     vertex  3.770653e+02  3.819858e+01 -3.814000e+01
     vertex  3.772306e+02  3.773658e+01 -3.814000e+01
     vertex  3.771423e+02  3.796555e+01 -3.814000e+01
   endloop
 endfacet
 facet normal  0.000000e+00  0.000000e+00 -1.000000e+00
   outer loop
     vertex  3.770653e+02  3.819858e+01 -3.814000e+01
     vertex  3.773301e+02  3.751222e+01 -3.814000e+01
     vertex  3.772306e+02  3.773658e+01 -3.814000e+01
   endloop
 endfacet
 facet normal  0.000000e+00  0.000000e+00 -1.000000e+00
   outer loop
     vertex  3.770653e+02  3.819858e+01 -3.814000e+01
     vertex  3.774404e+02  3.729302e+01 -3.814000e+01
     vertex  3.773301e+02  3.751222e+01 -3.814000e+01
   endloop
 endfacet
 facet normal  0.000000e+00  0.000000e+00 -1.000000e+00
   outer loop
     vertex  3.770653e+02  3.819858e+01 -3.814000e+01
     vertex  3.775614e+02  3.707949e+01 -3.814000e+01
     vertex  3.774404e+02  3.729302e+01 -3.814000e+01
   endloop
 endfacet
 facet normal  0.000000e+00  0.000000e+00 -1.000000e+00
   outer loop
     vertex  3.770653e+02  3.819858e+01 -3.814000e+01
     vertex  3.779849e+02  3.647803e+01 -3.814000e+01
     vertex  3.778340e+02  3.667150e+01 -3.814000e+01
   endloop
 endfacet
 facet normal  0.000000e+00  0.000000e+00 -1.000000e+00
   outer loop
     vertex  3.770653e+02  3.819858e+01 -3.814000e+01
     vertex  3.784922e+02  3.594524e+01 -3.814000e+01
     vertex  3.783145e+02  3.611447e+01 -3.814000e+01
   endloop
 endfacet
 facet normal  0.000000e+00  0.000000e+00 -1.000000e+00
   outer loop
     vertex  3.770653e+02  3.819858e+01 -3.814000e+01
     vertex  3.783145e+02  3.611447e+01 -3.814000e+01
     vertex  3.779849e+02  3.647803e+01 -3.814000e+01
   endloop
 endfacet
 facet normal  0.000000e+00  0.000000e+00 -1.000000e+00
   outer loop
     vertex  3.770653e+02  3.819858e+01 -3.814000e+01
     vertex  3.778340e+02  3.667150e+01 -3.814000e+01
     vertex  3.775614e+02  3.707949e+01 -3.814000e+01
   endloop
 endfacet
 facet normal  0.000000e+00  0.000000e+00 -1.000000e+00
   outer loop
     vertex  3.806351e+02  3.479984e+01 -3.814000e+01
     vertex  3.803986e+02  3.486530e+01 -3.814000e+01
     vertex  3.801656e+02  3.494228e+01 -3.814000e+01
   endloop
 endfacet
 facet normal  0.000000e+00  0.000000e+00 -1.000000e+00
   outer loop
     vertex  3.811163e+02  3.470412e+01 -3.814000e+01
     vertex  3.808745e+02  3.474607e+01 -3.814000e+01
     vertex  3.806351e+02  3.479984e+01 -3.814000e+01
   endloop
 endfacet
 facet normal  0.000000e+00  0.000000e+00 -1.000000e+00
   outer loop
     vertex  3.811163e+02  3.470412e+01 -3.814000e+01
     vertex  3.806351e+02  3.479984e+01 -3.814000e+01
     vertex  3.801656e+02  3.494228e+01 -3.814000e+01
   endloop
 endfacet
 facet normal  0.000000e+00  0.000000e+00 -1.000000e+00
   outer loop
     vertex  3.768741e+02  3.915991e+01 -3.814000e+01
     vertex  3.769461e+02  3.867455e+01 -3.814000e+01
     vertex  3.769041e+02  3.891635e+01 -3.814000e+01
   endloop
 endfacet
 facet normal  0.000000e+00  0.000000e+00 -1.000000e+00
   outer loop
     vertex  3.768741e+02  3.915991e+01 -3.814000e+01
     vertex  3.769998e+02  3.843510e+01 -3.814000e+01
     vertex  3.769461e+02  3.867455e+01 -3.814000e+01
   endloop
 endfacet
 facet normal  0.000000e+00  0.000000e+00 -1.000000e+00
   outer loop
     vertex  3.768741e+02  3.915991e+01 -3.814000e+01
     vertex  3.770653e+02  3.819858e+01 -3.814000e+01
     vertex  3.769998e+02  3.843510e+01 -3.814000e+01
   endloop
 endfacet
 facet normal  0.000000e+00  0.000000e+00 -1.000000e+00
   outer loop
     vertex  3.768741e+02  3.915991e+01 -3.814000e+01
     vertex  3.786780e+02  3.578495e+01 -3.814000e+01
     vertex  3.784922e+02  3.594524e+01 -3.814000e+01
   endloop
 endfacet
 facet normal  0.000000e+00  0.000000e+00 -1.000000e+00
   outer loop
     vertex  3.768741e+02  3.915991e+01 -3.814000e+01
     vertex  3.784922e+02  3.594524e+01 -3.814000e+01
     vertex  3.770653e+02  3.819858e+01 -3.814000e+01
   endloop
 endfacet
 facet normal  0.000000e+00  0.000000e+00 -1.000000e+00
   outer loop
     vertex  3.818500e+02  3.465000e+01 -3.814000e+01
     vertex  3.813599e+02  3.467408e+01 -3.814000e+01
     vertex  3.811163e+02  3.470412e+01 -3.814000e+01
   endloop
 endfacet
 facet normal  0.000000e+00  0.000000e+00 -1.000000e+00
   outer loop
     vertex  3.818500e+02  3.465000e+01 -3.814000e+01
     vertex  3.816047e+02  3.465602e+01 -3.814000e+01
     vertex  3.813599e+02  3.467408e+01 -3.814000e+01
   endloop
 endfacet
 facet normal  0.000000e+00  0.000000e+00 -1.000000e+00
   outer loop
     vertex  3.818500e+02  3.465000e+01 -3.814000e+01
     vertex  3.811163e+02  3.470412e+01 -3.814000e+01
     vertex  3.801656e+02  3.494228e+01 -3.814000e+01
   endloop
 endfacet
 facet normal  0.000000e+00  0.000000e+00 -1.000000e+00
   outer loop
     vertex  3.768500e+02  3.965000e+01 -3.814000e+01
     vertex  3.768741e+02  3.915991e+01 -3.814000e+01
     vertex  3.768560e+02  3.940466e+01 -3.814000e+01
   endloop
 endfacet
 facet normal  0.000000e+00  0.000000e+00 -1.000000e+00
   outer loop
     vertex  3.768500e+02  3.965000e+01 -3.814000e+01
     vertex  3.788715e+02  3.563396e+01 -3.814000e+01
     vertex  3.786780e+02  3.578495e+01 -3.814000e+01
   endloop
 endfacet
 facet normal  0.000000e+00  0.000000e+00 -1.000000e+00
   outer loop
     vertex  3.768500e+02  3.965000e+01 -3.814000e+01
     vertex  3.801656e+02  3.494228e+01 -3.814000e+01
     vertex  3.788715e+02  3.563396e+01 -3.814000e+01
   endloop
 endfacet
 facet normal  0.000000e+00  0.000000e+00 -1.000000e+00
   outer loop
     vertex  3.768500e+02  3.965000e+01 -3.814000e+01
     vertex  3.786780e+02  3.578495e+01 -3.814000e+01
     vertex  3.768741e+02  3.915991e+01 -3.814000e+01
   endloop
 endfacet
 facet normal  0.000000e+00  0.000000e+00 -1.000000e+00
   outer loop
     vertex  3.768500e+02  3.965000e+01 -3.814000e+01
     vertex  3.818500e+02  3.465000e+01 -3.814000e+01
     vertex  3.801656e+02  3.494228e+01 -3.814000e+01
   endloop
 endfacet
 facet normal  0.000000e+00  0.000000e+00 -1.000000e+00
   outer loop
     vertex  4.321500e+02  3.465000e+01 -3.814000e+01
     vertex  3.818500e+02  3.465000e+01 -3.814000e+01
     vertex  3.768500e+02  3.965000e+01 -3.814000e+01
   endloop
 endfacet
 facet normal  0.000000e+00  0.000000e+00 -1.000000e+00
   outer loop
     vertex  4.326401e+02  3.467408e+01 -3.814000e+01
     vertex  4.323953e+02  3.465602e+01 -3.814000e+01
     vertex  4.321500e+02  3.465000e+01 -3.814000e+01
   endloop
 endfacet
 facet normal  0.000000e+00  0.000000e+00 -1.000000e+00
   outer loop
     vertex  3.769041e+02  9.068365e+01 -3.814000e+01
     vertex  3.768560e+02  9.019534e+01 -3.814000e+01
     vertex  3.768741e+02  9.044009e+01 -3.814000e+01
   endloop
 endfacet
 facet normal  0.000000e+00  0.000000e+00 -1.000000e+00
   outer loop
     vertex  3.769461e+02  9.092545e+01 -3.814000e+01
     vertex  3.768560e+02  9.019534e+01 -3.814000e+01
     vertex  3.769041e+02  9.068365e+01 -3.814000e+01
   endloop
 endfacet
 facet normal  0.000000e+00  0.000000e+00 -1.000000e+00
   outer loop
     vertex  4.331255e+02  3.474607e+01 -3.814000e+01
     vertex  4.328837e+02  3.470412e+01 -3.814000e+01
     vertex  4.326401e+02  3.467408e+01 -3.814000e+01
   endloop
 endfacet
 facet normal  0.000000e+00  0.000000e+00 -1.000000e+00
   outer loop
     vertex  3.769998e+02  9.116490e+01 -3.814000e+01
     vertex  3.768560e+02  9.019534e+01 -3.814000e+01
     vertex  3.769461e+02  9.092545e+01 -3.814000e+01
   endloop
 endfacet
 facet normal  0.000000e+00  0.000000e+00 -1.000000e+00
   outer loop
     vertex  3.770653e+02  9.140142e+01 -3.814000e+01
     vertex  3.768560e+02  9.019534e+01 -3.814000e+01
     vertex  3.769998e+02  9.116490e+01 -3.814000e+01
   endloop
 endfacet
 facet normal  0.000000e+00  0.000000e+00 -1.000000e+00
   outer loop
     vertex  4.336014e+02  3.486530e+01 -3.814000e+01
     vertex  4.333649e+02  3.479984e+01 -3.814000e+01
     vertex  4.331255e+02  3.474607e+01 -3.814000e+01
   endloop
 endfacet
 facet normal  0.000000e+00  0.000000e+00 -1.000000e+00
   outer loop
     vertex  3.771423e+02  9.163445e+01 -3.814000e+01
     vertex  3.768500e+02  8.995000e+01 -3.814000e+01
     vertex  3.768560e+02  9.019534e+01 -3.814000e+01
   endloop
 endfacet
 facet normal  0.000000e+00  0.000000e+00 -1.000000e+00
   outer loop
     vertex  3.771423e+02  9.163445e+01 -3.814000e+01
     vertex  3.768560e+02  9.019534e+01 -3.814000e+01
     vertex  3.770653e+02  9.140142e+01 -3.814000e+01
   endloop
 endfacet
 facet normal  0.000000e+00  0.000000e+00 -1.000000e+00
   outer loop
     vertex  4.338344e+02  3.494228e+01 -3.814000e+01
     vertex  4.331255e+02  3.474607e+01 -3.814000e+01
     vertex  4.326401e+02  3.467408e+01 -3.814000e+01
   endloop
 endfacet
 facet normal  0.000000e+00  0.000000e+00 -1.000000e+00
   outer loop
     vertex  4.338344e+02  3.494228e+01 -3.814000e+01
     vertex  4.336014e+02  3.486530e+01 -3.814000e+01
     vertex  4.331255e+02  3.474607e+01 -3.814000e+01
   endloop
 endfacet
 facet normal  0.000000e+00  0.000000e+00 -1.000000e+00
   outer loop
     vertex  3.773301e+02  9.208778e+01 -3.814000e+01
     vertex  3.771423e+02  9.163445e+01 -3.814000e+01
     vertex  3.772306e+02  9.186342e+01 -3.814000e+01
   endloop
 endfacet
 facet normal  0.000000e+00  0.000000e+00 -1.000000e+00
   outer loop
     vertex  3.774404e+02  9.230698e+01 -3.814000e+01
     vertex  3.768500e+02  8.995000e+01 -3.814000e+01
     vertex  3.771423e+02  9.163445e+01 -3.814000e+01
   endloop
 endfacet
 facet normal  0.000000e+00  0.000000e+00 -1.000000e+00
   outer loop
     vertex  3.774404e+02  9.230698e+01 -3.814000e+01
     vertex  3.771423e+02  9.163445e+01 -3.814000e+01
     vertex  3.773301e+02  9.208778e+01 -3.814000e+01
   endloop
 endfacet
 facet normal  0.000000e+00  0.000000e+00 -1.000000e+00
   outer loop
     vertex  4.345070e+02  3.524039e+01 -3.814000e+01
     vertex  4.342878e+02  3.513005e+01 -3.814000e+01
     vertex  4.340634e+02  3.503060e+01 -3.814000e+01
   endloop
 endfacet
 facet normal  0.000000e+00  0.000000e+00 -1.000000e+00
   outer loop
     vertex  4.347205e+02  3.536136e+01 -3.814000e+01
     vertex  4.338344e+02  3.494228e+01 -3.814000e+01
     vertex  4.326401e+02  3.467408e+01 -3.814000e+01
   endloop
 endfacet
 facet normal  0.000000e+00  0.000000e+00 -1.000000e+00
   outer loop
     vertex  4.347205e+02  3.536136e+01 -3.814000e+01
     vertex  4.345070e+02  3.524039e+01 -3.814000e+01
     vertex  4.340634e+02  3.503060e+01 -3.814000e+01
   endloop
 endfacet
 facet normal  0.000000e+00  0.000000e+00 -1.000000e+00
   outer loop
     vertex  4.347205e+02  3.536136e+01 -3.814000e+01
     vertex  4.340634e+02  3.503060e+01 -3.814000e+01
     vertex  4.338344e+02  3.494228e+01 -3.814000e+01
   endloop
 endfacet
 facet normal  0.000000e+00  0.000000e+00 -1.000000e+00
   outer loop
     vertex  4.349279e+02  3.549265e+01 -3.814000e+01
     vertex  4.347205e+02  3.536136e+01 -3.814000e+01
     vertex  4.326401e+02  3.467408e+01 -3.814000e+01
   endloop
 endfacet
 facet normal  0.000000e+00  0.000000e+00 -1.000000e+00
   outer loop
     vertex  4.351285e+02  3.563396e+01 -3.814000e+01
     vertex  4.326401e+02  3.467408e+01 -3.814000e+01
     vertex  4.321500e+02  3.465000e+01 -3.814000e+01
   endloop
 endfacet
 facet normal  0.000000e+00  0.000000e+00 -1.000000e+00
   outer loop
     vertex  4.351285e+02  3.563396e+01 -3.814000e+01
     vertex  4.349279e+02  3.549265e+01 -3.814000e+01
     vertex  4.326401e+02  3.467408e+01 -3.814000e+01
   endloop
 endfacet
 facet normal  0.000000e+00  0.000000e+00 -1.000000e+00
   outer loop
     vertex  3.778340e+02  9.292850e+01 -3.814000e+01
     vertex  3.774404e+02  9.230698e+01 -3.814000e+01
     vertex  3.775614e+02  9.252051e+01 -3.814000e+01
   endloop
 endfacet
 facet normal  0.000000e+00  0.000000e+00 -1.000000e+00
   outer loop
     vertex  3.778340e+02  9.292850e+01 -3.814000e+01
     vertex  3.775614e+02  9.252051e+01 -3.814000e+01
     vertex  3.776927e+02  9.272785e+01 -3.814000e+01
   endloop
 endfacet
 facet normal  0.000000e+00  0.000000e+00 -1.000000e+00
   outer loop
     vertex  3.781452e+02  9.330779e+01 -3.814000e+01
     vertex  3.778340e+02  9.292850e+01 -3.814000e+01
     vertex  3.779849e+02  9.312197e+01 -3.814000e+01
   endloop
 endfacet
 facet normal  0.000000e+00  0.000000e+00 -1.000000e+00
   outer loop
     vertex  4.356855e+02  3.611447e+01 -3.814000e+01
     vertex  4.351285e+02  3.563396e+01 -3.814000e+01
     vertex  4.321500e+02  3.465000e+01 -3.814000e+01
   endloop
 endfacet
 facet normal  0.000000e+00  0.000000e+00 -1.000000e+00
   outer loop
     vertex  4.356855e+02  3.611447e+01 -3.814000e+01
     vertex  4.355078e+02  3.594524e+01 -3.814000e+01
     vertex  4.353220e+02  3.578495e+01 -3.814000e+01
   endloop
 endfacet
 facet normal  0.000000e+00  0.000000e+00 -1.000000e+00
   outer loop
     vertex  4.356855e+02  3.611447e+01 -3.814000e+01
     vertex  4.353220e+02  3.578495e+01 -3.814000e+01
     vertex  4.351285e+02  3.563396e+01 -3.814000e+01
   endloop
 endfacet
 facet normal  0.000000e+00  0.000000e+00 -1.000000e+00
   outer loop
     vertex  3.784922e+02  9.365476e+01 -3.814000e+01
     vertex  3.781452e+02  9.330779e+01 -3.814000e+01
     vertex  3.783145e+02  9.348553e+01 -3.814000e+01
   endloop
 endfacet
 facet normal  0.000000e+00  0.000000e+00 -1.000000e+00
   outer loop
     vertex  3.784922e+02  9.365476e+01 -3.814000e+01
     vertex  3.768500e+02  8.995000e+01 -3.814000e+01
     vertex  3.774404e+02  9.230698e+01 -3.814000e+01
   endloop
 endfacet
 facet normal  0.000000e+00  0.000000e+00 -1.000000e+00
   outer loop
     vertex  3.784922e+02  9.365476e+01 -3.814000e+01
     vertex  3.774404e+02  9.230698e+01 -3.814000e+01
     vertex  3.778340e+02  9.292850e+01 -3.814000e+01
   endloop
 endfacet
 facet normal  0.000000e+00  0.000000e+00 -1.000000e+00
   outer loop
     vertex  3.784922e+02  9.365476e+01 -3.814000e+01
     vertex  3.778340e+02  9.292850e+01 -3.814000e+01
     vertex  3.781452e+02  9.330779e+01 -3.814000e+01
   endloop
 endfacet
 facet normal  0.000000e+00  0.000000e+00 -1.000000e+00
   outer loop
     vertex  4.358548e+02  3.629221e+01 -3.814000e+01
     vertex  4.356855e+02  3.611447e+01 -3.814000e+01
     vertex  4.321500e+02  3.465000e+01 -3.814000e+01
   endloop
 endfacet
 facet normal  0.000000e+00  0.000000e+00 -1.000000e+00
   outer loop
     vertex  4.361660e+02  3.667150e+01 -3.814000e+01
     vertex  4.360151e+02  3.647803e+01 -3.814000e+01
     vertex  4.358548e+02  3.629221e+01 -3.814000e+01
   endloop
 endfacet
 facet normal  0.000000e+00  0.000000e+00 -1.000000e+00
   outer loop
     vertex  4.361660e+02  3.667150e+01 -3.814000e+01
     vertex  4.358548e+02  3.629221e+01 -3.814000e+01
     vertex  4.321500e+02  3.465000e+01 -3.814000e+01
   endloop
 endfacet
 facet normal  0.000000e+00  0.000000e+00 -1.000000e+00
   outer loop
     vertex  3.792795e+02  9.423864e+01 -3.814000e+01
     vertex  3.784922e+02  9.365476e+01 -3.814000e+01
     vertex  3.786780e+02  9.381505e+01 -3.814000e+01
   endloop
 endfacet
 facet normal  0.000000e+00  0.000000e+00 -1.000000e+00
   outer loop
     vertex  3.792795e+02  9.423864e+01 -3.814000e+01
     vertex  3.786780e+02  9.381505e+01 -3.814000e+01
     vertex  3.788715e+02  9.396604e+01 -3.814000e+01
   endloop
 endfacet
 facet normal  0.000000e+00  0.000000e+00 -1.000000e+00
   outer loop
     vertex  3.792795e+02  9.423864e+01 -3.814000e+01
     vertex  3.788715e+02  9.396604e+01 -3.814000e+01
     vertex  3.790721e+02  9.410735e+01 -3.814000e+01
   endloop
 endfacet
 facet normal  0.000000e+00  0.000000e+00 -1.000000e+00
   outer loop
     vertex  3.794930e+02  9.435961e+01 -3.814000e+01
     vertex  3.784922e+02  9.365476e+01 -3.814000e+01
     vertex  3.792795e+02  9.423864e+01 -3.814000e+01
   endloop
 endfacet
 facet normal  0.000000e+00  0.000000e+00 -1.000000e+00
   outer loop
     vertex  4.365596e+02  3.729302e+01 -3.814000e+01
     vertex  4.364386e+02  3.707949e+01 -3.814000e+01
     vertex  4.363073e+02  3.687215e+01 -3.814000e+01
   endloop
 endfacet
 facet normal  0.000000e+00  0.000000e+00 -1.000000e+00
   outer loop
     vertex  4.365596e+02  3.729302e+01 -3.814000e+01
     vertex  4.363073e+02  3.687215e+01 -3.814000e+01
     vertex  4.361660e+02  3.667150e+01 -3.814000e+01
   endloop
 endfacet
 facet normal  0.000000e+00  0.000000e+00 -1.000000e+00
   outer loop
     vertex  4.365596e+02  3.729302e+01 -3.814000e+01
     vertex  4.361660e+02  3.667150e+01 -3.814000e+01
     vertex  4.321500e+02  3.465000e+01 -3.814000e+01
   endloop
 endfacet
 facet normal  0.000000e+00  0.000000e+00 -1.000000e+00
   outer loop
     vertex  3.797122e+02  9.446995e+01 -3.814000e+01
     vertex  3.784922e+02  9.365476e+01 -3.814000e+01
     vertex  3.794930e+02  9.435961e+01 -3.814000e+01
   endloop
 endfacet
 facet normal  0.000000e+00  0.000000e+00 -1.000000e+00
   outer loop
     vertex  3.797122e+02  9.446995e+01 -3.814000e+01
     vertex  3.768500e+02  8.995000e+01 -3.814000e+01
     vertex  3.784922e+02  9.365476e+01 -3.814000e+01
   endloop
 endfacet
 facet normal  0.000000e+00  0.000000e+00 -1.000000e+00
   outer loop
     vertex  4.366699e+02  3.751222e+01 -3.814000e+01
     vertex  4.365596e+02  3.729302e+01 -3.814000e+01
     vertex  4.321500e+02  3.465000e+01 -3.814000e+01
   endloop
 endfacet
 facet normal  0.000000e+00  0.000000e+00 -1.000000e+00
   outer loop
     vertex  3.799366e+02  9.456940e+01 -3.814000e+01
     vertex  3.768500e+02  8.995000e+01 -3.814000e+01
     vertex  3.797122e+02  9.446995e+01 -3.814000e+01
   endloop
 endfacet
 facet normal  0.000000e+00  0.000000e+00 -1.000000e+00
   outer loop
     vertex  4.368577e+02  3.796555e+01 -3.814000e+01
     vertex  4.367694e+02  3.773658e+01 -3.814000e+01
     vertex  4.366699e+02  3.751222e+01 -3.814000e+01
   endloop
 endfacet
 facet normal  0.000000e+00  0.000000e+00 -1.000000e+00
   outer loop
     vertex  4.368577e+02  3.796555e+01 -3.814000e+01
     vertex  4.366699e+02  3.751222e+01 -3.814000e+01
     vertex  4.321500e+02  3.465000e+01 -3.814000e+01
   endloop
 endfacet
 facet normal  0.000000e+00  0.000000e+00 -1.000000e+00
   outer loop
     vertex  3.803986e+02  9.473470e+01 -3.814000e+01
     vertex  3.799366e+02  9.456940e+01 -3.814000e+01
     vertex  3.801656e+02  9.465772e+01 -3.814000e+01
   endloop
 endfacet
 facet normal  0.000000e+00  0.000000e+00 -1.000000e+00
   outer loop
     vertex  3.803986e+02  9.473470e+01 -3.814000e+01
     vertex  3.768500e+02  8.995000e+01 -3.814000e+01
     vertex  3.799366e+02  9.456940e+01 -3.814000e+01
   endloop
 endfacet
 facet normal  0.000000e+00  0.000000e+00 -1.000000e+00
   outer loop
     vertex  3.806351e+02  9.480016e+01 -3.814000e+01
     vertex  3.768500e+02  8.995000e+01 -3.814000e+01
     vertex  3.803986e+02  9.473470e+01 -3.814000e+01
   endloop
 endfacet
 facet normal  0.000000e+00  0.000000e+00 -1.000000e+00
   outer loop
     vertex  3.811163e+02  9.489588e+01 -3.814000e+01
     vertex  3.768500e+02  8.995000e+01 -3.814000e+01
     vertex  3.806351e+02  9.480016e+01 -3.814000e+01
   endloop
 endfacet
 facet normal  0.000000e+00  0.000000e+00 -1.000000e+00
   outer loop
     vertex  3.811163e+02  9.489588e+01 -3.814000e+01
     vertex  3.806351e+02  9.480016e+01 -3.814000e+01
     vertex  3.808745e+02  9.485393e+01 -3.814000e+01
   endloop
 endfacet
 facet normal  0.000000e+00  0.000000e+00 -1.000000e+00
   outer loop
     vertex  4.370959e+02  3.891635e+01 -3.814000e+01
     vertex  4.370539e+02  3.867455e+01 -3.814000e+01
     vertex  4.370002e+02  3.843510e+01 -3.814000e+01
   endloop
 endfacet
 facet normal  0.000000e+00  0.000000e+00 -1.000000e+00
   outer loop
     vertex  4.370959e+02  3.891635e+01 -3.814000e+01
     vertex  4.370002e+02  3.843510e+01 -3.814000e+01
     vertex  4.369347e+02  3.819858e+01 -3.814000e+01
   endloop
 endfacet
 facet normal  0.000000e+00  0.000000e+00 -1.000000e+00
   outer loop
     vertex  4.370959e+02  3.891635e+01 -3.814000e+01
     vertex  4.369347e+02  3.819858e+01 -3.814000e+01
     vertex  4.368577e+02  3.796555e+01 -3.814000e+01
   endloop
 endfacet
 facet normal  0.000000e+00  0.000000e+00 -1.000000e+00
   outer loop
     vertex  4.370959e+02  3.891635e+01 -3.814000e+01
     vertex  4.368577e+02  3.796555e+01 -3.814000e+01
     vertex  4.321500e+02  3.465000e+01 -3.814000e+01
   endloop
 endfacet
 facet normal  0.000000e+00  0.000000e+00 -1.000000e+00
   outer loop
     vertex  4.371500e+02  3.965000e+01 -3.814000e+01
     vertex  4.370959e+02  3.891635e+01 -3.814000e+01
     vertex  4.321500e+02  3.465000e+01 -3.814000e+01
   endloop
 endfacet
 facet normal  0.000000e+00  0.000000e+00 -1.000000e+00
   outer loop
     vertex  4.371500e+02  3.965000e+01 -3.814000e+01
     vertex  4.371440e+02  3.940466e+01 -3.814000e+01
     vertex  4.371259e+02  3.915991e+01 -3.814000e+01
   endloop
 endfacet
 facet normal  0.000000e+00  0.000000e+00 -1.000000e+00
   outer loop
     vertex  4.371500e+02  3.965000e+01 -3.814000e+01
     vertex  4.371259e+02  3.915991e+01 -3.814000e+01
     vertex  4.370959e+02  3.891635e+01 -3.814000e+01
   endloop
 endfacet
 facet normal  0.000000e+00  0.000000e+00 -1.000000e+00
   outer loop
     vertex  3.818500e+02  9.495000e+01 -3.814000e+01
     vertex  3.768500e+02  8.995000e+01 -3.814000e+01
     vertex  3.811163e+02  9.489588e+01 -3.814000e+01
   endloop
 endfacet
 facet normal  0.000000e+00  0.000000e+00 -1.000000e+00
   outer loop
     vertex  3.818500e+02  9.495000e+01 -3.814000e+01
     vertex  3.811163e+02  9.489588e+01 -3.814000e+01
     vertex  3.813599e+02  9.492592e+01 -3.814000e+01
   endloop
 endfacet
 facet normal  0.000000e+00  0.000000e+00 -1.000000e+00
   outer loop
     vertex  3.818500e+02  9.495000e+01 -3.814000e+01
     vertex  3.813599e+02  9.492592e+01 -3.814000e+01
     vertex  3.816047e+02  9.494398e+01 -3.814000e+01
   endloop
 endfacet
 facet normal  0.000000e+00  0.000000e+00 -1.000000e+00
   outer loop
     vertex  4.321500e+02  9.495000e+01 -3.814000e+01
     vertex  3.768500e+02  3.965000e+01 -3.814000e+01
     vertex  3.768500e+02  8.995000e+01 -3.814000e+01
   endloop
 endfacet
 facet normal  0.000000e+00  0.000000e+00 -1.000000e+00
   outer loop
     vertex  4.321500e+02  9.495000e+01 -3.814000e+01
     vertex  4.371500e+02  3.965000e+01 -3.814000e+01
     vertex  4.321500e+02  3.465000e+01 -3.814000e+01
   endloop
 endfacet
 facet normal -0.000000e+00  0.000000e+00 -1.000000e+00
   outer loop
     vertex  4.321500e+02  9.495000e+01 -3.814000e+01
     vertex  3.768500e+02  8.995000e+01 -3.814000e+01
     vertex  3.818500e+02  9.495000e+01 -3.814000e+01
   endloop
 endfacet
 facet normal  0.000000e+00  0.000000e+00 -1.000000e+00
   outer loop
     vertex  4.321500e+02  9.495000e+01 -3.814000e+01
     vertex  4.371500e+02  8.995000e+01 -3.814000e+01
     vertex  4.371500e+02  3.965000e+01 -3.814000e+01
   endloop
 endfacet
 facet normal  0.000000e+00 -0.000000e+00 -1.000000e+00
   outer loop
     vertex  4.321500e+02  9.495000e+01 -3.814000e+01
     vertex  4.321500e+02  3.465000e+01 -3.814000e+01
     vertex  3.768500e+02  3.965000e+01 -3.814000e+01
   endloop
 endfacet
 facet normal  0.000000e+00  0.000000e+00 -1.000000e+00
   outer loop
     vertex  4.371259e+02  9.044009e+01 -3.814000e+01
     vertex  4.371440e+02  9.019534e+01 -3.814000e+01
     vertex  4.371500e+02  8.995000e+01 -3.814000e+01
   endloop
 endfacet
 facet normal  0.000000e+00  0.000000e+00 -1.000000e+00
   outer loop
     vertex  4.328837e+02  9.489588e+01 -3.814000e+01
     vertex  4.323953e+02  9.494398e+01 -3.814000e+01
     vertex  4.326401e+02  9.492592e+01 -3.814000e+01
   endloop
 endfacet
 facet normal  0.000000e+00  0.000000e+00 -1.000000e+00
   outer loop
     vertex  4.370539e+02  9.092545e+01 -3.814000e+01
     vertex  4.370959e+02  9.068365e+01 -3.814000e+01
     vertex  4.371259e+02  9.044009e+01 -3.814000e+01
   endloop
 endfacet
 facet normal -0.000000e+00 -0.000000e+00 -1.000000e+00
   outer loop
     vertex  4.370002e+02  9.116490e+01 -3.814000e+01
     vertex  4.371500e+02  8.995000e+01 -3.814000e+01
     vertex  4.321500e+02  9.495000e+01 -3.814000e+01
   endloop
 endfacet
 facet normal  0.000000e+00  0.000000e+00 -1.000000e+00
   outer loop
     vertex  4.370002e+02  9.116490e+01 -3.814000e+01
     vertex  4.370539e+02  9.092545e+01 -3.814000e+01
     vertex  4.371259e+02  9.044009e+01 -3.814000e+01
   endloop
 endfacet
 facet normal  0.000000e+00  0.000000e+00 -1.000000e+00
   outer loop
     vertex  4.370002e+02  9.116490e+01 -3.814000e+01
     vertex  4.371259e+02  9.044009e+01 -3.814000e+01
     vertex  4.371500e+02  8.995000e+01 -3.814000e+01
   endloop
 endfacet
 facet normal  0.000000e+00  0.000000e+00 -1.000000e+00
   outer loop
     vertex  4.370002e+02  9.116490e+01 -3.814000e+01
     vertex  4.323953e+02  9.494398e+01 -3.814000e+01
     vertex  4.328837e+02  9.489588e+01 -3.814000e+01
   endloop
 endfacet
 facet normal  0.000000e+00  0.000000e+00 -1.000000e+00
   outer loop
     vertex  4.370002e+02  9.116490e+01 -3.814000e+01
     vertex  4.321500e+02  9.495000e+01 -3.814000e+01
     vertex  4.323953e+02  9.494398e+01 -3.814000e+01
   endloop
 endfacet
 facet normal -0.000000e+00 -0.000000e+00 -1.000000e+00
   outer loop
     vertex  4.333649e+02  9.480016e+01 -3.814000e+01
     vertex  4.370002e+02  9.116490e+01 -3.814000e+01
     vertex  4.328837e+02  9.489588e+01 -3.814000e+01
   endloop
 endfacet
 facet normal  0.000000e+00  0.000000e+00 -1.000000e+00
   outer loop
     vertex  4.333649e+02  9.480016e+01 -3.814000e+01
     vertex  4.328837e+02  9.489588e+01 -3.814000e+01
     vertex  4.331255e+02  9.485393e+01 -3.814000e+01
   endloop
 endfacet
 facet normal  0.000000e+00  0.000000e+00 -1.000000e+00
   outer loop
     vertex  4.368577e+02  9.163445e+01 -3.814000e+01
     vertex  4.369347e+02  9.140142e+01 -3.814000e+01
     vertex  4.370002e+02  9.116490e+01 -3.814000e+01
   endloop
 endfacet
 facet normal -0.000000e+00 -0.000000e+00 -1.000000e+00
   outer loop
     vertex  4.338344e+02  9.465772e+01 -3.814000e+01
     vertex  4.370002e+02  9.116490e+01 -3.814000e+01
     vertex  4.333649e+02  9.480016e+01 -3.814000e+01
   endloop
 endfacet
 facet normal  0.000000e+00  0.000000e+00 -1.000000e+00
   outer loop
     vertex  4.338344e+02  9.465772e+01 -3.814000e+01
     vertex  4.368577e+02  9.163445e+01 -3.814000e+01
     vertex  4.370002e+02  9.116490e+01 -3.814000e+01
   endloop
 endfacet
 facet normal  0.000000e+00  0.000000e+00 -1.000000e+00
   outer loop
     vertex  4.338344e+02  9.465772e+01 -3.814000e+01
     vertex  4.333649e+02  9.480016e+01 -3.814000e+01
     vertex  4.336014e+02  9.473470e+01 -3.814000e+01
   endloop
 endfacet
 facet normal -0.000000e+00 -0.000000e+00 -1.000000e+00
   outer loop
     vertex  4.342878e+02  9.446995e+01 -3.814000e+01
     vertex  4.368577e+02  9.163445e+01 -3.814000e+01
     vertex  4.338344e+02  9.465772e+01 -3.814000e+01
   endloop
 endfacet
 facet normal  0.000000e+00  0.000000e+00 -1.000000e+00
   outer loop
     vertex  4.342878e+02  9.446995e+01 -3.814000e+01
     vertex  4.367694e+02  9.186342e+01 -3.814000e+01
     vertex  4.368577e+02  9.163445e+01 -3.814000e+01
   endloop
 endfacet
 facet normal  0.000000e+00  0.000000e+00 -1.000000e+00
   outer loop
     vertex  4.342878e+02  9.446995e+01 -3.814000e+01
     vertex  4.338344e+02  9.465772e+01 -3.814000e+01
     vertex  4.340634e+02  9.456940e+01 -3.814000e+01
   endloop
 endfacet
 facet normal  0.000000e+00  0.000000e+00 -1.000000e+00
   outer loop
     vertex  4.365596e+02  9.230698e+01 -3.814000e+01
     vertex  4.366699e+02  9.208778e+01 -3.814000e+01
     vertex  4.367694e+02  9.186342e+01 -3.814000e+01
   endloop
 endfacet
 facet normal -0.000000e+00 -0.000000e+00 -1.000000e+00
   outer loop
     vertex  4.364386e+02  9.252051e+01 -3.814000e+01
     vertex  4.367694e+02  9.186342e+01 -3.814000e+01
     vertex  4.342878e+02  9.446995e+01 -3.814000e+01
   endloop
 endfacet
 facet normal  0.000000e+00  0.000000e+00 -1.000000e+00
   outer loop
     vertex  4.364386e+02  9.252051e+01 -3.814000e+01
     vertex  4.365596e+02  9.230698e+01 -3.814000e+01
     vertex  4.367694e+02  9.186342e+01 -3.814000e+01
   endloop
 endfacet
 facet normal  0.000000e+00  0.000000e+00 -1.000000e+00
   outer loop
     vertex  4.364386e+02  9.252051e+01 -3.814000e+01
     vertex  4.342878e+02  9.446995e+01 -3.814000e+01
     vertex  4.345070e+02  9.435961e+01 -3.814000e+01
   endloop
 endfacet
 facet normal -0.000000e+00 -0.000000e+00 -1.000000e+00
   outer loop
     vertex  4.363073e+02  9.272785e+01 -3.814000e+01
     vertex  4.364386e+02  9.252051e+01 -3.814000e+01
     vertex  4.345070e+02  9.435961e+01 -3.814000e+01
   endloop
 endfacet
 facet normal -0.000000e+00 -0.000000e+00 -1.000000e+00
   outer loop
     vertex  4.361660e+02  9.292850e+01 -3.814000e+01
     vertex  4.363073e+02  9.272785e+01 -3.814000e+01
     vertex  4.345070e+02  9.435961e+01 -3.814000e+01
   endloop
 endfacet
 facet normal  0.000000e+00  0.000000e+00 -1.000000e+00
   outer loop
     vertex  4.361660e+02  9.292850e+01 -3.814000e+01
     vertex  4.345070e+02  9.435961e+01 -3.814000e+01
     vertex  4.347205e+02  9.423864e+01 -3.814000e+01
   endloop
 endfacet
 facet normal -0.000000e+00 -0.000000e+00 -1.000000e+00
   outer loop
     vertex  4.360151e+02  9.312197e+01 -3.814000e+01
     vertex  4.361660e+02  9.292850e+01 -3.814000e+01
     vertex  4.347205e+02  9.423864e+01 -3.814000e+01
   endloop
 endfacet
 facet normal  0.000000e+00  0.000000e+00 -1.000000e+00
   outer loop
     vertex  4.360151e+02  9.312197e+01 -3.814000e+01
     vertex  4.349279e+02  9.410735e+01 -3.814000e+01
     vertex  4.351285e+02  9.396604e+01 -3.814000e+01
   endloop
 endfacet
 facet normal  0.000000e+00  0.000000e+00 -1.000000e+00
   outer loop
     vertex  4.360151e+02  9.312197e+01 -3.814000e+01
     vertex  4.347205e+02  9.423864e+01 -3.814000e+01
     vertex  4.349279e+02  9.410735e+01 -3.814000e+01
   endloop
 endfacet
 facet normal  0.000000e+00  0.000000e+00 -1.000000e+00
   outer loop
     vertex  4.355078e+02  9.365476e+01 -3.814000e+01
     vertex  4.358548e+02  9.330779e+01 -3.814000e+01
     vertex  4.360151e+02  9.312197e+01 -3.814000e+01
   endloop
 endfacet
 facet normal  0.000000e+00  0.000000e+00 -1.000000e+00
   outer loop
     vertex  4.355078e+02  9.365476e+01 -3.814000e+01
     vertex  4.351285e+02  9.396604e+01 -3.814000e+01
     vertex  4.353220e+02  9.381505e+01 -3.814000e+01
   endloop
 endfacet
 facet normal -0.000000e+00 -0.000000e+00 -1.000000e+00
   outer loop
     vertex  4.355078e+02  9.365476e+01 -3.814000e+01
     vertex  4.360151e+02  9.312197e+01 -3.814000e+01
     vertex  4.351285e+02  9.396604e+01 -3.814000e+01
   endloop
 endfacet
 facet normal -0.000000e+00 -0.000000e+00 -1.000000e+00
   outer loop
     vertex  4.356855e+02  9.348553e+01 -3.814000e+01
     vertex  4.358548e+02  9.330779e+01 -3.814000e+01
     vertex  4.355078e+02  9.365476e+01 -3.814000e+01
   endloop
 endfacet
 facet normal  0.000000e+00  1.000000e+00  0.000000e+00
   outer loop
     vertex  4.321500e+02  9.495000e+01 -2.814000e+01
     vertex  4.321500e+02  9.495000e+01 -3.814000e+01
     vertex  3.818500e+02  9.495000e+01 -3.814000e+01
   endloop
 endfacet
 facet normal  0.000000e+00  1.000000e+00  0.000000e+00
   outer loop
     vertex  4.321500e+02  9.495000e+01 -2.814000e+01
     vertex  3.818500e+02  9.495000e+01 -3.814000e+01
     vertex  3.818500e+02  9.495000e+01 -2.814000e+01
   endloop
 endfacet
 facet normal  9.996988e-01  2.454123e-02  0.000000e+00
   outer loop
     vertex  4.371440e+02  9.019534e+01 -2.814000e+01
     vertex  4.371500e+02  8.995000e+01 -3.814000e+01
     vertex  4.371440e+02  9.019534e+01 -3.814000e+01
   endloop
 endfacet
 facet normal  9.996988e-01  2.454123e-02  0.000000e+00
   outer loop
     vertex  4.371440e+02  9.019534e+01 -2.814000e+01
     vertex  4.371500e+02  8.995000e+01 -2.814000e+01
     vertex  4.371500e+02  8.995000e+01 -3.814000e+01
   endloop
 endfacet
 facet normal  9.972905e-01  7.356456e-02  0.000000e+00
   outer loop
     vertex  4.371259e+02  9.044009e+01 -2.814000e+01
     vertex  4.371440e+02  9.019534e+01 -3.814000e+01
     vertex  4.371259e+02  9.044009e+01 -3.814000e+01
   endloop
 endfacet
 facet normal  9.924795e-01  1.224107e-01  0.000000e+00
   outer loop
     vertex  4.371259e+02  9.044009e+01 -2.814000e+01
     vertex  4.371259e+02  9.044009e+01 -3.814000e+01
     vertex  4.370959e+02  9.068365e+01 -3.814000e+01
   endloop
 endfacet
 facet normal  9.972905e-01  7.356456e-02  0.000000e+00
   outer loop
     vertex  4.371259e+02  9.044009e+01 -2.814000e+01
     vertex  4.371440e+02  9.019534e+01 -2.814000e+01
     vertex  4.371440e+02  9.019534e+01 -3.814000e+01
   endloop
 endfacet
 facet normal  9.924795e-01  1.224107e-01  0.000000e+00
   outer loop
     vertex  4.370959e+02  9.068365e+01 -2.814000e+01
     vertex  4.371259e+02  9.044009e+01 -2.814000e+01
     vertex  4.370959e+02  9.068365e+01 -3.814000e+01
   endloop
 endfacet
 facet normal  9.852776e-01  1.709619e-01  0.000000e+00
   outer loop
     vertex  4.370539e+02  9.092545e+01 -2.814000e+01
     vertex  4.370959e+02  9.068365e+01 -3.814000e+01
     vertex  4.370539e+02  9.092545e+01 -3.814000e+01
   endloop
 endfacet
 facet normal  9.852776e-01  1.709619e-01  0.000000e+00
   outer loop
     vertex  4.370539e+02  9.092545e+01 -2.814000e+01
     vertex  4.370959e+02  9.068365e+01 -2.814000e+01
     vertex  4.370959e+02  9.068365e+01 -3.814000e+01
   endloop
 endfacet
 facet normal  9.757021e-01  2.191012e-01  0.000000e+00
   outer loop
     vertex  4.370002e+02  9.116490e+01 -2.814000e+01
     vertex  4.370539e+02  9.092545e+01 -3.814000e+01
     vertex  4.370002e+02  9.116490e+01 -3.814000e+01
   endloop
 endfacet
 facet normal  9.637761e-01  2.667128e-01  0.000000e+00
   outer loop
     vertex  4.370002e+02  9.116490e+01 -2.814000e+01
     vertex  4.370002e+02  9.116490e+01 -3.814000e+01
     vertex  4.369347e+02  9.140142e+01 -3.814000e+01
   endloop
 endfacet
 facet normal  9.757021e-01  2.191012e-01  0.000000e+00
   outer loop
     vertex  4.370002e+02  9.116490e+01 -2.814000e+01
     vertex  4.370539e+02  9.092545e+01 -2.814000e+01
     vertex  4.370539e+02  9.092545e+01 -3.814000e+01
   endloop
 endfacet
 facet normal  9.637761e-01  2.667128e-01  0.000000e+00
   outer loop
     vertex  4.369347e+02  9.140142e+01 -2.814000e+01
     vertex  4.370002e+02  9.116490e+01 -2.814000e+01
     vertex  4.369347e+02  9.140142e+01 -3.814000e+01
   endloop
 endfacet
 facet normal  9.495282e-01  3.136817e-01  0.000000e+00
   outer loop
     vertex  4.368577e+02  9.163445e+01 -2.814000e+01
     vertex  4.369347e+02  9.140142e+01 -3.814000e+01
     vertex  4.368577e+02  9.163445e+01 -3.814000e+01
   endloop
 endfacet
 facet normal  9.495282e-01  3.136817e-01  0.000000e+00
   outer loop
     vertex  4.368577e+02  9.163445e+01 -2.814000e+01
     vertex  4.369347e+02  9.140142e+01 -2.814000e+01
     vertex  4.369347e+02  9.140142e+01 -3.814000e+01
   endloop
 endfacet
 facet normal  9.329928e-01  3.598950e-01  0.000000e+00
   outer loop
     vertex  4.367694e+02  9.186342e+01 -2.814000e+01
     vertex  4.368577e+02  9.163445e+01 -3.814000e+01
     vertex  4.367694e+02  9.186342e+01 -3.814000e+01
   endloop
 endfacet
 facet normal  9.142098e-01  4.052413e-01  0.000000e+00
   outer loop
     vertex  4.367694e+02  9.186342e+01 -2.814000e+01
     vertex  4.367694e+02  9.186342e+01 -3.814000e+01
     vertex  4.366699e+02  9.208778e+01 -3.814000e+01
   endloop
 endfacet
 facet normal  9.329928e-01  3.598950e-01  0.000000e+00
   outer loop
     vertex  4.367694e+02  9.186342e+01 -2.814000e+01
     vertex  4.368577e+02  9.163445e+01 -2.814000e+01
     vertex  4.368577e+02  9.163445e+01 -3.814000e+01
   endloop
 endfacet
 facet normal  9.142098e-01  4.052413e-01  0.000000e+00
   outer loop
     vertex  4.366699e+02  9.208778e+01 -2.814000e+01
     vertex  4.367694e+02  9.186342e+01 -2.814000e+01
     vertex  4.366699e+02  9.208778e+01 -3.814000e+01
   endloop
 endfacet
 facet normal  8.932243e-01  4.496113e-01  0.000000e+00
   outer loop
     vertex  4.365596e+02  9.230698e+01 -2.814000e+01
     vertex  4.366699e+02  9.208778e+01 -3.814000e+01
     vertex  4.365596e+02  9.230698e+01 -3.814000e+01
   endloop
 endfacet
 facet normal  8.932243e-01  4.496113e-01  0.000000e+00
   outer loop
     vertex  4.365596e+02  9.230698e+01 -2.814000e+01
     vertex  4.366699e+02  9.208778e+01 -2.814000e+01
     vertex  4.366699e+02  9.208778e+01 -3.814000e+01
   endloop
 endfacet
 facet normal  8.700870e-01  4.928982e-01  0.000000e+00
   outer loop
     vertex  4.364386e+02  9.252051e+01 -2.814000e+01
     vertex  4.365596e+02  9.230698e+01 -3.814000e+01
     vertex  4.364386e+02  9.252051e+01 -3.814000e+01
   endloop
 endfacet
 facet normal  8.700870e-01  4.928982e-01  0.000000e+00
   outer loop
     vertex  4.364386e+02  9.252051e+01 -2.814000e+01
     vertex  4.365596e+02  9.230698e+01 -2.814000e+01
     vertex  4.365596e+02  9.230698e+01 -3.814000e+01
   endloop
 endfacet
 facet normal  8.448536e-01  5.349976e-01  0.000000e+00
   outer loop
     vertex  4.363073e+02  9.272785e+01 -2.814000e+01
     vertex  4.364386e+02  9.252051e+01 -3.814000e+01
     vertex  4.363073e+02  9.272785e+01 -3.814000e+01
   endloop
 endfacet
 facet normal  8.448536e-01  5.349976e-01  0.000000e+00
   outer loop
     vertex  4.363073e+02  9.272785e+01 -2.814000e+01
     vertex  4.364386e+02  9.252051e+01 -2.814000e+01
     vertex  4.364386e+02  9.252051e+01 -3.814000e+01
   endloop
 endfacet
 facet normal  8.175848e-01  5.758082e-01  0.000000e+00
   outer loop
     vertex  4.361660e+02  9.292850e+01 -2.814000e+01
     vertex  4.363073e+02  9.272785e+01 -3.814000e+01
     vertex  4.361660e+02  9.292850e+01 -3.814000e+01
   endloop
 endfacet
 facet normal  7.883464e-01  6.152316e-01  0.000000e+00
   outer loop
     vertex  4.361660e+02  9.292850e+01 -2.814000e+01
     vertex  4.361660e+02  9.292850e+01 -3.814000e+01
     vertex  4.360151e+02  9.312197e+01 -3.814000e+01
   endloop
 endfacet
 facet normal  8.175848e-01  5.758082e-01  0.000000e+00
   outer loop
     vertex  4.361660e+02  9.292850e+01 -2.814000e+01
     vertex  4.363073e+02  9.272785e+01 -2.814000e+01
     vertex  4.363073e+02  9.272785e+01 -3.814000e+01
   endloop
 endfacet
 facet normal  7.883464e-01  6.152316e-01  0.000000e+00
   outer loop
     vertex  4.360151e+02  9.312197e+01 -2.814000e+01
     vertex  4.361660e+02  9.292850e+01 -2.814000e+01
     vertex  4.360151e+02  9.312197e+01 -3.814000e+01
   endloop
 endfacet
 facet normal  7.572088e-01  6.531728e-01  0.000000e+00
   outer loop
     vertex  4.358548e+02  9.330779e+01 -2.814000e+01
     vertex  4.360151e+02  9.312197e+01 -3.814000e+01
     vertex  4.358548e+02  9.330779e+01 -3.814000e+01
   endloop
 endfacet
 facet normal  7.572088e-01  6.531728e-01  0.000000e+00
   outer loop
     vertex  4.358548e+02  9.330779e+01 -2.814000e+01
     vertex  4.360151e+02  9.312197e+01 -2.814000e+01
     vertex  4.360151e+02  9.312197e+01 -3.814000e+01
   endloop
 endfacet
 facet normal  7.242471e-01  6.895405e-01  0.000000e+00
   outer loop
     vertex  4.356855e+02  9.348553e+01 -2.814000e+01
     vertex  4.358548e+02  9.330779e+01 -3.814000e+01
     vertex  4.356855e+02  9.348553e+01 -3.814000e+01
   endloop
 endfacet
 facet normal  7.242471e-01  6.895405e-01  0.000000e+00
   outer loop
     vertex  4.356855e+02  9.348553e+01 -2.814000e+01
     vertex  4.358548e+02  9.330779e+01 -2.814000e+01
     vertex  4.358548e+02  9.330779e+01 -3.814000e+01
   endloop
 endfacet
 facet normal  6.895405e-01  7.242471e-01  0.000000e+00
   outer loop
     vertex  4.355078e+02  9.365476e+01 -2.814000e+01
     vertex  4.356855e+02  9.348553e+01 -3.814000e+01
     vertex  4.355078e+02  9.365476e+01 -3.814000e+01
   endloop
 endfacet
 facet normal  6.895405e-01  7.242471e-01  0.000000e+00
   outer loop
     vertex  4.355078e+02  9.365476e+01 -2.814000e+01
     vertex  4.356855e+02  9.348553e+01 -2.814000e+01
     vertex  4.356855e+02  9.348553e+01 -3.814000e+01
   endloop
 endfacet
 facet normal  6.531728e-01  7.572088e-01  0.000000e+00
   outer loop
     vertex  4.353220e+02  9.381505e+01 -2.814000e+01
     vertex  4.355078e+02  9.365476e+01 -3.814000e+01
     vertex  4.353220e+02  9.381505e+01 -3.814000e+01
   endloop
 endfacet
 facet normal  6.531728e-01  7.572088e-01  0.000000e+00
   outer loop
     vertex  4.353220e+02  9.381505e+01 -2.814000e+01
     vertex  4.355078e+02  9.365476e+01 -2.814000e+01
     vertex  4.355078e+02  9.365476e+01 -3.814000e+01
   endloop
 endfacet
 facet normal  6.152316e-01  7.883464e-01  0.000000e+00
   outer loop
     vertex  4.351285e+02  9.396604e+01 -2.814000e+01
     vertex  4.353220e+02  9.381505e+01 -3.814000e+01
     vertex  4.351285e+02  9.396604e+01 -3.814000e+01
   endloop
 endfacet
 facet normal  5.758082e-01  8.175848e-01  0.000000e+00
   outer loop
     vertex  4.351285e+02  9.396604e+01 -2.814000e+01
     vertex  4.351285e+02  9.396604e+01 -3.814000e+01
     vertex  4.349279e+02  9.410735e+01 -3.814000e+01
   endloop
 endfacet
 facet normal  6.152316e-01  7.883464e-01  0.000000e+00
   outer loop
     vertex  4.351285e+02  9.396604e+01 -2.814000e+01
     vertex  4.353220e+02  9.381505e+01 -2.814000e+01
     vertex  4.353220e+02  9.381505e+01 -3.814000e+01
   endloop
 endfacet
 facet normal  5.758082e-01  8.175848e-01  0.000000e+00
   outer loop
     vertex  4.349279e+02  9.410735e+01 -2.814000e+01
     vertex  4.351285e+02  9.396604e+01 -2.814000e+01
     vertex  4.349279e+02  9.410735e+01 -3.814000e+01
   endloop
 endfacet
 facet normal  5.349976e-01  8.448536e-01  0.000000e+00
   outer loop
     vertex  4.347205e+02  9.423864e+01 -2.814000e+01
     vertex  4.349279e+02  9.410735e+01 -3.814000e+01
     vertex  4.347205e+02  9.423864e+01 -3.814000e+01
   endloop
 endfacet
 facet normal  5.349976e-01  8.448536e-01  0.000000e+00
   outer loop
     vertex  4.347205e+02  9.423864e+01 -2.814000e+01
     vertex  4.349279e+02  9.410735e+01 -2.814000e+01
     vertex  4.349279e+02  9.410735e+01 -3.814000e+01
   endloop
 endfacet
 facet normal  4.928982e-01  8.700870e-01  0.000000e+00
   outer loop
     vertex  4.345070e+02  9.435961e+01 -2.814000e+01
     vertex  4.347205e+02  9.423864e+01 -3.814000e+01
     vertex  4.345070e+02  9.435961e+01 -3.814000e+01
   endloop
 endfacet
 facet normal  4.928982e-01  8.700870e-01  0.000000e+00
   outer loop
     vertex  4.345070e+02  9.435961e+01 -2.814000e+01
     vertex  4.347205e+02  9.423864e+01 -2.814000e+01
     vertex  4.347205e+02  9.423864e+01 -3.814000e+01
   endloop
 endfacet
 facet normal  4.496113e-01  8.932243e-01  0.000000e+00
   outer loop
     vertex  4.342878e+02  9.446995e+01 -2.814000e+01
     vertex  4.345070e+02  9.435961e+01 -3.814000e+01
     vertex  4.342878e+02  9.446995e+01 -3.814000e+01
   endloop
 endfacet
 facet normal  4.496113e-01  8.932243e-01  0.000000e+00
   outer loop
     vertex  4.342878e+02  9.446995e+01 -2.814000e+01
     vertex  4.345070e+02  9.435961e+01 -2.814000e+01
     vertex  4.345070e+02  9.435961e+01 -3.814000e+01
   endloop
 endfacet
 facet normal  4.052413e-01  9.142098e-01  0.000000e+00
   outer loop
     vertex  4.340634e+02  9.456940e+01 -2.814000e+01
     vertex  4.342878e+02  9.446995e+01 -3.814000e+01
     vertex  4.340634e+02  9.456940e+01 -3.814000e+01
   endloop
 endfacet
 facet normal  4.052413e-01  9.142098e-01  0.000000e+00
   outer loop
     vertex  4.340634e+02  9.456940e+01 -2.814000e+01
     vertex  4.342878e+02  9.446995e+01 -2.814000e+01
     vertex  4.342878e+02  9.446995e+01 -3.814000e+01
   endloop
 endfacet
 facet normal  3.598950e-01  9.329928e-01  0.000000e+00
   outer loop
     vertex  4.338344e+02  9.465772e+01 -2.814000e+01
     vertex  4.340634e+02  9.456940e+01 -3.814000e+01
     vertex  4.338344e+02  9.465772e+01 -3.814000e+01
   endloop
 endfacet
 facet normal  3.598950e-01  9.329928e-01  0.000000e+00
   outer loop
     vertex  4.338344e+02  9.465772e+01 -2.814000e+01
     vertex  4.340634e+02  9.456940e+01 -2.814000e+01
     vertex  4.340634e+02  9.456940e+01 -3.814000e+01
   endloop
 endfacet
 facet normal  3.136817e-01  9.495282e-01  0.000000e+00
   outer loop
     vertex  4.336014e+02  9.473470e+01 -2.814000e+01
     vertex  4.338344e+02  9.465772e+01 -3.814000e+01
     vertex  4.336014e+02  9.473470e+01 -3.814000e+01
   endloop
 endfacet
 facet normal  3.136817e-01  9.495282e-01  0.000000e+00
   outer loop
     vertex  4.336014e+02  9.473470e+01 -2.814000e+01
     vertex  4.338344e+02  9.465772e+01 -2.814000e+01
     vertex  4.338344e+02  9.465772e+01 -3.814000e+01
   endloop
 endfacet
 facet normal  2.667128e-01  9.637761e-01  0.000000e+00
   outer loop
     vertex  4.333649e+02  9.480016e+01 -2.814000e+01
     vertex  4.336014e+02  9.473470e+01 -3.814000e+01
     vertex  4.333649e+02  9.480016e+01 -3.814000e+01
   endloop
 endfacet
 facet normal  2.667128e-01  9.637761e-01  0.000000e+00
   outer loop
     vertex  4.333649e+02  9.480016e+01 -2.814000e+01
     vertex  4.336014e+02  9.473470e+01 -2.814000e+01
     vertex  4.336014e+02  9.473470e+01 -3.814000e+01
   endloop
 endfacet
 facet normal  2.191012e-01  9.757021e-01  0.000000e+00
   outer loop
     vertex  4.331255e+02  9.485393e+01 -2.814000e+01
     vertex  4.333649e+02  9.480016e+01 -3.814000e+01
     vertex  4.331255e+02  9.485393e+01 -3.814000e+01
   endloop
 endfacet
 facet normal  2.191012e-01  9.757021e-01  0.000000e+00
   outer loop
     vertex  4.331255e+02  9.485393e+01 -2.814000e+01
     vertex  4.333649e+02  9.480016e+01 -2.814000e+01
     vertex  4.333649e+02  9.480016e+01 -3.814000e+01
   endloop
 endfacet
 facet normal  1.709619e-01  9.852776e-01  0.000000e+00
   outer loop
     vertex  4.328837e+02  9.489588e+01 -2.814000e+01
     vertex  4.331255e+02  9.485393e+01 -3.814000e+01
     vertex  4.328837e+02  9.489588e+01 -3.814000e+01
   endloop
 endfacet
 facet normal  1.224107e-01  9.924795e-01  0.000000e+00
   outer loop
     vertex  4.328837e+02  9.489588e+01 -2.814000e+01
     vertex  4.328837e+02  9.489588e+01 -3.814000e+01
     vertex  4.326401e+02  9.492592e+01 -3.814000e+01
   endloop
 endfacet
 facet normal  1.709619e-01  9.852776e-01  0.000000e+00
   outer loop
     vertex  4.328837e+02  9.489588e+01 -2.814000e+01
     vertex  4.331255e+02  9.485393e+01 -2.814000e+01
     vertex  4.331255e+02  9.485393e+01 -3.814000e+01
   endloop
 endfacet
 facet normal  1.224107e-01  9.924795e-01  0.000000e+00
   outer loop
     vertex  4.326401e+02  9.492592e+01 -2.814000e+01
     vertex  4.328837e+02  9.489588e+01 -2.814000e+01
     vertex  4.326401e+02  9.492592e+01 -3.814000e+01
   endloop
 endfacet
 facet normal  7.356456e-02  9.972905e-01  0.000000e+00
   outer loop
     vertex  4.323953e+02  9.494398e+01 -2.814000e+01
     vertex  4.326401e+02  9.492592e+01 -3.814000e+01
     vertex  4.323953e+02  9.494398e+01 -3.814000e+01
   endloop
 endfacet
 facet normal  2.454123e-02  9.996988e-01  0.000000e+00
   outer loop
     vertex  4.323953e+02  9.494398e+01 -2.814000e+01
     vertex  4.323953e+02  9.494398e+01 -3.814000e+01
     vertex  4.321500e+02  9.495000e+01 -3.814000e+01
   endloop
 endfacet
 facet normal  7.356456e-02  9.972905e-01  0.000000e+00
   outer loop
     vertex  4.323953e+02  9.494398e+01 -2.814000e+01
     vertex  4.326401e+02  9.492592e+01 -2.814000e+01
     vertex  4.326401e+02  9.492592e+01 -3.814000e+01
   endloop
 endfacet
 facet normal  2.454123e-02  9.996988e-01  0.000000e+00
   outer loop
     vertex  4.321500e+02  9.495000e+01 -2.814000e+01
     vertex  4.323953e+02  9.494398e+01 -2.814000e+01
     vertex  4.321500e+02  9.495000e+01 -3.814000e+01
   endloop
 endfacet
 facet normal  1.000000e+00  0.000000e+00  0.000000e+00
   outer loop
     vertex  4.371500e+02  3.965000e+01 -2.814000e+01
     vertex  4.371500e+02  3.965000e+01 -3.814000e+01
     vertex  4.371500e+02  8.995000e+01 -3.814000e+01
   endloop
 endfacet
 facet normal  1.000000e+00 -0.000000e+00  0.000000e+00
   outer loop
     vertex  4.371500e+02  3.965000e+01 -2.814000e+01
     vertex  4.371500e+02  8.995000e+01 -3.814000e+01
     vertex  4.371500e+02  8.995000e+01 -2.814000e+01
   endloop
 endfacet
 facet normal  9.996988e-01 -2.454123e-02  0.000000e+00
   outer loop
     vertex  4.371500e+02  3.965000e+01 -2.814000e+01
     vertex  4.371440e+02  3.940466e+01 -3.814000e+01
     vertex  4.371500e+02  3.965000e+01 -3.814000e+01
   endloop
 endfacet
 facet normal  9.996988e-01 -2.454123e-02  0.000000e+00
   outer loop
     vertex  4.371440e+02  3.940466e+01 -2.814000e+01
     vertex  4.371440e+02  3.940466e+01 -3.814000e+01
     vertex  4.371500e+02  3.965000e+01 -2.814000e+01
   endloop
 endfacet
 facet normal  9.972905e-01 -7.356456e-02  0.000000e+00
   outer loop
     vertex  4.371259e+02  3.915991e+01 -2.814000e+01
     vertex  4.371259e+02  3.915991e+01 -3.814000e+01
     vertex  4.371440e+02  3.940466e+01 -3.814000e+01
   endloop
 endfacet
 facet normal  9.924795e-01 -1.224107e-01  0.000000e+00
   outer loop
     vertex  4.371259e+02  3.915991e+01 -2.814000e+01
     vertex  4.370959e+02  3.891635e+01 -3.814000e+01
     vertex  4.371259e+02  3.915991e+01 -3.814000e+01
   endloop
 endfacet
 facet normal  9.972905e-01 -7.356456e-02  0.000000e+00
   outer loop
     vertex  4.371259e+02  3.915991e+01 -2.814000e+01
     vertex  4.371440e+02  3.940466e+01 -3.814000e+01
     vertex  4.371440e+02  3.940466e+01 -2.814000e+01
   endloop
 endfacet
 facet normal  9.924795e-01 -1.224107e-01  0.000000e+00
   outer loop
     vertex  4.370959e+02  3.891635e+01 -2.814000e+01
     vertex  4.370959e+02  3.891635e+01 -3.814000e+01
     vertex  4.371259e+02  3.915991e+01 -2.814000e+01
   endloop
 endfacet
 facet normal  9.852776e-01 -1.709619e-01  0.000000e+00
   outer loop
     vertex  4.370539e+02  3.867455e+01 -2.814000e+01
     vertex  4.370539e+02  3.867455e+01 -3.814000e+01
     vertex  4.370959e+02  3.891635e+01 -3.814000e+01
   endloop
 endfacet
 facet normal  9.852776e-01 -1.709619e-01  0.000000e+00
   outer loop
     vertex  4.370539e+02  3.867455e+01 -2.814000e+01
     vertex  4.370959e+02  3.891635e+01 -3.814000e+01
     vertex  4.370959e+02  3.891635e+01 -2.814000e+01
   endloop
 endfacet
 facet normal  9.757021e-01 -2.191012e-01  0.000000e+00
   outer loop
     vertex  4.370002e+02  3.843510e+01 -2.814000e+01
     vertex  4.370002e+02  3.843510e+01 -3.814000e+01
     vertex  4.370539e+02  3.867455e+01 -3.814000e+01
   endloop
 endfacet
 facet normal  9.637761e-01 -2.667128e-01  0.000000e+00
   outer loop
     vertex  4.370002e+02  3.843510e+01 -2.814000e+01
     vertex  4.369347e+02  3.819858e+01 -3.814000e+01
     vertex  4.370002e+02  3.843510e+01 -3.814000e+01
   endloop
 endfacet
 facet normal  9.757021e-01 -2.191012e-01  0.000000e+00
   outer loop
     vertex  4.370002e+02  3.843510e+01 -2.814000e+01
     vertex  4.370539e+02  3.867455e+01 -3.814000e+01
     vertex  4.370539e+02  3.867455e+01 -2.814000e+01
   endloop
 endfacet
 facet normal  9.637761e-01 -2.667128e-01  0.000000e+00
   outer loop
     vertex  4.369347e+02  3.819858e+01 -2.814000e+01
     vertex  4.369347e+02  3.819858e+01 -3.814000e+01
     vertex  4.370002e+02  3.843510e+01 -2.814000e+01
   endloop
 endfacet
 facet normal  9.495282e-01 -3.136817e-01  0.000000e+00
   outer loop
     vertex  4.368577e+02  3.796555e+01 -2.814000e+01
     vertex  4.368577e+02  3.796555e+01 -3.814000e+01
     vertex  4.369347e+02  3.819858e+01 -3.814000e+01
   endloop
 endfacet
 facet normal  9.495282e-01 -3.136817e-01  0.000000e+00
   outer loop
     vertex  4.368577e+02  3.796555e+01 -2.814000e+01
     vertex  4.369347e+02  3.819858e+01 -3.814000e+01
     vertex  4.369347e+02  3.819858e+01 -2.814000e+01
   endloop
 endfacet
 facet normal  9.329928e-01 -3.598950e-01  0.000000e+00
   outer loop
     vertex  4.367694e+02  3.773658e+01 -2.814000e+01
     vertex  4.367694e+02  3.773658e+01 -3.814000e+01
     vertex  4.368577e+02  3.796555e+01 -3.814000e+01
   endloop
 endfacet
 facet normal  9.329928e-01 -3.598950e-01  0.000000e+00
   outer loop
     vertex  4.367694e+02  3.773658e+01 -2.814000e+01
     vertex  4.368577e+02  3.796555e+01 -3.814000e+01
     vertex  4.368577e+02  3.796555e+01 -2.814000e+01
   endloop
 endfacet
 facet normal  9.142098e-01 -4.052413e-01  0.000000e+00
   outer loop
     vertex  4.366699e+02  3.751222e+01 -2.814000e+01
     vertex  4.367694e+02  3.773658e+01 -3.814000e+01
     vertex  4.367694e+02  3.773658e+01 -2.814000e+01
   endloop
 endfacet
 facet normal  9.142098e-01 -4.052413e-01  0.000000e+00
   outer loop
     vertex  4.366699e+02  3.751222e+01 -2.814000e+01
     vertex  4.366699e+02  3.751222e+01 -3.814000e+01
     vertex  4.367694e+02  3.773658e+01 -3.814000e+01
   endloop
 endfacet
 facet normal  8.932243e-01 -4.496113e-01  0.000000e+00
   outer loop
     vertex  4.365596e+02  3.729302e+01 -2.814000e+01
     vertex  4.365596e+02  3.729302e+01 -3.814000e+01
     vertex  4.366699e+02  3.751222e+01 -3.814000e+01
   endloop
 endfacet
 facet normal  8.932243e-01 -4.496113e-01  0.000000e+00
   outer loop
     vertex  4.365596e+02  3.729302e+01 -2.814000e+01
     vertex  4.366699e+02  3.751222e+01 -3.814000e+01
     vertex  4.366699e+02  3.751222e+01 -2.814000e+01
   endloop
 endfacet
 facet normal  8.700870e-01 -4.928982e-01  0.000000e+00
   outer loop
     vertex  4.364386e+02  3.707949e+01 -2.814000e+01
     vertex  4.364386e+02  3.707949e+01 -3.814000e+01
     vertex  4.365596e+02  3.729302e+01 -3.814000e+01
   endloop
 endfacet
 facet normal  8.448536e-01 -5.349976e-01  0.000000e+00
   outer loop
     vertex  4.364386e+02  3.707949e+01 -2.814000e+01
     vertex  4.363073e+02  3.687215e+01 -3.814000e+01
     vertex  4.364386e+02  3.707949e+01 -3.814000e+01
   endloop
 endfacet
 facet normal  8.700870e-01 -4.928982e-01  0.000000e+00
   outer loop
     vertex  4.364386e+02  3.707949e+01 -2.814000e+01
     vertex  4.365596e+02  3.729302e+01 -3.814000e+01
     vertex  4.365596e+02  3.729302e+01 -2.814000e+01
   endloop
 endfacet
 facet normal  8.448536e-01 -5.349976e-01  0.000000e+00
   outer loop
     vertex  4.363073e+02  3.687215e+01 -2.814000e+01
     vertex  4.363073e+02  3.687215e+01 -3.814000e+01
     vertex  4.364386e+02  3.707949e+01 -2.814000e+01
   endloop
 endfacet
 facet normal  8.175848e-01 -5.758082e-01  0.000000e+00
   outer loop
     vertex  4.361660e+02  3.667150e+01 -2.814000e+01
     vertex  4.361660e+02  3.667150e+01 -3.814000e+01
     vertex  4.363073e+02  3.687215e+01 -3.814000e+01
   endloop
 endfacet
 facet normal  8.175848e-01 -5.758082e-01  0.000000e+00
   outer loop
     vertex  4.361660e+02  3.667150e+01 -2.814000e+01
     vertex  4.363073e+02  3.687215e+01 -3.814000e+01
     vertex  4.363073e+02  3.687215e+01 -2.814000e+01
   endloop
 endfacet
 facet normal  7.883464e-01 -6.152316e-01  0.000000e+00
   outer loop
     vertex  4.360151e+02  3.647803e+01 -2.814000e+01
     vertex  4.360151e+02  3.647803e+01 -3.814000e+01
     vertex  4.361660e+02  3.667150e+01 -3.814000e+01
   endloop
 endfacet
 facet normal  7.883464e-01 -6.152316e-01  0.000000e+00
   outer loop
     vertex  4.360151e+02  3.647803e+01 -2.814000e+01
     vertex  4.361660e+02  3.667150e+01 -3.814000e+01
     vertex  4.361660e+02  3.667150e+01 -2.814000e+01
   endloop
 endfacet
 facet normal  7.572088e-01 -6.531728e-01  0.000000e+00
   outer loop
     vertex  4.358548e+02  3.629221e+01 -2.814000e+01
     vertex  4.358548e+02  3.629221e+01 -3.814000e+01
     vertex  4.360151e+02  3.647803e+01 -3.814000e+01
   endloop
 endfacet
 facet normal  7.572088e-01 -6.531728e-01  0.000000e+00
   outer loop
     vertex  4.358548e+02  3.629221e+01 -2.814000e+01
     vertex  4.360151e+02  3.647803e+01 -3.814000e+01
     vertex  4.360151e+02  3.647803e+01 -2.814000e+01
   endloop
 endfacet
 facet normal  7.242471e-01 -6.895405e-01  0.000000e+00
   outer loop
     vertex  4.356855e+02  3.611447e+01 -2.814000e+01
     vertex  4.356855e+02  3.611447e+01 -3.814000e+01
     vertex  4.358548e+02  3.629221e+01 -3.814000e+01
   endloop
 endfacet
 facet normal  7.242471e-01 -6.895405e-01  0.000000e+00
   outer loop
     vertex  4.356855e+02  3.611447e+01 -2.814000e+01
     vertex  4.358548e+02  3.629221e+01 -3.814000e+01
     vertex  4.358548e+02  3.629221e+01 -2.814000e+01
   endloop
 endfacet
 facet normal  6.895405e-01 -7.242471e-01  0.000000e+00
   outer loop
     vertex  4.355078e+02  3.594524e+01 -2.814000e+01
     vertex  4.355078e+02  3.594524e+01 -3.814000e+01
     vertex  4.356855e+02  3.611447e+01 -3.814000e+01
   endloop
 endfacet
 facet normal  6.895405e-01 -7.242471e-01  0.000000e+00
   outer loop
     vertex  4.355078e+02  3.594524e+01 -2.814000e+01
     vertex  4.356855e+02  3.611447e+01 -3.814000e+01
     vertex  4.356855e+02  3.611447e+01 -2.814000e+01
   endloop
 endfacet
 facet normal  6.531728e-01 -7.572088e-01  0.000000e+00
   outer loop
     vertex  4.353220e+02  3.578495e+01 -2.814000e+01
     vertex  4.353220e+02  3.578495e+01 -3.814000e+01
     vertex  4.355078e+02  3.594524e+01 -3.814000e+01
   endloop
 endfacet
 facet normal  6.531728e-01 -7.572088e-01  0.000000e+00
   outer loop
     vertex  4.353220e+02  3.578495e+01 -2.814000e+01
     vertex  4.355078e+02  3.594524e+01 -3.814000e+01
     vertex  4.355078e+02  3.594524e+01 -2.814000e+01
   endloop
 endfacet
 facet normal  6.152316e-01 -7.883464e-01  0.000000e+00
   outer loop
     vertex  4.351285e+02  3.563396e+01 -2.814000e+01
     vertex  4.351285e+02  3.563396e+01 -3.814000e+01
     vertex  4.353220e+02  3.578495e+01 -3.814000e+01
   endloop
 endfacet
 facet normal  6.152316e-01 -7.883464e-01  0.000000e+00
   outer loop
     vertex  4.351285e+02  3.563396e+01 -2.814000e+01
     vertex  4.353220e+02  3.578495e+01 -3.814000e+01
     vertex  4.353220e+02  3.578495e+01 -2.814000e+01
   endloop
 endfacet
 facet normal  5.758082e-01 -8.175848e-01  0.000000e+00
   outer loop
     vertex  4.349279e+02  3.549265e+01 -2.814000e+01
     vertex  4.349279e+02  3.549265e+01 -3.814000e+01
     vertex  4.351285e+02  3.563396e+01 -3.814000e+01
   endloop
 endfacet
 facet normal  5.758082e-01 -8.175848e-01  0.000000e+00
   outer loop
     vertex  4.349279e+02  3.549265e+01 -2.814000e+01
     vertex  4.351285e+02  3.563396e+01 -3.814000e+01
     vertex  4.351285e+02  3.563396e+01 -2.814000e+01
   endloop
 endfacet
 facet normal  5.349976e-01 -8.448536e-01  0.000000e+00
   outer loop
     vertex  4.347205e+02  3.536136e+01 -2.814000e+01
     vertex  4.347205e+02  3.536136e+01 -3.814000e+01
     vertex  4.349279e+02  3.549265e+01 -3.814000e+01
   endloop
 endfacet
 facet normal  5.349976e-01 -8.448536e-01  0.000000e+00
   outer loop
     vertex  4.347205e+02  3.536136e+01 -2.814000e+01
     vertex  4.349279e+02  3.549265e+01 -3.814000e+01
     vertex  4.349279e+02  3.549265e+01 -2.814000e+01
   endloop
 endfacet
 facet normal  4.928982e-01 -8.700870e-01  0.000000e+00
   outer loop
     vertex  4.345070e+02  3.524039e+01 -2.814000e+01
     vertex  4.345070e+02  3.524039e+01 -3.814000e+01
     vertex  4.347205e+02  3.536136e+01 -3.814000e+01
   endloop
 endfacet
 facet normal  4.928982e-01 -8.700870e-01  0.000000e+00
   outer loop
     vertex  4.345070e+02  3.524039e+01 -2.814000e+01
     vertex  4.347205e+02  3.536136e+01 -3.814000e+01
     vertex  4.347205e+02  3.536136e+01 -2.814000e+01
   endloop
 endfacet
 facet normal  4.496113e-01 -8.932243e-01  0.000000e+00
   outer loop
     vertex  4.342878e+02  3.513005e+01 -2.814000e+01
     vertex  4.342878e+02  3.513005e+01 -3.814000e+01
     vertex  4.345070e+02  3.524039e+01 -3.814000e+01
   endloop
 endfacet
 facet normal  4.496113e-01 -8.932243e-01  0.000000e+00
   outer loop
     vertex  4.342878e+02  3.513005e+01 -2.814000e+01
     vertex  4.345070e+02  3.524039e+01 -3.814000e+01
     vertex  4.345070e+02  3.524039e+01 -2.814000e+01
   endloop
 endfacet
 facet normal  4.052413e-01 -9.142098e-01  0.000000e+00
   outer loop
     vertex  4.340634e+02  3.503060e+01 -2.814000e+01
     vertex  4.340634e+02  3.503060e+01 -3.814000e+01
     vertex  4.342878e+02  3.513005e+01 -3.814000e+01
   endloop
 endfacet
 facet normal  4.052413e-01 -9.142098e-01  0.000000e+00
   outer loop
     vertex  4.340634e+02  3.503060e+01 -2.814000e+01
     vertex  4.342878e+02  3.513005e+01 -3.814000e+01
     vertex  4.342878e+02  3.513005e+01 -2.814000e+01
   endloop
 endfacet
 facet normal  3.598950e-01 -9.329928e-01  0.000000e+00
   outer loop
     vertex  4.338344e+02  3.494228e+01 -2.814000e+01
     vertex  4.338344e+02  3.494228e+01 -3.814000e+01
     vertex  4.340634e+02  3.503060e+01 -3.814000e+01
   endloop
 endfacet
 facet normal  3.598950e-01 -9.329928e-01  0.000000e+00
   outer loop
     vertex  4.338344e+02  3.494228e+01 -2.814000e+01
     vertex  4.340634e+02  3.503060e+01 -3.814000e+01
     vertex  4.340634e+02  3.503060e+01 -2.814000e+01
   endloop
 endfacet
 facet normal  3.136817e-01 -9.495282e-01  0.000000e+00
   outer loop
     vertex  4.336014e+02  3.486530e+01 -2.814000e+01
     vertex  4.336014e+02  3.486530e+01 -3.814000e+01
     vertex  4.338344e+02  3.494228e+01 -3.814000e+01
   endloop
 endfacet
 facet normal  3.136817e-01 -9.495282e-01  0.000000e+00
   outer loop
     vertex  4.336014e+02  3.486530e+01 -2.814000e+01
     vertex  4.338344e+02  3.494228e+01 -3.814000e+01
     vertex  4.338344e+02  3.494228e+01 -2.814000e+01
   endloop
 endfacet
 facet normal  2.667128e-01 -9.637761e-01  0.000000e+00
   outer loop
     vertex  4.333649e+02  3.479984e+01 -2.814000e+01
     vertex  4.333649e+02  3.479984e+01 -3.814000e+01
     vertex  4.336014e+02  3.486530e+01 -3.814000e+01
   endloop
 endfacet
 facet normal  2.667128e-01 -9.637761e-01  0.000000e+00
   outer loop
     vertex  4.333649e+02  3.479984e+01 -2.814000e+01
     vertex  4.336014e+02  3.486530e+01 -3.814000e+01
     vertex  4.336014e+02  3.486530e+01 -2.814000e+01
   endloop
 endfacet
 facet normal  2.191012e-01 -9.757021e-01  0.000000e+00
   outer loop
     vertex  4.331255e+02  3.474607e+01 -2.814000e+01
     vertex  4.331255e+02  3.474607e+01 -3.814000e+01
     vertex  4.333649e+02  3.479984e+01 -3.814000e+01
   endloop
 endfacet
 facet normal  2.191012e-01 -9.757021e-01  0.000000e+00
   outer loop
     vertex  4.331255e+02  3.474607e+01 -2.814000e+01
     vertex  4.333649e+02  3.479984e+01 -3.814000e+01
     vertex  4.333649e+02  3.479984e+01 -2.814000e+01
   endloop
 endfacet
 facet normal  1.709619e-01 -9.852776e-01  0.000000e+00
   outer loop
     vertex  4.328837e+02  3.470412e+01 -2.814000e+01
     vertex  4.328837e+02  3.470412e+01 -3.814000e+01
     vertex  4.331255e+02  3.474607e+01 -3.814000e+01
   endloop
 endfacet
 facet normal  1.709619e-01 -9.852776e-01  0.000000e+00
   outer loop
     vertex  4.328837e+02  3.470412e+01 -2.814000e+01
     vertex  4.331255e+02  3.474607e+01 -3.814000e+01
     vertex  4.331255e+02  3.474607e+01 -2.814000e+01
   endloop
 endfacet
 facet normal  1.224107e-01 -9.924795e-01  0.000000e+00
   outer loop
     vertex  4.326401e+02  3.467408e+01 -2.814000e+01
     vertex  4.326401e+02  3.467408e+01 -3.814000e+01
     vertex  4.328837e+02  3.470412e+01 -3.814000e+01
   endloop
 endfacet
 facet normal  7.356456e-02 -9.972905e-01  0.000000e+00
   outer loop
     vertex  4.326401e+02  3.467408e+01 -2.814000e+01
     vertex  4.323953e+02  3.465602e+01 -3.814000e+01
     vertex  4.326401e+02  3.467408e+01 -3.814000e+01
   endloop
 endfacet
 facet normal  1.224107e-01 -9.924795e-01  0.000000e+00
   outer loop
     vertex  4.326401e+02  3.467408e+01 -2.814000e+01
     vertex  4.328837e+02  3.470412e+01 -3.814000e+01
     vertex  4.328837e+02  3.470412e+01 -2.814000e+01
   endloop
 endfacet
 facet normal  7.356456e-02 -9.972905e-01  0.000000e+00
   outer loop
     vertex  4.323953e+02  3.465602e+01 -2.814000e+01
     vertex  4.323953e+02  3.465602e+01 -3.814000e+01
     vertex  4.326401e+02  3.467408e+01 -2.814000e+01
   endloop
 endfacet
 facet normal  2.454123e-02 -9.996988e-01  0.000000e+00
   outer loop
     vertex  4.323953e+02  3.465602e+01 -2.814000e+01
     vertex  4.321500e+02  3.465000e+01 -3.814000e+01
     vertex  4.323953e+02  3.465602e+01 -3.814000e+01
   endloop
 endfacet
 facet normal  2.454123e-02 -9.996988e-01  0.000000e+00
   outer loop
     vertex  4.321500e+02  3.465000e+01 -2.814000e+01
     vertex  4.321500e+02  3.465000e+01 -3.814000e+01
     vertex  4.323953e+02  3.465602e+01 -2.814000e+01
   endloop
 endfacet
 facet normal  0.000000e+00 -1.000000e+00 -0.000000e+00
   outer loop
     vertex  4.321500e+02  3.465000e+01 -2.814000e+01
     vertex  3.818500e+02  3.465000e+01 -3.814000e+01
     vertex  4.321500e+02  3.465000e+01 -3.814000e+01
   endloop
 endfacet
 facet normal -0.000000e+00 -1.000000e+00  0.000000e+00
   outer loop
     vertex  4.321500e+02  3.465000e+01 -2.814000e+01
     vertex  3.818500e+02  3.465000e+01 -2.814000e+01
     vertex  3.818500e+02  3.465000e+01 -3.814000e+01
   endloop
 endfacet
 facet normal -9.955865e-01 -9.384890e-02 -4.183870e-12
   outer loop
     vertex  3.799928e+02  3.500772e+01 -2.814000e+01
     vertex  3.799789e+02  3.515521e+01 -3.014000e+01
     vertex  3.799928e+02  3.500772e+01 -3.014000e+01
   endloop
 endfacet
 facet normal -9.897396e-01 -1.428830e-01  7.119992e-14
   outer loop
     vertex  3.799789e+02  3.515521e+01 -2.814000e+01
     vertex  3.799577e+02  3.530183e+01 -3.014000e+01
     vertex  3.799789e+02  3.515521e+01 -3.014000e+01
   endloop
 endfacet
 facet normal -9.955865e-01 -9.384890e-02 -4.161214e-14
   outer loop
     vertex  3.799789e+02  3.515521e+01 -2.814000e+01
     vertex  3.799789e+02  3.515521e+01 -3.014000e+01
     vertex  3.799928e+02  3.500772e+01 -2.814000e+01
   endloop
 endfacet
 facet normal -9.814792e-01 -1.915687e-01  6.476180e-14
   outer loop
     vertex  3.799577e+02  3.530183e+01 -2.814000e+01
     vertex  3.799294e+02  3.544723e+01 -3.014000e+01
     vertex  3.799577e+02  3.530183e+01 -3.014000e+01
   endloop
 endfacet
 facet normal -9.897396e-01 -1.428830e-01 -3.958671e-14
   outer loop
     vertex  3.799577e+02  3.530183e+01 -2.814000e+01
     vertex  3.799577e+02  3.530183e+01 -3.014000e+01
     vertex  3.799789e+02  3.515521e+01 -2.814000e+01
   endloop
 endfacet
 facet normal -9.708255e-01 -2.397873e-01  4.102438e-14
   outer loop
     vertex  3.799294e+02  3.544723e+01 -2.814000e+01
     vertex  3.798938e+02  3.559105e+01 -3.014000e+01
     vertex  3.799294e+02  3.544723e+01 -3.014000e+01
   endloop
 endfacet
 facet normal -9.814792e-01 -1.915687e-01 -5.499535e-14
   outer loop
     vertex  3.799294e+02  3.544723e+01 -2.814000e+01
     vertex  3.799294e+02  3.544723e+01 -3.014000e+01
     vertex  3.799577e+02  3.530183e+01 -2.814000e+01
   endloop
 endfacet
 facet normal -9.578043e-01 -2.874211e-01  5.662315e-14
   outer loop
     vertex  3.798938e+02  3.559105e+01 -2.814000e+01
     vertex  3.798512e+02  3.573295e+01 -3.014000e+01
     vertex  3.798938e+02  3.559105e+01 -3.014000e+01
   endloop
 endfacet
 facet normal -9.708255e-01 -2.397873e-01 -3.086670e-14
   outer loop
     vertex  3.798938e+02  3.559105e+01 -2.814000e+01
     vertex  3.798938e+02  3.559105e+01 -3.014000e+01
     vertex  3.799294e+02  3.544723e+01 -2.814000e+01
   endloop
 endfacet
 facet normal -9.424476e-01 -3.343540e-01  2.863406e-14
   outer loop
     vertex  3.798512e+02  3.573295e+01 -2.814000e+01
     vertex  3.798017e+02  3.587257e+01 -3.014000e+01
     vertex  3.798512e+02  3.573295e+01 -3.014000e+01
   endloop
 endfacet
 facet normal -9.578043e-01 -2.874211e-01 -5.092021e-14
   outer loop
     vertex  3.798512e+02  3.573295e+01 -2.814000e+01
     vertex  3.798512e+02  3.573295e+01 -3.014000e+01
     vertex  3.798938e+02  3.559105e+01 -2.814000e+01
   endloop
 endfacet
 facet normal -9.247926e-01 -3.804716e-01  3.782975e-14
   outer loop
     vertex  3.798017e+02  3.587257e+01 -2.814000e+01
     vertex  3.797453e+02  3.600957e+01 -3.014000e+01
     vertex  3.798017e+02  3.587257e+01 -3.014000e+01
   endloop
 endfacet
 facet normal -9.424476e-01 -3.343540e-01 -3.313487e-14
   outer loop
     vertex  3.798017e+02  3.587257e+01 -2.814000e+01
     vertex  3.798017e+02  3.587257e+01 -3.014000e+01
     vertex  3.798512e+02  3.573295e+01 -2.814000e+01
   endloop
 endfacet
 facet normal -9.048825e-01 -4.256614e-01  3.006497e-14
   outer loop
     vertex  3.797453e+02  3.600957e+01 -2.814000e+01
     vertex  3.796823e+02  3.614362e+01 -3.014000e+01
     vertex  3.797453e+02  3.600957e+01 -3.014000e+01
   endloop
 endfacet
 facet normal -9.247926e-01 -3.804716e-01 -3.245899e-14
   outer loop
     vertex  3.797453e+02  3.600957e+01 -2.814000e+01
     vertex  3.797453e+02  3.600957e+01 -3.014000e+01
     vertex  3.798017e+02  3.587257e+01 -2.814000e+01
   endloop
 endfacet
 facet normal -8.827658e-01 -4.698132e-01  3.414973e-14
   outer loop
     vertex  3.796823e+02  3.614362e+01 -2.814000e+01
     vertex  3.796127e+02  3.627440e+01 -3.014000e+01
     vertex  3.796823e+02  3.614362e+01 -3.014000e+01
   endloop
 endfacet
 facet normal -9.048825e-01 -4.256614e-01 -1.982938e-14
   outer loop
     vertex  3.796823e+02  3.614362e+01 -2.814000e+01
     vertex  3.796823e+02  3.614362e+01 -3.014000e+01
     vertex  3.797453e+02  3.600957e+01 -2.814000e+01
   endloop
 endfacet
 facet normal -8.827658e-01 -4.698132e-01 -2.254704e-14
   outer loop
     vertex  3.796127e+02  3.627440e+01 -2.814000e+01
     vertex  3.796127e+02  3.627440e+01 -3.014000e+01
     vertex  3.796823e+02  3.614362e+01 -2.814000e+01
   endloop
 endfacet
 facet normal -8.584965e-01 -5.128194e-01  2.317239e-14
   outer loop
     vertex  3.796127e+02  3.627440e+01 -2.814000e+01
     vertex  3.795367e+02  3.640158e+01 -3.014000e+01
     vertex  3.796127e+02  3.627440e+01 -3.014000e+01
   endloop
 endfacet
 facet normal -8.584965e-01 -5.128194e-01 -3.623510e-14
   outer loop
     vertex  3.795367e+02  3.640158e+01 -2.814000e+01
     vertex  3.795367e+02  3.640158e+01 -3.014000e+01
     vertex  3.796127e+02  3.627440e+01 -2.814000e+01
   endloop
 endfacet
 facet normal -8.321337e-01 -5.545750e-01  1.854634e-15
   outer loop
     vertex  3.795367e+02  3.640158e+01 -2.814000e+01
     vertex  3.794546e+02  3.652486e+01 -3.014000e+01
     vertex  3.795367e+02  3.640158e+01 -3.014000e+01
   endloop
 endfacet
 facet normal -8.321337e-01 -5.545750e-01 -1.782471e-14
   outer loop
     vertex  3.794546e+02  3.652486e+01 -2.814000e+01
     vertex  3.794546e+02  3.652486e+01 -3.014000e+01
     vertex  3.795367e+02  3.640158e+01 -2.814000e+01
   endloop
 endfacet
 facet normal -8.037417e-01 -5.949783e-01  1.123675e-14
   outer loop
     vertex  3.794546e+02  3.652486e+01 -2.814000e+01
     vertex  3.793664e+02  3.664393e+01 -3.014000e+01
     vertex  3.794546e+02  3.652486e+01 -3.014000e+01
   endloop
 endfacet
 facet normal -7.733898e-01 -6.339307e-01  1.162267e-14
   outer loop
     vertex  3.793664e+02  3.664393e+01 -2.814000e+01
     vertex  3.792725e+02  3.675850e+01 -3.014000e+01
     vertex  3.793664e+02  3.664393e+01 -3.014000e+01
   endloop
 endfacet
 facet normal -8.037417e-01 -5.949783e-01 -9.011182e-15
   outer loop
     vertex  3.793664e+02  3.664393e+01 -2.814000e+01
     vertex  3.793664e+02  3.664393e+01 -3.014000e+01
     vertex  3.794546e+02  3.652486e+01 -2.814000e+01
   endloop
 endfacet
 facet normal -7.411520e-01 -6.713373e-01  1.983328e-17
   outer loop
     vertex  3.792725e+02  3.675850e+01 -2.814000e+01
     vertex  3.791731e+02  3.686830e+01 -3.014000e+01
     vertex  3.792725e+02  3.675850e+01 -3.014000e+01
   endloop
 endfacet
 facet normal -7.733898e-01 -6.339307e-01 -1.252112e-14
   outer loop
     vertex  3.792725e+02  3.675850e+01 -2.814000e+01
     vertex  3.792725e+02  3.675850e+01 -3.014000e+01
     vertex  3.793664e+02  3.664393e+01 -2.814000e+01
   endloop
 endfacet
 facet normal -7.411520e-01 -6.713373e-01 -3.968504e-15
   outer loop
     vertex  3.791731e+02  3.686830e+01 -2.814000e+01
     vertex  3.791731e+02  3.686830e+01 -3.014000e+01
     vertex  3.792725e+02  3.675850e+01 -2.814000e+01
   endloop
 endfacet
 facet normal -7.071068e-01 -7.071068e-01  0.000000e+00
   outer loop
     vertex  3.790683e+02  3.697305e+01 -2.814000e+01
     vertex  3.791731e+02  3.686830e+01 -3.014000e+01
     vertex  3.791731e+02  3.686830e+01 -2.814000e+01
   endloop
 endfacet
 facet normal -7.071068e-01 -7.071068e-01 -2.512148e-15
   outer loop
     vertex  3.790683e+02  3.697305e+01 -2.814000e+01
     vertex  3.790683e+02  3.697305e+01 -3.014000e+01
     vertex  3.791731e+02  3.686830e+01 -3.014000e+01
   endloop
 endfacet
 facet normal -6.713373e-01 -7.411520e-01  7.175041e-15
   outer loop
     vertex  3.789585e+02  3.707251e+01 -2.814000e+01
     vertex  3.789585e+02  3.707251e+01 -3.014000e+01
     vertex  3.790683e+02  3.697305e+01 -3.014000e+01
   endloop
 endfacet
 facet normal -6.713373e-01 -7.411520e-01 -6.604258e-15
   outer loop
     vertex  3.789585e+02  3.707251e+01 -2.814000e+01
     vertex  3.790683e+02  3.697305e+01 -3.014000e+01
     vertex  3.790683e+02  3.697305e+01 -2.814000e+01
   endloop
 endfacet
 facet normal -6.339307e-01 -7.733898e-01  1.288393e-14
   outer loop
     vertex  3.788439e+02  3.716642e+01 -2.814000e+01
     vertex  3.788439e+02  3.716642e+01 -3.014000e+01
     vertex  3.789585e+02  3.707251e+01 -3.014000e+01
   endloop
 endfacet
 facet normal -6.339307e-01 -7.733898e-01 -5.767016e-15
   outer loop
     vertex  3.788439e+02  3.716642e+01 -2.814000e+01
     vertex  3.789585e+02  3.707251e+01 -3.014000e+01
     vertex  3.789585e+02  3.707251e+01 -2.814000e+01
   endloop
 endfacet
 facet normal -5.949783e-01 -8.037417e-01  3.026084e-14
   outer loop
     vertex  3.787249e+02  3.725456e+01 -2.814000e+01
     vertex  3.787249e+02  3.725456e+01 -3.014000e+01
     vertex  3.788439e+02  3.716642e+01 -3.014000e+01
   endloop
 endfacet
 facet normal -5.949783e-01 -8.037417e-01 -8.378274e-15
   outer loop
     vertex  3.787249e+02  3.725456e+01 -2.814000e+01
     vertex  3.788439e+02  3.716642e+01 -3.014000e+01
     vertex  3.788439e+02  3.716642e+01 -2.814000e+01
   endloop
 endfacet
 facet normal -5.545750e-01 -8.321337e-01  2.254704e-14
   outer loop
     vertex  3.786016e+02  3.733672e+01 -2.814000e+01
     vertex  3.786016e+02  3.733672e+01 -3.014000e+01
     vertex  3.787249e+02  3.725456e+01 -3.014000e+01
   endloop
 endfacet
 facet normal -5.545750e-01 -8.321337e-01 -9.367742e-17
   outer loop
     vertex  3.786016e+02  3.733672e+01 -2.814000e+01
     vertex  3.787249e+02  3.725456e+01 -3.014000e+01
     vertex  3.787249e+02  3.725456e+01 -2.814000e+01
   endloop
 endfacet
 facet normal -5.128194e-01 -8.584965e-01  2.923190e-14
   outer loop
     vertex  3.784744e+02  3.741269e+01 -2.814000e+01
     vertex  3.784744e+02  3.741269e+01 -3.014000e+01
     vertex  3.786016e+02  3.733672e+01 -3.014000e+01
   endloop
 endfacet
 facet normal -5.128194e-01 -8.584965e-01 -1.552118e-14
   outer loop
     vertex  3.784744e+02  3.741269e+01 -2.814000e+01
     vertex  3.786016e+02  3.733672e+01 -3.014000e+01
     vertex  3.786016e+02  3.733672e+01 -2.814000e+01
   endloop
 endfacet
 facet normal -4.698132e-01 -8.827658e-01  2.828132e-14
   outer loop
     vertex  3.783436e+02  3.748229e+01 -2.814000e+01
     vertex  3.783436e+02  3.748229e+01 -3.014000e+01
     vertex  3.784744e+02  3.741269e+01 -3.014000e+01
   endloop
 endfacet
 facet normal -4.698132e-01 -8.827658e-01 -1.734203e-14
   outer loop
     vertex  3.783436e+02  3.748229e+01 -2.814000e+01
     vertex  3.784744e+02  3.741269e+01 -3.014000e+01
     vertex  3.784744e+02  3.741269e+01 -2.814000e+01
   endloop
 endfacet
 facet normal -4.256614e-01 -9.048825e-01  2.987468e-14
   outer loop
     vertex  3.782096e+02  3.754535e+01 -2.814000e+01
     vertex  3.782096e+02  3.754535e+01 -3.014000e+01
     vertex  3.783436e+02  3.748229e+01 -3.014000e+01
   endloop
 endfacet
 facet normal -4.256614e-01 -9.048825e-01 -2.663952e-14
   outer loop
     vertex  3.782096e+02  3.754535e+01 -2.814000e+01
     vertex  3.783436e+02  3.748229e+01 -3.014000e+01
     vertex  3.783436e+02  3.748229e+01 -2.814000e+01
   endloop
 endfacet
 facet normal -3.804716e-01 -9.247926e-01  4.265447e-14
   outer loop
     vertex  3.780726e+02  3.760171e+01 -2.814000e+01
     vertex  3.780726e+02  3.760171e+01 -3.014000e+01
     vertex  3.782096e+02  3.754535e+01 -3.014000e+01
   endloop
 endfacet
 facet normal -3.804716e-01 -9.247926e-01 -3.303885e-14
   outer loop
     vertex  3.780726e+02  3.760171e+01 -2.814000e+01
     vertex  3.782096e+02  3.754535e+01 -3.014000e+01
     vertex  3.782096e+02  3.754535e+01 -2.814000e+01
   endloop
 endfacet
 facet normal -3.343540e-01 -9.424476e-01  4.105452e-14
   outer loop
     vertex  3.779329e+02  3.765125e+01 -2.814000e+01
     vertex  3.779329e+02  3.765125e+01 -3.014000e+01
     vertex  3.780726e+02  3.760171e+01 -3.014000e+01
   endloop
 endfacet
 facet normal -3.343540e-01 -9.424476e-01 -2.935616e-14
   outer loop
     vertex  3.779329e+02  3.765125e+01 -2.814000e+01
     vertex  3.780726e+02  3.760171e+01 -3.014000e+01
     vertex  3.780726e+02  3.760171e+01 -2.814000e+01
   endloop
 endfacet
 facet normal -2.874211e-01 -9.578043e-01  4.573588e-14
   outer loop
     vertex  3.777911e+02  3.769383e+01 -2.814000e+01
     vertex  3.777911e+02  3.769383e+01 -3.014000e+01
     vertex  3.779329e+02  3.765125e+01 -3.014000e+01
   endloop
 endfacet
 facet normal -2.874211e-01 -9.578043e-01 -3.867121e-14
   outer loop
     vertex  3.777911e+02  3.769383e+01 -2.814000e+01
     vertex  3.779329e+02  3.765125e+01 -3.014000e+01
     vertex  3.779329e+02  3.765125e+01 -2.814000e+01
   endloop
 endfacet
 facet normal -2.397873e-01 -9.708255e-01  4.962630e-14
   outer loop
     vertex  3.776472e+02  3.772935e+01 -2.814000e+01
     vertex  3.776472e+02  3.772935e+01 -3.014000e+01
     vertex  3.777911e+02  3.769383e+01 -3.014000e+01
   endloop
 endfacet
 facet normal -2.397873e-01 -9.708255e-01 -4.300086e-14
   outer loop
     vertex  3.776472e+02  3.772935e+01 -2.814000e+01
     vertex  3.777911e+02  3.769383e+01 -3.014000e+01
     vertex  3.777911e+02  3.769383e+01 -2.814000e+01
   endloop
 endfacet
 facet normal -1.915687e-01 -9.814792e-01  4.877238e-14
   outer loop
     vertex  3.775018e+02  3.775773e+01 -2.814000e+01
     vertex  3.775018e+02  3.775773e+01 -3.014000e+01
     vertex  3.776472e+02  3.772935e+01 -3.014000e+01
   endloop
 endfacet
 facet normal -1.915687e-01 -9.814792e-01 -4.666014e-14
   outer loop
     vertex  3.775018e+02  3.775773e+01 -2.814000e+01
     vertex  3.776472e+02  3.772935e+01 -3.014000e+01
     vertex  3.776472e+02  3.772935e+01 -2.814000e+01
   endloop
 endfacet
 facet normal -1.428830e-01 -9.897396e-01  5.764250e-14
   outer loop
     vertex  3.773552e+02  3.777890e+01 -2.814000e+01
     vertex  3.773552e+02  3.777890e+01 -3.014000e+01
     vertex  3.775018e+02  3.775773e+01 -3.014000e+01
   endloop
 endfacet
 facet normal -1.428830e-01 -9.897396e-01 -5.517453e-14
   outer loop
     vertex  3.773552e+02  3.777890e+01 -2.814000e+01
     vertex  3.775018e+02  3.775773e+01 -3.014000e+01
     vertex  3.775018e+02  3.775773e+01 -2.814000e+01
   endloop
 endfacet
 facet normal -9.384890e-02 -9.955865e-01 -5.542629e-14
   outer loop
     vertex  3.772077e+02  3.779280e+01 -2.814000e+01
     vertex  3.773552e+02  3.777890e+01 -3.014000e+01
     vertex  3.773552e+02  3.777890e+01 -2.814000e+01
   endloop
 endfacet
 facet normal -9.384890e-02 -9.955865e-01 -4.183203e-12
   outer loop
     vertex  3.772077e+02  3.779280e+01 -2.814000e+01
     vertex  3.772077e+02  3.779280e+01 -3.014000e+01
     vertex  3.773552e+02  3.777890e+01 -3.014000e+01
   endloop
 endfacet
 facet normal  0.000000e+00  0.000000e+00  1.000000e+00
   outer loop
     vertex  3.799789e+02  3.515521e+01 -3.014000e+01
     vertex  3.797739e+02  3.510140e+01 -3.014000e+01
     vertex  3.799928e+02  3.500772e+01 -3.014000e+01
   endloop
 endfacet
 facet normal  0.000000e+00  0.000000e+00  1.000000e+00
   outer loop
     vertex  3.773552e+02  3.777890e+01 -3.014000e+01
     vertex  3.772077e+02  3.779280e+01 -3.014000e+01
     vertex  3.773014e+02  3.757389e+01 -3.014000e+01
   endloop
 endfacet
 facet normal  0.000000e+00  0.000000e+00  1.000000e+00
   outer loop
     vertex  3.799577e+02  3.530183e+01 -3.014000e+01
     vertex  3.795597e+02  3.520540e+01 -3.014000e+01
     vertex  3.797739e+02  3.510140e+01 -3.014000e+01
   endloop
 endfacet
 facet normal  0.000000e+00  0.000000e+00  1.000000e+00
   outer loop
     vertex  3.799577e+02  3.530183e+01 -3.014000e+01
     vertex  3.797739e+02  3.510140e+01 -3.014000e+01
     vertex  3.799789e+02  3.515521e+01 -3.014000e+01
   endloop
 endfacet
 facet normal  0.000000e+00  0.000000e+00  1.000000e+00
   outer loop
     vertex  3.775018e+02  3.775773e+01 -3.014000e+01
     vertex  3.773014e+02  3.757389e+01 -3.014000e+01
     vertex  3.774054e+02  3.735968e+01 -3.014000e+01
   endloop
 endfacet
 facet normal  0.000000e+00  0.000000e+00  1.000000e+00
   outer loop
     vertex  3.775018e+02  3.775773e+01 -3.014000e+01
     vertex  3.773552e+02  3.777890e+01 -3.014000e+01
     vertex  3.773014e+02  3.757389e+01 -3.014000e+01
   endloop
 endfacet
 facet normal  0.000000e+00  0.000000e+00  1.000000e+00
   outer loop
     vertex  3.799294e+02  3.544723e+01 -3.014000e+01
     vertex  3.795597e+02  3.520540e+01 -3.014000e+01
     vertex  3.799577e+02  3.530183e+01 -3.014000e+01
   endloop
 endfacet
 facet normal  0.000000e+00  0.000000e+00  1.000000e+00
   outer loop
     vertex  3.776472e+02  3.772935e+01 -3.014000e+01
     vertex  3.775018e+02  3.775773e+01 -3.014000e+01
     vertex  3.774054e+02  3.735968e+01 -3.014000e+01
   endloop
 endfacet
 facet normal  0.000000e+00  0.000000e+00  1.000000e+00
   outer loop
     vertex  3.798938e+02  3.559105e+01 -3.014000e+01
     vertex  3.793507e+02  3.531949e+01 -3.014000e+01
     vertex  3.795597e+02  3.520540e+01 -3.014000e+01
   endloop
 endfacet
 facet normal  0.000000e+00  0.000000e+00  1.000000e+00
   outer loop
     vertex  3.798938e+02  3.559105e+01 -3.014000e+01
     vertex  3.795597e+02  3.520540e+01 -3.014000e+01
     vertex  3.799294e+02  3.544723e+01 -3.014000e+01
   endloop
 endfacet
 facet normal  0.000000e+00  0.000000e+00  1.000000e+00
   outer loop
     vertex  3.777911e+02  3.769383e+01 -3.014000e+01
     vertex  3.774054e+02  3.735968e+01 -3.014000e+01
     vertex  3.775195e+02  3.715067e+01 -3.014000e+01
   endloop
 endfacet
 facet normal  0.000000e+00  0.000000e+00  1.000000e+00
   outer loop
     vertex  3.777911e+02  3.769383e+01 -3.014000e+01
     vertex  3.776472e+02  3.772935e+01 -3.014000e+01
     vertex  3.774054e+02  3.735968e+01 -3.014000e+01
   endloop
 endfacet
 facet normal  0.000000e+00  0.000000e+00  1.000000e+00
   outer loop
     vertex  3.798512e+02  3.573295e+01 -3.014000e+01
     vertex  3.793507e+02  3.531949e+01 -3.014000e+01
     vertex  3.798938e+02  3.559105e+01 -3.014000e+01
   endloop
 endfacet
 facet normal  0.000000e+00  0.000000e+00  1.000000e+00
   outer loop
     vertex  3.779329e+02  3.765125e+01 -3.014000e+01
     vertex  3.777911e+02  3.769383e+01 -3.014000e+01
     vertex  3.775195e+02  3.715067e+01 -3.014000e+01
   endloop
 endfacet
 facet normal  0.000000e+00  0.000000e+00  1.000000e+00
   outer loop
     vertex  3.798017e+02  3.587257e+01 -3.014000e+01
     vertex  3.793507e+02  3.531949e+01 -3.014000e+01
     vertex  3.798512e+02  3.573295e+01 -3.014000e+01
   endloop
 endfacet
 facet normal  0.000000e+00  0.000000e+00  1.000000e+00
   outer loop
     vertex  3.798017e+02  3.587257e+01 -3.014000e+01
     vertex  3.791473e+02  3.544339e+01 -3.014000e+01
     vertex  3.793507e+02  3.531949e+01 -3.014000e+01
   endloop
 endfacet
 facet normal  0.000000e+00  0.000000e+00  1.000000e+00
   outer loop
     vertex  3.780726e+02  3.760171e+01 -3.014000e+01
     vertex  3.775195e+02  3.715067e+01 -3.014000e+01
     vertex  3.776434e+02  3.694733e+01 -3.014000e+01
   endloop
 endfacet
 facet normal  0.000000e+00  0.000000e+00  1.000000e+00
   outer loop
     vertex  3.780726e+02  3.760171e+01 -3.014000e+01
     vertex  3.779329e+02  3.765125e+01 -3.014000e+01
     vertex  3.775195e+02  3.715067e+01 -3.014000e+01
   endloop
 endfacet
 facet normal  0.000000e+00  0.000000e+00  1.000000e+00
   outer loop
     vertex  3.797453e+02  3.600957e+01 -3.014000e+01
     vertex  3.791473e+02  3.544339e+01 -3.014000e+01
     vertex  3.798017e+02  3.587257e+01 -3.014000e+01
   endloop
 endfacet
 facet normal  0.000000e+00  0.000000e+00  1.000000e+00
   outer loop
     vertex  3.797453e+02  3.600957e+01 -3.014000e+01
     vertex  3.789501e+02  3.557683e+01 -3.014000e+01
     vertex  3.791473e+02  3.544339e+01 -3.014000e+01
   endloop
 endfacet
 facet normal  0.000000e+00  0.000000e+00  1.000000e+00
   outer loop
     vertex  3.782096e+02  3.754535e+01 -3.014000e+01
     vertex  3.776434e+02  3.694733e+01 -3.014000e+01
     vertex  3.777768e+02  3.675012e+01 -3.014000e+01
   endloop
 endfacet
 facet normal  0.000000e+00  0.000000e+00  1.000000e+00
   outer loop
     vertex  3.782096e+02  3.754535e+01 -3.014000e+01
     vertex  3.780726e+02  3.760171e+01 -3.014000e+01
     vertex  3.776434e+02  3.694733e+01 -3.014000e+01
   endloop
 endfacet
 facet normal  0.000000e+00  0.000000e+00  1.000000e+00
   outer loop
     vertex  3.796823e+02  3.614362e+01 -3.014000e+01
     vertex  3.789501e+02  3.557683e+01 -3.014000e+01
     vertex  3.797453e+02  3.600957e+01 -3.014000e+01
   endloop
 endfacet
 facet normal  0.000000e+00  0.000000e+00  1.000000e+00
   outer loop
     vertex  3.783436e+02  3.748229e+01 -3.014000e+01
     vertex  3.782096e+02  3.754535e+01 -3.014000e+01
     vertex  3.777768e+02  3.675012e+01 -3.014000e+01
   endloop
 endfacet
 facet normal  0.000000e+00  0.000000e+00  1.000000e+00
   outer loop
     vertex  3.796127e+02  3.627440e+01 -3.014000e+01
     vertex  3.787595e+02  3.571952e+01 -3.014000e+01
     vertex  3.789501e+02  3.557683e+01 -3.014000e+01
   endloop
 endfacet
 facet normal  0.000000e+00  0.000000e+00  1.000000e+00
   outer loop
     vertex  3.796127e+02  3.627440e+01 -3.014000e+01
     vertex  3.789501e+02  3.557683e+01 -3.014000e+01
     vertex  3.796823e+02  3.614362e+01 -3.014000e+01
   endloop
 endfacet
 facet normal  0.000000e+00  0.000000e+00  1.000000e+00
   outer loop
     vertex  3.784744e+02  3.741269e+01 -3.014000e+01
     vertex  3.777768e+02  3.675012e+01 -3.014000e+01
     vertex  3.779195e+02  3.655948e+01 -3.014000e+01
   endloop
 endfacet
 facet normal  0.000000e+00  0.000000e+00  1.000000e+00
   outer loop
     vertex  3.784744e+02  3.741269e+01 -3.014000e+01
     vertex  3.783436e+02  3.748229e+01 -3.014000e+01
     vertex  3.777768e+02  3.675012e+01 -3.014000e+01
   endloop
 endfacet
 facet normal  0.000000e+00  0.000000e+00  1.000000e+00
   outer loop
     vertex  3.795367e+02  3.640158e+01 -3.014000e+01
     vertex  3.787595e+02  3.571952e+01 -3.014000e+01
     vertex  3.796127e+02  3.627440e+01 -3.014000e+01
   endloop
 endfacet
 facet normal  0.000000e+00  0.000000e+00  1.000000e+00
   outer loop
     vertex  3.786016e+02  3.733672e+01 -3.014000e+01
     vertex  3.784744e+02  3.741269e+01 -3.014000e+01
     vertex  3.779195e+02  3.655948e+01 -3.014000e+01
   endloop
 endfacet
 facet normal  0.000000e+00  0.000000e+00  1.000000e+00
   outer loop
     vertex  3.794546e+02  3.652486e+01 -3.014000e+01
     vertex  3.785759e+02  3.587111e+01 -3.014000e+01
     vertex  3.787595e+02  3.571952e+01 -3.014000e+01
   endloop
 endfacet
 facet normal  0.000000e+00  0.000000e+00  1.000000e+00
   outer loop
     vertex  3.794546e+02  3.652486e+01 -3.014000e+01
     vertex  3.787595e+02  3.571952e+01 -3.014000e+01
     vertex  3.795367e+02  3.640158e+01 -3.014000e+01
   endloop
 endfacet
 facet normal  0.000000e+00  0.000000e+00  1.000000e+00
   outer loop
     vertex  3.787249e+02  3.725456e+01 -3.014000e+01
     vertex  3.779195e+02  3.655948e+01 -3.014000e+01
     vertex  3.780711e+02  3.637586e+01 -3.014000e+01
   endloop
 endfacet
 facet normal  0.000000e+00  0.000000e+00  1.000000e+00
   outer loop
     vertex  3.787249e+02  3.725456e+01 -3.014000e+01
     vertex  3.786016e+02  3.733672e+01 -3.014000e+01
     vertex  3.779195e+02  3.655948e+01 -3.014000e+01
   endloop
 endfacet
 facet normal  0.000000e+00  0.000000e+00  1.000000e+00
   outer loop
     vertex  3.793664e+02  3.664393e+01 -3.014000e+01
     vertex  3.785759e+02  3.587111e+01 -3.014000e+01
     vertex  3.794546e+02  3.652486e+01 -3.014000e+01
   endloop
 endfacet
 facet normal  0.000000e+00  0.000000e+00  1.000000e+00
   outer loop
     vertex  3.788439e+02  3.716642e+01 -3.014000e+01
     vertex  3.787249e+02  3.725456e+01 -3.014000e+01
     vertex  3.780711e+02  3.637586e+01 -3.014000e+01
   endloop
 endfacet
 facet normal  0.000000e+00  0.000000e+00  1.000000e+00
   outer loop
     vertex  3.792725e+02  3.675850e+01 -3.014000e+01
     vertex  3.783997e+02  3.603128e+01 -3.014000e+01
     vertex  3.785759e+02  3.587111e+01 -3.014000e+01
   endloop
 endfacet
 facet normal  0.000000e+00  0.000000e+00  1.000000e+00
   outer loop
     vertex  3.792725e+02  3.675850e+01 -3.014000e+01
     vertex  3.785759e+02  3.587111e+01 -3.014000e+01
     vertex  3.793664e+02  3.664393e+01 -3.014000e+01
   endloop
 endfacet
 facet normal  0.000000e+00  0.000000e+00  1.000000e+00
   outer loop
     vertex  3.789585e+02  3.707251e+01 -3.014000e+01
     vertex  3.780711e+02  3.637586e+01 -3.014000e+01
     vertex  3.782313e+02  3.619966e+01 -3.014000e+01
   endloop
 endfacet
 facet normal  0.000000e+00  0.000000e+00  1.000000e+00
   outer loop
     vertex  3.789585e+02  3.707251e+01 -3.014000e+01
     vertex  3.788439e+02  3.716642e+01 -3.014000e+01
     vertex  3.780711e+02  3.637586e+01 -3.014000e+01
   endloop
 endfacet
 facet normal  0.000000e+00  0.000000e+00  1.000000e+00
   outer loop
     vertex  3.791731e+02  3.686830e+01 -3.014000e+01
     vertex  3.782313e+02  3.619966e+01 -3.014000e+01
     vertex  3.783997e+02  3.603128e+01 -3.014000e+01
   endloop
 endfacet
 facet normal  0.000000e+00  0.000000e+00  1.000000e+00
   outer loop
     vertex  3.791731e+02  3.686830e+01 -3.014000e+01
     vertex  3.783997e+02  3.603128e+01 -3.014000e+01
     vertex  3.792725e+02  3.675850e+01 -3.014000e+01
   endloop
 endfacet
 facet normal  0.000000e+00  0.000000e+00  1.000000e+00
   outer loop
     vertex  3.790683e+02  3.697305e+01 -3.014000e+01
     vertex  3.789585e+02  3.707251e+01 -3.014000e+01
     vertex  3.782313e+02  3.619966e+01 -3.014000e+01
   endloop
 endfacet
 facet normal  0.000000e+00  0.000000e+00  1.000000e+00
   outer loop
     vertex  3.790683e+02  3.697305e+01 -3.014000e+01
     vertex  3.782313e+02  3.619966e+01 -3.014000e+01
     vertex  3.791731e+02  3.686830e+01 -3.014000e+01
   endloop
 endfacet
 facet normal -8.164420e-01  4.713730e-01  3.335114e-01
   outer loop
     vertex  3.994625e+02  7.233750e+01 -4.075000e+00
     vertex  3.969500e+02  8.220711e+01 -2.417500e+01
     vertex  3.869000e+02  6.480000e+01 -2.417500e+01
   endloop
 endfacet
 facet normal -8.479983e-01  0.000000e+00  5.299989e-01
   outer loop
     vertex  3.994625e+02  5.726250e+01 -4.075000e+00
     vertex  3.994625e+02  7.233750e+01 -4.075000e+00
     vertex  3.869000e+02  6.480000e+01 -2.417500e+01
   endloop
 endfacet
 facet normal -8.164420e-01 -4.713730e-01  3.335114e-01
   outer loop
     vertex  3.994625e+02  5.726250e+01 -4.075000e+00
     vertex  3.869000e+02  6.480000e+01 -2.417500e+01
     vertex  3.969500e+02  4.739289e+01 -2.417500e+01
   endloop
 endfacet
 facet normal  0.000000e+00 -8.976263e-01  4.407573e-01
   outer loop
     vertex  3.994625e+02  5.726250e+01 -4.075000e+00
     vertex  3.969500e+02  4.739289e+01 -2.417500e+01
     vertex  4.170500e+02  4.739289e+01 -2.417500e+01
   endloop
 endfacet
 facet normal  0.000000e+00 -8.976263e-01  4.407573e-01
   outer loop
     vertex  4.145375e+02  5.726250e+01 -4.075000e+00
     vertex  3.994625e+02  5.726250e+01 -4.075000e+00
     vertex  4.170500e+02  4.739289e+01 -2.417500e+01
   endloop
 endfacet
 facet normal  0.000000e+00 -1.000000e+00  0.000000e+00
   outer loop
     vertex  4.170500e+02  4.739289e+01 -3.020500e+01
     vertex  3.969500e+02  4.739289e+01 -2.417500e+01
     vertex  3.969500e+02  4.739289e+01 -3.020500e+01
   endloop
 endfacet
 facet normal -0.000000e+00 -1.000000e+00 -0.000000e+00
   outer loop
     vertex  4.170500e+02  4.739289e+01 -2.417500e+01
     vertex  3.969500e+02  4.739289e+01 -2.417500e+01
     vertex  4.170500e+02  4.739289e+01 -3.020500e+01
   endloop
 endfacet
 facet normal -8.660254e-01 -5.000000e-01  0.000000e+00
   outer loop
     vertex  3.869000e+02  6.480000e+01 -3.020500e+01
     vertex  3.969500e+02  4.739289e+01 -3.020500e+01
     vertex  3.969500e+02  4.739289e+01 -2.417500e+01
   endloop
 endfacet
 facet normal -8.660254e-01 -5.000000e-01 -0.000000e+00
   outer loop
     vertex  3.869000e+02  6.480000e+01 -2.417500e+01
     vertex  3.869000e+02  6.480000e+01 -3.020500e+01
     vertex  3.969500e+02  4.739289e+01 -2.417500e+01
   endloop
 endfacet
 facet normal -8.660254e-01  5.000000e-01  0.000000e+00
   outer loop
     vertex  3.969500e+02  8.220711e+01 -2.417500e+01
     vertex  3.869000e+02  6.480000e+01 -3.020500e+01
     vertex  3.869000e+02  6.480000e+01 -2.417500e+01
   endloop
 endfacet
 facet normal -8.660254e-01  5.000000e-01  0.000000e+00
   outer loop
     vertex  3.969500e+02  8.220711e+01 -2.417500e+01
     vertex  3.969500e+02  8.220711e+01 -3.020500e+01
     vertex  3.869000e+02  6.480000e+01 -3.020500e+01
   endloop
 endfacet
 facet normal  0.000000e+00 -0.000000e+00 -1.000000e+00
   outer loop
     vertex  3.969500e+02  8.220711e+01 -3.020500e+01
     vertex  3.969500e+02  4.739289e+01 -3.020500e+01
     vertex  3.869000e+02  6.480000e+01 -3.020500e+01
   endloop
 endfacet
 facet normal  0.000000e+00  0.000000e+00 -1.000000e+00
   outer loop
     vertex  3.969500e+02  8.220711e+01 -3.020500e+01
     vertex  4.170500e+02  4.739289e+01 -3.020500e+01
     vertex  3.969500e+02  4.739289e+01 -3.020500e+01
   endloop
 endfacet
 facet normal  0.000000e+00  0.000000e+00 -1.000000e+00
   outer loop
     vertex  4.170500e+02  8.220711e+01 -3.020500e+01
     vertex  4.271000e+02  6.480000e+01 -3.020500e+01
     vertex  4.170500e+02  4.739289e+01 -3.020500e+01
   endloop
 endfacet
 facet normal -0.000000e+00 -0.000000e+00 -1.000000e+00
   outer loop
     vertex  4.170500e+02  8.220711e+01 -3.020500e+01
     vertex  4.170500e+02  4.739289e+01 -3.020500e+01
     vertex  3.969500e+02  8.220711e+01 -3.020500e+01
   endloop
 endfacet
 facet normal  0.000000e+00  1.000000e+00  0.000000e+00
   outer loop
     vertex  4.170500e+02  8.220711e+01 -2.417500e+01
     vertex  3.969500e+02  8.220711e+01 -3.020500e+01
     vertex  3.969500e+02  8.220711e+01 -2.417500e+01
   endloop
 endfacet
 facet normal  0.000000e+00  1.000000e+00 -0.000000e+00
   outer loop
     vertex  4.170500e+02  8.220711e+01 -3.020500e+01
     vertex  3.969500e+02  8.220711e+01 -3.020500e+01
     vertex  4.170500e+02  8.220711e+01 -2.417500e+01
   endloop
 endfacet
 facet normal  8.660254e-01  5.000000e-01  0.000000e+00
   outer loop
     vertex  4.271000e+02  6.480000e+01 -2.417500e+01
     vertex  4.170500e+02  8.220711e+01 -3.020500e+01
     vertex  4.170500e+02  8.220711e+01 -2.417500e+01
   endloop
 endfacet
 facet normal  8.660254e-01  5.000000e-01  0.000000e+00
   outer loop
     vertex  4.271000e+02  6.480000e+01 -2.417500e+01
     vertex  4.271000e+02  6.480000e+01 -3.020500e+01
     vertex  4.170500e+02  8.220711e+01 -3.020500e+01
   endloop
 endfacet
 facet normal  8.164420e-01  4.713730e-01  3.335114e-01
   outer loop
     vertex  4.145375e+02  7.233750e+01 -4.075000e+00
     vertex  4.271000e+02  6.480000e+01 -2.417500e+01
     vertex  4.170500e+02  8.220711e+01 -2.417500e+01
   endloop
 endfacet
 facet normal  0.000000e+00  8.976263e-01  4.407573e-01
   outer loop
     vertex  3.969500e+02  8.220711e+01 -2.417500e+01
     vertex  3.994625e+02  7.233750e+01 -4.075000e+00
     vertex  4.145375e+02  7.233750e+01 -4.075000e+00
   endloop
 endfacet
 facet normal  0.000000e+00  8.976263e-01  4.407573e-01
   outer loop
     vertex  4.170500e+02  8.220711e+01 -2.417500e+01
     vertex  3.969500e+02  8.220711e+01 -2.417500e+01
     vertex  4.145375e+02  7.233750e+01 -4.075000e+00
   endloop
 endfacet
 facet normal  0.000000e+00  0.000000e+00  1.000000e+00
   outer loop
     vertex  4.145375e+02  7.233750e+01 -4.075000e+00
     vertex  3.994625e+02  5.726250e+01 -4.075000e+00
     vertex  4.145375e+02  5.726250e+01 -4.075000e+00
   endloop
 endfacet
 facet normal -0.000000e+00  0.000000e+00  1.000000e+00
   outer loop
     vertex  3.994625e+02  7.233750e+01 -4.075000e+00
     vertex  3.994625e+02  5.726250e+01 -4.075000e+00
     vertex  4.145375e+02  7.233750e+01 -4.075000e+00
   endloop
 endfacet
 facet normal  8.479983e-01  0.000000e+00  5.299989e-01
   outer loop
     vertex  4.271000e+02  6.480000e+01 -2.417500e+01
     vertex  4.145375e+02  7.233750e+01 -4.075000e+00
     vertex  4.145375e+02  5.726250e+01 -4.075000e+00
   endloop
 endfacet
 facet normal  8.164420e-01 -4.713730e-01  3.335114e-01
   outer loop
     vertex  4.145375e+02  5.726250e+01 -4.075000e+00
     vertex  4.170500e+02  4.739289e+01 -2.417500e+01
     vertex  4.271000e+02  6.480000e+01 -2.417500e+01
   endloop
 endfacet
 facet normal  8.660254e-01 -5.000000e-01  0.000000e+00
   outer loop
     vertex  4.170500e+02  4.739289e+01 -3.020500e+01
     vertex  4.271000e+02  6.480000e+01 -3.020500e+01
     vertex  4.271000e+02  6.480000e+01 -2.417500e+01
   endloop
 endfacet
 facet normal  8.660254e-01 -5.000000e-01  0.000000e+00
   outer loop
     vertex  4.170500e+02  4.739289e+01 -2.417500e+01
     vertex  4.170500e+02  4.739289e+01 -3.020500e+01
     vertex  4.271000e+02  6.480000e+01 -2.417500e+01
   endloop
 endfacet
endsolid
