solid 
 facet normal -1.000000e+00  0.000000e+00  0.000000e+00
   outer loop
     vertex  3.118500e+02  3.935000e+01 -2.914000e+01
     vertex  3.118500e+02  8.965000e+01 -3.914000e+01
     vertex  3.118500e+02  3.935000e+01 -3.914000e+01
   endloop
 endfacet
 facet normal -1.000000e+00  0.000000e+00  0.000000e+00
   outer loop
     vertex  3.118500e+02  3.935000e+01 -2.914000e+01
     vertex  3.118500e+02  8.965000e+01 -2.914000e+01
     vertex  3.118500e+02  8.965000e+01 -3.914000e+01
   endloop
 endfacet
 facet normal  0.000000e+00  0.000000e+00  1.000000e+00
   outer loop
     vertex  3.121247e+02  3.771565e+01 -2.914000e+01
     vertex  3.122077e+02  3.749280e+01 -2.914000e+01
     vertex  3.123552e+02  3.747890e+01 -2.914000e+01
   endloop
 endfacet
 facet normal  0.000000e+00  0.000000e+00  1.000000e+00
   outer loop
     vertex  3.152157e+02  3.462465e+01 -2.914000e+01
     vertex  3.149789e+02  3.485521e+01 -2.914000e+01
     vertex  3.149928e+02  3.470772e+01 -2.914000e+01
   endloop
 endfacet
 facet normal  0.000000e+00  0.000000e+00  1.000000e+00
   outer loop
     vertex  3.125018e+02  3.745773e+01 -2.914000e+01
     vertex  3.121247e+02  3.771565e+01 -2.914000e+01
     vertex  3.123552e+02  3.747890e+01 -2.914000e+01
   endloop
 endfacet
 facet normal  0.000000e+00  0.000000e+00  1.000000e+00
   outer loop
     vertex  3.149577e+02  3.500183e+01 -2.914000e+01
     vertex  3.149789e+02  3.485521e+01 -2.914000e+01
     vertex  3.152157e+02  3.462465e+01 -2.914000e+01
   endloop
 endfacet
 facet normal  0.000000e+00  0.000000e+00  1.000000e+00
   outer loop
     vertex  3.120523e+02  3.794220e+01 -2.914000e+01
     vertex  3.121247e+02  3.771565e+01 -2.914000e+01
     vertex  3.125018e+02  3.745773e+01 -2.914000e+01
   endloop
 endfacet
 facet normal  0.000000e+00  0.000000e+00  1.000000e+00
   outer loop
     vertex  3.154422e+02  3.455228e+01 -2.914000e+01
     vertex  3.149577e+02  3.500183e+01 -2.914000e+01
     vertex  3.152157e+02  3.462465e+01 -2.914000e+01
   endloop
 endfacet
 facet normal  0.000000e+00  0.000000e+00  1.000000e+00
   outer loop
     vertex  3.149294e+02  3.514723e+01 -2.914000e+01
     vertex  3.149577e+02  3.500183e+01 -2.914000e+01
     vertex  3.154422e+02  3.455228e+01 -2.914000e+01
   endloop
 endfacet
 facet normal  0.000000e+00  0.000000e+00  1.000000e+00
   outer loop
     vertex  3.126472e+02  3.742935e+01 -2.914000e+01
     vertex  3.120523e+02  3.794220e+01 -2.914000e+01
     vertex  3.125018e+02  3.745773e+01 -2.914000e+01
   endloop
 endfacet
 facet normal  0.000000e+00  0.000000e+00  1.000000e+00
   outer loop
     vertex  3.119908e+02  3.817193e+01 -2.914000e+01
     vertex  3.120523e+02  3.794220e+01 -2.914000e+01
     vertex  3.126472e+02  3.742935e+01 -2.914000e+01
   endloop
 endfacet
 facet normal  0.000000e+00  0.000000e+00  1.000000e+00
   outer loop
     vertex  3.156719e+02  3.449077e+01 -2.914000e+01
     vertex  3.149294e+02  3.514723e+01 -2.914000e+01
     vertex  3.154422e+02  3.455228e+01 -2.914000e+01
   endloop
 endfacet
 facet normal  0.000000e+00  0.000000e+00  1.000000e+00
   outer loop
     vertex  3.148938e+02  3.529105e+01 -2.914000e+01
     vertex  3.149294e+02  3.514723e+01 -2.914000e+01
     vertex  3.156719e+02  3.449077e+01 -2.914000e+01
   endloop
 endfacet
 facet normal  0.000000e+00  0.000000e+00  1.000000e+00
   outer loop
     vertex  3.127911e+02  3.739383e+01 -2.914000e+01
     vertex  3.119908e+02  3.817193e+01 -2.914000e+01
     vertex  3.126472e+02  3.742935e+01 -2.914000e+01
   endloop
 endfacet
 facet normal  0.000000e+00  0.000000e+00  1.000000e+00
   outer loop
     vertex  3.119402e+02  3.840433e+01 -2.914000e+01
     vertex  3.127911e+02  3.739383e+01 -2.914000e+01
     vertex  3.129329e+02  3.735125e+01 -2.914000e+01
   endloop
 endfacet
 facet normal  0.000000e+00  0.000000e+00  1.000000e+00
   outer loop
     vertex  3.119402e+02  3.840433e+01 -2.914000e+01
     vertex  3.119908e+02  3.817193e+01 -2.914000e+01
     vertex  3.127911e+02  3.739383e+01 -2.914000e+01
   endloop
 endfacet
 facet normal  0.000000e+00  0.000000e+00  1.000000e+00
   outer loop
     vertex  3.159043e+02  3.444024e+01 -2.914000e+01
     vertex  3.148512e+02  3.543295e+01 -2.914000e+01
     vertex  3.148938e+02  3.529105e+01 -2.914000e+01
   endloop
 endfacet
 facet normal  0.000000e+00  0.000000e+00  1.000000e+00
   outer loop
     vertex  3.159043e+02  3.444024e+01 -2.914000e+01
     vertex  3.148938e+02  3.529105e+01 -2.914000e+01
     vertex  3.156719e+02  3.449077e+01 -2.914000e+01
   endloop
 endfacet
 facet normal  0.000000e+00  0.000000e+00  1.000000e+00
   outer loop
     vertex  3.119008e+02  3.863887e+01 -2.914000e+01
     vertex  3.129329e+02  3.735125e+01 -2.914000e+01
     vertex  3.130726e+02  3.730171e+01 -2.914000e+01
   endloop
 endfacet
 facet normal  0.000000e+00  0.000000e+00  1.000000e+00
   outer loop
     vertex  3.119008e+02  3.863887e+01 -2.914000e+01
     vertex  3.119402e+02  3.840433e+01 -2.914000e+01
     vertex  3.129329e+02  3.735125e+01 -2.914000e+01
   endloop
 endfacet
 facet normal  0.000000e+00  0.000000e+00  1.000000e+00
   outer loop
     vertex  3.161389e+02  3.440083e+01 -2.914000e+01
     vertex  3.148017e+02  3.557257e+01 -2.914000e+01
     vertex  3.148512e+02  3.543295e+01 -2.914000e+01
   endloop
 endfacet
 facet normal  0.000000e+00  0.000000e+00  1.000000e+00
   outer loop
     vertex  3.161389e+02  3.440083e+01 -2.914000e+01
     vertex  3.148512e+02  3.543295e+01 -2.914000e+01
     vertex  3.159043e+02  3.444024e+01 -2.914000e+01
   endloop
 endfacet
 facet normal  0.000000e+00  0.000000e+00  1.000000e+00
   outer loop
     vertex  3.118726e+02  3.887502e+01 -2.914000e+01
     vertex  3.119008e+02  3.863887e+01 -2.914000e+01
     vertex  3.130726e+02  3.730171e+01 -2.914000e+01
   endloop
 endfacet
 facet normal  0.000000e+00  0.000000e+00  1.000000e+00
   outer loop
     vertex  3.163750e+02  3.437261e+01 -2.914000e+01
     vertex  3.148017e+02  3.557257e+01 -2.914000e+01
     vertex  3.161389e+02  3.440083e+01 -2.914000e+01
   endloop
 endfacet
 facet normal  0.000000e+00  0.000000e+00  1.000000e+00
   outer loop
     vertex  3.118557e+02  3.911224e+01 -2.914000e+01
     vertex  3.118726e+02  3.887502e+01 -2.914000e+01
     vertex  3.130726e+02  3.730171e+01 -2.914000e+01
   endloop
 endfacet
 facet normal  0.000000e+00  0.000000e+00  1.000000e+00
   outer loop
     vertex  3.118557e+02  3.911224e+01 -2.914000e+01
     vertex  3.130726e+02  3.730171e+01 -2.914000e+01
     vertex  3.132096e+02  3.724535e+01 -2.914000e+01
   endloop
 endfacet
 facet normal  0.000000e+00  0.000000e+00  1.000000e+00
   outer loop
     vertex  3.166122e+02  3.435566e+01 -2.914000e+01
     vertex  3.147453e+02  3.570957e+01 -2.914000e+01
     vertex  3.148017e+02  3.557257e+01 -2.914000e+01
   endloop
 endfacet
 facet normal  0.000000e+00  0.000000e+00  1.000000e+00
   outer loop
     vertex  3.166122e+02  3.435566e+01 -2.914000e+01
     vertex  3.148017e+02  3.557257e+01 -2.914000e+01
     vertex  3.163750e+02  3.437261e+01 -2.914000e+01
   endloop
 endfacet
 facet normal  0.000000e+00  0.000000e+00  1.000000e+00
   outer loop
     vertex  3.168500e+02  3.435000e+01 -2.914000e+01
     vertex  3.146823e+02  3.584362e+01 -2.914000e+01
     vertex  3.147453e+02  3.570957e+01 -2.914000e+01
   endloop
 endfacet
 facet normal  0.000000e+00  0.000000e+00  1.000000e+00
   outer loop
     vertex  3.168500e+02  3.435000e+01 -2.914000e+01
     vertex  3.146127e+02  3.597440e+01 -2.914000e+01
     vertex  3.146823e+02  3.584362e+01 -2.914000e+01
   endloop
 endfacet
 facet normal  0.000000e+00  0.000000e+00  1.000000e+00
   outer loop
     vertex  3.168500e+02  3.435000e+01 -2.914000e+01
     vertex  3.145367e+02  3.610158e+01 -2.914000e+01
     vertex  3.146127e+02  3.597440e+01 -2.914000e+01
   endloop
 endfacet
 facet normal  0.000000e+00  0.000000e+00  1.000000e+00
   outer loop
     vertex  3.168500e+02  3.435000e+01 -2.914000e+01
     vertex  3.144546e+02  3.622486e+01 -2.914000e+01
     vertex  3.145367e+02  3.610158e+01 -2.914000e+01
   endloop
 endfacet
 facet normal  0.000000e+00  0.000000e+00  1.000000e+00
   outer loop
     vertex  3.168500e+02  3.435000e+01 -2.914000e+01
     vertex  3.143664e+02  3.634393e+01 -2.914000e+01
     vertex  3.144546e+02  3.622486e+01 -2.914000e+01
   endloop
 endfacet
 facet normal  0.000000e+00  0.000000e+00  1.000000e+00
   outer loop
     vertex  3.168500e+02  3.435000e+01 -2.914000e+01
     vertex  3.142725e+02  3.645850e+01 -2.914000e+01
     vertex  3.143664e+02  3.634393e+01 -2.914000e+01
   endloop
 endfacet
 facet normal  0.000000e+00  0.000000e+00  1.000000e+00
   outer loop
     vertex  3.168500e+02  3.435000e+01 -2.914000e+01
     vertex  3.147453e+02  3.570957e+01 -2.914000e+01
     vertex  3.166122e+02  3.435566e+01 -2.914000e+01
   endloop
 endfacet
 facet normal  0.000000e+00  0.000000e+00  1.000000e+00
   outer loop
     vertex  3.118500e+02  3.935000e+01 -2.914000e+01
     vertex  3.138439e+02  3.686642e+01 -2.914000e+01
     vertex  3.139585e+02  3.677251e+01 -2.914000e+01
   endloop
 endfacet
 facet normal  0.000000e+00  0.000000e+00  1.000000e+00
   outer loop
     vertex  3.118500e+02  3.935000e+01 -2.914000e+01
     vertex  3.137249e+02  3.695456e+01 -2.914000e+01
     vertex  3.138439e+02  3.686642e+01 -2.914000e+01
   endloop
 endfacet
 facet normal  0.000000e+00  0.000000e+00  1.000000e+00
   outer loop
     vertex  3.118500e+02  3.935000e+01 -2.914000e+01
     vertex  3.136016e+02  3.703672e+01 -2.914000e+01
     vertex  3.137249e+02  3.695456e+01 -2.914000e+01
   endloop
 endfacet
 facet normal  0.000000e+00  0.000000e+00  1.000000e+00
   outer loop
     vertex  3.118500e+02  3.935000e+01 -2.914000e+01
     vertex  3.134744e+02  3.711269e+01 -2.914000e+01
     vertex  3.136016e+02  3.703672e+01 -2.914000e+01
   endloop
 endfacet
 facet normal  0.000000e+00  0.000000e+00  1.000000e+00
   outer loop
     vertex  3.118500e+02  3.935000e+01 -2.914000e+01
     vertex  3.118557e+02  3.911224e+01 -2.914000e+01
     vertex  3.132096e+02  3.724535e+01 -2.914000e+01
   endloop
 endfacet
 facet normal  0.000000e+00  0.000000e+00  1.000000e+00
   outer loop
     vertex  3.118500e+02  3.935000e+01 -2.914000e+01
     vertex  3.133436e+02  3.718229e+01 -2.914000e+01
     vertex  3.134744e+02  3.711269e+01 -2.914000e+01
   endloop
 endfacet
 facet normal  0.000000e+00  0.000000e+00  1.000000e+00
   outer loop
     vertex  3.118500e+02  3.935000e+01 -2.914000e+01
     vertex  3.132096e+02  3.724535e+01 -2.914000e+01
     vertex  3.133436e+02  3.718229e+01 -2.914000e+01
   endloop
 endfacet
 facet normal  0.000000e+00  0.000000e+00  1.000000e+00
   outer loop
     vertex  3.319500e+02  4.709289e+01 -2.914000e+01
     vertex  3.141731e+02  3.656830e+01 -2.914000e+01
     vertex  3.142725e+02  3.645850e+01 -2.914000e+01
   endloop
 endfacet
 facet normal  0.000000e+00  0.000000e+00  1.000000e+00
   outer loop
     vertex  3.319500e+02  4.709289e+01 -2.914000e+01
     vertex  3.140683e+02  3.667305e+01 -2.914000e+01
     vertex  3.141731e+02  3.656830e+01 -2.914000e+01
   endloop
 endfacet
 facet normal  0.000000e+00  0.000000e+00  1.000000e+00
   outer loop
     vertex  3.319500e+02  4.709289e+01 -2.914000e+01
     vertex  3.139585e+02  3.677251e+01 -2.914000e+01
     vertex  3.140683e+02  3.667305e+01 -2.914000e+01
   endloop
 endfacet
 facet normal  0.000000e+00  0.000000e+00  1.000000e+00
   outer loop
     vertex  3.319500e+02  4.709289e+01 -2.914000e+01
     vertex  3.142725e+02  3.645850e+01 -2.914000e+01
     vertex  3.168500e+02  3.435000e+01 -2.914000e+01
   endloop
 endfacet
 facet normal  0.000000e+00  0.000000e+00  1.000000e+00
   outer loop
     vertex  3.319500e+02  4.709289e+01 -2.914000e+01
     vertex  3.118500e+02  3.935000e+01 -2.914000e+01
     vertex  3.139585e+02  3.677251e+01 -2.914000e+01
   endloop
 endfacet
 facet normal  0.000000e+00  0.000000e+00  1.000000e+00
   outer loop
     vertex  3.219000e+02  6.450000e+01 -2.914000e+01
     vertex  3.118500e+02  3.935000e+01 -2.914000e+01
     vertex  3.319500e+02  4.709289e+01 -2.914000e+01
   endloop
 endfacet
 facet normal  0.000000e+00  0.000000e+00  1.000000e+00
   outer loop
     vertex  3.671500e+02  3.435000e+01 -2.914000e+01
     vertex  3.319500e+02  4.709289e+01 -2.914000e+01
     vertex  3.168500e+02  3.435000e+01 -2.914000e+01
   endloop
 endfacet
 facet normal  0.000000e+00  0.000000e+00  1.000000e+00
   outer loop
     vertex  3.671500e+02  3.435000e+01 -2.914000e+01
     vertex  3.520500e+02  4.709289e+01 -2.914000e+01
     vertex  3.319500e+02  4.709289e+01 -2.914000e+01
   endloop
 endfacet
 facet normal  0.000000e+00  0.000000e+00  1.000000e+00
   outer loop
     vertex  3.118500e+02  8.965000e+01 -2.914000e+01
     vertex  3.118500e+02  3.935000e+01 -2.914000e+01
     vertex  3.219000e+02  6.450000e+01 -2.914000e+01
   endloop
 endfacet
 facet normal  0.000000e+00  0.000000e+00  1.000000e+00
   outer loop
     vertex  3.676401e+02  3.437408e+01 -2.914000e+01
     vertex  3.671500e+02  3.435000e+01 -2.914000e+01
     vertex  3.673953e+02  3.435602e+01 -2.914000e+01
   endloop
 endfacet
 facet normal  0.000000e+00  0.000000e+00  1.000000e+00
   outer loop
     vertex  3.119041e+02  9.038365e+01 -2.914000e+01
     vertex  3.118741e+02  9.014009e+01 -2.914000e+01
     vertex  3.118560e+02  8.989534e+01 -2.914000e+01
   endloop
 endfacet
 facet normal  0.000000e+00  0.000000e+00  1.000000e+00
   outer loop
     vertex  3.119461e+02  9.062545e+01 -2.914000e+01
     vertex  3.119041e+02  9.038365e+01 -2.914000e+01
     vertex  3.118560e+02  8.989534e+01 -2.914000e+01
   endloop
 endfacet
 facet normal  0.000000e+00  0.000000e+00  1.000000e+00
   outer loop
     vertex  3.681255e+02  3.444607e+01 -2.914000e+01
     vertex  3.676401e+02  3.437408e+01 -2.914000e+01
     vertex  3.678837e+02  3.440412e+01 -2.914000e+01
   endloop
 endfacet
 facet normal  0.000000e+00  0.000000e+00  1.000000e+00
   outer loop
     vertex  3.119998e+02  9.086490e+01 -2.914000e+01
     vertex  3.119461e+02  9.062545e+01 -2.914000e+01
     vertex  3.118560e+02  8.989534e+01 -2.914000e+01
   endloop
 endfacet
 facet normal  0.000000e+00  0.000000e+00  1.000000e+00
   outer loop
     vertex  3.120653e+02  9.110142e+01 -2.914000e+01
     vertex  3.119998e+02  9.086490e+01 -2.914000e+01
     vertex  3.118560e+02  8.989534e+01 -2.914000e+01
   endloop
 endfacet
 facet normal  0.000000e+00  0.000000e+00  1.000000e+00
   outer loop
     vertex  3.686014e+02  3.456530e+01 -2.914000e+01
     vertex  3.681255e+02  3.444607e+01 -2.914000e+01
     vertex  3.683649e+02  3.449984e+01 -2.914000e+01
   endloop
 endfacet
 facet normal  0.000000e+00  0.000000e+00  1.000000e+00
   outer loop
     vertex  3.121423e+02  9.133445e+01 -2.914000e+01
     vertex  3.118560e+02  8.989534e+01 -2.914000e+01
     vertex  3.118500e+02  8.965000e+01 -2.914000e+01
   endloop
 endfacet
 facet normal  0.000000e+00  0.000000e+00  1.000000e+00
   outer loop
     vertex  3.121423e+02  9.133445e+01 -2.914000e+01
     vertex  3.120653e+02  9.110142e+01 -2.914000e+01
     vertex  3.118560e+02  8.989534e+01 -2.914000e+01
   endloop
 endfacet
 facet normal  0.000000e+00  0.000000e+00  1.000000e+00
   outer loop
     vertex  3.688344e+02  3.464228e+01 -2.914000e+01
     vertex  3.676401e+02  3.437408e+01 -2.914000e+01
     vertex  3.681255e+02  3.444607e+01 -2.914000e+01
   endloop
 endfacet
 facet normal  0.000000e+00  0.000000e+00  1.000000e+00
   outer loop
     vertex  3.688344e+02  3.464228e+01 -2.914000e+01
     vertex  3.681255e+02  3.444607e+01 -2.914000e+01
     vertex  3.686014e+02  3.456530e+01 -2.914000e+01
   endloop
 endfacet
 facet normal  0.000000e+00  0.000000e+00  1.000000e+00
   outer loop
     vertex  3.123301e+02  9.178778e+01 -2.914000e+01
     vertex  3.122306e+02  9.156342e+01 -2.914000e+01
     vertex  3.121423e+02  9.133445e+01 -2.914000e+01
   endloop
 endfacet
 facet normal  0.000000e+00  0.000000e+00  1.000000e+00
   outer loop
     vertex  3.124404e+02  9.200698e+01 -2.914000e+01
     vertex  3.121423e+02  9.133445e+01 -2.914000e+01
     vertex  3.118500e+02  8.965000e+01 -2.914000e+01
   endloop
 endfacet
 facet normal  0.000000e+00  0.000000e+00  1.000000e+00
   outer loop
     vertex  3.124404e+02  9.200698e+01 -2.914000e+01
     vertex  3.123301e+02  9.178778e+01 -2.914000e+01
     vertex  3.121423e+02  9.133445e+01 -2.914000e+01
   endloop
 endfacet
 facet normal  0.000000e+00  0.000000e+00  1.000000e+00
   outer loop
     vertex  3.695070e+02  3.494039e+01 -2.914000e+01
     vertex  3.690634e+02  3.473060e+01 -2.914000e+01
     vertex  3.692878e+02  3.483005e+01 -2.914000e+01
   endloop
 endfacet
 facet normal  0.000000e+00  0.000000e+00  1.000000e+00
   outer loop
     vertex  3.697205e+02  3.506136e+01 -2.914000e+01
     vertex  3.688344e+02  3.464228e+01 -2.914000e+01
     vertex  3.690634e+02  3.473060e+01 -2.914000e+01
   endloop
 endfacet
 facet normal  0.000000e+00  0.000000e+00  1.000000e+00
   outer loop
     vertex  3.697205e+02  3.506136e+01 -2.914000e+01
     vertex  3.676401e+02  3.437408e+01 -2.914000e+01
     vertex  3.688344e+02  3.464228e+01 -2.914000e+01
   endloop
 endfacet
 facet normal  0.000000e+00  0.000000e+00  1.000000e+00
   outer loop
     vertex  3.697205e+02  3.506136e+01 -2.914000e+01
     vertex  3.690634e+02  3.473060e+01 -2.914000e+01
     vertex  3.695070e+02  3.494039e+01 -2.914000e+01
   endloop
 endfacet
 facet normal  0.000000e+00  0.000000e+00  1.000000e+00
   outer loop
     vertex  3.699279e+02  3.519265e+01 -2.914000e+01
     vertex  3.676401e+02  3.437408e+01 -2.914000e+01
     vertex  3.697205e+02  3.506136e+01 -2.914000e+01
   endloop
 endfacet
 facet normal  0.000000e+00  0.000000e+00  1.000000e+00
   outer loop
     vertex  3.128340e+02  9.262850e+01 -2.914000e+01
     vertex  3.125614e+02  9.222051e+01 -2.914000e+01
     vertex  3.124404e+02  9.200698e+01 -2.914000e+01
   endloop
 endfacet
 facet normal  0.000000e+00  0.000000e+00  1.000000e+00
   outer loop
     vertex  3.128340e+02  9.262850e+01 -2.914000e+01
     vertex  3.126927e+02  9.242785e+01 -2.914000e+01
     vertex  3.125614e+02  9.222051e+01 -2.914000e+01
   endloop
 endfacet
 facet normal  0.000000e+00  0.000000e+00  1.000000e+00
   outer loop
     vertex  3.701285e+02  3.533396e+01 -2.914000e+01
     vertex  3.676401e+02  3.437408e+01 -2.914000e+01
     vertex  3.699279e+02  3.519265e+01 -2.914000e+01
   endloop
 endfacet
 facet normal  0.000000e+00  0.000000e+00  1.000000e+00
   outer loop
     vertex  3.701285e+02  3.533396e+01 -2.914000e+01
     vertex  3.671500e+02  3.435000e+01 -2.914000e+01
     vertex  3.676401e+02  3.437408e+01 -2.914000e+01
   endloop
 endfacet
 facet normal  0.000000e+00  0.000000e+00  1.000000e+00
   outer loop
     vertex  3.131452e+02  9.300779e+01 -2.914000e+01
     vertex  3.129849e+02  9.282197e+01 -2.914000e+01
     vertex  3.128340e+02  9.262850e+01 -2.914000e+01
   endloop
 endfacet
 facet normal  0.000000e+00  0.000000e+00  1.000000e+00
   outer loop
     vertex  3.706855e+02  3.581447e+01 -2.914000e+01
     vertex  3.671500e+02  3.435000e+01 -2.914000e+01
     vertex  3.701285e+02  3.533396e+01 -2.914000e+01
   endloop
 endfacet
 facet normal  0.000000e+00  0.000000e+00  1.000000e+00
   outer loop
     vertex  3.706855e+02  3.581447e+01 -2.914000e+01
     vertex  3.703220e+02  3.548495e+01 -2.914000e+01
     vertex  3.705078e+02  3.564524e+01 -2.914000e+01
   endloop
 endfacet
 facet normal  0.000000e+00  0.000000e+00  1.000000e+00
   outer loop
     vertex  3.706855e+02  3.581447e+01 -2.914000e+01
     vertex  3.701285e+02  3.533396e+01 -2.914000e+01
     vertex  3.703220e+02  3.548495e+01 -2.914000e+01
   endloop
 endfacet
 facet normal  0.000000e+00  0.000000e+00  1.000000e+00
   outer loop
     vertex  3.134922e+02  9.335476e+01 -2.914000e+01
     vertex  3.133145e+02  9.318553e+01 -2.914000e+01
     vertex  3.131452e+02  9.300779e+01 -2.914000e+01
   endloop
 endfacet
 facet normal  0.000000e+00  0.000000e+00  1.000000e+00
   outer loop
     vertex  3.134922e+02  9.335476e+01 -2.914000e+01
     vertex  3.131452e+02  9.300779e+01 -2.914000e+01
     vertex  3.128340e+02  9.262850e+01 -2.914000e+01
   endloop
 endfacet
 facet normal  0.000000e+00  0.000000e+00  1.000000e+00
   outer loop
     vertex  3.134922e+02  9.335476e+01 -2.914000e+01
     vertex  3.128340e+02  9.262850e+01 -2.914000e+01
     vertex  3.124404e+02  9.200698e+01 -2.914000e+01
   endloop
 endfacet
 facet normal  0.000000e+00  0.000000e+00  1.000000e+00
   outer loop
     vertex  3.134922e+02  9.335476e+01 -2.914000e+01
     vertex  3.124404e+02  9.200698e+01 -2.914000e+01
     vertex  3.118500e+02  8.965000e+01 -2.914000e+01
   endloop
 endfacet
 facet normal  0.000000e+00  0.000000e+00  1.000000e+00
   outer loop
     vertex  3.708548e+02  3.599221e+01 -2.914000e+01
     vertex  3.671500e+02  3.435000e+01 -2.914000e+01
     vertex  3.706855e+02  3.581447e+01 -2.914000e+01
   endloop
 endfacet
 facet normal  0.000000e+00  0.000000e+00  1.000000e+00
   outer loop
     vertex  3.711660e+02  3.637150e+01 -2.914000e+01
     vertex  3.671500e+02  3.435000e+01 -2.914000e+01
     vertex  3.708548e+02  3.599221e+01 -2.914000e+01
   endloop
 endfacet
 facet normal  0.000000e+00  0.000000e+00  1.000000e+00
   outer loop
     vertex  3.711660e+02  3.637150e+01 -2.914000e+01
     vertex  3.708548e+02  3.599221e+01 -2.914000e+01
     vertex  3.710151e+02  3.617803e+01 -2.914000e+01
   endloop
 endfacet
 facet normal  0.000000e+00  0.000000e+00  1.000000e+00
   outer loop
     vertex  3.142795e+02  9.393864e+01 -2.914000e+01
     vertex  3.136780e+02  9.351505e+01 -2.914000e+01
     vertex  3.134922e+02  9.335476e+01 -2.914000e+01
   endloop
 endfacet
 facet normal  0.000000e+00  0.000000e+00  1.000000e+00
   outer loop
     vertex  3.142795e+02  9.393864e+01 -2.914000e+01
     vertex  3.138715e+02  9.366604e+01 -2.914000e+01
     vertex  3.136780e+02  9.351505e+01 -2.914000e+01
   endloop
 endfacet
 facet normal  0.000000e+00  0.000000e+00  1.000000e+00
   outer loop
     vertex  3.142795e+02  9.393864e+01 -2.914000e+01
     vertex  3.140721e+02  9.380735e+01 -2.914000e+01
     vertex  3.138715e+02  9.366604e+01 -2.914000e+01
   endloop
 endfacet
 facet normal  0.000000e+00  0.000000e+00  1.000000e+00
   outer loop
     vertex  3.144930e+02  9.405961e+01 -2.914000e+01
     vertex  3.142795e+02  9.393864e+01 -2.914000e+01
     vertex  3.134922e+02  9.335476e+01 -2.914000e+01
   endloop
 endfacet
 facet normal  0.000000e+00  0.000000e+00  1.000000e+00
   outer loop
     vertex  3.715596e+02  3.699302e+01 -2.914000e+01
     vertex  3.671500e+02  3.435000e+01 -2.914000e+01
     vertex  3.711660e+02  3.637150e+01 -2.914000e+01
   endloop
 endfacet
 facet normal  0.000000e+00  0.000000e+00  1.000000e+00
   outer loop
     vertex  3.715596e+02  3.699302e+01 -2.914000e+01
     vertex  3.713073e+02  3.657215e+01 -2.914000e+01
     vertex  3.714386e+02  3.677949e+01 -2.914000e+01
   endloop
 endfacet
 facet normal  0.000000e+00  0.000000e+00  1.000000e+00
   outer loop
     vertex  3.715596e+02  3.699302e+01 -2.914000e+01
     vertex  3.711660e+02  3.637150e+01 -2.914000e+01
     vertex  3.713073e+02  3.657215e+01 -2.914000e+01
   endloop
 endfacet
 facet normal  0.000000e+00  0.000000e+00  1.000000e+00
   outer loop
     vertex  3.147122e+02  9.416995e+01 -2.914000e+01
     vertex  3.134922e+02  9.335476e+01 -2.914000e+01
     vertex  3.118500e+02  8.965000e+01 -2.914000e+01
   endloop
 endfacet
 facet normal  0.000000e+00  0.000000e+00  1.000000e+00
   outer loop
     vertex  3.147122e+02  9.416995e+01 -2.914000e+01
     vertex  3.144930e+02  9.405961e+01 -2.914000e+01
     vertex  3.134922e+02  9.335476e+01 -2.914000e+01
   endloop
 endfacet
 facet normal  0.000000e+00  0.000000e+00  1.000000e+00
   outer loop
     vertex  3.716699e+02  3.721222e+01 -2.914000e+01
     vertex  3.671500e+02  3.435000e+01 -2.914000e+01
     vertex  3.715596e+02  3.699302e+01 -2.914000e+01
   endloop
 endfacet
 facet normal  0.000000e+00  0.000000e+00  1.000000e+00
   outer loop
     vertex  3.149366e+02  9.426940e+01 -2.914000e+01
     vertex  3.147122e+02  9.416995e+01 -2.914000e+01
     vertex  3.118500e+02  8.965000e+01 -2.914000e+01
   endloop
 endfacet
 facet normal  0.000000e+00  0.000000e+00  1.000000e+00
   outer loop
     vertex  3.718577e+02  3.766555e+01 -2.914000e+01
     vertex  3.671500e+02  3.435000e+01 -2.914000e+01
     vertex  3.716699e+02  3.721222e+01 -2.914000e+01
   endloop
 endfacet
 facet normal  0.000000e+00  0.000000e+00  1.000000e+00
   outer loop
     vertex  3.718577e+02  3.766555e+01 -2.914000e+01
     vertex  3.716699e+02  3.721222e+01 -2.914000e+01
     vertex  3.717694e+02  3.743658e+01 -2.914000e+01
   endloop
 endfacet
 facet normal  0.000000e+00  0.000000e+00  1.000000e+00
   outer loop
     vertex  3.153986e+02  9.443470e+01 -2.914000e+01
     vertex  3.151656e+02  9.435772e+01 -2.914000e+01
     vertex  3.149366e+02  9.426940e+01 -2.914000e+01
   endloop
 endfacet
 facet normal  0.000000e+00  0.000000e+00  1.000000e+00
   outer loop
     vertex  3.153986e+02  9.443470e+01 -2.914000e+01
     vertex  3.149366e+02  9.426940e+01 -2.914000e+01
     vertex  3.118500e+02  8.965000e+01 -2.914000e+01
   endloop
 endfacet
 facet normal  0.000000e+00  0.000000e+00  1.000000e+00
   outer loop
     vertex  3.156351e+02  9.450016e+01 -2.914000e+01
     vertex  3.153986e+02  9.443470e+01 -2.914000e+01
     vertex  3.118500e+02  8.965000e+01 -2.914000e+01
   endloop
 endfacet
 facet normal  0.000000e+00  0.000000e+00  1.000000e+00
   outer loop
     vertex  3.161163e+02  9.459588e+01 -2.914000e+01
     vertex  3.158745e+02  9.455393e+01 -2.914000e+01
     vertex  3.156351e+02  9.450016e+01 -2.914000e+01
   endloop
 endfacet
 facet normal  0.000000e+00  0.000000e+00  1.000000e+00
   outer loop
     vertex  3.161163e+02  9.459588e+01 -2.914000e+01
     vertex  3.156351e+02  9.450016e+01 -2.914000e+01
     vertex  3.118500e+02  8.965000e+01 -2.914000e+01
   endloop
 endfacet
 facet normal  0.000000e+00  0.000000e+00  1.000000e+00
   outer loop
     vertex  3.720959e+02  3.861635e+01 -2.914000e+01
     vertex  3.671500e+02  3.435000e+01 -2.914000e+01
     vertex  3.718577e+02  3.766555e+01 -2.914000e+01
   endloop
 endfacet
 facet normal  0.000000e+00  0.000000e+00  1.000000e+00
   outer loop
     vertex  3.720959e+02  3.861635e+01 -2.914000e+01
     vertex  3.720002e+02  3.813510e+01 -2.914000e+01
     vertex  3.720539e+02  3.837455e+01 -2.914000e+01
   endloop
 endfacet
 facet normal  0.000000e+00  0.000000e+00  1.000000e+00
   outer loop
     vertex  3.720959e+02  3.861635e+01 -2.914000e+01
     vertex  3.719347e+02  3.789858e+01 -2.914000e+01
     vertex  3.720002e+02  3.813510e+01 -2.914000e+01
   endloop
 endfacet
 facet normal  0.000000e+00  0.000000e+00  1.000000e+00
   outer loop
     vertex  3.720959e+02  3.861635e+01 -2.914000e+01
     vertex  3.718577e+02  3.766555e+01 -2.914000e+01
     vertex  3.719347e+02  3.789858e+01 -2.914000e+01
   endloop
 endfacet
 facet normal  0.000000e+00  0.000000e+00  1.000000e+00
   outer loop
     vertex  3.721500e+02  3.935000e+01 -2.914000e+01
     vertex  3.520500e+02  4.709289e+01 -2.914000e+01
     vertex  3.671500e+02  3.435000e+01 -2.914000e+01
   endloop
 endfacet
 facet normal  0.000000e+00  0.000000e+00  1.000000e+00
   outer loop
     vertex  3.721500e+02  3.935000e+01 -2.914000e+01
     vertex  3.721259e+02  3.885991e+01 -2.914000e+01
     vertex  3.721440e+02  3.910466e+01 -2.914000e+01
   endloop
 endfacet
 facet normal  0.000000e+00  0.000000e+00  1.000000e+00
   outer loop
     vertex  3.721500e+02  3.935000e+01 -2.914000e+01
     vertex  3.720959e+02  3.861635e+01 -2.914000e+01
     vertex  3.721259e+02  3.885991e+01 -2.914000e+01
   endloop
 endfacet
 facet normal  0.000000e+00  0.000000e+00  1.000000e+00
   outer loop
     vertex  3.721500e+02  3.935000e+01 -2.914000e+01
     vertex  3.671500e+02  3.435000e+01 -2.914000e+01
     vertex  3.720959e+02  3.861635e+01 -2.914000e+01
   endloop
 endfacet
 facet normal  0.000000e+00  0.000000e+00  1.000000e+00
   outer loop
     vertex  3.168500e+02  9.465000e+01 -2.914000e+01
     vertex  3.163599e+02  9.462592e+01 -2.914000e+01
     vertex  3.161163e+02  9.459588e+01 -2.914000e+01
   endloop
 endfacet
 facet normal  0.000000e+00  0.000000e+00  1.000000e+00
   outer loop
     vertex  3.168500e+02  9.465000e+01 -2.914000e+01
     vertex  3.166047e+02  9.464398e+01 -2.914000e+01
     vertex  3.163599e+02  9.462592e+01 -2.914000e+01
   endloop
 endfacet
 facet normal  0.000000e+00  0.000000e+00  1.000000e+00
   outer loop
     vertex  3.168500e+02  9.465000e+01 -2.914000e+01
     vertex  3.161163e+02  9.459588e+01 -2.914000e+01
     vertex  3.118500e+02  8.965000e+01 -2.914000e+01
   endloop
 endfacet
 facet normal  0.000000e+00  0.000000e+00  1.000000e+00
   outer loop
     vertex  3.319500e+02  8.190711e+01 -2.914000e+01
     vertex  3.118500e+02  8.965000e+01 -2.914000e+01
     vertex  3.219000e+02  6.450000e+01 -2.914000e+01
   endloop
 endfacet
 facet normal  0.000000e+00  0.000000e+00  1.000000e+00
   outer loop
     vertex  3.319500e+02  8.190711e+01 -2.914000e+01
     vertex  3.168500e+02  9.465000e+01 -2.914000e+01
     vertex  3.118500e+02  8.965000e+01 -2.914000e+01
   endloop
 endfacet
 facet normal  0.000000e+00  0.000000e+00  1.000000e+00
   outer loop
     vertex  3.621000e+02  6.450000e+01 -2.914000e+01
     vertex  3.520500e+02  4.709289e+01 -2.914000e+01
     vertex  3.721500e+02  3.935000e+01 -2.914000e+01
   endloop
 endfacet
 facet normal  0.000000e+00  0.000000e+00  1.000000e+00
   outer loop
     vertex  3.721500e+02  8.965000e+01 -2.914000e+01
     vertex  3.520500e+02  8.190711e+01 -2.914000e+01
     vertex  3.621000e+02  6.450000e+01 -2.914000e+01
   endloop
 endfacet
 facet normal  0.000000e+00  0.000000e+00  1.000000e+00
   outer loop
     vertex  3.721500e+02  8.965000e+01 -2.914000e+01
     vertex  3.621000e+02  6.450000e+01 -2.914000e+01
     vertex  3.721500e+02  3.935000e+01 -2.914000e+01
   endloop
 endfacet
 facet normal  0.000000e+00  0.000000e+00  1.000000e+00
   outer loop
     vertex  3.671500e+02  9.465000e+01 -2.914000e+01
     vertex  3.319500e+02  8.190711e+01 -2.914000e+01
     vertex  3.520500e+02  8.190711e+01 -2.914000e+01
   endloop
 endfacet
 facet normal  0.000000e+00  0.000000e+00  1.000000e+00
   outer loop
     vertex  3.671500e+02  9.465000e+01 -2.914000e+01
     vertex  3.168500e+02  9.465000e+01 -2.914000e+01
     vertex  3.319500e+02  8.190711e+01 -2.914000e+01
   endloop
 endfacet
 facet normal  0.000000e+00  0.000000e+00  1.000000e+00
   outer loop
     vertex  3.671500e+02  9.465000e+01 -2.914000e+01
     vertex  3.520500e+02  8.190711e+01 -2.914000e+01
     vertex  3.721500e+02  8.965000e+01 -2.914000e+01
   endloop
 endfacet
 facet normal  0.000000e+00  0.000000e+00  1.000000e+00
   outer loop
     vertex  3.721259e+02  9.014009e+01 -2.914000e+01
     vertex  3.721500e+02  8.965000e+01 -2.914000e+01
     vertex  3.721440e+02  8.989534e+01 -2.914000e+01
   endloop
 endfacet
 facet normal  0.000000e+00  0.000000e+00  1.000000e+00
   outer loop
     vertex  3.678837e+02  9.459588e+01 -2.914000e+01
     vertex  3.676401e+02  9.462592e+01 -2.914000e+01
     vertex  3.673953e+02  9.464398e+01 -2.914000e+01
   endloop
 endfacet
 facet normal  0.000000e+00  0.000000e+00  1.000000e+00
   outer loop
     vertex  3.720539e+02  9.062545e+01 -2.914000e+01
     vertex  3.721259e+02  9.014009e+01 -2.914000e+01
     vertex  3.720959e+02  9.038365e+01 -2.914000e+01
   endloop
 endfacet
 facet normal  0.000000e+00  0.000000e+00  1.000000e+00
   outer loop
     vertex  3.720002e+02  9.086490e+01 -2.914000e+01
     vertex  3.678837e+02  9.459588e+01 -2.914000e+01
     vertex  3.673953e+02  9.464398e+01 -2.914000e+01
   endloop
 endfacet
 facet normal  0.000000e+00  0.000000e+00  1.000000e+00
   outer loop
     vertex  3.720002e+02  9.086490e+01 -2.914000e+01
     vertex  3.721259e+02  9.014009e+01 -2.914000e+01
     vertex  3.720539e+02  9.062545e+01 -2.914000e+01
   endloop
 endfacet
 facet normal  0.000000e+00  0.000000e+00  1.000000e+00
   outer loop
     vertex  3.720002e+02  9.086490e+01 -2.914000e+01
     vertex  3.673953e+02  9.464398e+01 -2.914000e+01
     vertex  3.671500e+02  9.465000e+01 -2.914000e+01
   endloop
 endfacet
 facet normal  0.000000e+00  0.000000e+00  1.000000e+00
   outer loop
     vertex  3.720002e+02  9.086490e+01 -2.914000e+01
     vertex  3.671500e+02  9.465000e+01 -2.914000e+01
     vertex  3.721500e+02  8.965000e+01 -2.914000e+01
   endloop
 endfacet
 facet normal  0.000000e+00  0.000000e+00  1.000000e+00
   outer loop
     vertex  3.720002e+02  9.086490e+01 -2.914000e+01
     vertex  3.721500e+02  8.965000e+01 -2.914000e+01
     vertex  3.721259e+02  9.014009e+01 -2.914000e+01
   endloop
 endfacet
 facet normal  0.000000e+00  0.000000e+00  1.000000e+00
   outer loop
     vertex  3.683649e+02  9.450016e+01 -2.914000e+01
     vertex  3.681255e+02  9.455393e+01 -2.914000e+01
     vertex  3.678837e+02  9.459588e+01 -2.914000e+01
   endloop
 endfacet
 facet normal  0.000000e+00  0.000000e+00  1.000000e+00
   outer loop
     vertex  3.683649e+02  9.450016e+01 -2.914000e+01
     vertex  3.678837e+02  9.459588e+01 -2.914000e+01
     vertex  3.720002e+02  9.086490e+01 -2.914000e+01
   endloop
 endfacet
 facet normal  0.000000e+00  0.000000e+00  1.000000e+00
   outer loop
     vertex  3.718577e+02  9.133445e+01 -2.914000e+01
     vertex  3.720002e+02  9.086490e+01 -2.914000e+01
     vertex  3.719347e+02  9.110142e+01 -2.914000e+01
   endloop
 endfacet
 facet normal  0.000000e+00  0.000000e+00  1.000000e+00
   outer loop
     vertex  3.688344e+02  9.435772e+01 -2.914000e+01
     vertex  3.686014e+02  9.443470e+01 -2.914000e+01
     vertex  3.683649e+02  9.450016e+01 -2.914000e+01
   endloop
 endfacet
 facet normal  0.000000e+00  0.000000e+00  1.000000e+00
   outer loop
     vertex  3.688344e+02  9.435772e+01 -2.914000e+01
     vertex  3.683649e+02  9.450016e+01 -2.914000e+01
     vertex  3.720002e+02  9.086490e+01 -2.914000e+01
   endloop
 endfacet
 facet normal  0.000000e+00  0.000000e+00  1.000000e+00
   outer loop
     vertex  3.688344e+02  9.435772e+01 -2.914000e+01
     vertex  3.720002e+02  9.086490e+01 -2.914000e+01
     vertex  3.718577e+02  9.133445e+01 -2.914000e+01
   endloop
 endfacet
 facet normal  0.000000e+00  0.000000e+00  1.000000e+00
   outer loop
     vertex  3.692878e+02  9.416995e+01 -2.914000e+01
     vertex  3.690634e+02  9.426940e+01 -2.914000e+01
     vertex  3.688344e+02  9.435772e+01 -2.914000e+01
   endloop
 endfacet
 facet normal  0.000000e+00  0.000000e+00  1.000000e+00
   outer loop
     vertex  3.692878e+02  9.416995e+01 -2.914000e+01
     vertex  3.688344e+02  9.435772e+01 -2.914000e+01
     vertex  3.718577e+02  9.133445e+01 -2.914000e+01
   endloop
 endfacet
 facet normal  0.000000e+00  0.000000e+00  1.000000e+00
   outer loop
     vertex  3.692878e+02  9.416995e+01 -2.914000e+01
     vertex  3.718577e+02  9.133445e+01 -2.914000e+01
     vertex  3.717694e+02  9.156342e+01 -2.914000e+01
   endloop
 endfacet
 facet normal  0.000000e+00  0.000000e+00  1.000000e+00
   outer loop
     vertex  3.715596e+02  9.200698e+01 -2.914000e+01
     vertex  3.717694e+02  9.156342e+01 -2.914000e+01
     vertex  3.716699e+02  9.178778e+01 -2.914000e+01
   endloop
 endfacet
 facet normal  0.000000e+00  0.000000e+00  1.000000e+00
   outer loop
     vertex  3.714386e+02  9.222051e+01 -2.914000e+01
     vertex  3.695070e+02  9.405961e+01 -2.914000e+01
     vertex  3.692878e+02  9.416995e+01 -2.914000e+01
   endloop
 endfacet
 facet normal  0.000000e+00  0.000000e+00  1.000000e+00
   outer loop
     vertex  3.714386e+02  9.222051e+01 -2.914000e+01
     vertex  3.692878e+02  9.416995e+01 -2.914000e+01
     vertex  3.717694e+02  9.156342e+01 -2.914000e+01
   endloop
 endfacet
 facet normal  0.000000e+00  0.000000e+00  1.000000e+00
   outer loop
     vertex  3.714386e+02  9.222051e+01 -2.914000e+01
     vertex  3.717694e+02  9.156342e+01 -2.914000e+01
     vertex  3.715596e+02  9.200698e+01 -2.914000e+01
   endloop
 endfacet
 facet normal  0.000000e+00  0.000000e+00  1.000000e+00
   outer loop
     vertex  3.713073e+02  9.242785e+01 -2.914000e+01
     vertex  3.695070e+02  9.405961e+01 -2.914000e+01
     vertex  3.714386e+02  9.222051e+01 -2.914000e+01
   endloop
 endfacet
 facet normal  0.000000e+00  0.000000e+00  1.000000e+00
   outer loop
     vertex  3.711660e+02  9.262850e+01 -2.914000e+01
     vertex  3.697205e+02  9.393864e+01 -2.914000e+01
     vertex  3.695070e+02  9.405961e+01 -2.914000e+01
   endloop
 endfacet
 facet normal  0.000000e+00  0.000000e+00  1.000000e+00
   outer loop
     vertex  3.711660e+02  9.262850e+01 -2.914000e+01
     vertex  3.695070e+02  9.405961e+01 -2.914000e+01
     vertex  3.713073e+02  9.242785e+01 -2.914000e+01
   endloop
 endfacet
 facet normal  0.000000e+00  0.000000e+00  1.000000e+00
   outer loop
     vertex  3.710151e+02  9.282197e+01 -2.914000e+01
     vertex  3.699279e+02  9.380735e+01 -2.914000e+01
     vertex  3.697205e+02  9.393864e+01 -2.914000e+01
   endloop
 endfacet
 facet normal  0.000000e+00  0.000000e+00  1.000000e+00
   outer loop
     vertex  3.710151e+02  9.282197e+01 -2.914000e+01
     vertex  3.697205e+02  9.393864e+01 -2.914000e+01
     vertex  3.711660e+02  9.262850e+01 -2.914000e+01
   endloop
 endfacet
 facet normal  0.000000e+00  0.000000e+00  1.000000e+00
   outer loop
     vertex  3.710151e+02  9.282197e+01 -2.914000e+01
     vertex  3.701285e+02  9.366604e+01 -2.914000e+01
     vertex  3.699279e+02  9.380735e+01 -2.914000e+01
   endloop
 endfacet
 facet normal  0.000000e+00  0.000000e+00  1.000000e+00
   outer loop
     vertex  3.705078e+02  9.335476e+01 -2.914000e+01
     vertex  3.701285e+02  9.366604e+01 -2.914000e+01
     vertex  3.710151e+02  9.282197e+01 -2.914000e+01
   endloop
 endfacet
 facet normal  0.000000e+00  0.000000e+00  1.000000e+00
   outer loop
     vertex  3.705078e+02  9.335476e+01 -2.914000e+01
     vertex  3.710151e+02  9.282197e+01 -2.914000e+01
     vertex  3.708548e+02  9.300779e+01 -2.914000e+01
   endloop
 endfacet
 facet normal  0.000000e+00  0.000000e+00  1.000000e+00
   outer loop
     vertex  3.705078e+02  9.335476e+01 -2.914000e+01
     vertex  3.703220e+02  9.351505e+01 -2.914000e+01
     vertex  3.701285e+02  9.366604e+01 -2.914000e+01
   endloop
 endfacet
 facet normal  0.000000e+00  0.000000e+00  1.000000e+00
   outer loop
     vertex  3.706855e+02  9.318553e+01 -2.914000e+01
     vertex  3.705078e+02  9.335476e+01 -2.914000e+01
     vertex  3.708548e+02  9.300779e+01 -2.914000e+01
   endloop
 endfacet
 facet normal -9.997172e-01 -2.378273e-02  0.000000e+00
   outer loop
     vertex  3.118557e+02  3.911224e+01 -2.914000e+01
     vertex  3.118500e+02  3.935000e+01 -2.914000e+01
     vertex  3.118500e+02  3.935000e+01 -3.914000e+01
   endloop
 endfacet
 facet normal -9.996988e-01 -2.454123e-02 -1.804452e-05
   outer loop
     vertex  3.118557e+02  3.911224e+01 -2.914000e+01
     vertex  3.118500e+02  3.935000e+01 -3.914000e+01
     vertex  3.118560e+02  3.910466e+01 -3.914000e+01
   endloop
 endfacet
 facet normal -9.972905e-01 -7.356456e-02 -3.493803e-05
   outer loop
     vertex  3.118726e+02  3.887502e+01 -2.914000e+01
     vertex  3.118560e+02  3.910466e+01 -3.914000e+01
     vertex  3.118741e+02  3.885991e+01 -3.914000e+01
   endloop
 endfacet
 facet normal -9.974553e-01 -7.129437e-02  1.746902e-05
   outer loop
     vertex  3.118726e+02  3.887502e+01 -2.914000e+01
     vertex  3.118557e+02  3.911224e+01 -2.914000e+01
     vertex  3.118560e+02  3.910466e+01 -3.914000e+01
   endloop
 endfacet
 facet normal -9.924795e-01 -1.224107e-01 -5.068048e-05
   outer loop
     vertex  3.119008e+02  3.863887e+01 -2.914000e+01
     vertex  3.118741e+02  3.885991e+01 -3.914000e+01
     vertex  3.119041e+02  3.861635e+01 -3.914000e+01
   endloop
 endfacet
 facet normal -9.929368e-01 -1.186447e-01  3.378700e-05
   outer loop
     vertex  3.119008e+02  3.863887e+01 -2.914000e+01
     vertex  3.118726e+02  3.887502e+01 -2.914000e+01
     vertex  3.118741e+02  3.885991e+01 -3.914000e+01
   endloop
 endfacet
 facet normal -9.852776e-01 -1.709619e-01 -6.527183e-05
   outer loop
     vertex  3.119402e+02  3.840433e+01 -2.914000e+01
     vertex  3.119041e+02  3.861635e+01 -3.914000e+01
     vertex  3.119461e+02  3.837455e+01 -3.914000e+01
   endloop
 endfacet
 facet normal -9.861717e-01 -1.657266e-01  4.895391e-05
   outer loop
     vertex  3.119402e+02  3.840433e+01 -2.914000e+01
     vertex  3.119008e+02  3.863887e+01 -2.914000e+01
     vertex  3.119041e+02  3.861635e+01 -3.914000e+01
   endloop
 endfacet
 facet normal -9.757021e-01 -2.191012e-01 -7.871206e-05
   outer loop
     vertex  3.119908e+02  3.817193e+01 -2.914000e+01
     vertex  3.119461e+02  3.837455e+01 -3.914000e+01
     vertex  3.119998e+02  3.813510e+01 -3.914000e+01
   endloop
 endfacet
 facet normal -9.771755e-01 -2.124336e-01  6.296970e-05
   outer loop
     vertex  3.119908e+02  3.817193e+01 -2.914000e+01
     vertex  3.119402e+02  3.840433e+01 -2.914000e+01
     vertex  3.119461e+02  3.837455e+01 -3.914000e+01
   endloop
 endfacet
 facet normal -9.637761e-01 -2.667128e-01 -9.100113e-05
   outer loop
     vertex  3.120523e+02  3.794220e+01 -2.914000e+01
     vertex  3.119998e+02  3.813510e+01 -3.914000e+01
     vertex  3.120653e+02  3.789858e+01 -3.914000e+01
   endloop
 endfacet
 facet normal -9.659684e-01 -2.586599e-01  7.583435e-05
   outer loop
     vertex  3.120523e+02  3.794220e+01 -2.914000e+01
     vertex  3.119908e+02  3.817193e+01 -2.914000e+01
     vertex  3.119998e+02  3.813510e+01 -3.914000e+01
   endloop
 endfacet
 facet normal -9.495282e-01 -3.136817e-01 -1.021390e-04
   outer loop
     vertex  3.121247e+02  3.771565e+01 -2.914000e+01
     vertex  3.120653e+02  3.789858e+01 -3.914000e+01
     vertex  3.121423e+02  3.766555e+01 -3.914000e+01
   endloop
 endfacet
 facet normal -9.525759e-01 -3.043010e-01  8.754783e-05
   outer loop
     vertex  3.121247e+02  3.771565e+01 -2.914000e+01
     vertex  3.120523e+02  3.794220e+01 -2.914000e+01
     vertex  3.120653e+02  3.789858e+01 -3.914000e+01
   endloop
 endfacet
 facet normal -9.367262e-01 -3.500628e-01  1.026960e-04
   outer loop
     vertex  3.122077e+02  3.749280e+01 -3.114000e+01
     vertex  3.121247e+02  3.771565e+01 -2.914000e+01
     vertex  3.121423e+02  3.766555e+01 -3.914000e+01
   endloop
 endfacet
 facet normal -9.329928e-01 -3.598950e-01 -1.401571e-04
   outer loop
     vertex  3.122077e+02  3.749280e+01 -3.114000e+01
     vertex  3.121423e+02  3.766555e+01 -3.914000e+01
     vertex  3.122306e+02  3.743658e+01 -3.914000e+01
   endloop
 endfacet
 facet normal -9.370282e-01 -3.492537e-01  3.440954e-13
   outer loop
     vertex  3.122077e+02  3.749280e+01 -2.914000e+01
     vertex  3.121247e+02  3.771565e+01 -2.914000e+01
     vertex  3.122077e+02  3.749280e+01 -3.114000e+01
   endloop
 endfacet
 facet normal -9.142097e-01 -4.052413e-01 -1.508047e-04
   outer loop
     vertex  3.123014e+02  3.727389e+01 -3.114000e+01
     vertex  3.122306e+02  3.743658e+01 -3.914000e+01
     vertex  3.123301e+02  3.721222e+01 -3.914000e+01
   endloop
 endfacet
 facet normal -9.193490e-01 -3.934429e-01  1.346220e-04
   outer loop
     vertex  3.123014e+02  3.727389e+01 -3.114000e+01
     vertex  3.122077e+02  3.749280e+01 -3.114000e+01
     vertex  3.122306e+02  3.743658e+01 -3.914000e+01
   endloop
 endfacet
 facet normal -8.995747e-01 -4.367670e-01  1.446042e-04
   outer loop
     vertex  3.124054e+02  3.705968e+01 -3.114000e+01
     vertex  3.123014e+02  3.727389e+01 -3.114000e+01
     vertex  3.123301e+02  3.721222e+01 -3.914000e+01
   endloop
 endfacet
 facet normal -8.932243e-01 -4.496113e-01 -1.601215e-04
   outer loop
     vertex  3.124054e+02  3.705968e+01 -3.114000e+01
     vertex  3.123301e+02  3.721222e+01 -3.914000e+01
     vertex  3.124404e+02  3.699302e+01 -3.914000e+01
   endloop
 endfacet
 facet normal -8.700870e-01 -4.928982e-01 -1.681073e-04
   outer loop
     vertex  3.125195e+02  3.685067e+01 -3.114000e+01
     vertex  3.124404e+02  3.699302e+01 -3.914000e+01
     vertex  3.125614e+02  3.677949e+01 -3.914000e+01
   endloop
 endfacet
 facet normal -8.777600e-01 -4.791005e-01  1.532554e-04
   outer loop
     vertex  3.125195e+02  3.685067e+01 -3.114000e+01
     vertex  3.124054e+02  3.705968e+01 -3.114000e+01
     vertex  3.124404e+02  3.699302e+01 -3.914000e+01
   endloop
 endfacet
 facet normal -8.448536e-01 -5.349976e-01 -1.747621e-04
   outer loop
     vertex  3.126434e+02  3.664733e+01 -3.114000e+01
     vertex  3.125614e+02  3.677949e+01 -3.914000e+01
     vertex  3.126927e+02  3.657215e+01 -3.914000e+01
   endloop
 endfacet
 facet normal -8.539546e-01 -5.203474e-01  1.605758e-04
   outer loop
     vertex  3.126434e+02  3.664733e+01 -3.114000e+01
     vertex  3.125195e+02  3.685067e+01 -3.114000e+01
     vertex  3.125614e+02  3.677949e+01 -3.914000e+01
   endloop
 endfacet
 facet normal -8.175848e-01 -5.758082e-01 -1.800860e-04
   outer loop
     vertex  3.127768e+02  3.645012e+01 -3.114000e+01
     vertex  3.126927e+02  3.657215e+01 -3.914000e+01
     vertex  3.128340e+02  3.637150e+01 -3.914000e+01
   endloop
 endfacet
 facet normal -8.282125e-01 -5.604142e-01  1.665652e-04
   outer loop
     vertex  3.127768e+02  3.645012e+01 -3.114000e+01
     vertex  3.126434e+02  3.664733e+01 -3.114000e+01
     vertex  3.126927e+02  3.657215e+01 -3.914000e+01
   endloop
 endfacet
 facet normal -7.883464e-01 -6.152316e-01 -1.840790e-04
   outer loop
     vertex  3.129195e+02  3.625948e+01 -3.114000e+01
     vertex  3.128340e+02  3.637150e+01 -3.914000e+01
     vertex  3.129849e+02  3.617803e+01 -3.914000e+01
   endloop
 endfacet
 facet normal -8.005919e-01 -5.992100e-01  1.712236e-04
   outer loop
     vertex  3.129195e+02  3.625948e+01 -3.114000e+01
     vertex  3.127768e+02  3.645012e+01 -3.114000e+01
     vertex  3.128340e+02  3.637150e+01 -3.914000e+01
   endloop
 endfacet
 facet normal -7.572088e-01 -6.531728e-01 -1.867410e-04
   outer loop
     vertex  3.130711e+02  3.607586e+01 -3.114000e+01
     vertex  3.129849e+02  3.617803e+01 -3.914000e+01
     vertex  3.131452e+02  3.599221e+01 -3.914000e+01
   endloop
 endfacet
 facet normal -7.711556e-01 -6.366467e-01  1.745510e-04
   outer loop
     vertex  3.130711e+02  3.607586e+01 -3.114000e+01
     vertex  3.129195e+02  3.625948e+01 -3.114000e+01
     vertex  3.129849e+02  3.617803e+01 -3.914000e+01
   endloop
 endfacet
 facet normal -7.242471e-01 -6.895405e-01 -1.880719e-04
   outer loop
     vertex  3.132313e+02  3.589966e+01 -3.114000e+01
     vertex  3.131452e+02  3.599221e+01 -3.914000e+01
     vertex  3.133145e+02  3.581447e+01 -3.914000e+01
   endloop
 endfacet
 facet normal -7.399703e-01 -6.726395e-01  1.765475e-04
   outer loop
     vertex  3.132313e+02  3.589966e+01 -3.114000e+01
     vertex  3.130711e+02  3.607586e+01 -3.114000e+01
     vertex  3.131452e+02  3.599221e+01 -3.914000e+01
   endloop
 endfacet
 facet normal -6.895405e-01 -7.242471e-01 -1.880719e-04
   outer loop
     vertex  3.133997e+02  3.573128e+01 -3.114000e+01
     vertex  3.133145e+02  3.581447e+01 -3.914000e+01
     vertex  3.134922e+02  3.564524e+01 -3.914000e+01
   endloop
 endfacet
 facet normal -7.071068e-01 -7.071068e-01  1.772130e-04
   outer loop
     vertex  3.133997e+02  3.573128e+01 -3.114000e+01
     vertex  3.132313e+02  3.589966e+01 -3.114000e+01
     vertex  3.133145e+02  3.581447e+01 -3.914000e+01
   endloop
 endfacet
 facet normal -6.531728e-01 -7.572088e-01 -1.867410e-04
   outer loop
     vertex  3.135759e+02  3.557111e+01 -3.114000e+01
     vertex  3.134922e+02  3.564524e+01 -3.914000e+01
     vertex  3.136780e+02  3.548495e+01 -3.914000e+01
   endloop
 endfacet
 facet normal -6.726395e-01 -7.399703e-01  1.765475e-04
   outer loop
     vertex  3.135759e+02  3.557111e+01 -3.114000e+01
     vertex  3.133997e+02  3.573128e+01 -3.114000e+01
     vertex  3.134922e+02  3.564524e+01 -3.914000e+01
   endloop
 endfacet
 facet normal -6.152316e-01 -7.883464e-01 -1.840790e-04
   outer loop
     vertex  3.137595e+02  3.541952e+01 -3.114000e+01
     vertex  3.136780e+02  3.548495e+01 -3.914000e+01
     vertex  3.138715e+02  3.533396e+01 -3.914000e+01
   endloop
 endfacet
 facet normal -6.366467e-01 -7.711556e-01  1.745510e-04
   outer loop
     vertex  3.137595e+02  3.541952e+01 -3.114000e+01
     vertex  3.135759e+02  3.557111e+01 -3.114000e+01
     vertex  3.136780e+02  3.548495e+01 -3.914000e+01
   endloop
 endfacet
 facet normal -5.758082e-01 -8.175848e-01 -1.800860e-04
   outer loop
     vertex  3.139501e+02  3.527683e+01 -3.114000e+01
     vertex  3.138715e+02  3.533396e+01 -3.914000e+01
     vertex  3.140721e+02  3.519265e+01 -3.914000e+01
   endloop
 endfacet
 facet normal -5.992100e-01 -8.005919e-01  1.712236e-04
   outer loop
     vertex  3.139501e+02  3.527683e+01 -3.114000e+01
     vertex  3.137595e+02  3.541952e+01 -3.114000e+01
     vertex  3.138715e+02  3.533396e+01 -3.914000e+01
   endloop
 endfacet
 facet normal -5.349976e-01 -8.448536e-01 -1.747621e-04
   outer loop
     vertex  3.141473e+02  3.514339e+01 -3.114000e+01
     vertex  3.140721e+02  3.519265e+01 -3.914000e+01
     vertex  3.142795e+02  3.506136e+01 -3.914000e+01
   endloop
 endfacet
 facet normal -5.604142e-01 -8.282125e-01  1.665652e-04
   outer loop
     vertex  3.141473e+02  3.514339e+01 -3.114000e+01
     vertex  3.139501e+02  3.527683e+01 -3.114000e+01
     vertex  3.140721e+02  3.519265e+01 -3.914000e+01
   endloop
 endfacet
 facet normal -4.928982e-01 -8.700870e-01 -1.681073e-04
   outer loop
     vertex  3.143507e+02  3.501949e+01 -3.114000e+01
     vertex  3.142795e+02  3.506136e+01 -3.914000e+01
     vertex  3.144930e+02  3.494039e+01 -3.914000e+01
   endloop
 endfacet
 facet normal -5.203474e-01 -8.539546e-01  1.605758e-04
   outer loop
     vertex  3.143507e+02  3.501949e+01 -3.114000e+01
     vertex  3.141473e+02  3.514339e+01 -3.114000e+01
     vertex  3.142795e+02  3.506136e+01 -3.914000e+01
   endloop
 endfacet
 facet normal -4.496113e-01 -8.932243e-01 -1.601215e-04
   outer loop
     vertex  3.145597e+02  3.490540e+01 -3.114000e+01
     vertex  3.144930e+02  3.494039e+01 -3.914000e+01
     vertex  3.147122e+02  3.483005e+01 -3.914000e+01
   endloop
 endfacet
 facet normal -4.791005e-01 -8.777600e-01  1.532554e-04
   outer loop
     vertex  3.145597e+02  3.490540e+01 -3.114000e+01
     vertex  3.143507e+02  3.501949e+01 -3.114000e+01
     vertex  3.144930e+02  3.494039e+01 -3.914000e+01
   endloop
 endfacet
 facet normal -4.052413e-01 -9.142097e-01 -1.508047e-04
   outer loop
     vertex  3.147739e+02  3.480140e+01 -3.114000e+01
     vertex  3.147122e+02  3.483005e+01 -3.914000e+01
     vertex  3.149366e+02  3.473060e+01 -3.914000e+01
   endloop
 endfacet
 facet normal -4.367670e-01 -8.995747e-01  1.446042e-04
   outer loop
     vertex  3.147739e+02  3.480140e+01 -3.114000e+01
     vertex  3.145597e+02  3.490540e+01 -3.114000e+01
     vertex  3.147122e+02  3.483005e+01 -3.914000e+01
   endloop
 endfacet
 facet normal -3.598950e-01 -9.329928e-01 -1.401571e-04
   outer loop
     vertex  3.149928e+02  3.470772e+01 -3.114000e+01
     vertex  3.149366e+02  3.473060e+01 -3.914000e+01
     vertex  3.151656e+02  3.464228e+01 -3.914000e+01
   endloop
 endfacet
 facet normal -3.934429e-01 -9.193490e-01  1.346220e-04
   outer loop
     vertex  3.149928e+02  3.470772e+01 -3.114000e+01
     vertex  3.147739e+02  3.480140e+01 -3.114000e+01
     vertex  3.149366e+02  3.473060e+01 -3.914000e+01
   endloop
 endfacet
 facet normal -3.136817e-01 -9.495282e-01 -1.021390e-04
   outer loop
     vertex  3.152157e+02  3.462465e+01 -2.914000e+01
     vertex  3.151656e+02  3.464228e+01 -3.914000e+01
     vertex  3.153986e+02  3.456530e+01 -3.914000e+01
   endloop
 endfacet
 facet normal -3.492537e-01 -9.370282e-01  3.482689e-13
   outer loop
     vertex  3.152157e+02  3.462465e+01 -2.914000e+01
     vertex  3.149928e+02  3.470772e+01 -2.914000e+01
     vertex  3.149928e+02  3.470772e+01 -3.114000e+01
   endloop
 endfacet
 facet normal -3.500628e-01 -9.367262e-01  1.026960e-04
   outer loop
     vertex  3.152157e+02  3.462465e+01 -2.914000e+01
     vertex  3.149928e+02  3.470772e+01 -3.114000e+01
     vertex  3.151656e+02  3.464228e+01 -3.914000e+01
   endloop
 endfacet
 facet normal -2.667128e-01 -9.637761e-01 -9.100113e-05
   outer loop
     vertex  3.154422e+02  3.455228e+01 -2.914000e+01
     vertex  3.153986e+02  3.456530e+01 -3.914000e+01
     vertex  3.156351e+02  3.449984e+01 -3.914000e+01
   endloop
 endfacet
 facet normal -3.043010e-01 -9.525759e-01  8.754783e-05
   outer loop
     vertex  3.154422e+02  3.455228e+01 -2.914000e+01
     vertex  3.152157e+02  3.462465e+01 -2.914000e+01
     vertex  3.153986e+02  3.456530e+01 -3.914000e+01
   endloop
 endfacet
 facet normal -2.191012e-01 -9.757021e-01 -7.871206e-05
   outer loop
     vertex  3.156719e+02  3.449077e+01 -2.914000e+01
     vertex  3.156351e+02  3.449984e+01 -3.914000e+01
     vertex  3.158745e+02  3.444607e+01 -3.914000e+01
   endloop
 endfacet
 facet normal -2.586599e-01 -9.659684e-01  7.583435e-05
   outer loop
     vertex  3.156719e+02  3.449077e+01 -2.914000e+01
     vertex  3.154422e+02  3.455228e+01 -2.914000e+01
     vertex  3.156351e+02  3.449984e+01 -3.914000e+01
   endloop
 endfacet
 facet normal -1.709619e-01 -9.852776e-01 -6.527183e-05
   outer loop
     vertex  3.159043e+02  3.444024e+01 -2.914000e+01
     vertex  3.158745e+02  3.444607e+01 -3.914000e+01
     vertex  3.161163e+02  3.440412e+01 -3.914000e+01
   endloop
 endfacet
 facet normal -2.124336e-01 -9.771755e-01  6.296970e-05
   outer loop
     vertex  3.159043e+02  3.444024e+01 -2.914000e+01
     vertex  3.156719e+02  3.449077e+01 -2.914000e+01
     vertex  3.158745e+02  3.444607e+01 -3.914000e+01
   endloop
 endfacet
 facet normal -1.224107e-01 -9.924795e-01 -5.068048e-05
   outer loop
     vertex  3.161389e+02  3.440083e+01 -2.914000e+01
     vertex  3.161163e+02  3.440412e+01 -3.914000e+01
     vertex  3.163599e+02  3.437408e+01 -3.914000e+01
   endloop
 endfacet
 facet normal -1.657266e-01 -9.861717e-01  4.895391e-05
   outer loop
     vertex  3.161389e+02  3.440083e+01 -2.914000e+01
     vertex  3.159043e+02  3.444024e+01 -2.914000e+01
     vertex  3.161163e+02  3.440412e+01 -3.914000e+01
   endloop
 endfacet
 facet normal -7.356456e-02 -9.972905e-01 -3.493803e-05
   outer loop
     vertex  3.163750e+02  3.437261e+01 -2.914000e+01
     vertex  3.163599e+02  3.437408e+01 -3.914000e+01
     vertex  3.166047e+02  3.435602e+01 -3.914000e+01
   endloop
 endfacet
 facet normal -1.186447e-01 -9.929368e-01  3.378700e-05
   outer loop
     vertex  3.163750e+02  3.437261e+01 -2.914000e+01
     vertex  3.161389e+02  3.440083e+01 -2.914000e+01
     vertex  3.163599e+02  3.437408e+01 -3.914000e+01
   endloop
 endfacet
 facet normal -7.129437e-02 -9.974553e-01  1.746902e-05
   outer loop
     vertex  3.166122e+02  3.435566e+01 -2.914000e+01
     vertex  3.163750e+02  3.437261e+01 -2.914000e+01
     vertex  3.166047e+02  3.435602e+01 -3.914000e+01
   endloop
 endfacet
 facet normal -2.454123e-02 -9.996988e-01 -1.804452e-05
   outer loop
     vertex  3.166122e+02  3.435566e+01 -2.914000e+01
     vertex  3.166047e+02  3.435602e+01 -3.914000e+01
     vertex  3.168500e+02  3.435000e+01 -3.914000e+01
   endloop
 endfacet
 facet normal -2.378273e-02 -9.997172e-01 -0.000000e+00
   outer loop
     vertex  3.168500e+02  3.435000e+01 -2.914000e+01
     vertex  3.166122e+02  3.435566e+01 -2.914000e+01
     vertex  3.168500e+02  3.435000e+01 -3.914000e+01
   endloop
 endfacet
 facet normal -9.996988e-01  2.454123e-02  0.000000e+00
   outer loop
     vertex  3.118560e+02  8.989534e+01 -2.914000e+01
     vertex  3.118560e+02  8.989534e+01 -3.914000e+01
     vertex  3.118500e+02  8.965000e+01 -3.914000e+01
   endloop
 endfacet
 facet normal -9.996988e-01  2.454123e-02  0.000000e+00
   outer loop
     vertex  3.118560e+02  8.989534e+01 -2.914000e+01
     vertex  3.118500e+02  8.965000e+01 -3.914000e+01
     vertex  3.118500e+02  8.965000e+01 -2.914000e+01
   endloop
 endfacet
 facet normal -9.972905e-01  7.356456e-02  0.000000e+00
   outer loop
     vertex  3.118741e+02  9.014009e+01 -2.914000e+01
     vertex  3.118741e+02  9.014009e+01 -3.914000e+01
     vertex  3.118560e+02  8.989534e+01 -3.914000e+01
   endloop
 endfacet
 facet normal -9.924795e-01  1.224107e-01  0.000000e+00
   outer loop
     vertex  3.118741e+02  9.014009e+01 -2.914000e+01
     vertex  3.119041e+02  9.038365e+01 -3.914000e+01
     vertex  3.118741e+02  9.014009e+01 -3.914000e+01
   endloop
 endfacet
 facet normal -9.972905e-01  7.356456e-02  0.000000e+00
   outer loop
     vertex  3.118741e+02  9.014009e+01 -2.914000e+01
     vertex  3.118560e+02  8.989534e+01 -3.914000e+01
     vertex  3.118560e+02  8.989534e+01 -2.914000e+01
   endloop
 endfacet
 facet normal -9.924795e-01  1.224107e-01  0.000000e+00
   outer loop
     vertex  3.119041e+02  9.038365e+01 -2.914000e+01
     vertex  3.119041e+02  9.038365e+01 -3.914000e+01
     vertex  3.118741e+02  9.014009e+01 -2.914000e+01
   endloop
 endfacet
 facet normal -9.852776e-01  1.709619e-01  0.000000e+00
   outer loop
     vertex  3.119461e+02  9.062545e+01 -2.914000e+01
     vertex  3.119461e+02  9.062545e+01 -3.914000e+01
     vertex  3.119041e+02  9.038365e+01 -3.914000e+01
   endloop
 endfacet
 facet normal -9.852776e-01  1.709619e-01  0.000000e+00
   outer loop
     vertex  3.119461e+02  9.062545e+01 -2.914000e+01
     vertex  3.119041e+02  9.038365e+01 -3.914000e+01
     vertex  3.119041e+02  9.038365e+01 -2.914000e+01
   endloop
 endfacet
 facet normal -9.757021e-01  2.191012e-01  0.000000e+00
   outer loop
     vertex  3.119998e+02  9.086490e+01 -2.914000e+01
     vertex  3.119998e+02  9.086490e+01 -3.914000e+01
     vertex  3.119461e+02  9.062545e+01 -3.914000e+01
   endloop
 endfacet
 facet normal -9.637761e-01  2.667128e-01  0.000000e+00
   outer loop
     vertex  3.119998e+02  9.086490e+01 -2.914000e+01
     vertex  3.120653e+02  9.110142e+01 -3.914000e+01
     vertex  3.119998e+02  9.086490e+01 -3.914000e+01
   endloop
 endfacet
 facet normal -9.757021e-01  2.191012e-01  0.000000e+00
   outer loop
     vertex  3.119998e+02  9.086490e+01 -2.914000e+01
     vertex  3.119461e+02  9.062545e+01 -3.914000e+01
     vertex  3.119461e+02  9.062545e+01 -2.914000e+01
   endloop
 endfacet
 facet normal -9.637761e-01  2.667128e-01  0.000000e+00
   outer loop
     vertex  3.120653e+02  9.110142e+01 -2.914000e+01
     vertex  3.120653e+02  9.110142e+01 -3.914000e+01
     vertex  3.119998e+02  9.086490e+01 -2.914000e+01
   endloop
 endfacet
 facet normal -9.495282e-01  3.136817e-01  0.000000e+00
   outer loop
     vertex  3.121423e+02  9.133445e+01 -2.914000e+01
     vertex  3.121423e+02  9.133445e+01 -3.914000e+01
     vertex  3.120653e+02  9.110142e+01 -3.914000e+01
   endloop
 endfacet
 facet normal -9.495282e-01  3.136817e-01  0.000000e+00
   outer loop
     vertex  3.121423e+02  9.133445e+01 -2.914000e+01
     vertex  3.120653e+02  9.110142e+01 -3.914000e+01
     vertex  3.120653e+02  9.110142e+01 -2.914000e+01
   endloop
 endfacet
 facet normal -9.329928e-01  3.598950e-01  0.000000e+00
   outer loop
     vertex  3.122306e+02  9.156342e+01 -2.914000e+01
     vertex  3.122306e+02  9.156342e+01 -3.914000e+01
     vertex  3.121423e+02  9.133445e+01 -3.914000e+01
   endloop
 endfacet
 facet normal -9.142098e-01  4.052413e-01  0.000000e+00
   outer loop
     vertex  3.122306e+02  9.156342e+01 -2.914000e+01
     vertex  3.123301e+02  9.178778e+01 -3.914000e+01
     vertex  3.122306e+02  9.156342e+01 -3.914000e+01
   endloop
 endfacet
 facet normal -9.329928e-01  3.598950e-01  0.000000e+00
   outer loop
     vertex  3.122306e+02  9.156342e+01 -2.914000e+01
     vertex  3.121423e+02  9.133445e+01 -3.914000e+01
     vertex  3.121423e+02  9.133445e+01 -2.914000e+01
   endloop
 endfacet
 facet normal -9.142098e-01  4.052413e-01  0.000000e+00
   outer loop
     vertex  3.123301e+02  9.178778e+01 -2.914000e+01
     vertex  3.123301e+02  9.178778e+01 -3.914000e+01
     vertex  3.122306e+02  9.156342e+01 -2.914000e+01
   endloop
 endfacet
 facet normal -8.932243e-01  4.496113e-01  0.000000e+00
   outer loop
     vertex  3.124404e+02  9.200698e+01 -2.914000e+01
     vertex  3.124404e+02  9.200698e+01 -3.914000e+01
     vertex  3.123301e+02  9.178778e+01 -3.914000e+01
   endloop
 endfacet
 facet normal -8.932243e-01  4.496113e-01  0.000000e+00
   outer loop
     vertex  3.124404e+02  9.200698e+01 -2.914000e+01
     vertex  3.123301e+02  9.178778e+01 -3.914000e+01
     vertex  3.123301e+02  9.178778e+01 -2.914000e+01
   endloop
 endfacet
 facet normal -8.700870e-01  4.928982e-01  0.000000e+00
   outer loop
     vertex  3.125614e+02  9.222051e+01 -2.914000e+01
     vertex  3.125614e+02  9.222051e+01 -3.914000e+01
     vertex  3.124404e+02  9.200698e+01 -3.914000e+01
   endloop
 endfacet
 facet normal -8.700870e-01  4.928982e-01  0.000000e+00
   outer loop
     vertex  3.125614e+02  9.222051e+01 -2.914000e+01
     vertex  3.124404e+02  9.200698e+01 -3.914000e+01
     vertex  3.124404e+02  9.200698e+01 -2.914000e+01
   endloop
 endfacet
 facet normal -8.448536e-01  5.349976e-01  0.000000e+00
   outer loop
     vertex  3.126927e+02  9.242785e+01 -2.914000e+01
     vertex  3.126927e+02  9.242785e+01 -3.914000e+01
     vertex  3.125614e+02  9.222051e+01 -3.914000e+01
   endloop
 endfacet
 facet normal -8.448536e-01  5.349976e-01  0.000000e+00
   outer loop
     vertex  3.126927e+02  9.242785e+01 -2.914000e+01
     vertex  3.125614e+02  9.222051e+01 -3.914000e+01
     vertex  3.125614e+02  9.222051e+01 -2.914000e+01
   endloop
 endfacet
 facet normal -8.175848e-01  5.758082e-01  0.000000e+00
   outer loop
     vertex  3.128340e+02  9.262850e+01 -2.914000e+01
     vertex  3.128340e+02  9.262850e+01 -3.914000e+01
     vertex  3.126927e+02  9.242785e+01 -3.914000e+01
   endloop
 endfacet
 facet normal -7.883464e-01  6.152316e-01  0.000000e+00
   outer loop
     vertex  3.128340e+02  9.262850e+01 -2.914000e+01
     vertex  3.129849e+02  9.282197e+01 -3.914000e+01
     vertex  3.128340e+02  9.262850e+01 -3.914000e+01
   endloop
 endfacet
 facet normal -8.175848e-01  5.758082e-01  0.000000e+00
   outer loop
     vertex  3.128340e+02  9.262850e+01 -2.914000e+01
     vertex  3.126927e+02  9.242785e+01 -3.914000e+01
     vertex  3.126927e+02  9.242785e+01 -2.914000e+01
   endloop
 endfacet
 facet normal -7.883464e-01  6.152316e-01  0.000000e+00
   outer loop
     vertex  3.129849e+02  9.282197e+01 -2.914000e+01
     vertex  3.129849e+02  9.282197e+01 -3.914000e+01
     vertex  3.128340e+02  9.262850e+01 -2.914000e+01
   endloop
 endfacet
 facet normal -7.572088e-01  6.531728e-01  0.000000e+00
   outer loop
     vertex  3.131452e+02  9.300779e+01 -2.914000e+01
     vertex  3.131452e+02  9.300779e+01 -3.914000e+01
     vertex  3.129849e+02  9.282197e+01 -3.914000e+01
   endloop
 endfacet
 facet normal -7.572088e-01  6.531728e-01  0.000000e+00
   outer loop
     vertex  3.131452e+02  9.300779e+01 -2.914000e+01
     vertex  3.129849e+02  9.282197e+01 -3.914000e+01
     vertex  3.129849e+02  9.282197e+01 -2.914000e+01
   endloop
 endfacet
 facet normal -7.242471e-01  6.895405e-01  0.000000e+00
   outer loop
     vertex  3.133145e+02  9.318553e+01 -2.914000e+01
     vertex  3.133145e+02  9.318553e+01 -3.914000e+01
     vertex  3.131452e+02  9.300779e+01 -3.914000e+01
   endloop
 endfacet
 facet normal -7.242471e-01  6.895405e-01  0.000000e+00
   outer loop
     vertex  3.133145e+02  9.318553e+01 -2.914000e+01
     vertex  3.131452e+02  9.300779e+01 -3.914000e+01
     vertex  3.131452e+02  9.300779e+01 -2.914000e+01
   endloop
 endfacet
 facet normal -6.895405e-01  7.242471e-01  0.000000e+00
   outer loop
     vertex  3.134922e+02  9.335476e+01 -2.914000e+01
     vertex  3.134922e+02  9.335476e+01 -3.914000e+01
     vertex  3.133145e+02  9.318553e+01 -3.914000e+01
   endloop
 endfacet
 facet normal -6.895405e-01  7.242471e-01  0.000000e+00
   outer loop
     vertex  3.134922e+02  9.335476e+01 -2.914000e+01
     vertex  3.133145e+02  9.318553e+01 -3.914000e+01
     vertex  3.133145e+02  9.318553e+01 -2.914000e+01
   endloop
 endfacet
 facet normal -6.531728e-01  7.572088e-01  0.000000e+00
   outer loop
     vertex  3.136780e+02  9.351505e+01 -2.914000e+01
     vertex  3.136780e+02  9.351505e+01 -3.914000e+01
     vertex  3.134922e+02  9.335476e+01 -3.914000e+01
   endloop
 endfacet
 facet normal -6.531728e-01  7.572088e-01  0.000000e+00
   outer loop
     vertex  3.136780e+02  9.351505e+01 -2.914000e+01
     vertex  3.134922e+02  9.335476e+01 -3.914000e+01
     vertex  3.134922e+02  9.335476e+01 -2.914000e+01
   endloop
 endfacet
 facet normal -6.152316e-01  7.883464e-01  0.000000e+00
   outer loop
     vertex  3.138715e+02  9.366604e+01 -2.914000e+01
     vertex  3.138715e+02  9.366604e+01 -3.914000e+01
     vertex  3.136780e+02  9.351505e+01 -3.914000e+01
   endloop
 endfacet
 facet normal -5.758082e-01  8.175848e-01  0.000000e+00
   outer loop
     vertex  3.138715e+02  9.366604e+01 -2.914000e+01
     vertex  3.140721e+02  9.380735e+01 -3.914000e+01
     vertex  3.138715e+02  9.366604e+01 -3.914000e+01
   endloop
 endfacet
 facet normal -6.152316e-01  7.883464e-01  0.000000e+00
   outer loop
     vertex  3.138715e+02  9.366604e+01 -2.914000e+01
     vertex  3.136780e+02  9.351505e+01 -3.914000e+01
     vertex  3.136780e+02  9.351505e+01 -2.914000e+01
   endloop
 endfacet
 facet normal -5.758082e-01  8.175848e-01  0.000000e+00
   outer loop
     vertex  3.140721e+02  9.380735e+01 -2.914000e+01
     vertex  3.140721e+02  9.380735e+01 -3.914000e+01
     vertex  3.138715e+02  9.366604e+01 -2.914000e+01
   endloop
 endfacet
 facet normal -5.349976e-01  8.448536e-01  0.000000e+00
   outer loop
     vertex  3.142795e+02  9.393864e+01 -2.914000e+01
     vertex  3.142795e+02  9.393864e+01 -3.914000e+01
     vertex  3.140721e+02  9.380735e+01 -3.914000e+01
   endloop
 endfacet
 facet normal -5.349976e-01  8.448536e-01  0.000000e+00
   outer loop
     vertex  3.142795e+02  9.393864e+01 -2.914000e+01
     vertex  3.140721e+02  9.380735e+01 -3.914000e+01
     vertex  3.140721e+02  9.380735e+01 -2.914000e+01
   endloop
 endfacet
 facet normal -4.928982e-01  8.700870e-01  0.000000e+00
   outer loop
     vertex  3.144930e+02  9.405961e+01 -2.914000e+01
     vertex  3.144930e+02  9.405961e+01 -3.914000e+01
     vertex  3.142795e+02  9.393864e+01 -3.914000e+01
   endloop
 endfacet
 facet normal -4.928982e-01  8.700870e-01  0.000000e+00
   outer loop
     vertex  3.144930e+02  9.405961e+01 -2.914000e+01
     vertex  3.142795e+02  9.393864e+01 -3.914000e+01
     vertex  3.142795e+02  9.393864e+01 -2.914000e+01
   endloop
 endfacet
 facet normal -4.496113e-01  8.932243e-01  0.000000e+00
   outer loop
     vertex  3.147122e+02  9.416995e+01 -2.914000e+01
     vertex  3.147122e+02  9.416995e+01 -3.914000e+01
     vertex  3.144930e+02  9.405961e+01 -3.914000e+01
   endloop
 endfacet
 facet normal -4.496113e-01  8.932243e-01  0.000000e+00
   outer loop
     vertex  3.147122e+02  9.416995e+01 -2.914000e+01
     vertex  3.144930e+02  9.405961e+01 -3.914000e+01
     vertex  3.144930e+02  9.405961e+01 -2.914000e+01
   endloop
 endfacet
 facet normal -4.052413e-01  9.142098e-01  0.000000e+00
   outer loop
     vertex  3.149366e+02  9.426940e+01 -2.914000e+01
     vertex  3.149366e+02  9.426940e+01 -3.914000e+01
     vertex  3.147122e+02  9.416995e+01 -3.914000e+01
   endloop
 endfacet
 facet normal -4.052413e-01  9.142098e-01  0.000000e+00
   outer loop
     vertex  3.149366e+02  9.426940e+01 -2.914000e+01
     vertex  3.147122e+02  9.416995e+01 -3.914000e+01
     vertex  3.147122e+02  9.416995e+01 -2.914000e+01
   endloop
 endfacet
 facet normal -3.598950e-01  9.329928e-01  0.000000e+00
   outer loop
     vertex  3.151656e+02  9.435772e+01 -2.914000e+01
     vertex  3.151656e+02  9.435772e+01 -3.914000e+01
     vertex  3.149366e+02  9.426940e+01 -3.914000e+01
   endloop
 endfacet
 facet normal -3.598950e-01  9.329928e-01  0.000000e+00
   outer loop
     vertex  3.151656e+02  9.435772e+01 -2.914000e+01
     vertex  3.149366e+02  9.426940e+01 -3.914000e+01
     vertex  3.149366e+02  9.426940e+01 -2.914000e+01
   endloop
 endfacet
 facet normal -3.136817e-01  9.495282e-01  0.000000e+00
   outer loop
     vertex  3.153986e+02  9.443470e+01 -2.914000e+01
     vertex  3.153986e+02  9.443470e+01 -3.914000e+01
     vertex  3.151656e+02  9.435772e+01 -3.914000e+01
   endloop
 endfacet
 facet normal -3.136817e-01  9.495282e-01  0.000000e+00
   outer loop
     vertex  3.153986e+02  9.443470e+01 -2.914000e+01
     vertex  3.151656e+02  9.435772e+01 -3.914000e+01
     vertex  3.151656e+02  9.435772e+01 -2.914000e+01
   endloop
 endfacet
 facet normal -2.667128e-01  9.637761e-01  0.000000e+00
   outer loop
     vertex  3.156351e+02  9.450016e+01 -2.914000e+01
     vertex  3.156351e+02  9.450016e+01 -3.914000e+01
     vertex  3.153986e+02  9.443470e+01 -3.914000e+01
   endloop
 endfacet
 facet normal -2.667128e-01  9.637761e-01  0.000000e+00
   outer loop
     vertex  3.156351e+02  9.450016e+01 -2.914000e+01
     vertex  3.153986e+02  9.443470e+01 -3.914000e+01
     vertex  3.153986e+02  9.443470e+01 -2.914000e+01
   endloop
 endfacet
 facet normal -2.191012e-01  9.757021e-01  0.000000e+00
   outer loop
     vertex  3.158745e+02  9.455393e+01 -2.914000e+01
     vertex  3.158745e+02  9.455393e+01 -3.914000e+01
     vertex  3.156351e+02  9.450016e+01 -3.914000e+01
   endloop
 endfacet
 facet normal -2.191012e-01  9.757021e-01  0.000000e+00
   outer loop
     vertex  3.158745e+02  9.455393e+01 -2.914000e+01
     vertex  3.156351e+02  9.450016e+01 -3.914000e+01
     vertex  3.156351e+02  9.450016e+01 -2.914000e+01
   endloop
 endfacet
 facet normal -1.709619e-01  9.852776e-01  0.000000e+00
   outer loop
     vertex  3.161163e+02  9.459588e+01 -2.914000e+01
     vertex  3.161163e+02  9.459588e+01 -3.914000e+01
     vertex  3.158745e+02  9.455393e+01 -3.914000e+01
   endloop
 endfacet
 facet normal -1.224107e-01  9.924795e-01  0.000000e+00
   outer loop
     vertex  3.161163e+02  9.459588e+01 -2.914000e+01
     vertex  3.163599e+02  9.462592e+01 -3.914000e+01
     vertex  3.161163e+02  9.459588e+01 -3.914000e+01
   endloop
 endfacet
 facet normal -1.709619e-01  9.852776e-01  0.000000e+00
   outer loop
     vertex  3.161163e+02  9.459588e+01 -2.914000e+01
     vertex  3.158745e+02  9.455393e+01 -3.914000e+01
     vertex  3.158745e+02  9.455393e+01 -2.914000e+01
   endloop
 endfacet
 facet normal -1.224107e-01  9.924795e-01  0.000000e+00
   outer loop
     vertex  3.163599e+02  9.462592e+01 -2.914000e+01
     vertex  3.163599e+02  9.462592e+01 -3.914000e+01
     vertex  3.161163e+02  9.459588e+01 -2.914000e+01
   endloop
 endfacet
 facet normal -7.356456e-02  9.972905e-01  0.000000e+00
   outer loop
     vertex  3.166047e+02  9.464398e+01 -2.914000e+01
     vertex  3.166047e+02  9.464398e+01 -3.914000e+01
     vertex  3.163599e+02  9.462592e+01 -3.914000e+01
   endloop
 endfacet
 facet normal -2.454123e-02  9.996988e-01  0.000000e+00
   outer loop
     vertex  3.166047e+02  9.464398e+01 -2.914000e+01
     vertex  3.168500e+02  9.465000e+01 -3.914000e+01
     vertex  3.166047e+02  9.464398e+01 -3.914000e+01
   endloop
 endfacet
 facet normal -7.356456e-02  9.972905e-01  0.000000e+00
   outer loop
     vertex  3.166047e+02  9.464398e+01 -2.914000e+01
     vertex  3.163599e+02  9.462592e+01 -3.914000e+01
     vertex  3.163599e+02  9.462592e+01 -2.914000e+01
   endloop
 endfacet
 facet normal -2.454123e-02  9.996988e-01  0.000000e+00
   outer loop
     vertex  3.168500e+02  9.465000e+01 -2.914000e+01
     vertex  3.168500e+02  9.465000e+01 -3.914000e+01
     vertex  3.166047e+02  9.464398e+01 -2.914000e+01
   endloop
 endfacet
 facet normal  0.000000e+00  0.000000e+00 -1.000000e+00
   outer loop
     vertex  3.129849e+02  3.617803e+01 -3.914000e+01
     vertex  3.133145e+02  3.581447e+01 -3.914000e+01
     vertex  3.131452e+02  3.599221e+01 -3.914000e+01
   endloop
 endfacet
 facet normal  0.000000e+00  0.000000e+00 -1.000000e+00
   outer loop
     vertex  3.125614e+02  3.677949e+01 -3.914000e+01
     vertex  3.128340e+02  3.637150e+01 -3.914000e+01
     vertex  3.126927e+02  3.657215e+01 -3.914000e+01
   endloop
 endfacet
 facet normal  0.000000e+00  0.000000e+00 -1.000000e+00
   outer loop
     vertex  3.144930e+02  3.494039e+01 -3.914000e+01
     vertex  3.140721e+02  3.519265e+01 -3.914000e+01
     vertex  3.138715e+02  3.533396e+01 -3.914000e+01
   endloop
 endfacet
 facet normal  0.000000e+00  0.000000e+00 -1.000000e+00
   outer loop
     vertex  3.144930e+02  3.494039e+01 -3.914000e+01
     vertex  3.142795e+02  3.506136e+01 -3.914000e+01
     vertex  3.140721e+02  3.519265e+01 -3.914000e+01
   endloop
 endfacet
 facet normal  0.000000e+00  0.000000e+00 -1.000000e+00
   outer loop
     vertex  3.151656e+02  3.464228e+01 -3.914000e+01
     vertex  3.147122e+02  3.483005e+01 -3.914000e+01
     vertex  3.144930e+02  3.494039e+01 -3.914000e+01
   endloop
 endfacet
 facet normal  0.000000e+00  0.000000e+00 -1.000000e+00
   outer loop
     vertex  3.151656e+02  3.464228e+01 -3.914000e+01
     vertex  3.149366e+02  3.473060e+01 -3.914000e+01
     vertex  3.147122e+02  3.483005e+01 -3.914000e+01
   endloop
 endfacet
 facet normal  0.000000e+00  0.000000e+00 -1.000000e+00
   outer loop
     vertex  3.151656e+02  3.464228e+01 -3.914000e+01
     vertex  3.144930e+02  3.494039e+01 -3.914000e+01
     vertex  3.138715e+02  3.533396e+01 -3.914000e+01
   endloop
 endfacet
 facet normal  0.000000e+00  0.000000e+00 -1.000000e+00
   outer loop
     vertex  3.120653e+02  3.789858e+01 -3.914000e+01
     vertex  3.122306e+02  3.743658e+01 -3.914000e+01
     vertex  3.121423e+02  3.766555e+01 -3.914000e+01
   endloop
 endfacet
 facet normal  0.000000e+00  0.000000e+00 -1.000000e+00
   outer loop
     vertex  3.120653e+02  3.789858e+01 -3.914000e+01
     vertex  3.123301e+02  3.721222e+01 -3.914000e+01
     vertex  3.122306e+02  3.743658e+01 -3.914000e+01
   endloop
 endfacet
 facet normal  0.000000e+00  0.000000e+00 -1.000000e+00
   outer loop
     vertex  3.120653e+02  3.789858e+01 -3.914000e+01
     vertex  3.124404e+02  3.699302e+01 -3.914000e+01
     vertex  3.123301e+02  3.721222e+01 -3.914000e+01
   endloop
 endfacet
 facet normal  0.000000e+00  0.000000e+00 -1.000000e+00
   outer loop
     vertex  3.120653e+02  3.789858e+01 -3.914000e+01
     vertex  3.125614e+02  3.677949e+01 -3.914000e+01
     vertex  3.124404e+02  3.699302e+01 -3.914000e+01
   endloop
 endfacet
 facet normal  0.000000e+00  0.000000e+00 -1.000000e+00
   outer loop
     vertex  3.120653e+02  3.789858e+01 -3.914000e+01
     vertex  3.129849e+02  3.617803e+01 -3.914000e+01
     vertex  3.128340e+02  3.637150e+01 -3.914000e+01
   endloop
 endfacet
 facet normal  0.000000e+00  0.000000e+00 -1.000000e+00
   outer loop
     vertex  3.120653e+02  3.789858e+01 -3.914000e+01
     vertex  3.134922e+02  3.564524e+01 -3.914000e+01
     vertex  3.133145e+02  3.581447e+01 -3.914000e+01
   endloop
 endfacet
 facet normal  0.000000e+00  0.000000e+00 -1.000000e+00
   outer loop
     vertex  3.120653e+02  3.789858e+01 -3.914000e+01
     vertex  3.133145e+02  3.581447e+01 -3.914000e+01
     vertex  3.129849e+02  3.617803e+01 -3.914000e+01
   endloop
 endfacet
 facet normal  0.000000e+00  0.000000e+00 -1.000000e+00
   outer loop
     vertex  3.120653e+02  3.789858e+01 -3.914000e+01
     vertex  3.128340e+02  3.637150e+01 -3.914000e+01
     vertex  3.125614e+02  3.677949e+01 -3.914000e+01
   endloop
 endfacet
 facet normal  0.000000e+00  0.000000e+00 -1.000000e+00
   outer loop
     vertex  3.156351e+02  3.449984e+01 -3.914000e+01
     vertex  3.153986e+02  3.456530e+01 -3.914000e+01
     vertex  3.151656e+02  3.464228e+01 -3.914000e+01
   endloop
 endfacet
 facet normal  0.000000e+00  0.000000e+00 -1.000000e+00
   outer loop
     vertex  3.161163e+02  3.440412e+01 -3.914000e+01
     vertex  3.158745e+02  3.444607e+01 -3.914000e+01
     vertex  3.156351e+02  3.449984e+01 -3.914000e+01
   endloop
 endfacet
 facet normal  0.000000e+00  0.000000e+00 -1.000000e+00
   outer loop
     vertex  3.161163e+02  3.440412e+01 -3.914000e+01
     vertex  3.156351e+02  3.449984e+01 -3.914000e+01
     vertex  3.151656e+02  3.464228e+01 -3.914000e+01
   endloop
 endfacet
 facet normal  0.000000e+00  0.000000e+00 -1.000000e+00
   outer loop
     vertex  3.118741e+02  3.885991e+01 -3.914000e+01
     vertex  3.119461e+02  3.837455e+01 -3.914000e+01
     vertex  3.119041e+02  3.861635e+01 -3.914000e+01
   endloop
 endfacet
 facet normal  0.000000e+00  0.000000e+00 -1.000000e+00
   outer loop
     vertex  3.118741e+02  3.885991e+01 -3.914000e+01
     vertex  3.119998e+02  3.813510e+01 -3.914000e+01
     vertex  3.119461e+02  3.837455e+01 -3.914000e+01
   endloop
 endfacet
 facet normal  0.000000e+00  0.000000e+00 -1.000000e+00
   outer loop
     vertex  3.118741e+02  3.885991e+01 -3.914000e+01
     vertex  3.120653e+02  3.789858e+01 -3.914000e+01
     vertex  3.119998e+02  3.813510e+01 -3.914000e+01
   endloop
 endfacet
 facet normal  0.000000e+00  0.000000e+00 -1.000000e+00
   outer loop
     vertex  3.118741e+02  3.885991e+01 -3.914000e+01
     vertex  3.136780e+02  3.548495e+01 -3.914000e+01
     vertex  3.134922e+02  3.564524e+01 -3.914000e+01
   endloop
 endfacet
 facet normal  0.000000e+00  0.000000e+00 -1.000000e+00
   outer loop
     vertex  3.118741e+02  3.885991e+01 -3.914000e+01
     vertex  3.134922e+02  3.564524e+01 -3.914000e+01
     vertex  3.120653e+02  3.789858e+01 -3.914000e+01
   endloop
 endfacet
 facet normal  0.000000e+00  0.000000e+00 -1.000000e+00
   outer loop
     vertex  3.168500e+02  3.435000e+01 -3.914000e+01
     vertex  3.163599e+02  3.437408e+01 -3.914000e+01
     vertex  3.161163e+02  3.440412e+01 -3.914000e+01
   endloop
 endfacet
 facet normal  0.000000e+00  0.000000e+00 -1.000000e+00
   outer loop
     vertex  3.168500e+02  3.435000e+01 -3.914000e+01
     vertex  3.166047e+02  3.435602e+01 -3.914000e+01
     vertex  3.163599e+02  3.437408e+01 -3.914000e+01
   endloop
 endfacet
 facet normal  0.000000e+00  0.000000e+00 -1.000000e+00
   outer loop
     vertex  3.168500e+02  3.435000e+01 -3.914000e+01
     vertex  3.161163e+02  3.440412e+01 -3.914000e+01
     vertex  3.151656e+02  3.464228e+01 -3.914000e+01
   endloop
 endfacet
 facet normal  0.000000e+00  0.000000e+00 -1.000000e+00
   outer loop
     vertex  3.118500e+02  3.935000e+01 -3.914000e+01
     vertex  3.118741e+02  3.885991e+01 -3.914000e+01
     vertex  3.118560e+02  3.910466e+01 -3.914000e+01
   endloop
 endfacet
 facet normal  0.000000e+00  0.000000e+00 -1.000000e+00
   outer loop
     vertex  3.118500e+02  3.935000e+01 -3.914000e+01
     vertex  3.138715e+02  3.533396e+01 -3.914000e+01
     vertex  3.136780e+02  3.548495e+01 -3.914000e+01
   endloop
 endfacet
 facet normal  0.000000e+00  0.000000e+00 -1.000000e+00
   outer loop
     vertex  3.118500e+02  3.935000e+01 -3.914000e+01
     vertex  3.151656e+02  3.464228e+01 -3.914000e+01
     vertex  3.138715e+02  3.533396e+01 -3.914000e+01
   endloop
 endfacet
 facet normal  0.000000e+00  0.000000e+00 -1.000000e+00
   outer loop
     vertex  3.118500e+02  3.935000e+01 -3.914000e+01
     vertex  3.136780e+02  3.548495e+01 -3.914000e+01
     vertex  3.118741e+02  3.885991e+01 -3.914000e+01
   endloop
 endfacet
 facet normal  0.000000e+00  0.000000e+00 -1.000000e+00
   outer loop
     vertex  3.118500e+02  3.935000e+01 -3.914000e+01
     vertex  3.168500e+02  3.435000e+01 -3.914000e+01
     vertex  3.151656e+02  3.464228e+01 -3.914000e+01
   endloop
 endfacet
 facet normal  0.000000e+00  0.000000e+00 -1.000000e+00
   outer loop
     vertex  3.671500e+02  3.435000e+01 -3.914000e+01
     vertex  3.168500e+02  3.435000e+01 -3.914000e+01
     vertex  3.118500e+02  3.935000e+01 -3.914000e+01
   endloop
 endfacet
 facet normal  0.000000e+00  0.000000e+00 -1.000000e+00
   outer loop
     vertex  3.676401e+02  3.437408e+01 -3.914000e+01
     vertex  3.673953e+02  3.435602e+01 -3.914000e+01
     vertex  3.671500e+02  3.435000e+01 -3.914000e+01
   endloop
 endfacet
 facet normal  0.000000e+00  0.000000e+00 -1.000000e+00
   outer loop
     vertex  3.119041e+02  9.038365e+01 -3.914000e+01
     vertex  3.118560e+02  8.989534e+01 -3.914000e+01
     vertex  3.118741e+02  9.014009e+01 -3.914000e+01
   endloop
 endfacet
 facet normal  0.000000e+00  0.000000e+00 -1.000000e+00
   outer loop
     vertex  3.119461e+02  9.062545e+01 -3.914000e+01
     vertex  3.118560e+02  8.989534e+01 -3.914000e+01
     vertex  3.119041e+02  9.038365e+01 -3.914000e+01
   endloop
 endfacet
 facet normal  0.000000e+00  0.000000e+00 -1.000000e+00
   outer loop
     vertex  3.681255e+02  3.444607e+01 -3.914000e+01
     vertex  3.678837e+02  3.440412e+01 -3.914000e+01
     vertex  3.676401e+02  3.437408e+01 -3.914000e+01
   endloop
 endfacet
 facet normal  0.000000e+00  0.000000e+00 -1.000000e+00
   outer loop
     vertex  3.119998e+02  9.086490e+01 -3.914000e+01
     vertex  3.118560e+02  8.989534e+01 -3.914000e+01
     vertex  3.119461e+02  9.062545e+01 -3.914000e+01
   endloop
 endfacet
 facet normal  0.000000e+00  0.000000e+00 -1.000000e+00
   outer loop
     vertex  3.120653e+02  9.110142e+01 -3.914000e+01
     vertex  3.118560e+02  8.989534e+01 -3.914000e+01
     vertex  3.119998e+02  9.086490e+01 -3.914000e+01
   endloop
 endfacet
 facet normal  0.000000e+00  0.000000e+00 -1.000000e+00
   outer loop
     vertex  3.686014e+02  3.456530e+01 -3.914000e+01
     vertex  3.683649e+02  3.449984e+01 -3.914000e+01
     vertex  3.681255e+02  3.444607e+01 -3.914000e+01
   endloop
 endfacet
 facet normal  0.000000e+00  0.000000e+00 -1.000000e+00
   outer loop
     vertex  3.121423e+02  9.133445e+01 -3.914000e+01
     vertex  3.118500e+02  8.965000e+01 -3.914000e+01
     vertex  3.118560e+02  8.989534e+01 -3.914000e+01
   endloop
 endfacet
 facet normal  0.000000e+00  0.000000e+00 -1.000000e+00
   outer loop
     vertex  3.121423e+02  9.133445e+01 -3.914000e+01
     vertex  3.118560e+02  8.989534e+01 -3.914000e+01
     vertex  3.120653e+02  9.110142e+01 -3.914000e+01
   endloop
 endfacet
 facet normal  0.000000e+00  0.000000e+00 -1.000000e+00
   outer loop
     vertex  3.688344e+02  3.464228e+01 -3.914000e+01
     vertex  3.681255e+02  3.444607e+01 -3.914000e+01
     vertex  3.676401e+02  3.437408e+01 -3.914000e+01
   endloop
 endfacet
 facet normal  0.000000e+00  0.000000e+00 -1.000000e+00
   outer loop
     vertex  3.688344e+02  3.464228e+01 -3.914000e+01
     vertex  3.686014e+02  3.456530e+01 -3.914000e+01
     vertex  3.681255e+02  3.444607e+01 -3.914000e+01
   endloop
 endfacet
 facet normal  0.000000e+00  0.000000e+00 -1.000000e+00
   outer loop
     vertex  3.123301e+02  9.178778e+01 -3.914000e+01
     vertex  3.121423e+02  9.133445e+01 -3.914000e+01
     vertex  3.122306e+02  9.156342e+01 -3.914000e+01
   endloop
 endfacet
 facet normal  0.000000e+00  0.000000e+00 -1.000000e+00
   outer loop
     vertex  3.124404e+02  9.200698e+01 -3.914000e+01
     vertex  3.118500e+02  8.965000e+01 -3.914000e+01
     vertex  3.121423e+02  9.133445e+01 -3.914000e+01
   endloop
 endfacet
 facet normal  0.000000e+00  0.000000e+00 -1.000000e+00
   outer loop
     vertex  3.124404e+02  9.200698e+01 -3.914000e+01
     vertex  3.121423e+02  9.133445e+01 -3.914000e+01
     vertex  3.123301e+02  9.178778e+01 -3.914000e+01
   endloop
 endfacet
 facet normal  0.000000e+00  0.000000e+00 -1.000000e+00
   outer loop
     vertex  3.695070e+02  3.494039e+01 -3.914000e+01
     vertex  3.692878e+02  3.483005e+01 -3.914000e+01
     vertex  3.690634e+02  3.473060e+01 -3.914000e+01
   endloop
 endfacet
 facet normal  0.000000e+00  0.000000e+00 -1.000000e+00
   outer loop
     vertex  3.697205e+02  3.506136e+01 -3.914000e+01
     vertex  3.688344e+02  3.464228e+01 -3.914000e+01
     vertex  3.676401e+02  3.437408e+01 -3.914000e+01
   endloop
 endfacet
 facet normal  0.000000e+00  0.000000e+00 -1.000000e+00
   outer loop
     vertex  3.697205e+02  3.506136e+01 -3.914000e+01
     vertex  3.695070e+02  3.494039e+01 -3.914000e+01
     vertex  3.690634e+02  3.473060e+01 -3.914000e+01
   endloop
 endfacet
 facet normal  0.000000e+00  0.000000e+00 -1.000000e+00
   outer loop
     vertex  3.697205e+02  3.506136e+01 -3.914000e+01
     vertex  3.690634e+02  3.473060e+01 -3.914000e+01
     vertex  3.688344e+02  3.464228e+01 -3.914000e+01
   endloop
 endfacet
 facet normal  0.000000e+00  0.000000e+00 -1.000000e+00
   outer loop
     vertex  3.699279e+02  3.519265e+01 -3.914000e+01
     vertex  3.697205e+02  3.506136e+01 -3.914000e+01
     vertex  3.676401e+02  3.437408e+01 -3.914000e+01
   endloop
 endfacet
 facet normal  0.000000e+00  0.000000e+00 -1.000000e+00
   outer loop
     vertex  3.701285e+02  3.533396e+01 -3.914000e+01
     vertex  3.676401e+02  3.437408e+01 -3.914000e+01
     vertex  3.671500e+02  3.435000e+01 -3.914000e+01
   endloop
 endfacet
 facet normal  0.000000e+00  0.000000e+00 -1.000000e+00
   outer loop
     vertex  3.701285e+02  3.533396e+01 -3.914000e+01
     vertex  3.699279e+02  3.519265e+01 -3.914000e+01
     vertex  3.676401e+02  3.437408e+01 -3.914000e+01
   endloop
 endfacet
 facet normal  0.000000e+00  0.000000e+00 -1.000000e+00
   outer loop
     vertex  3.128340e+02  9.262850e+01 -3.914000e+01
     vertex  3.124404e+02  9.200698e+01 -3.914000e+01
     vertex  3.125614e+02  9.222051e+01 -3.914000e+01
   endloop
 endfacet
 facet normal  0.000000e+00  0.000000e+00 -1.000000e+00
   outer loop
     vertex  3.128340e+02  9.262850e+01 -3.914000e+01
     vertex  3.125614e+02  9.222051e+01 -3.914000e+01
     vertex  3.126927e+02  9.242785e+01 -3.914000e+01
   endloop
 endfacet
 facet normal  0.000000e+00  0.000000e+00 -1.000000e+00
   outer loop
     vertex  3.131452e+02  9.300779e+01 -3.914000e+01
     vertex  3.128340e+02  9.262850e+01 -3.914000e+01
     vertex  3.129849e+02  9.282197e+01 -3.914000e+01
   endloop
 endfacet
 facet normal  0.000000e+00  0.000000e+00 -1.000000e+00
   outer loop
     vertex  3.706855e+02  3.581447e+01 -3.914000e+01
     vertex  3.701285e+02  3.533396e+01 -3.914000e+01
     vertex  3.671500e+02  3.435000e+01 -3.914000e+01
   endloop
 endfacet
 facet normal  0.000000e+00  0.000000e+00 -1.000000e+00
   outer loop
     vertex  3.706855e+02  3.581447e+01 -3.914000e+01
     vertex  3.705078e+02  3.564524e+01 -3.914000e+01
     vertex  3.703220e+02  3.548495e+01 -3.914000e+01
   endloop
 endfacet
 facet normal  0.000000e+00  0.000000e+00 -1.000000e+00
   outer loop
     vertex  3.706855e+02  3.581447e+01 -3.914000e+01
     vertex  3.703220e+02  3.548495e+01 -3.914000e+01
     vertex  3.701285e+02  3.533396e+01 -3.914000e+01
   endloop
 endfacet
 facet normal  0.000000e+00  0.000000e+00 -1.000000e+00
   outer loop
     vertex  3.134922e+02  9.335476e+01 -3.914000e+01
     vertex  3.131452e+02  9.300779e+01 -3.914000e+01
     vertex  3.133145e+02  9.318553e+01 -3.914000e+01
   endloop
 endfacet
 facet normal  0.000000e+00  0.000000e+00 -1.000000e+00
   outer loop
     vertex  3.134922e+02  9.335476e+01 -3.914000e+01
     vertex  3.118500e+02  8.965000e+01 -3.914000e+01
     vertex  3.124404e+02  9.200698e+01 -3.914000e+01
   endloop
 endfacet
 facet normal  0.000000e+00  0.000000e+00 -1.000000e+00
   outer loop
     vertex  3.134922e+02  9.335476e+01 -3.914000e+01
     vertex  3.124404e+02  9.200698e+01 -3.914000e+01
     vertex  3.128340e+02  9.262850e+01 -3.914000e+01
   endloop
 endfacet
 facet normal  0.000000e+00  0.000000e+00 -1.000000e+00
   outer loop
     vertex  3.134922e+02  9.335476e+01 -3.914000e+01
     vertex  3.128340e+02  9.262850e+01 -3.914000e+01
     vertex  3.131452e+02  9.300779e+01 -3.914000e+01
   endloop
 endfacet
 facet normal  0.000000e+00  0.000000e+00 -1.000000e+00
   outer loop
     vertex  3.708548e+02  3.599221e+01 -3.914000e+01
     vertex  3.706855e+02  3.581447e+01 -3.914000e+01
     vertex  3.671500e+02  3.435000e+01 -3.914000e+01
   endloop
 endfacet
 facet normal  0.000000e+00  0.000000e+00 -1.000000e+00
   outer loop
     vertex  3.711660e+02  3.637150e+01 -3.914000e+01
     vertex  3.710151e+02  3.617803e+01 -3.914000e+01
     vertex  3.708548e+02  3.599221e+01 -3.914000e+01
   endloop
 endfacet
 facet normal  0.000000e+00  0.000000e+00 -1.000000e+00
   outer loop
     vertex  3.711660e+02  3.637150e+01 -3.914000e+01
     vertex  3.708548e+02  3.599221e+01 -3.914000e+01
     vertex  3.671500e+02  3.435000e+01 -3.914000e+01
   endloop
 endfacet
 facet normal  0.000000e+00  0.000000e+00 -1.000000e+00
   outer loop
     vertex  3.142795e+02  9.393864e+01 -3.914000e+01
     vertex  3.134922e+02  9.335476e+01 -3.914000e+01
     vertex  3.136780e+02  9.351505e+01 -3.914000e+01
   endloop
 endfacet
 facet normal  0.000000e+00  0.000000e+00 -1.000000e+00
   outer loop
     vertex  3.142795e+02  9.393864e+01 -3.914000e+01
     vertex  3.136780e+02  9.351505e+01 -3.914000e+01
     vertex  3.138715e+02  9.366604e+01 -3.914000e+01
   endloop
 endfacet
 facet normal  0.000000e+00  0.000000e+00 -1.000000e+00
   outer loop
     vertex  3.142795e+02  9.393864e+01 -3.914000e+01
     vertex  3.138715e+02  9.366604e+01 -3.914000e+01
     vertex  3.140721e+02  9.380735e+01 -3.914000e+01
   endloop
 endfacet
 facet normal  0.000000e+00  0.000000e+00 -1.000000e+00
   outer loop
     vertex  3.144930e+02  9.405961e+01 -3.914000e+01
     vertex  3.134922e+02  9.335476e+01 -3.914000e+01
     vertex  3.142795e+02  9.393864e+01 -3.914000e+01
   endloop
 endfacet
 facet normal  0.000000e+00  0.000000e+00 -1.000000e+00
   outer loop
     vertex  3.715596e+02  3.699302e+01 -3.914000e+01
     vertex  3.714386e+02  3.677949e+01 -3.914000e+01
     vertex  3.713073e+02  3.657215e+01 -3.914000e+01
   endloop
 endfacet
 facet normal  0.000000e+00  0.000000e+00 -1.000000e+00
   outer loop
     vertex  3.715596e+02  3.699302e+01 -3.914000e+01
     vertex  3.713073e+02  3.657215e+01 -3.914000e+01
     vertex  3.711660e+02  3.637150e+01 -3.914000e+01
   endloop
 endfacet
 facet normal  0.000000e+00  0.000000e+00 -1.000000e+00
   outer loop
     vertex  3.715596e+02  3.699302e+01 -3.914000e+01
     vertex  3.711660e+02  3.637150e+01 -3.914000e+01
     vertex  3.671500e+02  3.435000e+01 -3.914000e+01
   endloop
 endfacet
 facet normal  0.000000e+00  0.000000e+00 -1.000000e+00
   outer loop
     vertex  3.147122e+02  9.416995e+01 -3.914000e+01
     vertex  3.134922e+02  9.335476e+01 -3.914000e+01
     vertex  3.144930e+02  9.405961e+01 -3.914000e+01
   endloop
 endfacet
 facet normal  0.000000e+00  0.000000e+00 -1.000000e+00
   outer loop
     vertex  3.147122e+02  9.416995e+01 -3.914000e+01
     vertex  3.118500e+02  8.965000e+01 -3.914000e+01
     vertex  3.134922e+02  9.335476e+01 -3.914000e+01
   endloop
 endfacet
 facet normal  0.000000e+00  0.000000e+00 -1.000000e+00
   outer loop
     vertex  3.716699e+02  3.721222e+01 -3.914000e+01
     vertex  3.715596e+02  3.699302e+01 -3.914000e+01
     vertex  3.671500e+02  3.435000e+01 -3.914000e+01
   endloop
 endfacet
 facet normal  0.000000e+00  0.000000e+00 -1.000000e+00
   outer loop
     vertex  3.149366e+02  9.426940e+01 -3.914000e+01
     vertex  3.118500e+02  8.965000e+01 -3.914000e+01
     vertex  3.147122e+02  9.416995e+01 -3.914000e+01
   endloop
 endfacet
 facet normal  0.000000e+00  0.000000e+00 -1.000000e+00
   outer loop
     vertex  3.718577e+02  3.766555e+01 -3.914000e+01
     vertex  3.717694e+02  3.743658e+01 -3.914000e+01
     vertex  3.716699e+02  3.721222e+01 -3.914000e+01
   endloop
 endfacet
 facet normal  0.000000e+00  0.000000e+00 -1.000000e+00
   outer loop
     vertex  3.718577e+02  3.766555e+01 -3.914000e+01
     vertex  3.716699e+02  3.721222e+01 -3.914000e+01
     vertex  3.671500e+02  3.435000e+01 -3.914000e+01
   endloop
 endfacet
 facet normal  0.000000e+00  0.000000e+00 -1.000000e+00
   outer loop
     vertex  3.153986e+02  9.443470e+01 -3.914000e+01
     vertex  3.149366e+02  9.426940e+01 -3.914000e+01
     vertex  3.151656e+02  9.435772e+01 -3.914000e+01
   endloop
 endfacet
 facet normal  0.000000e+00  0.000000e+00 -1.000000e+00
   outer loop
     vertex  3.153986e+02  9.443470e+01 -3.914000e+01
     vertex  3.118500e+02  8.965000e+01 -3.914000e+01
     vertex  3.149366e+02  9.426940e+01 -3.914000e+01
   endloop
 endfacet
 facet normal  0.000000e+00  0.000000e+00 -1.000000e+00
   outer loop
     vertex  3.156351e+02  9.450016e+01 -3.914000e+01
     vertex  3.118500e+02  8.965000e+01 -3.914000e+01
     vertex  3.153986e+02  9.443470e+01 -3.914000e+01
   endloop
 endfacet
 facet normal  0.000000e+00  0.000000e+00 -1.000000e+00
   outer loop
     vertex  3.161163e+02  9.459588e+01 -3.914000e+01
     vertex  3.118500e+02  8.965000e+01 -3.914000e+01
     vertex  3.156351e+02  9.450016e+01 -3.914000e+01
   endloop
 endfacet
 facet normal  0.000000e+00  0.000000e+00 -1.000000e+00
   outer loop
     vertex  3.161163e+02  9.459588e+01 -3.914000e+01
     vertex  3.156351e+02  9.450016e+01 -3.914000e+01
     vertex  3.158745e+02  9.455393e+01 -3.914000e+01
   endloop
 endfacet
 facet normal  0.000000e+00  0.000000e+00 -1.000000e+00
   outer loop
     vertex  3.720959e+02  3.861635e+01 -3.914000e+01
     vertex  3.720539e+02  3.837455e+01 -3.914000e+01
     vertex  3.720002e+02  3.813510e+01 -3.914000e+01
   endloop
 endfacet
 facet normal  0.000000e+00  0.000000e+00 -1.000000e+00
   outer loop
     vertex  3.720959e+02  3.861635e+01 -3.914000e+01
     vertex  3.720002e+02  3.813510e+01 -3.914000e+01
     vertex  3.719347e+02  3.789858e+01 -3.914000e+01
   endloop
 endfacet
 facet normal  0.000000e+00  0.000000e+00 -1.000000e+00
   outer loop
     vertex  3.720959e+02  3.861635e+01 -3.914000e+01
     vertex  3.719347e+02  3.789858e+01 -3.914000e+01
     vertex  3.718577e+02  3.766555e+01 -3.914000e+01
   endloop
 endfacet
 facet normal  0.000000e+00  0.000000e+00 -1.000000e+00
   outer loop
     vertex  3.720959e+02  3.861635e+01 -3.914000e+01
     vertex  3.718577e+02  3.766555e+01 -3.914000e+01
     vertex  3.671500e+02  3.435000e+01 -3.914000e+01
   endloop
 endfacet
 facet normal  0.000000e+00  0.000000e+00 -1.000000e+00
   outer loop
     vertex  3.721500e+02  3.935000e+01 -3.914000e+01
     vertex  3.720959e+02  3.861635e+01 -3.914000e+01
     vertex  3.671500e+02  3.435000e+01 -3.914000e+01
   endloop
 endfacet
 facet normal  0.000000e+00  0.000000e+00 -1.000000e+00
   outer loop
     vertex  3.721500e+02  3.935000e+01 -3.914000e+01
     vertex  3.721440e+02  3.910466e+01 -3.914000e+01
     vertex  3.721259e+02  3.885991e+01 -3.914000e+01
   endloop
 endfacet
 facet normal  0.000000e+00  0.000000e+00 -1.000000e+00
   outer loop
     vertex  3.721500e+02  3.935000e+01 -3.914000e+01
     vertex  3.721259e+02  3.885991e+01 -3.914000e+01
     vertex  3.720959e+02  3.861635e+01 -3.914000e+01
   endloop
 endfacet
 facet normal  0.000000e+00  0.000000e+00 -1.000000e+00
   outer loop
     vertex  3.168500e+02  9.465000e+01 -3.914000e+01
     vertex  3.118500e+02  8.965000e+01 -3.914000e+01
     vertex  3.161163e+02  9.459588e+01 -3.914000e+01
   endloop
 endfacet
 facet normal  0.000000e+00  0.000000e+00 -1.000000e+00
   outer loop
     vertex  3.168500e+02  9.465000e+01 -3.914000e+01
     vertex  3.161163e+02  9.459588e+01 -3.914000e+01
     vertex  3.163599e+02  9.462592e+01 -3.914000e+01
   endloop
 endfacet
 facet normal  0.000000e+00  0.000000e+00 -1.000000e+00
   outer loop
     vertex  3.168500e+02  9.465000e+01 -3.914000e+01
     vertex  3.163599e+02  9.462592e+01 -3.914000e+01
     vertex  3.166047e+02  9.464398e+01 -3.914000e+01
   endloop
 endfacet
 facet normal  0.000000e+00  0.000000e+00 -1.000000e+00
   outer loop
     vertex  3.671500e+02  9.465000e+01 -3.914000e+01
     vertex  3.118500e+02  3.935000e+01 -3.914000e+01
     vertex  3.118500e+02  8.965000e+01 -3.914000e+01
   endloop
 endfacet
 facet normal  0.000000e+00  0.000000e+00 -1.000000e+00
   outer loop
     vertex  3.671500e+02  9.465000e+01 -3.914000e+01
     vertex  3.721500e+02  3.935000e+01 -3.914000e+01
     vertex  3.671500e+02  3.435000e+01 -3.914000e+01
   endloop
 endfacet
 facet normal -0.000000e+00  0.000000e+00 -1.000000e+00
   outer loop
     vertex  3.671500e+02  9.465000e+01 -3.914000e+01
     vertex  3.118500e+02  8.965000e+01 -3.914000e+01
     vertex  3.168500e+02  9.465000e+01 -3.914000e+01
   endloop
 endfacet
 facet normal  0.000000e+00  0.000000e+00 -1.000000e+00
   outer loop
     vertex  3.671500e+02  9.465000e+01 -3.914000e+01
     vertex  3.721500e+02  8.965000e+01 -3.914000e+01
     vertex  3.721500e+02  3.935000e+01 -3.914000e+01
   endloop
 endfacet
 facet normal  0.000000e+00 -0.000000e+00 -1.000000e+00
   outer loop
     vertex  3.671500e+02  9.465000e+01 -3.914000e+01
     vertex  3.671500e+02  3.435000e+01 -3.914000e+01
     vertex  3.118500e+02  3.935000e+01 -3.914000e+01
   endloop
 endfacet
 facet normal  0.000000e+00  0.000000e+00 -1.000000e+00
   outer loop
     vertex  3.721259e+02  9.014009e+01 -3.914000e+01
     vertex  3.721440e+02  8.989534e+01 -3.914000e+01
     vertex  3.721500e+02  8.965000e+01 -3.914000e+01
   endloop
 endfacet
 facet normal  0.000000e+00  0.000000e+00 -1.000000e+00
   outer loop
     vertex  3.678837e+02  9.459588e+01 -3.914000e+01
     vertex  3.673953e+02  9.464398e+01 -3.914000e+01
     vertex  3.676401e+02  9.462592e+01 -3.914000e+01
   endloop
 endfacet
 facet normal  0.000000e+00  0.000000e+00 -1.000000e+00
   outer loop
     vertex  3.720539e+02  9.062545e+01 -3.914000e+01
     vertex  3.720959e+02  9.038365e+01 -3.914000e+01
     vertex  3.721259e+02  9.014009e+01 -3.914000e+01
   endloop
 endfacet
 facet normal -0.000000e+00 -0.000000e+00 -1.000000e+00
   outer loop
     vertex  3.720002e+02  9.086490e+01 -3.914000e+01
     vertex  3.721500e+02  8.965000e+01 -3.914000e+01
     vertex  3.671500e+02  9.465000e+01 -3.914000e+01
   endloop
 endfacet
 facet normal  0.000000e+00  0.000000e+00 -1.000000e+00
   outer loop
     vertex  3.720002e+02  9.086490e+01 -3.914000e+01
     vertex  3.720539e+02  9.062545e+01 -3.914000e+01
     vertex  3.721259e+02  9.014009e+01 -3.914000e+01
   endloop
 endfacet
 facet normal  0.000000e+00  0.000000e+00 -1.000000e+00
   outer loop
     vertex  3.720002e+02  9.086490e+01 -3.914000e+01
     vertex  3.721259e+02  9.014009e+01 -3.914000e+01
     vertex  3.721500e+02  8.965000e+01 -3.914000e+01
   endloop
 endfacet
 facet normal  0.000000e+00  0.000000e+00 -1.000000e+00
   outer loop
     vertex  3.720002e+02  9.086490e+01 -3.914000e+01
     vertex  3.673953e+02  9.464398e+01 -3.914000e+01
     vertex  3.678837e+02  9.459588e+01 -3.914000e+01
   endloop
 endfacet
 facet normal  0.000000e+00  0.000000e+00 -1.000000e+00
   outer loop
     vertex  3.720002e+02  9.086490e+01 -3.914000e+01
     vertex  3.671500e+02  9.465000e+01 -3.914000e+01
     vertex  3.673953e+02  9.464398e+01 -3.914000e+01
   endloop
 endfacet
 facet normal -0.000000e+00 -0.000000e+00 -1.000000e+00
   outer loop
     vertex  3.683649e+02  9.450016e+01 -3.914000e+01
     vertex  3.720002e+02  9.086490e+01 -3.914000e+01
     vertex  3.678837e+02  9.459588e+01 -3.914000e+01
   endloop
 endfacet
 facet normal  0.000000e+00  0.000000e+00 -1.000000e+00
   outer loop
     vertex  3.683649e+02  9.450016e+01 -3.914000e+01
     vertex  3.678837e+02  9.459588e+01 -3.914000e+01
     vertex  3.681255e+02  9.455393e+01 -3.914000e+01
   endloop
 endfacet
 facet normal  0.000000e+00  0.000000e+00 -1.000000e+00
   outer loop
     vertex  3.718577e+02  9.133445e+01 -3.914000e+01
     vertex  3.719347e+02  9.110142e+01 -3.914000e+01
     vertex  3.720002e+02  9.086490e+01 -3.914000e+01
   endloop
 endfacet
 facet normal -0.000000e+00 -0.000000e+00 -1.000000e+00
   outer loop
     vertex  3.688344e+02  9.435772e+01 -3.914000e+01
     vertex  3.720002e+02  9.086490e+01 -3.914000e+01
     vertex  3.683649e+02  9.450016e+01 -3.914000e+01
   endloop
 endfacet
 facet normal  0.000000e+00  0.000000e+00 -1.000000e+00
   outer loop
     vertex  3.688344e+02  9.435772e+01 -3.914000e+01
     vertex  3.718577e+02  9.133445e+01 -3.914000e+01
     vertex  3.720002e+02  9.086490e+01 -3.914000e+01
   endloop
 endfacet
 facet normal  0.000000e+00  0.000000e+00 -1.000000e+00
   outer loop
     vertex  3.688344e+02  9.435772e+01 -3.914000e+01
     vertex  3.683649e+02  9.450016e+01 -3.914000e+01
     vertex  3.686014e+02  9.443470e+01 -3.914000e+01
   endloop
 endfacet
 facet normal -0.000000e+00 -0.000000e+00 -1.000000e+00
   outer loop
     vertex  3.692878e+02  9.416995e+01 -3.914000e+01
     vertex  3.718577e+02  9.133445e+01 -3.914000e+01
     vertex  3.688344e+02  9.435772e+01 -3.914000e+01
   endloop
 endfacet
 facet normal  0.000000e+00  0.000000e+00 -1.000000e+00
   outer loop
     vertex  3.692878e+02  9.416995e+01 -3.914000e+01
     vertex  3.717694e+02  9.156342e+01 -3.914000e+01
     vertex  3.718577e+02  9.133445e+01 -3.914000e+01
   endloop
 endfacet
 facet normal  0.000000e+00  0.000000e+00 -1.000000e+00
   outer loop
     vertex  3.692878e+02  9.416995e+01 -3.914000e+01
     vertex  3.688344e+02  9.435772e+01 -3.914000e+01
     vertex  3.690634e+02  9.426940e+01 -3.914000e+01
   endloop
 endfacet
 facet normal  0.000000e+00  0.000000e+00 -1.000000e+00
   outer loop
     vertex  3.715596e+02  9.200698e+01 -3.914000e+01
     vertex  3.716699e+02  9.178778e+01 -3.914000e+01
     vertex  3.717694e+02  9.156342e+01 -3.914000e+01
   endloop
 endfacet
 facet normal -0.000000e+00 -0.000000e+00 -1.000000e+00
   outer loop
     vertex  3.714386e+02  9.222051e+01 -3.914000e+01
     vertex  3.717694e+02  9.156342e+01 -3.914000e+01
     vertex  3.692878e+02  9.416995e+01 -3.914000e+01
   endloop
 endfacet
 facet normal  0.000000e+00  0.000000e+00 -1.000000e+00
   outer loop
     vertex  3.714386e+02  9.222051e+01 -3.914000e+01
     vertex  3.715596e+02  9.200698e+01 -3.914000e+01
     vertex  3.717694e+02  9.156342e+01 -3.914000e+01
   endloop
 endfacet
 facet normal  0.000000e+00  0.000000e+00 -1.000000e+00
   outer loop
     vertex  3.714386e+02  9.222051e+01 -3.914000e+01
     vertex  3.692878e+02  9.416995e+01 -3.914000e+01
     vertex  3.695070e+02  9.405961e+01 -3.914000e+01
   endloop
 endfacet
 facet normal -0.000000e+00 -0.000000e+00 -1.000000e+00
   outer loop
     vertex  3.713073e+02  9.242785e+01 -3.914000e+01
     vertex  3.714386e+02  9.222051e+01 -3.914000e+01
     vertex  3.695070e+02  9.405961e+01 -3.914000e+01
   endloop
 endfacet
 facet normal -0.000000e+00 -0.000000e+00 -1.000000e+00
   outer loop
     vertex  3.711660e+02  9.262850e+01 -3.914000e+01
     vertex  3.713073e+02  9.242785e+01 -3.914000e+01
     vertex  3.695070e+02  9.405961e+01 -3.914000e+01
   endloop
 endfacet
 facet normal  0.000000e+00  0.000000e+00 -1.000000e+00
   outer loop
     vertex  3.711660e+02  9.262850e+01 -3.914000e+01
     vertex  3.695070e+02  9.405961e+01 -3.914000e+01
     vertex  3.697205e+02  9.393864e+01 -3.914000e+01
   endloop
 endfacet
 facet normal -0.000000e+00 -0.000000e+00 -1.000000e+00
   outer loop
     vertex  3.710151e+02  9.282197e+01 -3.914000e+01
     vertex  3.711660e+02  9.262850e+01 -3.914000e+01
     vertex  3.697205e+02  9.393864e+01 -3.914000e+01
   endloop
 endfacet
 facet normal  0.000000e+00  0.000000e+00 -1.000000e+00
   outer loop
     vertex  3.710151e+02  9.282197e+01 -3.914000e+01
     vertex  3.699279e+02  9.380735e+01 -3.914000e+01
     vertex  3.701285e+02  9.366604e+01 -3.914000e+01
   endloop
 endfacet
 facet normal  0.000000e+00  0.000000e+00 -1.000000e+00
   outer loop
     vertex  3.710151e+02  9.282197e+01 -3.914000e+01
     vertex  3.697205e+02  9.393864e+01 -3.914000e+01
     vertex  3.699279e+02  9.380735e+01 -3.914000e+01
   endloop
 endfacet
 facet normal  0.000000e+00  0.000000e+00 -1.000000e+00
   outer loop
     vertex  3.705078e+02  9.335476e+01 -3.914000e+01
     vertex  3.708548e+02  9.300779e+01 -3.914000e+01
     vertex  3.710151e+02  9.282197e+01 -3.914000e+01
   endloop
 endfacet
 facet normal  0.000000e+00  0.000000e+00 -1.000000e+00
   outer loop
     vertex  3.705078e+02  9.335476e+01 -3.914000e+01
     vertex  3.701285e+02  9.366604e+01 -3.914000e+01
     vertex  3.703220e+02  9.351505e+01 -3.914000e+01
   endloop
 endfacet
 facet normal -0.000000e+00 -0.000000e+00 -1.000000e+00
   outer loop
     vertex  3.705078e+02  9.335476e+01 -3.914000e+01
     vertex  3.710151e+02  9.282197e+01 -3.914000e+01
     vertex  3.701285e+02  9.366604e+01 -3.914000e+01
   endloop
 endfacet
 facet normal -0.000000e+00 -0.000000e+00 -1.000000e+00
   outer loop
     vertex  3.706855e+02  9.318553e+01 -3.914000e+01
     vertex  3.708548e+02  9.300779e+01 -3.914000e+01
     vertex  3.705078e+02  9.335476e+01 -3.914000e+01
   endloop
 endfacet
 facet normal -9.955865e-01 -9.384890e-02  6.082252e-13
   outer loop
     vertex  3.149928e+02  3.470772e+01 -2.914000e+01
     vertex  3.149789e+02  3.485521e+01 -3.114000e+01
     vertex  3.149928e+02  3.470772e+01 -3.114000e+01
   endloop
 endfacet
 facet normal -9.897396e-01 -1.428830e-01  1.421343e-14
   outer loop
     vertex  3.149789e+02  3.485521e+01 -2.914000e+01
     vertex  3.149577e+02  3.500183e+01 -3.114000e+01
     vertex  3.149789e+02  3.485521e+01 -3.114000e+01
   endloop
 endfacet
 facet normal -9.955865e-01 -9.384890e-02  9.335712e-15
   outer loop
     vertex  3.149789e+02  3.485521e+01 -2.914000e+01
     vertex  3.149789e+02  3.485521e+01 -3.114000e+01
     vertex  3.149928e+02  3.470772e+01 -2.914000e+01
   endloop
 endfacet
 facet normal -9.814792e-01 -1.915687e-01  1.769531e-14
   outer loop
     vertex  3.149577e+02  3.500183e+01 -2.914000e+01
     vertex  3.149294e+02  3.514723e+01 -3.114000e+01
     vertex  3.149577e+02  3.500183e+01 -3.114000e+01
   endloop
 endfacet
 facet normal -9.897396e-01 -1.428830e-01  1.319818e-14
   outer loop
     vertex  3.149577e+02  3.500183e+01 -2.914000e+01
     vertex  3.149577e+02  3.500183e+01 -3.114000e+01
     vertex  3.149789e+02  3.485521e+01 -2.914000e+01
   endloop
 endfacet
 facet normal -9.708255e-01 -2.397873e-01 -7.998924e-15
   outer loop
     vertex  3.149294e+02  3.514723e+01 -2.914000e+01
     vertex  3.148938e+02  3.529105e+01 -3.114000e+01
     vertex  3.149294e+02  3.514723e+01 -3.114000e+01
   endloop
 endfacet
 facet normal -9.814792e-01 -1.915687e-01 -1.224178e-14
   outer loop
     vertex  3.149294e+02  3.514723e+01 -2.914000e+01
     vertex  3.149294e+02  3.514723e+01 -3.114000e+01
     vertex  3.149577e+02  3.500183e+01 -2.914000e+01
   endloop
 endfacet
 facet normal -9.578043e-01 -2.874211e-01 -4.757692e-15
   outer loop
     vertex  3.148938e+02  3.529105e+01 -2.914000e+01
     vertex  3.148512e+02  3.543295e+01 -3.114000e+01
     vertex  3.148938e+02  3.529105e+01 -3.114000e+01
   endloop
 endfacet
 facet normal -9.708255e-01 -2.397873e-01 -8.850819e-15
   outer loop
     vertex  3.148938e+02  3.529105e+01 -2.914000e+01
     vertex  3.148938e+02  3.529105e+01 -3.114000e+01
     vertex  3.149294e+02  3.514723e+01 -2.914000e+01
   endloop
 endfacet
 facet normal -9.424476e-01 -3.343540e-01 -4.216554e-15
   outer loop
     vertex  3.148512e+02  3.543295e+01 -2.914000e+01
     vertex  3.148017e+02  3.557257e+01 -3.114000e+01
     vertex  3.148512e+02  3.543295e+01 -3.114000e+01
   endloop
 endfacet
 facet normal -9.578043e-01 -2.874211e-01 -7.821066e-15
   outer loop
     vertex  3.148512e+02  3.543295e+01 -2.914000e+01
     vertex  3.148512e+02  3.543295e+01 -3.114000e+01
     vertex  3.148938e+02  3.529105e+01 -2.914000e+01
   endloop
 endfacet
 facet normal -9.247926e-01 -3.804716e-01  2.297901e-14
   outer loop
     vertex  3.148017e+02  3.557257e+01 -2.914000e+01
     vertex  3.147453e+02  3.570957e+01 -3.114000e+01
     vertex  3.148017e+02  3.557257e+01 -3.114000e+01
   endloop
 endfacet
 facet normal -9.424476e-01 -3.343540e-01  2.019369e-14
   outer loop
     vertex  3.148017e+02  3.557257e+01 -2.914000e+01
     vertex  3.148017e+02  3.557257e+01 -3.114000e+01
     vertex  3.148512e+02  3.543295e+01 -2.914000e+01
   endloop
 endfacet
 facet normal -9.048825e-01 -4.256614e-01 -3.034512e-15
   outer loop
     vertex  3.147453e+02  3.570957e+01 -2.914000e+01
     vertex  3.146823e+02  3.584362e+01 -3.114000e+01
     vertex  3.147453e+02  3.570957e+01 -3.114000e+01
   endloop
 endfacet
 facet normal -9.247926e-01 -3.804716e-01 -6.008587e-15
   outer loop
     vertex  3.147453e+02  3.570957e+01 -2.914000e+01
     vertex  3.147453e+02  3.570957e+01 -3.114000e+01
     vertex  3.148017e+02  3.557257e+01 -2.914000e+01
   endloop
 endfacet
 facet normal -8.827658e-01 -4.698132e-01 -5.060372e-15
   outer loop
     vertex  3.146823e+02  3.584362e+01 -2.914000e+01
     vertex  3.146127e+02  3.597440e+01 -3.114000e+01
     vertex  3.146823e+02  3.584362e+01 -3.114000e+01
   endloop
 endfacet
 facet normal -9.048825e-01 -4.256614e-01 -7.571271e-15
   outer loop
     vertex  3.146823e+02  3.584362e+01 -2.914000e+01
     vertex  3.146823e+02  3.584362e+01 -3.114000e+01
     vertex  3.147453e+02  3.570957e+01 -2.914000e+01
   endloop
 endfacet
 facet normal -8.827658e-01 -4.698132e-01 -6.729484e-15
   outer loop
     vertex  3.146127e+02  3.597440e+01 -2.914000e+01
     vertex  3.146127e+02  3.597440e+01 -3.114000e+01
     vertex  3.146823e+02  3.584362e+01 -2.914000e+01
   endloop
 endfacet
 facet normal -8.584965e-01 -5.128194e-01 -4.359034e-15
   outer loop
     vertex  3.146127e+02  3.597440e+01 -2.914000e+01
     vertex  3.145367e+02  3.610158e+01 -3.114000e+01
     vertex  3.146127e+02  3.597440e+01 -3.114000e+01
   endloop
 endfacet
 facet normal -8.584965e-01 -5.128194e-01 -8.002835e-15
   outer loop
     vertex  3.145367e+02  3.610158e+01 -2.914000e+01
     vertex  3.145367e+02  3.610158e+01 -3.114000e+01
     vertex  3.146127e+02  3.597440e+01 -2.914000e+01
   endloop
 endfacet
 facet normal -8.321337e-01 -5.545750e-01 -5.918446e-15
   outer loop
     vertex  3.145367e+02  3.610158e+01 -2.914000e+01
     vertex  3.144546e+02  3.622486e+01 -3.114000e+01
     vertex  3.145367e+02  3.610158e+01 -3.114000e+01
   endloop
 endfacet
 facet normal -8.321337e-01 -5.545750e-01  1.182148e-14
   outer loop
     vertex  3.144546e+02  3.622486e+01 -2.914000e+01
     vertex  3.144546e+02  3.622486e+01 -3.114000e+01
     vertex  3.145367e+02  3.610158e+01 -2.914000e+01
   endloop
 endfacet
 facet normal -8.037417e-01 -5.949783e-01  1.268273e-14
   outer loop
     vertex  3.144546e+02  3.622486e+01 -2.914000e+01
     vertex  3.143664e+02  3.634393e+01 -3.114000e+01
     vertex  3.144546e+02  3.622486e+01 -3.114000e+01
   endloop
 endfacet
 facet normal -7.733898e-01 -6.339307e-01  1.126087e-14
   outer loop
     vertex  3.143664e+02  3.634393e+01 -2.914000e+01
     vertex  3.142725e+02  3.645850e+01 -3.114000e+01
     vertex  3.143664e+02  3.634393e+01 -3.114000e+01
   endloop
 endfacet
 facet normal -8.037417e-01 -5.949783e-01  1.056894e-14
   outer loop
     vertex  3.143664e+02  3.634393e+01 -2.914000e+01
     vertex  3.143664e+02  3.634393e+01 -3.114000e+01
     vertex  3.144546e+02  3.622486e+01 -2.914000e+01
   endloop
 endfacet
 facet normal -7.411520e-01 -6.713373e-01 -1.390960e-14
   outer loop
     vertex  3.142725e+02  3.645850e+01 -2.914000e+01
     vertex  3.141731e+02  3.656830e+01 -3.114000e+01
     vertex  3.142725e+02  3.645850e+01 -3.114000e+01
   endloop
 endfacet
 facet normal -7.733898e-01 -6.339307e-01 -1.522454e-14
   outer loop
     vertex  3.142725e+02  3.645850e+01 -2.914000e+01
     vertex  3.142725e+02  3.645850e+01 -3.114000e+01
     vertex  3.143664e+02  3.634393e+01 -2.914000e+01
   endloop
 endfacet
 facet normal -7.071068e-01 -7.071068e-01  2.512148e-15
   outer loop
     vertex  3.141731e+02  3.656830e+01 -2.914000e+01
     vertex  3.140683e+02  3.667305e+01 -3.114000e+01
     vertex  3.141731e+02  3.656830e+01 -3.114000e+01
   endloop
 endfacet
 facet normal -7.411520e-01 -6.713373e-01  2.385069e-15
   outer loop
     vertex  3.141731e+02  3.656830e+01 -2.914000e+01
     vertex  3.141731e+02  3.656830e+01 -3.114000e+01
     vertex  3.142725e+02  3.645850e+01 -2.914000e+01
   endloop
 endfacet
 facet normal -7.071068e-01 -7.071068e-01 -0.000000e+00
   outer loop
     vertex  3.140683e+02  3.667305e+01 -2.914000e+01
     vertex  3.140683e+02  3.667305e+01 -3.114000e+01
     vertex  3.141731e+02  3.656830e+01 -2.914000e+01
   endloop
 endfacet
 facet normal -6.713373e-01 -7.411520e-01 -5.266201e-15
   outer loop
     vertex  3.139585e+02  3.677251e+01 -2.914000e+01
     vertex  3.139585e+02  3.677251e+01 -3.114000e+01
     vertex  3.140683e+02  3.667305e+01 -3.114000e+01
   endloop
 endfacet
 facet normal -6.713373e-01 -7.411520e-01  0.000000e+00
   outer loop
     vertex  3.139585e+02  3.677251e+01 -2.914000e+01
     vertex  3.140683e+02  3.667305e+01 -3.114000e+01
     vertex  3.140683e+02  3.667305e+01 -2.914000e+01
   endloop
 endfacet
 facet normal -6.339307e-01 -7.733898e-01  1.252213e-14
   outer loop
     vertex  3.138439e+02  3.686642e+01 -2.914000e+01
     vertex  3.138439e+02  3.686642e+01 -3.114000e+01
     vertex  3.139585e+02  3.677251e+01 -3.114000e+01
   endloop
 endfacet
 facet normal -6.339307e-01 -7.733898e-01 -5.491839e-15
   outer loop
     vertex  3.138439e+02  3.686642e+01 -2.914000e+01
     vertex  3.139585e+02  3.677251e+01 -3.114000e+01
     vertex  3.139585e+02  3.677251e+01 -2.914000e+01
   endloop
 endfacet
 facet normal -5.949783e-01 -8.037417e-01  8.343908e-15
   outer loop
     vertex  3.137249e+02  3.695456e+01 -2.914000e+01
     vertex  3.137249e+02  3.695456e+01 -3.114000e+01
     vertex  3.138439e+02  3.686642e+01 -3.114000e+01
   endloop
 endfacet
 facet normal -5.949783e-01 -8.037417e-01  1.120031e-14
   outer loop
     vertex  3.137249e+02  3.695456e+01 -2.914000e+01
     vertex  3.138439e+02  3.686642e+01 -3.114000e+01
     vertex  3.138439e+02  3.686642e+01 -2.914000e+01
   endloop
 endfacet
 facet normal -5.545750e-01 -8.321337e-01  9.803060e-16
   outer loop
     vertex  3.136016e+02  3.703672e+01 -2.914000e+01
     vertex  3.136016e+02  3.703672e+01 -3.114000e+01
     vertex  3.137249e+02  3.695456e+01 -3.114000e+01
   endloop
 endfacet
 facet normal -5.545750e-01 -8.321337e-01  6.897000e-15
   outer loop
     vertex  3.136016e+02  3.703672e+01 -2.914000e+01
     vertex  3.137249e+02  3.695456e+01 -3.114000e+01
     vertex  3.137249e+02  3.695456e+01 -2.914000e+01
   endloop
 endfacet
 facet normal -5.128194e-01 -8.584965e-01 -6.747580e-16
   outer loop
     vertex  3.134744e+02  3.711269e+01 -2.914000e+01
     vertex  3.134744e+02  3.711269e+01 -3.114000e+01
     vertex  3.136016e+02  3.703672e+01 -3.114000e+01
   endloop
 endfacet
 facet normal -5.128194e-01 -8.584965e-01 -6.733064e-16
   outer loop
     vertex  3.134744e+02  3.711269e+01 -2.914000e+01
     vertex  3.136016e+02  3.703672e+01 -3.114000e+01
     vertex  3.136016e+02  3.703672e+01 -2.914000e+01
   endloop
 endfacet
 facet normal -4.698132e-01 -8.827658e-01 -5.464391e-15
   outer loop
     vertex  3.133436e+02  3.718229e+01 -2.914000e+01
     vertex  3.133436e+02  3.718229e+01 -3.114000e+01
     vertex  3.134744e+02  3.711269e+01 -3.114000e+01
   endloop
 endfacet
 facet normal -4.698132e-01 -8.827658e-01 -2.330226e-15
   outer loop
     vertex  3.133436e+02  3.718229e+01 -2.914000e+01
     vertex  3.134744e+02  3.711269e+01 -3.114000e+01
     vertex  3.134744e+02  3.711269e+01 -2.914000e+01
   endloop
 endfacet
 facet normal -4.256614e-01 -9.048825e-01 -7.190706e-15
   outer loop
     vertex  3.132096e+02  3.724535e+01 -2.914000e+01
     vertex  3.132096e+02  3.724535e+01 -3.114000e+01
     vertex  3.133436e+02  3.718229e+01 -3.114000e+01
   endloop
 endfacet
 facet normal -4.256614e-01 -9.048825e-01 -7.195597e-15
   outer loop
     vertex  3.132096e+02  3.724535e+01 -2.914000e+01
     vertex  3.133436e+02  3.718229e+01 -3.114000e+01
     vertex  3.133436e+02  3.718229e+01 -2.914000e+01
   endloop
 endfacet
 facet normal -3.804716e-01 -9.247926e-01  5.199690e-15
   outer loop
     vertex  3.130726e+02  3.730171e+01 -2.914000e+01
     vertex  3.130726e+02  3.730171e+01 -3.114000e+01
     vertex  3.132096e+02  3.724535e+01 -3.114000e+01
   endloop
 endfacet
 facet normal -3.804716e-01 -9.247926e-01 -8.899355e-15
   outer loop
     vertex  3.130726e+02  3.730171e+01 -2.914000e+01
     vertex  3.132096e+02  3.724535e+01 -3.114000e+01
     vertex  3.132096e+02  3.724535e+01 -2.914000e+01
   endloop
 endfacet
 facet normal -3.343540e-01 -9.424476e-01 -1.083654e-15
   outer loop
     vertex  3.129329e+02  3.735125e+01 -2.914000e+01
     vertex  3.129329e+02  3.735125e+01 -3.114000e+01
     vertex  3.130726e+02  3.730171e+01 -3.114000e+01
   endloop
 endfacet
 facet normal -3.343540e-01 -9.424476e-01  2.265823e-15
   outer loop
     vertex  3.129329e+02  3.735125e+01 -2.914000e+01
     vertex  3.130726e+02  3.730171e+01 -3.114000e+01
     vertex  3.130726e+02  3.730171e+01 -2.914000e+01
   endloop
 endfacet
 facet normal -2.874211e-01 -9.578043e-01 -4.078831e-15
   outer loop
     vertex  3.127911e+02  3.739383e+01 -2.914000e+01
     vertex  3.127911e+02  3.739383e+01 -3.114000e+01
     vertex  3.129329e+02  3.735125e+01 -3.114000e+01
   endloop
 endfacet
 facet normal -2.874211e-01 -9.578043e-01 -4.077895e-15
   outer loop
     vertex  3.127911e+02  3.739383e+01 -2.914000e+01
     vertex  3.129329e+02  3.735125e+01 -3.114000e+01
     vertex  3.129329e+02  3.735125e+01 -2.914000e+01
   endloop
 endfacet
 facet normal -2.397873e-01 -9.708255e-01 -3.614997e-15
   outer loop
     vertex  3.126472e+02  3.742935e+01 -2.914000e+01
     vertex  3.126472e+02  3.742935e+01 -3.114000e+01
     vertex  3.127911e+02  3.739383e+01 -3.114000e+01
   endloop
 endfacet
 facet normal -2.397873e-01 -9.708255e-01 -7.063863e-15
   outer loop
     vertex  3.126472e+02  3.742935e+01 -2.914000e+01
     vertex  3.127911e+02  3.739383e+01 -3.114000e+01
     vertex  3.127911e+02  3.739383e+01 -2.914000e+01
   endloop
 endfacet
 facet normal -1.915687e-01 -9.814792e-01  2.386472e-15
   outer loop
     vertex  3.125018e+02  3.745773e+01 -2.914000e+01
     vertex  3.125018e+02  3.745773e+01 -3.114000e+01
     vertex  3.126472e+02  3.742935e+01 -3.114000e+01
   endloop
 endfacet
 facet normal -1.915687e-01 -9.814792e-01 -6.542782e-15
   outer loop
     vertex  3.125018e+02  3.745773e+01 -2.914000e+01
     vertex  3.126472e+02  3.742935e+01 -3.114000e+01
     vertex  3.126472e+02  3.742935e+01 -2.914000e+01
   endloop
 endfacet
 facet normal -1.428830e-01 -9.897396e-01  1.634155e-15
   outer loop
     vertex  3.123552e+02  3.747890e+01 -2.914000e+01
     vertex  3.123552e+02  3.747890e+01 -3.114000e+01
     vertex  3.125018e+02  3.745773e+01 -3.114000e+01
   endloop
 endfacet
 facet normal -9.384890e-02 -9.955865e-01 -2.609062e-15
   outer loop
     vertex  3.123552e+02  3.747890e+01 -2.914000e+01
     vertex  3.122077e+02  3.749280e+01 -3.114000e+01
     vertex  3.123552e+02  3.747890e+01 -3.114000e+01
   endloop
 endfacet
 facet normal -1.428830e-01 -9.897396e-01 -1.882331e-15
   outer loop
     vertex  3.123552e+02  3.747890e+01 -2.914000e+01
     vertex  3.125018e+02  3.745773e+01 -3.114000e+01
     vertex  3.125018e+02  3.745773e+01 -2.914000e+01
   endloop
 endfacet
 facet normal -9.384890e-02 -9.955865e-01  6.146324e-13
   outer loop
     vertex  3.122077e+02  3.749280e+01 -2.914000e+01
     vertex  3.122077e+02  3.749280e+01 -3.114000e+01
     vertex  3.123552e+02  3.747890e+01 -2.914000e+01
   endloop
 endfacet
 facet normal  0.000000e+00  1.000000e+00  0.000000e+00
   outer loop
     vertex  3.671500e+02  9.465000e+01 -2.914000e+01
     vertex  3.671500e+02  9.465000e+01 -3.914000e+01
     vertex  3.168500e+02  9.465000e+01 -3.914000e+01
   endloop
 endfacet
 facet normal  0.000000e+00  1.000000e+00  0.000000e+00
   outer loop
     vertex  3.671500e+02  9.465000e+01 -2.914000e+01
     vertex  3.168500e+02  9.465000e+01 -3.914000e+01
     vertex  3.168500e+02  9.465000e+01 -2.914000e+01
   endloop
 endfacet
 facet normal  9.996988e-01  2.454123e-02  0.000000e+00
   outer loop
     vertex  3.721440e+02  8.989534e+01 -2.914000e+01
     vertex  3.721500e+02  8.965000e+01 -3.914000e+01
     vertex  3.721440e+02  8.989534e+01 -3.914000e+01
   endloop
 endfacet
 facet normal  9.996988e-01  2.454123e-02  0.000000e+00
   outer loop
     vertex  3.721440e+02  8.989534e+01 -2.914000e+01
     vertex  3.721500e+02  8.965000e+01 -2.914000e+01
     vertex  3.721500e+02  8.965000e+01 -3.914000e+01
   endloop
 endfacet
 facet normal  9.972905e-01  7.356456e-02  0.000000e+00
   outer loop
     vertex  3.721259e+02  9.014009e+01 -2.914000e+01
     vertex  3.721440e+02  8.989534e+01 -3.914000e+01
     vertex  3.721259e+02  9.014009e+01 -3.914000e+01
   endloop
 endfacet
 facet normal  9.924795e-01  1.224107e-01  0.000000e+00
   outer loop
     vertex  3.721259e+02  9.014009e+01 -2.914000e+01
     vertex  3.721259e+02  9.014009e+01 -3.914000e+01
     vertex  3.720959e+02  9.038365e+01 -3.914000e+01
   endloop
 endfacet
 facet normal  9.972905e-01  7.356456e-02  0.000000e+00
   outer loop
     vertex  3.721259e+02  9.014009e+01 -2.914000e+01
     vertex  3.721440e+02  8.989534e+01 -2.914000e+01
     vertex  3.721440e+02  8.989534e+01 -3.914000e+01
   endloop
 endfacet
 facet normal  9.924795e-01  1.224107e-01  0.000000e+00
   outer loop
     vertex  3.720959e+02  9.038365e+01 -2.914000e+01
     vertex  3.721259e+02  9.014009e+01 -2.914000e+01
     vertex  3.720959e+02  9.038365e+01 -3.914000e+01
   endloop
 endfacet
 facet normal  9.852776e-01  1.709619e-01  0.000000e+00
   outer loop
     vertex  3.720539e+02  9.062545e+01 -2.914000e+01
     vertex  3.720959e+02  9.038365e+01 -3.914000e+01
     vertex  3.720539e+02  9.062545e+01 -3.914000e+01
   endloop
 endfacet
 facet normal  9.852776e-01  1.709619e-01  0.000000e+00
   outer loop
     vertex  3.720539e+02  9.062545e+01 -2.914000e+01
     vertex  3.720959e+02  9.038365e+01 -2.914000e+01
     vertex  3.720959e+02  9.038365e+01 -3.914000e+01
   endloop
 endfacet
 facet normal  9.757021e-01  2.191012e-01  0.000000e+00
   outer loop
     vertex  3.720002e+02  9.086490e+01 -2.914000e+01
     vertex  3.720539e+02  9.062545e+01 -3.914000e+01
     vertex  3.720002e+02  9.086490e+01 -3.914000e+01
   endloop
 endfacet
 facet normal  9.637761e-01  2.667128e-01  0.000000e+00
   outer loop
     vertex  3.720002e+02  9.086490e+01 -2.914000e+01
     vertex  3.720002e+02  9.086490e+01 -3.914000e+01
     vertex  3.719347e+02  9.110142e+01 -3.914000e+01
   endloop
 endfacet
 facet normal  9.757021e-01  2.191012e-01  0.000000e+00
   outer loop
     vertex  3.720002e+02  9.086490e+01 -2.914000e+01
     vertex  3.720539e+02  9.062545e+01 -2.914000e+01
     vertex  3.720539e+02  9.062545e+01 -3.914000e+01
   endloop
 endfacet
 facet normal  9.637761e-01  2.667128e-01  0.000000e+00
   outer loop
     vertex  3.719347e+02  9.110142e+01 -2.914000e+01
     vertex  3.720002e+02  9.086490e+01 -2.914000e+01
     vertex  3.719347e+02  9.110142e+01 -3.914000e+01
   endloop
 endfacet
 facet normal  9.495282e-01  3.136817e-01  0.000000e+00
   outer loop
     vertex  3.718577e+02  9.133445e+01 -2.914000e+01
     vertex  3.719347e+02  9.110142e+01 -3.914000e+01
     vertex  3.718577e+02  9.133445e+01 -3.914000e+01
   endloop
 endfacet
 facet normal  9.495282e-01  3.136817e-01  0.000000e+00
   outer loop
     vertex  3.718577e+02  9.133445e+01 -2.914000e+01
     vertex  3.719347e+02  9.110142e+01 -2.914000e+01
     vertex  3.719347e+02  9.110142e+01 -3.914000e+01
   endloop
 endfacet
 facet normal  9.329928e-01  3.598950e-01  0.000000e+00
   outer loop
     vertex  3.717694e+02  9.156342e+01 -2.914000e+01
     vertex  3.718577e+02  9.133445e+01 -3.914000e+01
     vertex  3.717694e+02  9.156342e+01 -3.914000e+01
   endloop
 endfacet
 facet normal  9.142098e-01  4.052413e-01  0.000000e+00
   outer loop
     vertex  3.717694e+02  9.156342e+01 -2.914000e+01
     vertex  3.717694e+02  9.156342e+01 -3.914000e+01
     vertex  3.716699e+02  9.178778e+01 -3.914000e+01
   endloop
 endfacet
 facet normal  9.329928e-01  3.598950e-01  0.000000e+00
   outer loop
     vertex  3.717694e+02  9.156342e+01 -2.914000e+01
     vertex  3.718577e+02  9.133445e+01 -2.914000e+01
     vertex  3.718577e+02  9.133445e+01 -3.914000e+01
   endloop
 endfacet
 facet normal  9.142098e-01  4.052413e-01  0.000000e+00
   outer loop
     vertex  3.716699e+02  9.178778e+01 -2.914000e+01
     vertex  3.717694e+02  9.156342e+01 -2.914000e+01
     vertex  3.716699e+02  9.178778e+01 -3.914000e+01
   endloop
 endfacet
 facet normal  8.932243e-01  4.496113e-01  0.000000e+00
   outer loop
     vertex  3.715596e+02  9.200698e+01 -2.914000e+01
     vertex  3.716699e+02  9.178778e+01 -3.914000e+01
     vertex  3.715596e+02  9.200698e+01 -3.914000e+01
   endloop
 endfacet
 facet normal  8.932243e-01  4.496113e-01  0.000000e+00
   outer loop
     vertex  3.715596e+02  9.200698e+01 -2.914000e+01
     vertex  3.716699e+02  9.178778e+01 -2.914000e+01
     vertex  3.716699e+02  9.178778e+01 -3.914000e+01
   endloop
 endfacet
 facet normal  8.700870e-01  4.928982e-01  0.000000e+00
   outer loop
     vertex  3.714386e+02  9.222051e+01 -2.914000e+01
     vertex  3.715596e+02  9.200698e+01 -3.914000e+01
     vertex  3.714386e+02  9.222051e+01 -3.914000e+01
   endloop
 endfacet
 facet normal  8.700870e-01  4.928982e-01  0.000000e+00
   outer loop
     vertex  3.714386e+02  9.222051e+01 -2.914000e+01
     vertex  3.715596e+02  9.200698e+01 -2.914000e+01
     vertex  3.715596e+02  9.200698e+01 -3.914000e+01
   endloop
 endfacet
 facet normal  8.448536e-01  5.349976e-01  0.000000e+00
   outer loop
     vertex  3.713073e+02  9.242785e+01 -2.914000e+01
     vertex  3.714386e+02  9.222051e+01 -3.914000e+01
     vertex  3.713073e+02  9.242785e+01 -3.914000e+01
   endloop
 endfacet
 facet normal  8.448536e-01  5.349976e-01  0.000000e+00
   outer loop
     vertex  3.713073e+02  9.242785e+01 -2.914000e+01
     vertex  3.714386e+02  9.222051e+01 -2.914000e+01
     vertex  3.714386e+02  9.222051e+01 -3.914000e+01
   endloop
 endfacet
 facet normal  8.175848e-01  5.758082e-01  0.000000e+00
   outer loop
     vertex  3.711660e+02  9.262850e+01 -2.914000e+01
     vertex  3.713073e+02  9.242785e+01 -3.914000e+01
     vertex  3.711660e+02  9.262850e+01 -3.914000e+01
   endloop
 endfacet
 facet normal  7.883464e-01  6.152316e-01  0.000000e+00
   outer loop
     vertex  3.711660e+02  9.262850e+01 -2.914000e+01
     vertex  3.711660e+02  9.262850e+01 -3.914000e+01
     vertex  3.710151e+02  9.282197e+01 -3.914000e+01
   endloop
 endfacet
 facet normal  8.175848e-01  5.758082e-01  0.000000e+00
   outer loop
     vertex  3.711660e+02  9.262850e+01 -2.914000e+01
     vertex  3.713073e+02  9.242785e+01 -2.914000e+01
     vertex  3.713073e+02  9.242785e+01 -3.914000e+01
   endloop
 endfacet
 facet normal  7.883464e-01  6.152316e-01  0.000000e+00
   outer loop
     vertex  3.710151e+02  9.282197e+01 -2.914000e+01
     vertex  3.711660e+02  9.262850e+01 -2.914000e+01
     vertex  3.710151e+02  9.282197e+01 -3.914000e+01
   endloop
 endfacet
 facet normal  7.572088e-01  6.531728e-01  0.000000e+00
   outer loop
     vertex  3.708548e+02  9.300779e+01 -2.914000e+01
     vertex  3.710151e+02  9.282197e+01 -3.914000e+01
     vertex  3.708548e+02  9.300779e+01 -3.914000e+01
   endloop
 endfacet
 facet normal  7.572088e-01  6.531728e-01  0.000000e+00
   outer loop
     vertex  3.708548e+02  9.300779e+01 -2.914000e+01
     vertex  3.710151e+02  9.282197e+01 -2.914000e+01
     vertex  3.710151e+02  9.282197e+01 -3.914000e+01
   endloop
 endfacet
 facet normal  7.242471e-01  6.895405e-01  0.000000e+00
   outer loop
     vertex  3.706855e+02  9.318553e+01 -2.914000e+01
     vertex  3.708548e+02  9.300779e+01 -3.914000e+01
     vertex  3.706855e+02  9.318553e+01 -3.914000e+01
   endloop
 endfacet
 facet normal  7.242471e-01  6.895405e-01  0.000000e+00
   outer loop
     vertex  3.706855e+02  9.318553e+01 -2.914000e+01
     vertex  3.708548e+02  9.300779e+01 -2.914000e+01
     vertex  3.708548e+02  9.300779e+01 -3.914000e+01
   endloop
 endfacet
 facet normal  6.895405e-01  7.242471e-01  0.000000e+00
   outer loop
     vertex  3.705078e+02  9.335476e+01 -2.914000e+01
     vertex  3.706855e+02  9.318553e+01 -3.914000e+01
     vertex  3.705078e+02  9.335476e+01 -3.914000e+01
   endloop
 endfacet
 facet normal  6.895405e-01  7.242471e-01  0.000000e+00
   outer loop
     vertex  3.705078e+02  9.335476e+01 -2.914000e+01
     vertex  3.706855e+02  9.318553e+01 -2.914000e+01
     vertex  3.706855e+02  9.318553e+01 -3.914000e+01
   endloop
 endfacet
 facet normal  6.531728e-01  7.572088e-01  0.000000e+00
   outer loop
     vertex  3.703220e+02  9.351505e+01 -2.914000e+01
     vertex  3.705078e+02  9.335476e+01 -3.914000e+01
     vertex  3.703220e+02  9.351505e+01 -3.914000e+01
   endloop
 endfacet
 facet normal  6.531728e-01  7.572088e-01  0.000000e+00
   outer loop
     vertex  3.703220e+02  9.351505e+01 -2.914000e+01
     vertex  3.705078e+02  9.335476e+01 -2.914000e+01
     vertex  3.705078e+02  9.335476e+01 -3.914000e+01
   endloop
 endfacet
 facet normal  6.152316e-01  7.883464e-01  0.000000e+00
   outer loop
     vertex  3.701285e+02  9.366604e+01 -2.914000e+01
     vertex  3.703220e+02  9.351505e+01 -3.914000e+01
     vertex  3.701285e+02  9.366604e+01 -3.914000e+01
   endloop
 endfacet
 facet normal  5.758082e-01  8.175848e-01  0.000000e+00
   outer loop
     vertex  3.701285e+02  9.366604e+01 -2.914000e+01
     vertex  3.701285e+02  9.366604e+01 -3.914000e+01
     vertex  3.699279e+02  9.380735e+01 -3.914000e+01
   endloop
 endfacet
 facet normal  6.152316e-01  7.883464e-01  0.000000e+00
   outer loop
     vertex  3.701285e+02  9.366604e+01 -2.914000e+01
     vertex  3.703220e+02  9.351505e+01 -2.914000e+01
     vertex  3.703220e+02  9.351505e+01 -3.914000e+01
   endloop
 endfacet
 facet normal  5.758082e-01  8.175848e-01  0.000000e+00
   outer loop
     vertex  3.699279e+02  9.380735e+01 -2.914000e+01
     vertex  3.701285e+02  9.366604e+01 -2.914000e+01
     vertex  3.699279e+02  9.380735e+01 -3.914000e+01
   endloop
 endfacet
 facet normal  5.349976e-01  8.448536e-01  0.000000e+00
   outer loop
     vertex  3.697205e+02  9.393864e+01 -2.914000e+01
     vertex  3.699279e+02  9.380735e+01 -3.914000e+01
     vertex  3.697205e+02  9.393864e+01 -3.914000e+01
   endloop
 endfacet
 facet normal  5.349976e-01  8.448536e-01  0.000000e+00
   outer loop
     vertex  3.697205e+02  9.393864e+01 -2.914000e+01
     vertex  3.699279e+02  9.380735e+01 -2.914000e+01
     vertex  3.699279e+02  9.380735e+01 -3.914000e+01
   endloop
 endfacet
 facet normal  4.928982e-01  8.700870e-01  0.000000e+00
   outer loop
     vertex  3.695070e+02  9.405961e+01 -2.914000e+01
     vertex  3.697205e+02  9.393864e+01 -3.914000e+01
     vertex  3.695070e+02  9.405961e+01 -3.914000e+01
   endloop
 endfacet
 facet normal  4.928982e-01  8.700870e-01  0.000000e+00
   outer loop
     vertex  3.695070e+02  9.405961e+01 -2.914000e+01
     vertex  3.697205e+02  9.393864e+01 -2.914000e+01
     vertex  3.697205e+02  9.393864e+01 -3.914000e+01
   endloop
 endfacet
 facet normal  4.496113e-01  8.932243e-01  0.000000e+00
   outer loop
     vertex  3.692878e+02  9.416995e+01 -2.914000e+01
     vertex  3.695070e+02  9.405961e+01 -3.914000e+01
     vertex  3.692878e+02  9.416995e+01 -3.914000e+01
   endloop
 endfacet
 facet normal  4.496113e-01  8.932243e-01  0.000000e+00
   outer loop
     vertex  3.692878e+02  9.416995e+01 -2.914000e+01
     vertex  3.695070e+02  9.405961e+01 -2.914000e+01
     vertex  3.695070e+02  9.405961e+01 -3.914000e+01
   endloop
 endfacet
 facet normal  4.052413e-01  9.142098e-01  0.000000e+00
   outer loop
     vertex  3.690634e+02  9.426940e+01 -2.914000e+01
     vertex  3.692878e+02  9.416995e+01 -3.914000e+01
     vertex  3.690634e+02  9.426940e+01 -3.914000e+01
   endloop
 endfacet
 facet normal  4.052413e-01  9.142098e-01  0.000000e+00
   outer loop
     vertex  3.690634e+02  9.426940e+01 -2.914000e+01
     vertex  3.692878e+02  9.416995e+01 -2.914000e+01
     vertex  3.692878e+02  9.416995e+01 -3.914000e+01
   endloop
 endfacet
 facet normal  3.598950e-01  9.329928e-01  0.000000e+00
   outer loop
     vertex  3.688344e+02  9.435772e+01 -2.914000e+01
     vertex  3.690634e+02  9.426940e+01 -3.914000e+01
     vertex  3.688344e+02  9.435772e+01 -3.914000e+01
   endloop
 endfacet
 facet normal  3.598950e-01  9.329928e-01  0.000000e+00
   outer loop
     vertex  3.688344e+02  9.435772e+01 -2.914000e+01
     vertex  3.690634e+02  9.426940e+01 -2.914000e+01
     vertex  3.690634e+02  9.426940e+01 -3.914000e+01
   endloop
 endfacet
 facet normal  3.136817e-01  9.495282e-01  0.000000e+00
   outer loop
     vertex  3.686014e+02  9.443470e+01 -2.914000e+01
     vertex  3.688344e+02  9.435772e+01 -3.914000e+01
     vertex  3.686014e+02  9.443470e+01 -3.914000e+01
   endloop
 endfacet
 facet normal  3.136817e-01  9.495282e-01  0.000000e+00
   outer loop
     vertex  3.686014e+02  9.443470e+01 -2.914000e+01
     vertex  3.688344e+02  9.435772e+01 -2.914000e+01
     vertex  3.688344e+02  9.435772e+01 -3.914000e+01
   endloop
 endfacet
 facet normal  2.667128e-01  9.637761e-01  0.000000e+00
   outer loop
     vertex  3.683649e+02  9.450016e+01 -2.914000e+01
     vertex  3.686014e+02  9.443470e+01 -3.914000e+01
     vertex  3.683649e+02  9.450016e+01 -3.914000e+01
   endloop
 endfacet
 facet normal  2.667128e-01  9.637761e-01  0.000000e+00
   outer loop
     vertex  3.683649e+02  9.450016e+01 -2.914000e+01
     vertex  3.686014e+02  9.443470e+01 -2.914000e+01
     vertex  3.686014e+02  9.443470e+01 -3.914000e+01
   endloop
 endfacet
 facet normal  2.191012e-01  9.757021e-01  0.000000e+00
   outer loop
     vertex  3.681255e+02  9.455393e+01 -2.914000e+01
     vertex  3.683649e+02  9.450016e+01 -3.914000e+01
     vertex  3.681255e+02  9.455393e+01 -3.914000e+01
   endloop
 endfacet
 facet normal  2.191012e-01  9.757021e-01  0.000000e+00
   outer loop
     vertex  3.681255e+02  9.455393e+01 -2.914000e+01
     vertex  3.683649e+02  9.450016e+01 -2.914000e+01
     vertex  3.683649e+02  9.450016e+01 -3.914000e+01
   endloop
 endfacet
 facet normal  1.709619e-01  9.852776e-01  0.000000e+00
   outer loop
     vertex  3.678837e+02  9.459588e+01 -2.914000e+01
     vertex  3.681255e+02  9.455393e+01 -3.914000e+01
     vertex  3.678837e+02  9.459588e+01 -3.914000e+01
   endloop
 endfacet
 facet normal  1.224107e-01  9.924795e-01  0.000000e+00
   outer loop
     vertex  3.678837e+02  9.459588e+01 -2.914000e+01
     vertex  3.678837e+02  9.459588e+01 -3.914000e+01
     vertex  3.676401e+02  9.462592e+01 -3.914000e+01
   endloop
 endfacet
 facet normal  1.709619e-01  9.852776e-01  0.000000e+00
   outer loop
     vertex  3.678837e+02  9.459588e+01 -2.914000e+01
     vertex  3.681255e+02  9.455393e+01 -2.914000e+01
     vertex  3.681255e+02  9.455393e+01 -3.914000e+01
   endloop
 endfacet
 facet normal  1.224107e-01  9.924795e-01  0.000000e+00
   outer loop
     vertex  3.676401e+02  9.462592e+01 -2.914000e+01
     vertex  3.678837e+02  9.459588e+01 -2.914000e+01
     vertex  3.676401e+02  9.462592e+01 -3.914000e+01
   endloop
 endfacet
 facet normal  7.356456e-02  9.972905e-01  0.000000e+00
   outer loop
     vertex  3.673953e+02  9.464398e+01 -2.914000e+01
     vertex  3.676401e+02  9.462592e+01 -3.914000e+01
     vertex  3.673953e+02  9.464398e+01 -3.914000e+01
   endloop
 endfacet
 facet normal  2.454123e-02  9.996988e-01  0.000000e+00
   outer loop
     vertex  3.673953e+02  9.464398e+01 -2.914000e+01
     vertex  3.673953e+02  9.464398e+01 -3.914000e+01
     vertex  3.671500e+02  9.465000e+01 -3.914000e+01
   endloop
 endfacet
 facet normal  7.356456e-02  9.972905e-01  0.000000e+00
   outer loop
     vertex  3.673953e+02  9.464398e+01 -2.914000e+01
     vertex  3.676401e+02  9.462592e+01 -2.914000e+01
     vertex  3.676401e+02  9.462592e+01 -3.914000e+01
   endloop
 endfacet
 facet normal  2.454123e-02  9.996988e-01  0.000000e+00
   outer loop
     vertex  3.671500e+02  9.465000e+01 -2.914000e+01
     vertex  3.673953e+02  9.464398e+01 -2.914000e+01
     vertex  3.671500e+02  9.465000e+01 -3.914000e+01
   endloop
 endfacet
 facet normal  0.000000e+00 -1.000000e+00 -0.000000e+00
   outer loop
     vertex  3.671500e+02  3.435000e+01 -2.914000e+01
     vertex  3.168500e+02  3.435000e+01 -3.914000e+01
     vertex  3.671500e+02  3.435000e+01 -3.914000e+01
   endloop
 endfacet
 facet normal -0.000000e+00 -1.000000e+00  0.000000e+00
   outer loop
     vertex  3.671500e+02  3.435000e+01 -2.914000e+01
     vertex  3.168500e+02  3.435000e+01 -2.914000e+01
     vertex  3.168500e+02  3.435000e+01 -3.914000e+01
   endloop
 endfacet
 facet normal  1.000000e+00  0.000000e+00  0.000000e+00
   outer loop
     vertex  3.721500e+02  3.935000e+01 -2.914000e+01
     vertex  3.721500e+02  3.935000e+01 -3.914000e+01
     vertex  3.721500e+02  8.965000e+01 -3.914000e+01
   endloop
 endfacet
 facet normal  1.000000e+00 -0.000000e+00  0.000000e+00
   outer loop
     vertex  3.721500e+02  3.935000e+01 -2.914000e+01
     vertex  3.721500e+02  8.965000e+01 -3.914000e+01
     vertex  3.721500e+02  8.965000e+01 -2.914000e+01
   endloop
 endfacet
 facet normal  9.996988e-01 -2.454123e-02  0.000000e+00
   outer loop
     vertex  3.721500e+02  3.935000e+01 -2.914000e+01
     vertex  3.721440e+02  3.910466e+01 -3.914000e+01
     vertex  3.721500e+02  3.935000e+01 -3.914000e+01
   endloop
 endfacet
 facet normal  9.996988e-01 -2.454123e-02  0.000000e+00
   outer loop
     vertex  3.721440e+02  3.910466e+01 -2.914000e+01
     vertex  3.721440e+02  3.910466e+01 -3.914000e+01
     vertex  3.721500e+02  3.935000e+01 -2.914000e+01
   endloop
 endfacet
 facet normal  9.972905e-01 -7.356456e-02  0.000000e+00
   outer loop
     vertex  3.721259e+02  3.885991e+01 -2.914000e+01
     vertex  3.721259e+02  3.885991e+01 -3.914000e+01
     vertex  3.721440e+02  3.910466e+01 -3.914000e+01
   endloop
 endfacet
 facet normal  9.924795e-01 -1.224107e-01  0.000000e+00
   outer loop
     vertex  3.721259e+02  3.885991e+01 -2.914000e+01
     vertex  3.720959e+02  3.861635e+01 -3.914000e+01
     vertex  3.721259e+02  3.885991e+01 -3.914000e+01
   endloop
 endfacet
 facet normal  9.972905e-01 -7.356456e-02  0.000000e+00
   outer loop
     vertex  3.721259e+02  3.885991e+01 -2.914000e+01
     vertex  3.721440e+02  3.910466e+01 -3.914000e+01
     vertex  3.721440e+02  3.910466e+01 -2.914000e+01
   endloop
 endfacet
 facet normal  9.924795e-01 -1.224107e-01  0.000000e+00
   outer loop
     vertex  3.720959e+02  3.861635e+01 -2.914000e+01
     vertex  3.720959e+02  3.861635e+01 -3.914000e+01
     vertex  3.721259e+02  3.885991e+01 -2.914000e+01
   endloop
 endfacet
 facet normal  9.852776e-01 -1.709619e-01  0.000000e+00
   outer loop
     vertex  3.720539e+02  3.837455e+01 -2.914000e+01
     vertex  3.720539e+02  3.837455e+01 -3.914000e+01
     vertex  3.720959e+02  3.861635e+01 -3.914000e+01
   endloop
 endfacet
 facet normal  9.852776e-01 -1.709619e-01  0.000000e+00
   outer loop
     vertex  3.720539e+02  3.837455e+01 -2.914000e+01
     vertex  3.720959e+02  3.861635e+01 -3.914000e+01
     vertex  3.720959e+02  3.861635e+01 -2.914000e+01
   endloop
 endfacet
 facet normal  9.757021e-01 -2.191012e-01  0.000000e+00
   outer loop
     vertex  3.720002e+02  3.813510e+01 -2.914000e+01
     vertex  3.720002e+02  3.813510e+01 -3.914000e+01
     vertex  3.720539e+02  3.837455e+01 -3.914000e+01
   endloop
 endfacet
 facet normal  9.637761e-01 -2.667128e-01  0.000000e+00
   outer loop
     vertex  3.720002e+02  3.813510e+01 -2.914000e+01
     vertex  3.719347e+02  3.789858e+01 -3.914000e+01
     vertex  3.720002e+02  3.813510e+01 -3.914000e+01
   endloop
 endfacet
 facet normal  9.757021e-01 -2.191012e-01  0.000000e+00
   outer loop
     vertex  3.720002e+02  3.813510e+01 -2.914000e+01
     vertex  3.720539e+02  3.837455e+01 -3.914000e+01
     vertex  3.720539e+02  3.837455e+01 -2.914000e+01
   endloop
 endfacet
 facet normal  9.637761e-01 -2.667128e-01  0.000000e+00
   outer loop
     vertex  3.719347e+02  3.789858e+01 -2.914000e+01
     vertex  3.719347e+02  3.789858e+01 -3.914000e+01
     vertex  3.720002e+02  3.813510e+01 -2.914000e+01
   endloop
 endfacet
 facet normal  9.495282e-01 -3.136817e-01  0.000000e+00
   outer loop
     vertex  3.718577e+02  3.766555e+01 -2.914000e+01
     vertex  3.718577e+02  3.766555e+01 -3.914000e+01
     vertex  3.719347e+02  3.789858e+01 -3.914000e+01
   endloop
 endfacet
 facet normal  9.495282e-01 -3.136817e-01  0.000000e+00
   outer loop
     vertex  3.718577e+02  3.766555e+01 -2.914000e+01
     vertex  3.719347e+02  3.789858e+01 -3.914000e+01
     vertex  3.719347e+02  3.789858e+01 -2.914000e+01
   endloop
 endfacet
 facet normal  9.329928e-01 -3.598950e-01  0.000000e+00
   outer loop
     vertex  3.717694e+02  3.743658e+01 -2.914000e+01
     vertex  3.717694e+02  3.743658e+01 -3.914000e+01
     vertex  3.718577e+02  3.766555e+01 -3.914000e+01
   endloop
 endfacet
 facet normal  9.329928e-01 -3.598950e-01  0.000000e+00
   outer loop
     vertex  3.717694e+02  3.743658e+01 -2.914000e+01
     vertex  3.718577e+02  3.766555e+01 -3.914000e+01
     vertex  3.718577e+02  3.766555e+01 -2.914000e+01
   endloop
 endfacet
 facet normal  9.142098e-01 -4.052413e-01  0.000000e+00
   outer loop
     vertex  3.716699e+02  3.721222e+01 -2.914000e+01
     vertex  3.717694e+02  3.743658e+01 -3.914000e+01
     vertex  3.717694e+02  3.743658e+01 -2.914000e+01
   endloop
 endfacet
 facet normal  9.142098e-01 -4.052413e-01  0.000000e+00
   outer loop
     vertex  3.716699e+02  3.721222e+01 -2.914000e+01
     vertex  3.716699e+02  3.721222e+01 -3.914000e+01
     vertex  3.717694e+02  3.743658e+01 -3.914000e+01
   endloop
 endfacet
 facet normal  8.932243e-01 -4.496113e-01  0.000000e+00
   outer loop
     vertex  3.715596e+02  3.699302e+01 -2.914000e+01
     vertex  3.715596e+02  3.699302e+01 -3.914000e+01
     vertex  3.716699e+02  3.721222e+01 -3.914000e+01
   endloop
 endfacet
 facet normal  8.932243e-01 -4.496113e-01  0.000000e+00
   outer loop
     vertex  3.715596e+02  3.699302e+01 -2.914000e+01
     vertex  3.716699e+02  3.721222e+01 -3.914000e+01
     vertex  3.716699e+02  3.721222e+01 -2.914000e+01
   endloop
 endfacet
 facet normal  8.700870e-01 -4.928982e-01  0.000000e+00
   outer loop
     vertex  3.714386e+02  3.677949e+01 -2.914000e+01
     vertex  3.714386e+02  3.677949e+01 -3.914000e+01
     vertex  3.715596e+02  3.699302e+01 -3.914000e+01
   endloop
 endfacet
 facet normal  8.448536e-01 -5.349976e-01  0.000000e+00
   outer loop
     vertex  3.714386e+02  3.677949e+01 -2.914000e+01
     vertex  3.713073e+02  3.657215e+01 -3.914000e+01
     vertex  3.714386e+02  3.677949e+01 -3.914000e+01
   endloop
 endfacet
 facet normal  8.700870e-01 -4.928982e-01  0.000000e+00
   outer loop
     vertex  3.714386e+02  3.677949e+01 -2.914000e+01
     vertex  3.715596e+02  3.699302e+01 -3.914000e+01
     vertex  3.715596e+02  3.699302e+01 -2.914000e+01
   endloop
 endfacet
 facet normal  8.448536e-01 -5.349976e-01  0.000000e+00
   outer loop
     vertex  3.713073e+02  3.657215e+01 -2.914000e+01
     vertex  3.713073e+02  3.657215e+01 -3.914000e+01
     vertex  3.714386e+02  3.677949e+01 -2.914000e+01
   endloop
 endfacet
 facet normal  8.175848e-01 -5.758082e-01  0.000000e+00
   outer loop
     vertex  3.711660e+02  3.637150e+01 -2.914000e+01
     vertex  3.711660e+02  3.637150e+01 -3.914000e+01
     vertex  3.713073e+02  3.657215e+01 -3.914000e+01
   endloop
 endfacet
 facet normal  8.175848e-01 -5.758082e-01  0.000000e+00
   outer loop
     vertex  3.711660e+02  3.637150e+01 -2.914000e+01
     vertex  3.713073e+02  3.657215e+01 -3.914000e+01
     vertex  3.713073e+02  3.657215e+01 -2.914000e+01
   endloop
 endfacet
 facet normal  7.883464e-01 -6.152316e-01  0.000000e+00
   outer loop
     vertex  3.710151e+02  3.617803e+01 -2.914000e+01
     vertex  3.710151e+02  3.617803e+01 -3.914000e+01
     vertex  3.711660e+02  3.637150e+01 -3.914000e+01
   endloop
 endfacet
 facet normal  7.883464e-01 -6.152316e-01  0.000000e+00
   outer loop
     vertex  3.710151e+02  3.617803e+01 -2.914000e+01
     vertex  3.711660e+02  3.637150e+01 -3.914000e+01
     vertex  3.711660e+02  3.637150e+01 -2.914000e+01
   endloop
 endfacet
 facet normal  7.572088e-01 -6.531728e-01  0.000000e+00
   outer loop
     vertex  3.708548e+02  3.599221e+01 -2.914000e+01
     vertex  3.708548e+02  3.599221e+01 -3.914000e+01
     vertex  3.710151e+02  3.617803e+01 -3.914000e+01
   endloop
 endfacet
 facet normal  7.572088e-01 -6.531728e-01  0.000000e+00
   outer loop
     vertex  3.708548e+02  3.599221e+01 -2.914000e+01
     vertex  3.710151e+02  3.617803e+01 -3.914000e+01
     vertex  3.710151e+02  3.617803e+01 -2.914000e+01
   endloop
 endfacet
 facet normal  7.242471e-01 -6.895405e-01  0.000000e+00
   outer loop
     vertex  3.706855e+02  3.581447e+01 -2.914000e+01
     vertex  3.706855e+02  3.581447e+01 -3.914000e+01
     vertex  3.708548e+02  3.599221e+01 -3.914000e+01
   endloop
 endfacet
 facet normal  7.242471e-01 -6.895405e-01  0.000000e+00
   outer loop
     vertex  3.706855e+02  3.581447e+01 -2.914000e+01
     vertex  3.708548e+02  3.599221e+01 -3.914000e+01
     vertex  3.708548e+02  3.599221e+01 -2.914000e+01
   endloop
 endfacet
 facet normal  6.895405e-01 -7.242471e-01  0.000000e+00
   outer loop
     vertex  3.705078e+02  3.564524e+01 -2.914000e+01
     vertex  3.705078e+02  3.564524e+01 -3.914000e+01
     vertex  3.706855e+02  3.581447e+01 -3.914000e+01
   endloop
 endfacet
 facet normal  6.895405e-01 -7.242471e-01  0.000000e+00
   outer loop
     vertex  3.705078e+02  3.564524e+01 -2.914000e+01
     vertex  3.706855e+02  3.581447e+01 -3.914000e+01
     vertex  3.706855e+02  3.581447e+01 -2.914000e+01
   endloop
 endfacet
 facet normal  6.531728e-01 -7.572088e-01  0.000000e+00
   outer loop
     vertex  3.703220e+02  3.548495e+01 -2.914000e+01
     vertex  3.703220e+02  3.548495e+01 -3.914000e+01
     vertex  3.705078e+02  3.564524e+01 -3.914000e+01
   endloop
 endfacet
 facet normal  6.531728e-01 -7.572088e-01  0.000000e+00
   outer loop
     vertex  3.703220e+02  3.548495e+01 -2.914000e+01
     vertex  3.705078e+02  3.564524e+01 -3.914000e+01
     vertex  3.705078e+02  3.564524e+01 -2.914000e+01
   endloop
 endfacet
 facet normal  6.152316e-01 -7.883464e-01  0.000000e+00
   outer loop
     vertex  3.701285e+02  3.533396e+01 -2.914000e+01
     vertex  3.701285e+02  3.533396e+01 -3.914000e+01
     vertex  3.703220e+02  3.548495e+01 -3.914000e+01
   endloop
 endfacet
 facet normal  6.152316e-01 -7.883464e-01  0.000000e+00
   outer loop
     vertex  3.701285e+02  3.533396e+01 -2.914000e+01
     vertex  3.703220e+02  3.548495e+01 -3.914000e+01
     vertex  3.703220e+02  3.548495e+01 -2.914000e+01
   endloop
 endfacet
 facet normal  5.758082e-01 -8.175848e-01  0.000000e+00
   outer loop
     vertex  3.699279e+02  3.519265e+01 -2.914000e+01
     vertex  3.699279e+02  3.519265e+01 -3.914000e+01
     vertex  3.701285e+02  3.533396e+01 -3.914000e+01
   endloop
 endfacet
 facet normal  5.758082e-01 -8.175848e-01  0.000000e+00
   outer loop
     vertex  3.699279e+02  3.519265e+01 -2.914000e+01
     vertex  3.701285e+02  3.533396e+01 -3.914000e+01
     vertex  3.701285e+02  3.533396e+01 -2.914000e+01
   endloop
 endfacet
 facet normal  5.349976e-01 -8.448536e-01  0.000000e+00
   outer loop
     vertex  3.697205e+02  3.506136e+01 -2.914000e+01
     vertex  3.697205e+02  3.506136e+01 -3.914000e+01
     vertex  3.699279e+02  3.519265e+01 -3.914000e+01
   endloop
 endfacet
 facet normal  5.349976e-01 -8.448536e-01  0.000000e+00
   outer loop
     vertex  3.697205e+02  3.506136e+01 -2.914000e+01
     vertex  3.699279e+02  3.519265e+01 -3.914000e+01
     vertex  3.699279e+02  3.519265e+01 -2.914000e+01
   endloop
 endfacet
 facet normal  4.928982e-01 -8.700870e-01  0.000000e+00
   outer loop
     vertex  3.695070e+02  3.494039e+01 -2.914000e+01
     vertex  3.695070e+02  3.494039e+01 -3.914000e+01
     vertex  3.697205e+02  3.506136e+01 -3.914000e+01
   endloop
 endfacet
 facet normal  4.928982e-01 -8.700870e-01  0.000000e+00
   outer loop
     vertex  3.695070e+02  3.494039e+01 -2.914000e+01
     vertex  3.697205e+02  3.506136e+01 -3.914000e+01
     vertex  3.697205e+02  3.506136e+01 -2.914000e+01
   endloop
 endfacet
 facet normal  4.496113e-01 -8.932243e-01  0.000000e+00
   outer loop
     vertex  3.692878e+02  3.483005e+01 -2.914000e+01
     vertex  3.692878e+02  3.483005e+01 -3.914000e+01
     vertex  3.695070e+02  3.494039e+01 -3.914000e+01
   endloop
 endfacet
 facet normal  4.496113e-01 -8.932243e-01  0.000000e+00
   outer loop
     vertex  3.692878e+02  3.483005e+01 -2.914000e+01
     vertex  3.695070e+02  3.494039e+01 -3.914000e+01
     vertex  3.695070e+02  3.494039e+01 -2.914000e+01
   endloop
 endfacet
 facet normal  4.052413e-01 -9.142098e-01  0.000000e+00
   outer loop
     vertex  3.690634e+02  3.473060e+01 -2.914000e+01
     vertex  3.690634e+02  3.473060e+01 -3.914000e+01
     vertex  3.692878e+02  3.483005e+01 -3.914000e+01
   endloop
 endfacet
 facet normal  4.052413e-01 -9.142098e-01  0.000000e+00
   outer loop
     vertex  3.690634e+02  3.473060e+01 -2.914000e+01
     vertex  3.692878e+02  3.483005e+01 -3.914000e+01
     vertex  3.692878e+02  3.483005e+01 -2.914000e+01
   endloop
 endfacet
 facet normal  3.598950e-01 -9.329928e-01  0.000000e+00
   outer loop
     vertex  3.688344e+02  3.464228e+01 -2.914000e+01
     vertex  3.688344e+02  3.464228e+01 -3.914000e+01
     vertex  3.690634e+02  3.473060e+01 -3.914000e+01
   endloop
 endfacet
 facet normal  3.598950e-01 -9.329928e-01  0.000000e+00
   outer loop
     vertex  3.688344e+02  3.464228e+01 -2.914000e+01
     vertex  3.690634e+02  3.473060e+01 -3.914000e+01
     vertex  3.690634e+02  3.473060e+01 -2.914000e+01
   endloop
 endfacet
 facet normal  3.136817e-01 -9.495282e-01  0.000000e+00
   outer loop
     vertex  3.686014e+02  3.456530e+01 -2.914000e+01
     vertex  3.686014e+02  3.456530e+01 -3.914000e+01
     vertex  3.688344e+02  3.464228e+01 -3.914000e+01
   endloop
 endfacet
 facet normal  3.136817e-01 -9.495282e-01  0.000000e+00
   outer loop
     vertex  3.686014e+02  3.456530e+01 -2.914000e+01
     vertex  3.688344e+02  3.464228e+01 -3.914000e+01
     vertex  3.688344e+02  3.464228e+01 -2.914000e+01
   endloop
 endfacet
 facet normal  2.667128e-01 -9.637761e-01  0.000000e+00
   outer loop
     vertex  3.683649e+02  3.449984e+01 -2.914000e+01
     vertex  3.683649e+02  3.449984e+01 -3.914000e+01
     vertex  3.686014e+02  3.456530e+01 -3.914000e+01
   endloop
 endfacet
 facet normal  2.667128e-01 -9.637761e-01  0.000000e+00
   outer loop
     vertex  3.683649e+02  3.449984e+01 -2.914000e+01
     vertex  3.686014e+02  3.456530e+01 -3.914000e+01
     vertex  3.686014e+02  3.456530e+01 -2.914000e+01
   endloop
 endfacet
 facet normal  2.191012e-01 -9.757021e-01  0.000000e+00
   outer loop
     vertex  3.681255e+02  3.444607e+01 -2.914000e+01
     vertex  3.681255e+02  3.444607e+01 -3.914000e+01
     vertex  3.683649e+02  3.449984e+01 -3.914000e+01
   endloop
 endfacet
 facet normal  2.191012e-01 -9.757021e-01  0.000000e+00
   outer loop
     vertex  3.681255e+02  3.444607e+01 -2.914000e+01
     vertex  3.683649e+02  3.449984e+01 -3.914000e+01
     vertex  3.683649e+02  3.449984e+01 -2.914000e+01
   endloop
 endfacet
 facet normal  1.709619e-01 -9.852776e-01  0.000000e+00
   outer loop
     vertex  3.678837e+02  3.440412e+01 -2.914000e+01
     vertex  3.678837e+02  3.440412e+01 -3.914000e+01
     vertex  3.681255e+02  3.444607e+01 -3.914000e+01
   endloop
 endfacet
 facet normal  1.709619e-01 -9.852776e-01  0.000000e+00
   outer loop
     vertex  3.678837e+02  3.440412e+01 -2.914000e+01
     vertex  3.681255e+02  3.444607e+01 -3.914000e+01
     vertex  3.681255e+02  3.444607e+01 -2.914000e+01
   endloop
 endfacet
 facet normal  1.224107e-01 -9.924795e-01  0.000000e+00
   outer loop
     vertex  3.676401e+02  3.437408e+01 -2.914000e+01
     vertex  3.676401e+02  3.437408e+01 -3.914000e+01
     vertex  3.678837e+02  3.440412e+01 -3.914000e+01
   endloop
 endfacet
 facet normal  7.356456e-02 -9.972905e-01  0.000000e+00
   outer loop
     vertex  3.676401e+02  3.437408e+01 -2.914000e+01
     vertex  3.673953e+02  3.435602e+01 -3.914000e+01
     vertex  3.676401e+02  3.437408e+01 -3.914000e+01
   endloop
 endfacet
 facet normal  1.224107e-01 -9.924795e-01  0.000000e+00
   outer loop
     vertex  3.676401e+02  3.437408e+01 -2.914000e+01
     vertex  3.678837e+02  3.440412e+01 -3.914000e+01
     vertex  3.678837e+02  3.440412e+01 -2.914000e+01
   endloop
 endfacet
 facet normal  7.356456e-02 -9.972905e-01  0.000000e+00
   outer loop
     vertex  3.673953e+02  3.435602e+01 -2.914000e+01
     vertex  3.673953e+02  3.435602e+01 -3.914000e+01
     vertex  3.676401e+02  3.437408e+01 -2.914000e+01
   endloop
 endfacet
 facet normal  2.454123e-02 -9.996988e-01  0.000000e+00
   outer loop
     vertex  3.673953e+02  3.435602e+01 -2.914000e+01
     vertex  3.671500e+02  3.435000e+01 -3.914000e+01
     vertex  3.673953e+02  3.435602e+01 -3.914000e+01
   endloop
 endfacet
 facet normal  2.454123e-02 -9.996988e-01  0.000000e+00
   outer loop
     vertex  3.671500e+02  3.435000e+01 -2.914000e+01
     vertex  3.671500e+02  3.435000e+01 -3.914000e+01
     vertex  3.673953e+02  3.435602e+01 -2.914000e+01
   endloop
 endfacet
 facet normal -8.660254e-01  5.000000e-01  0.000000e+00
   outer loop
     vertex  3.520500e+02  4.709289e+01 -2.914000e+01
     vertex  3.621000e+02  6.450000e+01 -2.914000e+01
     vertex  3.621000e+02  6.450000e+01 -3.020500e+01
   endloop
 endfacet
 facet normal -8.660254e-01  5.000000e-01  0.000000e+00
   outer loop
     vertex  3.520500e+02  4.709289e+01 -2.914000e+01
     vertex  3.621000e+02  6.450000e+01 -3.020500e+01
     vertex  3.520500e+02  4.709289e+01 -3.020500e+01
   endloop
 endfacet
 facet normal -8.660254e-01 -5.000000e-01 -0.000000e+00
   outer loop
     vertex  3.621000e+02  6.450000e+01 -2.914000e+01
     vertex  3.520500e+02  8.190711e+01 -3.020500e+01
     vertex  3.621000e+02  6.450000e+01 -3.020500e+01
   endloop
 endfacet
 facet normal -8.660254e-01 -5.000000e-01  0.000000e+00
   outer loop
     vertex  3.621000e+02  6.450000e+01 -2.914000e+01
     vertex  3.520500e+02  8.190711e+01 -2.914000e+01
     vertex  3.520500e+02  8.190711e+01 -3.020500e+01
   endloop
 endfacet
 facet normal  0.000000e+00 -1.000000e+00  0.000000e+00
   outer loop
     vertex  3.520500e+02  8.190711e+01 -3.020500e+01
     vertex  3.520500e+02  8.190711e+01 -2.914000e+01
     vertex  3.319500e+02  8.190711e+01 -2.914000e+01
   endloop
 endfacet
 facet normal  0.000000e+00 -1.000000e+00  0.000000e+00
   outer loop
     vertex  3.520500e+02  8.190711e+01 -3.020500e+01
     vertex  3.319500e+02  8.190711e+01 -2.914000e+01
     vertex  3.319500e+02  8.190711e+01 -3.020500e+01
   endloop
 endfacet
 facet normal  8.660254e-01 -5.000000e-01  0.000000e+00
   outer loop
     vertex  3.319500e+02  8.190711e+01 -2.914000e+01
     vertex  3.219000e+02  6.450000e+01 -2.914000e+01
     vertex  3.219000e+02  6.450000e+01 -3.020500e+01
   endloop
 endfacet
 facet normal  8.660254e-01 -5.000000e-01  0.000000e+00
   outer loop
     vertex  3.319500e+02  8.190711e+01 -2.914000e+01
     vertex  3.219000e+02  6.450000e+01 -3.020500e+01
     vertex  3.319500e+02  8.190711e+01 -3.020500e+01
   endloop
 endfacet
 facet normal  8.660254e-01  5.000000e-01  0.000000e+00
   outer loop
     vertex  3.219000e+02  6.450000e+01 -2.914000e+01
     vertex  3.319500e+02  4.709289e+01 -2.914000e+01
     vertex  3.319500e+02  4.709289e+01 -3.020500e+01
   endloop
 endfacet
 facet normal  8.660254e-01  5.000000e-01  0.000000e+00
   outer loop
     vertex  3.219000e+02  6.450000e+01 -2.914000e+01
     vertex  3.319500e+02  4.709289e+01 -3.020500e+01
     vertex  3.219000e+02  6.450000e+01 -3.020500e+01
   endloop
 endfacet
 facet normal  0.000000e+00  1.000000e+00  0.000000e+00
   outer loop
     vertex  3.520500e+02  4.709289e+01 -2.914000e+01
     vertex  3.520500e+02  4.709289e+01 -3.020500e+01
     vertex  3.319500e+02  4.709289e+01 -3.020500e+01
   endloop
 endfacet
 facet normal  0.000000e+00  1.000000e+00  0.000000e+00
   outer loop
     vertex  3.520500e+02  4.709289e+01 -2.914000e+01
     vertex  3.319500e+02  4.709289e+01 -3.020500e+01
     vertex  3.319500e+02  4.709289e+01 -2.914000e+01
   endloop
 endfacet
 facet normal  0.000000e+00  0.000000e+00  1.000000e+00
   outer loop
     vertex  3.149789e+02  3.485521e+01 -3.114000e+01
     vertex  3.147739e+02  3.480140e+01 -3.114000e+01
     vertex  3.149928e+02  3.470772e+01 -3.114000e+01
   endloop
 endfacet
 facet normal  0.000000e+00  0.000000e+00  1.000000e+00
   outer loop
     vertex  3.123552e+02  3.747890e+01 -3.114000e+01
     vertex  3.122077e+02  3.749280e+01 -3.114000e+01
     vertex  3.123014e+02  3.727389e+01 -3.114000e+01
   endloop
 endfacet
 facet normal  0.000000e+00  0.000000e+00  1.000000e+00
   outer loop
     vertex  3.149577e+02  3.500183e+01 -3.114000e+01
     vertex  3.145597e+02  3.490540e+01 -3.114000e+01
     vertex  3.147739e+02  3.480140e+01 -3.114000e+01
   endloop
 endfacet
 facet normal  0.000000e+00  0.000000e+00  1.000000e+00
   outer loop
     vertex  3.149577e+02  3.500183e+01 -3.114000e+01
     vertex  3.147739e+02  3.480140e+01 -3.114000e+01
     vertex  3.149789e+02  3.485521e+01 -3.114000e+01
   endloop
 endfacet
 facet normal  0.000000e+00  0.000000e+00  1.000000e+00
   outer loop
     vertex  3.125018e+02  3.745773e+01 -3.114000e+01
     vertex  3.123014e+02  3.727389e+01 -3.114000e+01
     vertex  3.124054e+02  3.705968e+01 -3.114000e+01
   endloop
 endfacet
 facet normal  0.000000e+00  0.000000e+00  1.000000e+00
   outer loop
     vertex  3.125018e+02  3.745773e+01 -3.114000e+01
     vertex  3.123552e+02  3.747890e+01 -3.114000e+01
     vertex  3.123014e+02  3.727389e+01 -3.114000e+01
   endloop
 endfacet
 facet normal  0.000000e+00  0.000000e+00  1.000000e+00
   outer loop
     vertex  3.149294e+02  3.514723e+01 -3.114000e+01
     vertex  3.145597e+02  3.490540e+01 -3.114000e+01
     vertex  3.149577e+02  3.500183e+01 -3.114000e+01
   endloop
 endfacet
 facet normal  0.000000e+00  0.000000e+00  1.000000e+00
   outer loop
     vertex  3.126472e+02  3.742935e+01 -3.114000e+01
     vertex  3.125018e+02  3.745773e+01 -3.114000e+01
     vertex  3.124054e+02  3.705968e+01 -3.114000e+01
   endloop
 endfacet
 facet normal  0.000000e+00  0.000000e+00  1.000000e+00
   outer loop
     vertex  3.148938e+02  3.529105e+01 -3.114000e+01
     vertex  3.143507e+02  3.501949e+01 -3.114000e+01
     vertex  3.145597e+02  3.490540e+01 -3.114000e+01
   endloop
 endfacet
 facet normal  0.000000e+00  0.000000e+00  1.000000e+00
   outer loop
     vertex  3.148938e+02  3.529105e+01 -3.114000e+01
     vertex  3.145597e+02  3.490540e+01 -3.114000e+01
     vertex  3.149294e+02  3.514723e+01 -3.114000e+01
   endloop
 endfacet
 facet normal  0.000000e+00  0.000000e+00  1.000000e+00
   outer loop
     vertex  3.127911e+02  3.739383e+01 -3.114000e+01
     vertex  3.124054e+02  3.705968e+01 -3.114000e+01
     vertex  3.125195e+02  3.685067e+01 -3.114000e+01
   endloop
 endfacet
 facet normal  0.000000e+00  0.000000e+00  1.000000e+00
   outer loop
     vertex  3.127911e+02  3.739383e+01 -3.114000e+01
     vertex  3.126472e+02  3.742935e+01 -3.114000e+01
     vertex  3.124054e+02  3.705968e+01 -3.114000e+01
   endloop
 endfacet
 facet normal  0.000000e+00  0.000000e+00  1.000000e+00
   outer loop
     vertex  3.148512e+02  3.543295e+01 -3.114000e+01
     vertex  3.143507e+02  3.501949e+01 -3.114000e+01
     vertex  3.148938e+02  3.529105e+01 -3.114000e+01
   endloop
 endfacet
 facet normal  0.000000e+00  0.000000e+00  1.000000e+00
   outer loop
     vertex  3.129329e+02  3.735125e+01 -3.114000e+01
     vertex  3.127911e+02  3.739383e+01 -3.114000e+01
     vertex  3.125195e+02  3.685067e+01 -3.114000e+01
   endloop
 endfacet
 facet normal  0.000000e+00  0.000000e+00  1.000000e+00
   outer loop
     vertex  3.148017e+02  3.557257e+01 -3.114000e+01
     vertex  3.143507e+02  3.501949e+01 -3.114000e+01
     vertex  3.148512e+02  3.543295e+01 -3.114000e+01
   endloop
 endfacet
 facet normal  0.000000e+00  0.000000e+00  1.000000e+00
   outer loop
     vertex  3.148017e+02  3.557257e+01 -3.114000e+01
     vertex  3.141473e+02  3.514339e+01 -3.114000e+01
     vertex  3.143507e+02  3.501949e+01 -3.114000e+01
   endloop
 endfacet
 facet normal  0.000000e+00  0.000000e+00  1.000000e+00
   outer loop
     vertex  3.130726e+02  3.730171e+01 -3.114000e+01
     vertex  3.125195e+02  3.685067e+01 -3.114000e+01
     vertex  3.126434e+02  3.664733e+01 -3.114000e+01
   endloop
 endfacet
 facet normal  0.000000e+00  0.000000e+00  1.000000e+00
   outer loop
     vertex  3.130726e+02  3.730171e+01 -3.114000e+01
     vertex  3.129329e+02  3.735125e+01 -3.114000e+01
     vertex  3.125195e+02  3.685067e+01 -3.114000e+01
   endloop
 endfacet
 facet normal  0.000000e+00  0.000000e+00  1.000000e+00
   outer loop
     vertex  3.147453e+02  3.570957e+01 -3.114000e+01
     vertex  3.141473e+02  3.514339e+01 -3.114000e+01
     vertex  3.148017e+02  3.557257e+01 -3.114000e+01
   endloop
 endfacet
 facet normal  0.000000e+00  0.000000e+00  1.000000e+00
   outer loop
     vertex  3.147453e+02  3.570957e+01 -3.114000e+01
     vertex  3.139501e+02  3.527683e+01 -3.114000e+01
     vertex  3.141473e+02  3.514339e+01 -3.114000e+01
   endloop
 endfacet
 facet normal  0.000000e+00  0.000000e+00  1.000000e+00
   outer loop
     vertex  3.132096e+02  3.724535e+01 -3.114000e+01
     vertex  3.126434e+02  3.664733e+01 -3.114000e+01
     vertex  3.127768e+02  3.645012e+01 -3.114000e+01
   endloop
 endfacet
 facet normal  0.000000e+00  0.000000e+00  1.000000e+00
   outer loop
     vertex  3.132096e+02  3.724535e+01 -3.114000e+01
     vertex  3.130726e+02  3.730171e+01 -3.114000e+01
     vertex  3.126434e+02  3.664733e+01 -3.114000e+01
   endloop
 endfacet
 facet normal  0.000000e+00  0.000000e+00  1.000000e+00
   outer loop
     vertex  3.146823e+02  3.584362e+01 -3.114000e+01
     vertex  3.139501e+02  3.527683e+01 -3.114000e+01
     vertex  3.147453e+02  3.570957e+01 -3.114000e+01
   endloop
 endfacet
 facet normal  0.000000e+00  0.000000e+00  1.000000e+00
   outer loop
     vertex  3.133436e+02  3.718229e+01 -3.114000e+01
     vertex  3.132096e+02  3.724535e+01 -3.114000e+01
     vertex  3.127768e+02  3.645012e+01 -3.114000e+01
   endloop
 endfacet
 facet normal  0.000000e+00  0.000000e+00  1.000000e+00
   outer loop
     vertex  3.146127e+02  3.597440e+01 -3.114000e+01
     vertex  3.137595e+02  3.541952e+01 -3.114000e+01
     vertex  3.139501e+02  3.527683e+01 -3.114000e+01
   endloop
 endfacet
 facet normal  0.000000e+00  0.000000e+00  1.000000e+00
   outer loop
     vertex  3.146127e+02  3.597440e+01 -3.114000e+01
     vertex  3.139501e+02  3.527683e+01 -3.114000e+01
     vertex  3.146823e+02  3.584362e+01 -3.114000e+01
   endloop
 endfacet
 facet normal  0.000000e+00  0.000000e+00  1.000000e+00
   outer loop
     vertex  3.134744e+02  3.711269e+01 -3.114000e+01
     vertex  3.127768e+02  3.645012e+01 -3.114000e+01
     vertex  3.129195e+02  3.625948e+01 -3.114000e+01
   endloop
 endfacet
 facet normal  0.000000e+00  0.000000e+00  1.000000e+00
   outer loop
     vertex  3.134744e+02  3.711269e+01 -3.114000e+01
     vertex  3.133436e+02  3.718229e+01 -3.114000e+01
     vertex  3.127768e+02  3.645012e+01 -3.114000e+01
   endloop
 endfacet
 facet normal  0.000000e+00  0.000000e+00  1.000000e+00
   outer loop
     vertex  3.145367e+02  3.610158e+01 -3.114000e+01
     vertex  3.137595e+02  3.541952e+01 -3.114000e+01
     vertex  3.146127e+02  3.597440e+01 -3.114000e+01
   endloop
 endfacet
 facet normal  0.000000e+00  0.000000e+00  1.000000e+00
   outer loop
     vertex  3.136016e+02  3.703672e+01 -3.114000e+01
     vertex  3.134744e+02  3.711269e+01 -3.114000e+01
     vertex  3.129195e+02  3.625948e+01 -3.114000e+01
   endloop
 endfacet
 facet normal  0.000000e+00  0.000000e+00  1.000000e+00
   outer loop
     vertex  3.144546e+02  3.622486e+01 -3.114000e+01
     vertex  3.135759e+02  3.557111e+01 -3.114000e+01
     vertex  3.137595e+02  3.541952e+01 -3.114000e+01
   endloop
 endfacet
 facet normal  0.000000e+00  0.000000e+00  1.000000e+00
   outer loop
     vertex  3.144546e+02  3.622486e+01 -3.114000e+01
     vertex  3.137595e+02  3.541952e+01 -3.114000e+01
     vertex  3.145367e+02  3.610158e+01 -3.114000e+01
   endloop
 endfacet
 facet normal  0.000000e+00  0.000000e+00  1.000000e+00
   outer loop
     vertex  3.137249e+02  3.695456e+01 -3.114000e+01
     vertex  3.129195e+02  3.625948e+01 -3.114000e+01
     vertex  3.130711e+02  3.607586e+01 -3.114000e+01
   endloop
 endfacet
 facet normal  0.000000e+00  0.000000e+00  1.000000e+00
   outer loop
     vertex  3.137249e+02  3.695456e+01 -3.114000e+01
     vertex  3.136016e+02  3.703672e+01 -3.114000e+01
     vertex  3.129195e+02  3.625948e+01 -3.114000e+01
   endloop
 endfacet
 facet normal  0.000000e+00  0.000000e+00  1.000000e+00
   outer loop
     vertex  3.143664e+02  3.634393e+01 -3.114000e+01
     vertex  3.135759e+02  3.557111e+01 -3.114000e+01
     vertex  3.144546e+02  3.622486e+01 -3.114000e+01
   endloop
 endfacet
 facet normal  0.000000e+00  0.000000e+00  1.000000e+00
   outer loop
     vertex  3.138439e+02  3.686642e+01 -3.114000e+01
     vertex  3.137249e+02  3.695456e+01 -3.114000e+01
     vertex  3.130711e+02  3.607586e+01 -3.114000e+01
   endloop
 endfacet
 facet normal  0.000000e+00  0.000000e+00  1.000000e+00
   outer loop
     vertex  3.142725e+02  3.645850e+01 -3.114000e+01
     vertex  3.133997e+02  3.573128e+01 -3.114000e+01
     vertex  3.135759e+02  3.557111e+01 -3.114000e+01
   endloop
 endfacet
 facet normal  0.000000e+00  0.000000e+00  1.000000e+00
   outer loop
     vertex  3.142725e+02  3.645850e+01 -3.114000e+01
     vertex  3.135759e+02  3.557111e+01 -3.114000e+01
     vertex  3.143664e+02  3.634393e+01 -3.114000e+01
   endloop
 endfacet
 facet normal  0.000000e+00  0.000000e+00  1.000000e+00
   outer loop
     vertex  3.139585e+02  3.677251e+01 -3.114000e+01
     vertex  3.130711e+02  3.607586e+01 -3.114000e+01
     vertex  3.132313e+02  3.589966e+01 -3.114000e+01
   endloop
 endfacet
 facet normal  0.000000e+00  0.000000e+00  1.000000e+00
   outer loop
     vertex  3.139585e+02  3.677251e+01 -3.114000e+01
     vertex  3.138439e+02  3.686642e+01 -3.114000e+01
     vertex  3.130711e+02  3.607586e+01 -3.114000e+01
   endloop
 endfacet
 facet normal  0.000000e+00  0.000000e+00  1.000000e+00
   outer loop
     vertex  3.141731e+02  3.656830e+01 -3.114000e+01
     vertex  3.132313e+02  3.589966e+01 -3.114000e+01
     vertex  3.133997e+02  3.573128e+01 -3.114000e+01
   endloop
 endfacet
 facet normal  0.000000e+00  0.000000e+00  1.000000e+00
   outer loop
     vertex  3.141731e+02  3.656830e+01 -3.114000e+01
     vertex  3.133997e+02  3.573128e+01 -3.114000e+01
     vertex  3.142725e+02  3.645850e+01 -3.114000e+01
   endloop
 endfacet
 facet normal  0.000000e+00  0.000000e+00  1.000000e+00
   outer loop
     vertex  3.140683e+02  3.667305e+01 -3.114000e+01
     vertex  3.139585e+02  3.677251e+01 -3.114000e+01
     vertex  3.132313e+02  3.589966e+01 -3.114000e+01
   endloop
 endfacet
 facet normal  0.000000e+00  0.000000e+00  1.000000e+00
   outer loop
     vertex  3.140683e+02  3.667305e+01 -3.114000e+01
     vertex  3.132313e+02  3.589966e+01 -3.114000e+01
     vertex  3.141731e+02  3.656830e+01 -3.114000e+01
   endloop
 endfacet
 facet normal  0.000000e+00  0.000000e+00  1.000000e+00
   outer loop
     vertex  3.319500e+02  8.190711e+01 -3.020500e+01
     vertex  3.219000e+02  6.450000e+01 -3.020500e+01
     vertex  3.319500e+02  4.709289e+01 -3.020500e+01
   endloop
 endfacet
 facet normal  0.000000e+00  0.000000e+00  1.000000e+00
   outer loop
     vertex  3.520500e+02  8.190711e+01 -3.020500e+01
     vertex  3.319500e+02  4.709289e+01 -3.020500e+01
     vertex  3.520500e+02  4.709289e+01 -3.020500e+01
   endloop
 endfacet
 facet normal  0.000000e+00  0.000000e+00  1.000000e+00
   outer loop
     vertex  3.520500e+02  8.190711e+01 -3.020500e+01
     vertex  3.520500e+02  4.709289e+01 -3.020500e+01
     vertex  3.621000e+02  6.450000e+01 -3.020500e+01
   endloop
 endfacet
 facet normal  0.000000e+00  0.000000e+00  1.000000e+00
   outer loop
     vertex  3.520500e+02  8.190711e+01 -3.020500e+01
     vertex  3.319500e+02  8.190711e+01 -3.020500e+01
     vertex  3.319500e+02  4.709289e+01 -3.020500e+01
   endloop
 endfacet
endsolid
