solid 
 facet normal -1.000000e+00  0.000000e+00  0.000000e+00
   outer loop
     vertex  3.767500e+02  1.046500e+02 -3.014000e+01
     vertex  3.767500e+02  1.549500e+02 -4.014000e+01
     vertex  3.767500e+02  1.046500e+02 -4.014000e+01
   endloop
 endfacet
 facet normal -1.000000e+00  0.000000e+00  0.000000e+00
   outer loop
     vertex  3.767500e+02  1.046500e+02 -3.014000e+01
     vertex  3.767500e+02  1.549500e+02 -3.014000e+01
     vertex  3.767500e+02  1.549500e+02 -4.014000e+01
   endloop
 endfacet
 facet normal  0.000000e+00  0.000000e+00  1.000000e+00
   outer loop
     vertex  3.770247e+02  1.030157e+02 -3.014000e+01
     vertex  3.771077e+02  1.027928e+02 -3.014000e+01
     vertex  3.772552e+02  1.027789e+02 -3.014000e+01
   endloop
 endfacet
 facet normal  0.000000e+00  0.000000e+00  1.000000e+00
   outer loop
     vertex  3.801157e+02  9.992465e+01 -3.014000e+01
     vertex  3.798789e+02  1.001552e+02 -3.014000e+01
     vertex  3.798928e+02  1.000077e+02 -3.014000e+01
   endloop
 endfacet
 facet normal  0.000000e+00  0.000000e+00  1.000000e+00
   outer loop
     vertex  3.798577e+02  1.003018e+02 -3.014000e+01
     vertex  3.798789e+02  1.001552e+02 -3.014000e+01
     vertex  3.801157e+02  9.992465e+01 -3.014000e+01
   endloop
 endfacet
 facet normal  0.000000e+00  0.000000e+00  1.000000e+00
   outer loop
     vertex  3.774018e+02  1.027577e+02 -3.014000e+01
     vertex  3.770247e+02  1.030157e+02 -3.014000e+01
     vertex  3.772552e+02  1.027789e+02 -3.014000e+01
   endloop
 endfacet
 facet normal  0.000000e+00  0.000000e+00  1.000000e+00
   outer loop
     vertex  3.769523e+02  1.032422e+02 -3.014000e+01
     vertex  3.770247e+02  1.030157e+02 -3.014000e+01
     vertex  3.774018e+02  1.027577e+02 -3.014000e+01
   endloop
 endfacet
 facet normal  0.000000e+00  0.000000e+00  1.000000e+00
   outer loop
     vertex  3.803422e+02  9.985228e+01 -3.014000e+01
     vertex  3.798577e+02  1.003018e+02 -3.014000e+01
     vertex  3.801157e+02  9.992465e+01 -3.014000e+01
   endloop
 endfacet
 facet normal  0.000000e+00  0.000000e+00  1.000000e+00
   outer loop
     vertex  3.798294e+02  1.004472e+02 -3.014000e+01
     vertex  3.798577e+02  1.003018e+02 -3.014000e+01
     vertex  3.803422e+02  9.985228e+01 -3.014000e+01
   endloop
 endfacet
 facet normal  0.000000e+00  0.000000e+00  1.000000e+00
   outer loop
     vertex  3.775472e+02  1.027294e+02 -3.014000e+01
     vertex  3.769523e+02  1.032422e+02 -3.014000e+01
     vertex  3.774018e+02  1.027577e+02 -3.014000e+01
   endloop
 endfacet
 facet normal  0.000000e+00  0.000000e+00  1.000000e+00
   outer loop
     vertex  3.768908e+02  1.034719e+02 -3.014000e+01
     vertex  3.769523e+02  1.032422e+02 -3.014000e+01
     vertex  3.775472e+02  1.027294e+02 -3.014000e+01
   endloop
 endfacet
 facet normal  0.000000e+00  0.000000e+00  1.000000e+00
   outer loop
     vertex  3.805719e+02  9.979077e+01 -3.014000e+01
     vertex  3.798294e+02  1.004472e+02 -3.014000e+01
     vertex  3.803422e+02  9.985228e+01 -3.014000e+01
   endloop
 endfacet
 facet normal  0.000000e+00  0.000000e+00  1.000000e+00
   outer loop
     vertex  3.797938e+02  1.005911e+02 -3.014000e+01
     vertex  3.798294e+02  1.004472e+02 -3.014000e+01
     vertex  3.805719e+02  9.979077e+01 -3.014000e+01
   endloop
 endfacet
 facet normal  0.000000e+00  0.000000e+00  1.000000e+00
   outer loop
     vertex  3.776911e+02  1.026938e+02 -3.014000e+01
     vertex  3.768908e+02  1.034719e+02 -3.014000e+01
     vertex  3.775472e+02  1.027294e+02 -3.014000e+01
   endloop
 endfacet
 facet normal  0.000000e+00  0.000000e+00  1.000000e+00
   outer loop
     vertex  3.768402e+02  1.037043e+02 -3.014000e+01
     vertex  3.776911e+02  1.026938e+02 -3.014000e+01
     vertex  3.778329e+02  1.026512e+02 -3.014000e+01
   endloop
 endfacet
 facet normal  0.000000e+00  0.000000e+00  1.000000e+00
   outer loop
     vertex  3.768402e+02  1.037043e+02 -3.014000e+01
     vertex  3.768908e+02  1.034719e+02 -3.014000e+01
     vertex  3.776911e+02  1.026938e+02 -3.014000e+01
   endloop
 endfacet
 facet normal  0.000000e+00  0.000000e+00  1.000000e+00
   outer loop
     vertex  3.808043e+02  9.974024e+01 -3.014000e+01
     vertex  3.797512e+02  1.007329e+02 -3.014000e+01
     vertex  3.797938e+02  1.005911e+02 -3.014000e+01
   endloop
 endfacet
 facet normal  0.000000e+00  0.000000e+00  1.000000e+00
   outer loop
     vertex  3.808043e+02  9.974024e+01 -3.014000e+01
     vertex  3.797938e+02  1.005911e+02 -3.014000e+01
     vertex  3.805719e+02  9.979077e+01 -3.014000e+01
   endloop
 endfacet
 facet normal  0.000000e+00  0.000000e+00  1.000000e+00
   outer loop
     vertex  3.768008e+02  1.039389e+02 -3.014000e+01
     vertex  3.778329e+02  1.026512e+02 -3.014000e+01
     vertex  3.779726e+02  1.026017e+02 -3.014000e+01
   endloop
 endfacet
 facet normal  0.000000e+00  0.000000e+00  1.000000e+00
   outer loop
     vertex  3.768008e+02  1.039389e+02 -3.014000e+01
     vertex  3.768402e+02  1.037043e+02 -3.014000e+01
     vertex  3.778329e+02  1.026512e+02 -3.014000e+01
   endloop
 endfacet
 facet normal  0.000000e+00  0.000000e+00  1.000000e+00
   outer loop
     vertex  3.810389e+02  9.970083e+01 -3.014000e+01
     vertex  3.797017e+02  1.008726e+02 -3.014000e+01
     vertex  3.797512e+02  1.007329e+02 -3.014000e+01
   endloop
 endfacet
 facet normal  0.000000e+00  0.000000e+00  1.000000e+00
   outer loop
     vertex  3.810389e+02  9.970083e+01 -3.014000e+01
     vertex  3.797512e+02  1.007329e+02 -3.014000e+01
     vertex  3.808043e+02  9.974024e+01 -3.014000e+01
   endloop
 endfacet
 facet normal  0.000000e+00  0.000000e+00  1.000000e+00
   outer loop
     vertex  3.812750e+02  9.967261e+01 -3.014000e+01
     vertex  3.797017e+02  1.008726e+02 -3.014000e+01
     vertex  3.810389e+02  9.970083e+01 -3.014000e+01
   endloop
 endfacet
 facet normal  0.000000e+00  0.000000e+00  1.000000e+00
   outer loop
     vertex  3.767726e+02  1.041750e+02 -3.014000e+01
     vertex  3.768008e+02  1.039389e+02 -3.014000e+01
     vertex  3.779726e+02  1.026017e+02 -3.014000e+01
   endloop
 endfacet
 facet normal  0.000000e+00  0.000000e+00  1.000000e+00
   outer loop
     vertex  3.815122e+02  9.965566e+01 -3.014000e+01
     vertex  3.796453e+02  1.010096e+02 -3.014000e+01
     vertex  3.797017e+02  1.008726e+02 -3.014000e+01
   endloop
 endfacet
 facet normal  0.000000e+00  0.000000e+00  1.000000e+00
   outer loop
     vertex  3.815122e+02  9.965566e+01 -3.014000e+01
     vertex  3.797017e+02  1.008726e+02 -3.014000e+01
     vertex  3.812750e+02  9.967261e+01 -3.014000e+01
   endloop
 endfacet
 facet normal  0.000000e+00  0.000000e+00  1.000000e+00
   outer loop
     vertex  3.767557e+02  1.044122e+02 -3.014000e+01
     vertex  3.767726e+02  1.041750e+02 -3.014000e+01
     vertex  3.779726e+02  1.026017e+02 -3.014000e+01
   endloop
 endfacet
 facet normal  0.000000e+00  0.000000e+00  1.000000e+00
   outer loop
     vertex  3.767557e+02  1.044122e+02 -3.014000e+01
     vertex  3.779726e+02  1.026017e+02 -3.014000e+01
     vertex  3.781096e+02  1.025453e+02 -3.014000e+01
   endloop
 endfacet
 facet normal  0.000000e+00  0.000000e+00  1.000000e+00
   outer loop
     vertex  3.817500e+02  9.965000e+01 -3.014000e+01
     vertex  3.795823e+02  1.011436e+02 -3.014000e+01
     vertex  3.796453e+02  1.010096e+02 -3.014000e+01
   endloop
 endfacet
 facet normal  0.000000e+00  0.000000e+00  1.000000e+00
   outer loop
     vertex  3.817500e+02  9.965000e+01 -3.014000e+01
     vertex  3.795127e+02  1.012744e+02 -3.014000e+01
     vertex  3.795823e+02  1.011436e+02 -3.014000e+01
   endloop
 endfacet
 facet normal  0.000000e+00  0.000000e+00  1.000000e+00
   outer loop
     vertex  3.817500e+02  9.965000e+01 -3.014000e+01
     vertex  3.794367e+02  1.014016e+02 -3.014000e+01
     vertex  3.795127e+02  1.012744e+02 -3.014000e+01
   endloop
 endfacet
 facet normal  0.000000e+00  0.000000e+00  1.000000e+00
   outer loop
     vertex  3.817500e+02  9.965000e+01 -3.014000e+01
     vertex  3.793546e+02  1.015249e+02 -3.014000e+01
     vertex  3.794367e+02  1.014016e+02 -3.014000e+01
   endloop
 endfacet
 facet normal  0.000000e+00  0.000000e+00  1.000000e+00
   outer loop
     vertex  3.817500e+02  9.965000e+01 -3.014000e+01
     vertex  3.792664e+02  1.016439e+02 -3.014000e+01
     vertex  3.793546e+02  1.015249e+02 -3.014000e+01
   endloop
 endfacet
 facet normal  0.000000e+00  0.000000e+00  1.000000e+00
   outer loop
     vertex  3.817500e+02  9.965000e+01 -3.014000e+01
     vertex  3.791725e+02  1.017585e+02 -3.014000e+01
     vertex  3.792664e+02  1.016439e+02 -3.014000e+01
   endloop
 endfacet
 facet normal  0.000000e+00  0.000000e+00  1.000000e+00
   outer loop
     vertex  3.817500e+02  9.965000e+01 -3.014000e+01
     vertex  3.790731e+02  1.018683e+02 -3.014000e+01
     vertex  3.791725e+02  1.017585e+02 -3.014000e+01
   endloop
 endfacet
 facet normal  0.000000e+00  0.000000e+00  1.000000e+00
   outer loop
     vertex  3.817500e+02  9.965000e+01 -3.014000e+01
     vertex  3.789683e+02  1.019731e+02 -3.014000e+01
     vertex  3.790731e+02  1.018683e+02 -3.014000e+01
   endloop
 endfacet
 facet normal  0.000000e+00  0.000000e+00  1.000000e+00
   outer loop
     vertex  3.817500e+02  9.965000e+01 -3.014000e+01
     vertex  3.796453e+02  1.010096e+02 -3.014000e+01
     vertex  3.815122e+02  9.965566e+01 -3.014000e+01
   endloop
 endfacet
 facet normal  0.000000e+00  0.000000e+00  1.000000e+00
   outer loop
     vertex  3.767500e+02  1.046500e+02 -3.014000e+01
     vertex  3.789683e+02  1.019731e+02 -3.014000e+01
     vertex  3.817500e+02  9.965000e+01 -3.014000e+01
   endloop
 endfacet
 facet normal  0.000000e+00  0.000000e+00  1.000000e+00
   outer loop
     vertex  3.767500e+02  1.046500e+02 -3.014000e+01
     vertex  3.788585e+02  1.020725e+02 -3.014000e+01
     vertex  3.789683e+02  1.019731e+02 -3.014000e+01
   endloop
 endfacet
 facet normal  0.000000e+00  0.000000e+00  1.000000e+00
   outer loop
     vertex  3.767500e+02  1.046500e+02 -3.014000e+01
     vertex  3.787439e+02  1.021664e+02 -3.014000e+01
     vertex  3.788585e+02  1.020725e+02 -3.014000e+01
   endloop
 endfacet
 facet normal  0.000000e+00  0.000000e+00  1.000000e+00
   outer loop
     vertex  3.767500e+02  1.046500e+02 -3.014000e+01
     vertex  3.786249e+02  1.022546e+02 -3.014000e+01
     vertex  3.787439e+02  1.021664e+02 -3.014000e+01
   endloop
 endfacet
 facet normal  0.000000e+00  0.000000e+00  1.000000e+00
   outer loop
     vertex  3.767500e+02  1.046500e+02 -3.014000e+01
     vertex  3.785016e+02  1.023367e+02 -3.014000e+01
     vertex  3.786249e+02  1.022546e+02 -3.014000e+01
   endloop
 endfacet
 facet normal  0.000000e+00  0.000000e+00  1.000000e+00
   outer loop
     vertex  3.767500e+02  1.046500e+02 -3.014000e+01
     vertex  3.783744e+02  1.024127e+02 -3.014000e+01
     vertex  3.785016e+02  1.023367e+02 -3.014000e+01
   endloop
 endfacet
 facet normal  0.000000e+00  0.000000e+00  1.000000e+00
   outer loop
     vertex  3.767500e+02  1.046500e+02 -3.014000e+01
     vertex  3.782436e+02  1.024823e+02 -3.014000e+01
     vertex  3.783744e+02  1.024127e+02 -3.014000e+01
   endloop
 endfacet
 facet normal  0.000000e+00  0.000000e+00  1.000000e+00
   outer loop
     vertex  3.767500e+02  1.046500e+02 -3.014000e+01
     vertex  3.781096e+02  1.025453e+02 -3.014000e+01
     vertex  3.782436e+02  1.024823e+02 -3.014000e+01
   endloop
 endfacet
 facet normal  0.000000e+00  0.000000e+00  1.000000e+00
   outer loop
     vertex  3.767500e+02  1.046500e+02 -3.014000e+01
     vertex  3.767557e+02  1.044122e+02 -3.014000e+01
     vertex  3.781096e+02  1.025453e+02 -3.014000e+01
   endloop
 endfacet
 facet normal  0.000000e+00  0.000000e+00  1.000000e+00
   outer loop
     vertex  4.325401e+02  9.967408e+01 -3.014000e+01
     vertex  4.320500e+02  9.965000e+01 -3.014000e+01
     vertex  4.322953e+02  9.965602e+01 -3.014000e+01
   endloop
 endfacet
 facet normal  0.000000e+00  0.000000e+00  1.000000e+00
   outer loop
     vertex  3.768041e+02  1.556837e+02 -3.014000e+01
     vertex  3.767560e+02  1.551953e+02 -3.014000e+01
     vertex  3.767500e+02  1.549500e+02 -3.014000e+01
   endloop
 endfacet
 facet normal  0.000000e+00  0.000000e+00  1.000000e+00
   outer loop
     vertex  3.768041e+02  1.556837e+02 -3.014000e+01
     vertex  3.767741e+02  1.554401e+02 -3.014000e+01
     vertex  3.767560e+02  1.551953e+02 -3.014000e+01
   endloop
 endfacet
 facet normal  0.000000e+00  0.000000e+00  1.000000e+00
   outer loop
     vertex  3.768461e+02  1.559255e+02 -3.014000e+01
     vertex  3.768041e+02  1.556837e+02 -3.014000e+01
     vertex  3.767500e+02  1.549500e+02 -3.014000e+01
   endloop
 endfacet
 facet normal  0.000000e+00  0.000000e+00  1.000000e+00
   outer loop
     vertex  4.330255e+02  9.974607e+01 -3.014000e+01
     vertex  4.325401e+02  9.967408e+01 -3.014000e+01
     vertex  4.327837e+02  9.970412e+01 -3.014000e+01
   endloop
 endfacet
 facet normal  0.000000e+00  0.000000e+00  1.000000e+00
   outer loop
     vertex  4.332649e+02  9.979984e+01 -3.014000e+01
     vertex  4.325401e+02  9.967408e+01 -3.014000e+01
     vertex  4.330255e+02  9.974607e+01 -3.014000e+01
   endloop
 endfacet
 facet normal  0.000000e+00  0.000000e+00  1.000000e+00
   outer loop
     vertex  3.768998e+02  1.561649e+02 -3.014000e+01
     vertex  3.768461e+02  1.559255e+02 -3.014000e+01
     vertex  3.767500e+02  1.549500e+02 -3.014000e+01
   endloop
 endfacet
 facet normal  0.000000e+00  0.000000e+00  1.000000e+00
   outer loop
     vertex  4.335014e+02  9.986530e+01 -3.014000e+01
     vertex  4.325401e+02  9.967408e+01 -3.014000e+01
     vertex  4.332649e+02  9.979984e+01 -3.014000e+01
   endloop
 endfacet
 facet normal  0.000000e+00  0.000000e+00  1.000000e+00
   outer loop
     vertex  3.771306e+02  1.568634e+02 -3.014000e+01
     vertex  3.769653e+02  1.564014e+02 -3.014000e+01
     vertex  3.768998e+02  1.561649e+02 -3.014000e+01
   endloop
 endfacet
 facet normal  0.000000e+00  0.000000e+00  1.000000e+00
   outer loop
     vertex  3.771306e+02  1.568634e+02 -3.014000e+01
     vertex  3.770423e+02  1.566344e+02 -3.014000e+01
     vertex  3.769653e+02  1.564014e+02 -3.014000e+01
   endloop
 endfacet
 facet normal  0.000000e+00  0.000000e+00  1.000000e+00
   outer loop
     vertex  3.771306e+02  1.568634e+02 -3.014000e+01
     vertex  3.768998e+02  1.561649e+02 -3.014000e+01
     vertex  3.767500e+02  1.549500e+02 -3.014000e+01
   endloop
 endfacet
 facet normal  0.000000e+00  0.000000e+00  1.000000e+00
   outer loop
     vertex  4.341878e+02  1.001301e+02 -3.014000e+01
     vertex  4.320500e+02  9.965000e+01 -3.014000e+01
     vertex  4.325401e+02  9.967408e+01 -3.014000e+01
   endloop
 endfacet
 facet normal  0.000000e+00  0.000000e+00  1.000000e+00
   outer loop
     vertex  4.341878e+02  1.001301e+02 -3.014000e+01
     vertex  4.325401e+02  9.967408e+01 -3.014000e+01
     vertex  4.335014e+02  9.986530e+01 -3.014000e+01
   endloop
 endfacet
 facet normal  0.000000e+00  0.000000e+00  1.000000e+00
   outer loop
     vertex  4.341878e+02  1.001301e+02 -3.014000e+01
     vertex  4.337344e+02  9.994228e+01 -3.014000e+01
     vertex  4.339634e+02  1.000306e+02 -3.014000e+01
   endloop
 endfacet
 facet normal  0.000000e+00  0.000000e+00  1.000000e+00
   outer loop
     vertex  4.341878e+02  1.001301e+02 -3.014000e+01
     vertex  4.335014e+02  9.986530e+01 -3.014000e+01
     vertex  4.337344e+02  9.994228e+01 -3.014000e+01
   endloop
 endfacet
 facet normal  0.000000e+00  0.000000e+00  1.000000e+00
   outer loop
     vertex  3.773404e+02  1.573070e+02 -3.014000e+01
     vertex  3.772301e+02  1.570878e+02 -3.014000e+01
     vertex  3.771306e+02  1.568634e+02 -3.014000e+01
   endloop
 endfacet
 facet normal  0.000000e+00  0.000000e+00  1.000000e+00
   outer loop
     vertex  3.773404e+02  1.573070e+02 -3.014000e+01
     vertex  3.771306e+02  1.568634e+02 -3.014000e+01
     vertex  3.767500e+02  1.549500e+02 -3.014000e+01
   endloop
 endfacet
 facet normal  0.000000e+00  0.000000e+00  1.000000e+00
   outer loop
     vertex  4.346205e+02  1.003614e+02 -3.014000e+01
     vertex  4.341878e+02  1.001301e+02 -3.014000e+01
     vertex  4.344070e+02  1.002404e+02 -3.014000e+01
   endloop
 endfacet
 facet normal  0.000000e+00  0.000000e+00  1.000000e+00
   outer loop
     vertex  4.346205e+02  1.003614e+02 -3.014000e+01
     vertex  4.320500e+02  9.965000e+01 -3.014000e+01
     vertex  4.341878e+02  1.001301e+02 -3.014000e+01
   endloop
 endfacet
 facet normal  0.000000e+00  0.000000e+00  1.000000e+00
   outer loop
     vertex  3.775927e+02  1.577279e+02 -3.014000e+01
     vertex  3.774614e+02  1.575205e+02 -3.014000e+01
     vertex  3.773404e+02  1.573070e+02 -3.014000e+01
   endloop
 endfacet
 facet normal  0.000000e+00  0.000000e+00  1.000000e+00
   outer loop
     vertex  3.775927e+02  1.577279e+02 -3.014000e+01
     vertex  3.773404e+02  1.573070e+02 -3.014000e+01
     vertex  3.767500e+02  1.549500e+02 -3.014000e+01
   endloop
 endfacet
 facet normal  0.000000e+00  0.000000e+00  1.000000e+00
   outer loop
     vertex  4.350285e+02  1.006340e+02 -3.014000e+01
     vertex  4.346205e+02  1.003614e+02 -3.014000e+01
     vertex  4.348279e+02  1.004927e+02 -3.014000e+01
   endloop
 endfacet
 facet normal  0.000000e+00  0.000000e+00  1.000000e+00
   outer loop
     vertex  4.350285e+02  1.006340e+02 -3.014000e+01
     vertex  4.320500e+02  9.965000e+01 -3.014000e+01
     vertex  4.346205e+02  1.003614e+02 -3.014000e+01
   endloop
 endfacet
 facet normal  0.000000e+00  0.000000e+00  1.000000e+00
   outer loop
     vertex  4.352220e+02  1.007849e+02 -3.014000e+01
     vertex  4.320500e+02  9.965000e+01 -3.014000e+01
     vertex  4.350285e+02  1.006340e+02 -3.014000e+01
   endloop
 endfacet
 facet normal  0.000000e+00  0.000000e+00  1.000000e+00
   outer loop
     vertex  3.778849e+02  1.581220e+02 -3.014000e+01
     vertex  3.777340e+02  1.579285e+02 -3.014000e+01
     vertex  3.775927e+02  1.577279e+02 -3.014000e+01
   endloop
 endfacet
 facet normal  0.000000e+00  0.000000e+00  1.000000e+00
   outer loop
     vertex  4.355855e+02  1.011145e+02 -3.014000e+01
     vertex  4.352220e+02  1.007849e+02 -3.014000e+01
     vertex  4.354078e+02  1.009452e+02 -3.014000e+01
   endloop
 endfacet
 facet normal  0.000000e+00  0.000000e+00  1.000000e+00
   outer loop
     vertex  4.355855e+02  1.011145e+02 -3.014000e+01
     vertex  4.320500e+02  9.965000e+01 -3.014000e+01
     vertex  4.352220e+02  1.007849e+02 -3.014000e+01
   endloop
 endfacet
 facet normal  0.000000e+00  0.000000e+00  1.000000e+00
   outer loop
     vertex  4.357548e+02  1.012922e+02 -3.014000e+01
     vertex  4.320500e+02  9.965000e+01 -3.014000e+01
     vertex  4.355855e+02  1.011145e+02 -3.014000e+01
   endloop
 endfacet
 facet normal  0.000000e+00  0.000000e+00  1.000000e+00
   outer loop
     vertex  3.783922e+02  1.586548e+02 -3.014000e+01
     vertex  3.782145e+02  1.584855e+02 -3.014000e+01
     vertex  3.780452e+02  1.583078e+02 -3.014000e+01
   endloop
 endfacet
 facet normal  0.000000e+00  0.000000e+00  1.000000e+00
   outer loop
     vertex  3.785780e+02  1.588151e+02 -3.014000e+01
     vertex  3.783922e+02  1.586548e+02 -3.014000e+01
     vertex  3.780452e+02  1.583078e+02 -3.014000e+01
   endloop
 endfacet
 facet normal  0.000000e+00  0.000000e+00  1.000000e+00
   outer loop
     vertex  3.785780e+02  1.588151e+02 -3.014000e+01
     vertex  3.780452e+02  1.583078e+02 -3.014000e+01
     vertex  3.778849e+02  1.581220e+02 -3.014000e+01
   endloop
 endfacet
 facet normal  0.000000e+00  0.000000e+00  1.000000e+00
   outer loop
     vertex  3.785780e+02  1.588151e+02 -3.014000e+01
     vertex  3.778849e+02  1.581220e+02 -3.014000e+01
     vertex  3.775927e+02  1.577279e+02 -3.014000e+01
   endloop
 endfacet
 facet normal  0.000000e+00  0.000000e+00  1.000000e+00
   outer loop
     vertex  3.787715e+02  1.589660e+02 -3.014000e+01
     vertex  3.785780e+02  1.588151e+02 -3.014000e+01
     vertex  3.775927e+02  1.577279e+02 -3.014000e+01
   endloop
 endfacet
 facet normal  0.000000e+00  0.000000e+00  1.000000e+00
   outer loop
     vertex  3.787715e+02  1.589660e+02 -3.014000e+01
     vertex  3.775927e+02  1.577279e+02 -3.014000e+01
     vertex  3.767500e+02  1.549500e+02 -3.014000e+01
   endloop
 endfacet
 facet normal  0.000000e+00  0.000000e+00  1.000000e+00
   outer loop
     vertex  4.360660e+02  1.016715e+02 -3.014000e+01
     vertex  4.357548e+02  1.012922e+02 -3.014000e+01
     vertex  4.359151e+02  1.014780e+02 -3.014000e+01
   endloop
 endfacet
 facet normal  0.000000e+00  0.000000e+00  1.000000e+00
   outer loop
     vertex  4.360660e+02  1.016715e+02 -3.014000e+01
     vertex  4.320500e+02  9.965000e+01 -3.014000e+01
     vertex  4.357548e+02  1.012922e+02 -3.014000e+01
   endloop
 endfacet
 facet normal  0.000000e+00  0.000000e+00  1.000000e+00
   outer loop
     vertex  3.791795e+02  1.592386e+02 -3.014000e+01
     vertex  3.789721e+02  1.591073e+02 -3.014000e+01
     vertex  3.787715e+02  1.589660e+02 -3.014000e+01
   endloop
 endfacet
 facet normal  0.000000e+00  0.000000e+00  1.000000e+00
   outer loop
     vertex  3.796122e+02  1.594699e+02 -3.014000e+01
     vertex  3.791795e+02  1.592386e+02 -3.014000e+01
     vertex  3.787715e+02  1.589660e+02 -3.014000e+01
   endloop
 endfacet
 facet normal  0.000000e+00  0.000000e+00  1.000000e+00
   outer loop
     vertex  3.796122e+02  1.594699e+02 -3.014000e+01
     vertex  3.793930e+02  1.593596e+02 -3.014000e+01
     vertex  3.791795e+02  1.592386e+02 -3.014000e+01
   endloop
 endfacet
 facet normal  0.000000e+00  0.000000e+00  1.000000e+00
   outer loop
     vertex  4.366694e+02  1.027366e+02 -3.014000e+01
     vertex  4.364596e+02  1.022930e+02 -3.014000e+01
     vertex  4.365699e+02  1.025122e+02 -3.014000e+01
   endloop
 endfacet
 facet normal  0.000000e+00  0.000000e+00  1.000000e+00
   outer loop
     vertex  4.366694e+02  1.027366e+02 -3.014000e+01
     vertex  4.363386e+02  1.020795e+02 -3.014000e+01
     vertex  4.364596e+02  1.022930e+02 -3.014000e+01
   endloop
 endfacet
 facet normal  0.000000e+00  0.000000e+00  1.000000e+00
   outer loop
     vertex  3.798366e+02  1.595694e+02 -3.014000e+01
     vertex  3.787715e+02  1.589660e+02 -3.014000e+01
     vertex  3.767500e+02  1.549500e+02 -3.014000e+01
   endloop
 endfacet
 facet normal  0.000000e+00  0.000000e+00  1.000000e+00
   outer loop
     vertex  3.798366e+02  1.595694e+02 -3.014000e+01
     vertex  3.796122e+02  1.594699e+02 -3.014000e+01
     vertex  3.787715e+02  1.589660e+02 -3.014000e+01
   endloop
 endfacet
 facet normal  0.000000e+00  0.000000e+00  1.000000e+00
   outer loop
     vertex  4.367577e+02  1.029656e+02 -3.014000e+01
     vertex  4.320500e+02  9.965000e+01 -3.014000e+01
     vertex  4.360660e+02  1.016715e+02 -3.014000e+01
   endloop
 endfacet
 facet normal  0.000000e+00  0.000000e+00  1.000000e+00
   outer loop
     vertex  4.367577e+02  1.029656e+02 -3.014000e+01
     vertex  4.363386e+02  1.020795e+02 -3.014000e+01
     vertex  4.366694e+02  1.027366e+02 -3.014000e+01
   endloop
 endfacet
 facet normal  0.000000e+00  0.000000e+00  1.000000e+00
   outer loop
     vertex  4.367577e+02  1.029656e+02 -3.014000e+01
     vertex  4.362073e+02  1.018721e+02 -3.014000e+01
     vertex  4.363386e+02  1.020795e+02 -3.014000e+01
   endloop
 endfacet
 facet normal  0.000000e+00  0.000000e+00  1.000000e+00
   outer loop
     vertex  4.367577e+02  1.029656e+02 -3.014000e+01
     vertex  4.360660e+02  1.016715e+02 -3.014000e+01
     vertex  4.362073e+02  1.018721e+02 -3.014000e+01
   endloop
 endfacet
 facet normal  0.000000e+00  0.000000e+00  1.000000e+00
   outer loop
     vertex  3.800656e+02  1.596577e+02 -3.014000e+01
     vertex  3.798366e+02  1.595694e+02 -3.014000e+01
     vertex  3.767500e+02  1.549500e+02 -3.014000e+01
   endloop
 endfacet
 facet normal  0.000000e+00  0.000000e+00  1.000000e+00
   outer loop
     vertex  3.802986e+02  1.597347e+02 -3.014000e+01
     vertex  3.800656e+02  1.596577e+02 -3.014000e+01
     vertex  3.767500e+02  1.549500e+02 -3.014000e+01
   endloop
 endfacet
 facet normal  0.000000e+00  0.000000e+00  1.000000e+00
   outer loop
     vertex  4.369002e+02  1.034351e+02 -3.014000e+01
     vertex  4.320500e+02  9.965000e+01 -3.014000e+01
     vertex  4.367577e+02  1.029656e+02 -3.014000e+01
   endloop
 endfacet
 facet normal  0.000000e+00  0.000000e+00  1.000000e+00
   outer loop
     vertex  4.369002e+02  1.034351e+02 -3.014000e+01
     vertex  4.367577e+02  1.029656e+02 -3.014000e+01
     vertex  4.368347e+02  1.031986e+02 -3.014000e+01
   endloop
 endfacet
 facet normal  0.000000e+00  0.000000e+00  1.000000e+00
   outer loop
     vertex  3.807745e+02  1.598539e+02 -3.014000e+01
     vertex  3.805351e+02  1.598002e+02 -3.014000e+01
     vertex  3.802986e+02  1.597347e+02 -3.014000e+01
   endloop
 endfacet
 facet normal  0.000000e+00  0.000000e+00  1.000000e+00
   outer loop
     vertex  3.807745e+02  1.598539e+02 -3.014000e+01
     vertex  3.802986e+02  1.597347e+02 -3.014000e+01
     vertex  3.767500e+02  1.549500e+02 -3.014000e+01
   endloop
 endfacet
 facet normal  0.000000e+00  0.000000e+00  1.000000e+00
   outer loop
     vertex  3.810163e+02  1.598959e+02 -3.014000e+01
     vertex  3.807745e+02  1.598539e+02 -3.014000e+01
     vertex  3.767500e+02  1.549500e+02 -3.014000e+01
   endloop
 endfacet
 facet normal  0.000000e+00  0.000000e+00  1.000000e+00
   outer loop
     vertex  4.369959e+02  1.039163e+02 -3.014000e+01
     vertex  4.320500e+02  9.965000e+01 -3.014000e+01
     vertex  4.369002e+02  1.034351e+02 -3.014000e+01
   endloop
 endfacet
 facet normal  0.000000e+00  0.000000e+00  1.000000e+00
   outer loop
     vertex  4.369959e+02  1.039163e+02 -3.014000e+01
     vertex  4.369002e+02  1.034351e+02 -3.014000e+01
     vertex  4.369539e+02  1.036745e+02 -3.014000e+01
   endloop
 endfacet
 facet normal  0.000000e+00  0.000000e+00  1.000000e+00
   outer loop
     vertex  3.815047e+02  1.599440e+02 -3.014000e+01
     vertex  3.812599e+02  1.599259e+02 -3.014000e+01
     vertex  3.810163e+02  1.598959e+02 -3.014000e+01
   endloop
 endfacet
 facet normal  0.000000e+00  0.000000e+00  1.000000e+00
   outer loop
     vertex  4.370500e+02  1.046500e+02 -3.014000e+01
     vertex  3.817500e+02  9.965000e+01 -3.014000e+01
     vertex  4.320500e+02  9.965000e+01 -3.014000e+01
   endloop
 endfacet
 facet normal  0.000000e+00  0.000000e+00  1.000000e+00
   outer loop
     vertex  4.370500e+02  1.046500e+02 -3.014000e+01
     vertex  4.370259e+02  1.041599e+02 -3.014000e+01
     vertex  4.370440e+02  1.044047e+02 -3.014000e+01
   endloop
 endfacet
 facet normal  0.000000e+00  0.000000e+00  1.000000e+00
   outer loop
     vertex  4.370500e+02  1.046500e+02 -3.014000e+01
     vertex  4.369959e+02  1.039163e+02 -3.014000e+01
     vertex  4.370259e+02  1.041599e+02 -3.014000e+01
   endloop
 endfacet
 facet normal  0.000000e+00  0.000000e+00  1.000000e+00
   outer loop
     vertex  4.370500e+02  1.046500e+02 -3.014000e+01
     vertex  4.320500e+02  9.965000e+01 -3.014000e+01
     vertex  4.369959e+02  1.039163e+02 -3.014000e+01
   endloop
 endfacet
 facet normal  0.000000e+00  0.000000e+00  1.000000e+00
   outer loop
     vertex  4.370500e+02  1.046500e+02 -3.014000e+01
     vertex  3.767500e+02  1.046500e+02 -3.014000e+01
     vertex  3.817500e+02  9.965000e+01 -3.014000e+01
   endloop
 endfacet
 facet normal  0.000000e+00  0.000000e+00  1.000000e+00
   outer loop
     vertex  3.817500e+02  1.599500e+02 -3.014000e+01
     vertex  3.810163e+02  1.598959e+02 -3.014000e+01
     vertex  3.767500e+02  1.549500e+02 -3.014000e+01
   endloop
 endfacet
 facet normal  0.000000e+00  0.000000e+00  1.000000e+00
   outer loop
     vertex  3.817500e+02  1.599500e+02 -3.014000e+01
     vertex  3.815047e+02  1.599440e+02 -3.014000e+01
     vertex  3.810163e+02  1.598959e+02 -3.014000e+01
   endloop
 endfacet
 facet normal  0.000000e+00  0.000000e+00  1.000000e+00
   outer loop
     vertex  4.370500e+02  1.549500e+02 -3.014000e+01
     vertex  3.767500e+02  1.549500e+02 -3.014000e+01
     vertex  3.767500e+02  1.046500e+02 -3.014000e+01
   endloop
 endfacet
 facet normal  0.000000e+00  0.000000e+00  1.000000e+00
   outer loop
     vertex  4.370500e+02  1.549500e+02 -3.014000e+01
     vertex  3.767500e+02  1.046500e+02 -3.014000e+01
     vertex  4.370500e+02  1.046500e+02 -3.014000e+01
   endloop
 endfacet
 facet normal  0.000000e+00  0.000000e+00  1.000000e+00
   outer loop
     vertex  4.320500e+02  1.599500e+02 -3.014000e+01
     vertex  3.767500e+02  1.549500e+02 -3.014000e+01
     vertex  4.370500e+02  1.549500e+02 -3.014000e+01
   endloop
 endfacet
 facet normal  0.000000e+00  0.000000e+00  1.000000e+00
   outer loop
     vertex  4.320500e+02  1.599500e+02 -3.014000e+01
     vertex  3.817500e+02  1.599500e+02 -3.014000e+01
     vertex  3.767500e+02  1.549500e+02 -3.014000e+01
   endloop
 endfacet
 facet normal  0.000000e+00  0.000000e+00  1.000000e+00
   outer loop
     vertex  4.370259e+02  1.554401e+02 -3.014000e+01
     vertex  4.370500e+02  1.549500e+02 -3.014000e+01
     vertex  4.370440e+02  1.551953e+02 -3.014000e+01
   endloop
 endfacet
 facet normal  0.000000e+00  0.000000e+00  1.000000e+00
   outer loop
     vertex  4.325401e+02  1.599259e+02 -3.014000e+01
     vertex  4.322953e+02  1.599440e+02 -3.014000e+01
     vertex  4.320500e+02  1.599500e+02 -3.014000e+01
   endloop
 endfacet
 facet normal  0.000000e+00  0.000000e+00  1.000000e+00
   outer loop
     vertex  4.369959e+02  1.556837e+02 -3.014000e+01
     vertex  4.370500e+02  1.549500e+02 -3.014000e+01
     vertex  4.370259e+02  1.554401e+02 -3.014000e+01
   endloop
 endfacet
 facet normal  0.000000e+00  0.000000e+00  1.000000e+00
   outer loop
     vertex  4.330255e+02  1.598539e+02 -3.014000e+01
     vertex  4.327837e+02  1.598959e+02 -3.014000e+01
     vertex  4.325401e+02  1.599259e+02 -3.014000e+01
   endloop
 endfacet
 facet normal  0.000000e+00  0.000000e+00  1.000000e+00
   outer loop
     vertex  4.369002e+02  1.561649e+02 -3.014000e+01
     vertex  4.320500e+02  1.599500e+02 -3.014000e+01
     vertex  4.370500e+02  1.549500e+02 -3.014000e+01
   endloop
 endfacet
 facet normal  0.000000e+00  0.000000e+00  1.000000e+00
   outer loop
     vertex  4.369002e+02  1.561649e+02 -3.014000e+01
     vertex  4.325401e+02  1.599259e+02 -3.014000e+01
     vertex  4.320500e+02  1.599500e+02 -3.014000e+01
   endloop
 endfacet
 facet normal  0.000000e+00  0.000000e+00  1.000000e+00
   outer loop
     vertex  4.369002e+02  1.561649e+02 -3.014000e+01
     vertex  4.370500e+02  1.549500e+02 -3.014000e+01
     vertex  4.369959e+02  1.556837e+02 -3.014000e+01
   endloop
 endfacet
 facet normal  0.000000e+00  0.000000e+00  1.000000e+00
   outer loop
     vertex  4.369002e+02  1.561649e+02 -3.014000e+01
     vertex  4.369959e+02  1.556837e+02 -3.014000e+01
     vertex  4.369539e+02  1.559255e+02 -3.014000e+01
   endloop
 endfacet
 facet normal  0.000000e+00  0.000000e+00  1.000000e+00
   outer loop
     vertex  4.368347e+02  1.564014e+02 -3.014000e+01
     vertex  4.332649e+02  1.598002e+02 -3.014000e+01
     vertex  4.330255e+02  1.598539e+02 -3.014000e+01
   endloop
 endfacet
 facet normal  0.000000e+00  0.000000e+00  1.000000e+00
   outer loop
     vertex  4.368347e+02  1.564014e+02 -3.014000e+01
     vertex  4.330255e+02  1.598539e+02 -3.014000e+01
     vertex  4.325401e+02  1.599259e+02 -3.014000e+01
   endloop
 endfacet
 facet normal  0.000000e+00  0.000000e+00  1.000000e+00
   outer loop
     vertex  4.368347e+02  1.564014e+02 -3.014000e+01
     vertex  4.325401e+02  1.599259e+02 -3.014000e+01
     vertex  4.369002e+02  1.561649e+02 -3.014000e+01
   endloop
 endfacet
 facet normal  0.000000e+00  0.000000e+00  1.000000e+00
   outer loop
     vertex  4.367577e+02  1.566344e+02 -3.014000e+01
     vertex  4.335014e+02  1.597347e+02 -3.014000e+01
     vertex  4.332649e+02  1.598002e+02 -3.014000e+01
   endloop
 endfacet
 facet normal  0.000000e+00  0.000000e+00  1.000000e+00
   outer loop
     vertex  4.367577e+02  1.566344e+02 -3.014000e+01
     vertex  4.332649e+02  1.598002e+02 -3.014000e+01
     vertex  4.368347e+02  1.564014e+02 -3.014000e+01
   endloop
 endfacet
 facet normal  0.000000e+00  0.000000e+00  1.000000e+00
   outer loop
     vertex  4.339634e+02  1.595694e+02 -3.014000e+01
     vertex  4.337344e+02  1.596577e+02 -3.014000e+01
     vertex  4.335014e+02  1.597347e+02 -3.014000e+01
   endloop
 endfacet
 facet normal  0.000000e+00  0.000000e+00  1.000000e+00
   outer loop
     vertex  4.365699e+02  1.570878e+02 -3.014000e+01
     vertex  4.367577e+02  1.566344e+02 -3.014000e+01
     vertex  4.366694e+02  1.568634e+02 -3.014000e+01
   endloop
 endfacet
 facet normal  0.000000e+00  0.000000e+00  1.000000e+00
   outer loop
     vertex  4.365699e+02  1.570878e+02 -3.014000e+01
     vertex  4.335014e+02  1.597347e+02 -3.014000e+01
     vertex  4.367577e+02  1.566344e+02 -3.014000e+01
   endloop
 endfacet
 facet normal  0.000000e+00  0.000000e+00  1.000000e+00
   outer loop
     vertex  4.344070e+02  1.593596e+02 -3.014000e+01
     vertex  4.339634e+02  1.595694e+02 -3.014000e+01
     vertex  4.335014e+02  1.597347e+02 -3.014000e+01
   endloop
 endfacet
 facet normal  0.000000e+00  0.000000e+00  1.000000e+00
   outer loop
     vertex  4.344070e+02  1.593596e+02 -3.014000e+01
     vertex  4.341878e+02  1.594699e+02 -3.014000e+01
     vertex  4.339634e+02  1.595694e+02 -3.014000e+01
   endloop
 endfacet
 facet normal  0.000000e+00  0.000000e+00  1.000000e+00
   outer loop
     vertex  4.363386e+02  1.575205e+02 -3.014000e+01
     vertex  4.335014e+02  1.597347e+02 -3.014000e+01
     vertex  4.365699e+02  1.570878e+02 -3.014000e+01
   endloop
 endfacet
 facet normal  0.000000e+00  0.000000e+00  1.000000e+00
   outer loop
     vertex  4.363386e+02  1.575205e+02 -3.014000e+01
     vertex  4.344070e+02  1.593596e+02 -3.014000e+01
     vertex  4.335014e+02  1.597347e+02 -3.014000e+01
   endloop
 endfacet
 facet normal  0.000000e+00  0.000000e+00  1.000000e+00
   outer loop
     vertex  4.363386e+02  1.575205e+02 -3.014000e+01
     vertex  4.365699e+02  1.570878e+02 -3.014000e+01
     vertex  4.364596e+02  1.573070e+02 -3.014000e+01
   endloop
 endfacet
 facet normal  0.000000e+00  0.000000e+00  1.000000e+00
   outer loop
     vertex  4.346205e+02  1.592386e+02 -3.014000e+01
     vertex  4.344070e+02  1.593596e+02 -3.014000e+01
     vertex  4.363386e+02  1.575205e+02 -3.014000e+01
   endloop
 endfacet
 facet normal  0.000000e+00  0.000000e+00  1.000000e+00
   outer loop
     vertex  4.362073e+02  1.577279e+02 -3.014000e+01
     vertex  4.346205e+02  1.592386e+02 -3.014000e+01
     vertex  4.363386e+02  1.575205e+02 -3.014000e+01
   endloop
 endfacet
 facet normal  0.000000e+00  0.000000e+00  1.000000e+00
   outer loop
     vertex  4.350285e+02  1.589660e+02 -3.014000e+01
     vertex  4.348279e+02  1.591073e+02 -3.014000e+01
     vertex  4.346205e+02  1.592386e+02 -3.014000e+01
   endloop
 endfacet
 facet normal  0.000000e+00  0.000000e+00  1.000000e+00
   outer loop
     vertex  4.352220e+02  1.588151e+02 -3.014000e+01
     vertex  4.346205e+02  1.592386e+02 -3.014000e+01
     vertex  4.362073e+02  1.577279e+02 -3.014000e+01
   endloop
 endfacet
 facet normal  0.000000e+00  0.000000e+00  1.000000e+00
   outer loop
     vertex  4.352220e+02  1.588151e+02 -3.014000e+01
     vertex  4.350285e+02  1.589660e+02 -3.014000e+01
     vertex  4.346205e+02  1.592386e+02 -3.014000e+01
   endloop
 endfacet
 facet normal  0.000000e+00  0.000000e+00  1.000000e+00
   outer loop
     vertex  4.352220e+02  1.588151e+02 -3.014000e+01
     vertex  4.362073e+02  1.577279e+02 -3.014000e+01
     vertex  4.360660e+02  1.579285e+02 -3.014000e+01
   endloop
 endfacet
 facet normal  0.000000e+00  0.000000e+00  1.000000e+00
   outer loop
     vertex  4.352220e+02  1.588151e+02 -3.014000e+01
     vertex  4.360660e+02  1.579285e+02 -3.014000e+01
     vertex  4.359151e+02  1.581220e+02 -3.014000e+01
   endloop
 endfacet
 facet normal  0.000000e+00  0.000000e+00  1.000000e+00
   outer loop
     vertex  4.355855e+02  1.584855e+02 -3.014000e+01
     vertex  4.352220e+02  1.588151e+02 -3.014000e+01
     vertex  4.359151e+02  1.581220e+02 -3.014000e+01
   endloop
 endfacet
 facet normal  0.000000e+00  0.000000e+00  1.000000e+00
   outer loop
     vertex  4.355855e+02  1.584855e+02 -3.014000e+01
     vertex  4.359151e+02  1.581220e+02 -3.014000e+01
     vertex  4.357548e+02  1.583078e+02 -3.014000e+01
   endloop
 endfacet
 facet normal  0.000000e+00  0.000000e+00  1.000000e+00
   outer loop
     vertex  4.355855e+02  1.584855e+02 -3.014000e+01
     vertex  4.354078e+02  1.586548e+02 -3.014000e+01
     vertex  4.352220e+02  1.588151e+02 -3.014000e+01
   endloop
 endfacet
 facet normal -9.997172e-01 -2.378273e-02  0.000000e+00
   outer loop
     vertex  3.767557e+02  1.044122e+02 -3.014000e+01
     vertex  3.767500e+02  1.046500e+02 -3.014000e+01
     vertex  3.767500e+02  1.046500e+02 -4.014000e+01
   endloop
 endfacet
 facet normal -9.996988e-01 -2.454123e-02 -1.804452e-05
   outer loop
     vertex  3.767557e+02  1.044122e+02 -3.014000e+01
     vertex  3.767500e+02  1.046500e+02 -4.014000e+01
     vertex  3.767560e+02  1.044047e+02 -4.014000e+01
   endloop
 endfacet
 facet normal -9.972905e-01 -7.356456e-02 -3.493803e-05
   outer loop
     vertex  3.767726e+02  1.041750e+02 -3.014000e+01
     vertex  3.767560e+02  1.044047e+02 -4.014000e+01
     vertex  3.767741e+02  1.041599e+02 -4.014000e+01
   endloop
 endfacet
 facet normal -9.974553e-01 -7.129437e-02  1.746902e-05
   outer loop
     vertex  3.767726e+02  1.041750e+02 -3.014000e+01
     vertex  3.767557e+02  1.044122e+02 -3.014000e+01
     vertex  3.767560e+02  1.044047e+02 -4.014000e+01
   endloop
 endfacet
 facet normal -9.924795e-01 -1.224107e-01 -5.068048e-05
   outer loop
     vertex  3.768008e+02  1.039389e+02 -3.014000e+01
     vertex  3.767741e+02  1.041599e+02 -4.014000e+01
     vertex  3.768041e+02  1.039163e+02 -4.014000e+01
   endloop
 endfacet
 facet normal -9.929368e-01 -1.186447e-01  3.378700e-05
   outer loop
     vertex  3.768008e+02  1.039389e+02 -3.014000e+01
     vertex  3.767726e+02  1.041750e+02 -3.014000e+01
     vertex  3.767741e+02  1.041599e+02 -4.014000e+01
   endloop
 endfacet
 facet normal -9.852776e-01 -1.709619e-01 -6.527183e-05
   outer loop
     vertex  3.768402e+02  1.037043e+02 -3.014000e+01
     vertex  3.768041e+02  1.039163e+02 -4.014000e+01
     vertex  3.768461e+02  1.036745e+02 -4.014000e+01
   endloop
 endfacet
 facet normal -9.861717e-01 -1.657266e-01  4.895391e-05
   outer loop
     vertex  3.768402e+02  1.037043e+02 -3.014000e+01
     vertex  3.768008e+02  1.039389e+02 -3.014000e+01
     vertex  3.768041e+02  1.039163e+02 -4.014000e+01
   endloop
 endfacet
 facet normal -9.757021e-01 -2.191012e-01 -7.871206e-05
   outer loop
     vertex  3.768908e+02  1.034719e+02 -3.014000e+01
     vertex  3.768461e+02  1.036745e+02 -4.014000e+01
     vertex  3.768998e+02  1.034351e+02 -4.014000e+01
   endloop
 endfacet
 facet normal -9.771755e-01 -2.124336e-01  6.296970e-05
   outer loop
     vertex  3.768908e+02  1.034719e+02 -3.014000e+01
     vertex  3.768402e+02  1.037043e+02 -3.014000e+01
     vertex  3.768461e+02  1.036745e+02 -4.014000e+01
   endloop
 endfacet
 facet normal -9.637761e-01 -2.667128e-01 -9.100113e-05
   outer loop
     vertex  3.769523e+02  1.032422e+02 -3.014000e+01
     vertex  3.768998e+02  1.034351e+02 -4.014000e+01
     vertex  3.769653e+02  1.031986e+02 -4.014000e+01
   endloop
 endfacet
 facet normal -9.659684e-01 -2.586599e-01  7.583435e-05
   outer loop
     vertex  3.769523e+02  1.032422e+02 -3.014000e+01
     vertex  3.768908e+02  1.034719e+02 -3.014000e+01
     vertex  3.768998e+02  1.034351e+02 -4.014000e+01
   endloop
 endfacet
 facet normal -9.495282e-01 -3.136817e-01 -1.021390e-04
   outer loop
     vertex  3.770247e+02  1.030157e+02 -3.014000e+01
     vertex  3.769653e+02  1.031986e+02 -4.014000e+01
     vertex  3.770423e+02  1.029656e+02 -4.014000e+01
   endloop
 endfacet
 facet normal -9.525759e-01 -3.043010e-01  8.754783e-05
   outer loop
     vertex  3.770247e+02  1.030157e+02 -3.014000e+01
     vertex  3.769523e+02  1.032422e+02 -3.014000e+01
     vertex  3.769653e+02  1.031986e+02 -4.014000e+01
   endloop
 endfacet
 facet normal -9.367262e-01 -3.500628e-01  1.026960e-04
   outer loop
     vertex  3.771077e+02  1.027928e+02 -3.214000e+01
     vertex  3.770247e+02  1.030157e+02 -3.014000e+01
     vertex  3.770423e+02  1.029656e+02 -4.014000e+01
   endloop
 endfacet
 facet normal -9.329928e-01 -3.598950e-01 -1.401571e-04
   outer loop
     vertex  3.771077e+02  1.027928e+02 -3.214000e+01
     vertex  3.770423e+02  1.029656e+02 -4.014000e+01
     vertex  3.771306e+02  1.027366e+02 -4.014000e+01
   endloop
 endfacet
 facet normal -9.370282e-01 -3.492537e-01  4.854377e-13
   outer loop
     vertex  3.771077e+02  1.027928e+02 -3.014000e+01
     vertex  3.770247e+02  1.030157e+02 -3.014000e+01
     vertex  3.771077e+02  1.027928e+02 -3.214000e+01
   endloop
 endfacet
 facet normal -9.142097e-01 -4.052413e-01 -1.508047e-04
   outer loop
     vertex  3.772014e+02  1.025739e+02 -3.214000e+01
     vertex  3.771306e+02  1.027366e+02 -4.014000e+01
     vertex  3.772301e+02  1.025122e+02 -4.014000e+01
   endloop
 endfacet
 facet normal -9.193490e-01 -3.934429e-01  1.346220e-04
   outer loop
     vertex  3.772014e+02  1.025739e+02 -3.214000e+01
     vertex  3.771077e+02  1.027928e+02 -3.214000e+01
     vertex  3.771306e+02  1.027366e+02 -4.014000e+01
   endloop
 endfacet
 facet normal -8.995747e-01 -4.367670e-01  1.446042e-04
   outer loop
     vertex  3.773054e+02  1.023597e+02 -3.214000e+01
     vertex  3.772014e+02  1.025739e+02 -3.214000e+01
     vertex  3.772301e+02  1.025122e+02 -4.014000e+01
   endloop
 endfacet
 facet normal -8.932243e-01 -4.496113e-01 -1.601215e-04
   outer loop
     vertex  3.773054e+02  1.023597e+02 -3.214000e+01
     vertex  3.772301e+02  1.025122e+02 -4.014000e+01
     vertex  3.773404e+02  1.022930e+02 -4.014000e+01
   endloop
 endfacet
 facet normal -8.700870e-01 -4.928982e-01 -1.681073e-04
   outer loop
     vertex  3.774195e+02  1.021507e+02 -3.214000e+01
     vertex  3.773404e+02  1.022930e+02 -4.014000e+01
     vertex  3.774614e+02  1.020795e+02 -4.014000e+01
   endloop
 endfacet
 facet normal -8.777600e-01 -4.791005e-01  1.532554e-04
   outer loop
     vertex  3.774195e+02  1.021507e+02 -3.214000e+01
     vertex  3.773054e+02  1.023597e+02 -3.214000e+01
     vertex  3.773404e+02  1.022930e+02 -4.014000e+01
   endloop
 endfacet
 facet normal -8.448536e-01 -5.349976e-01 -1.747621e-04
   outer loop
     vertex  3.775434e+02  1.019473e+02 -3.214000e+01
     vertex  3.774614e+02  1.020795e+02 -4.014000e+01
     vertex  3.775927e+02  1.018721e+02 -4.014000e+01
   endloop
 endfacet
 facet normal -8.539546e-01 -5.203474e-01  1.605758e-04
   outer loop
     vertex  3.775434e+02  1.019473e+02 -3.214000e+01
     vertex  3.774195e+02  1.021507e+02 -3.214000e+01
     vertex  3.774614e+02  1.020795e+02 -4.014000e+01
   endloop
 endfacet
 facet normal -8.175848e-01 -5.758082e-01 -1.800860e-04
   outer loop
     vertex  3.776768e+02  1.017501e+02 -3.214000e+01
     vertex  3.775927e+02  1.018721e+02 -4.014000e+01
     vertex  3.777340e+02  1.016715e+02 -4.014000e+01
   endloop
 endfacet
 facet normal -8.282125e-01 -5.604142e-01  1.665652e-04
   outer loop
     vertex  3.776768e+02  1.017501e+02 -3.214000e+01
     vertex  3.775434e+02  1.019473e+02 -3.214000e+01
     vertex  3.775927e+02  1.018721e+02 -4.014000e+01
   endloop
 endfacet
 facet normal -7.883464e-01 -6.152316e-01 -1.840790e-04
   outer loop
     vertex  3.778195e+02  1.015595e+02 -3.214000e+01
     vertex  3.777340e+02  1.016715e+02 -4.014000e+01
     vertex  3.778849e+02  1.014780e+02 -4.014000e+01
   endloop
 endfacet
 facet normal -8.005919e-01 -5.992100e-01  1.712236e-04
   outer loop
     vertex  3.778195e+02  1.015595e+02 -3.214000e+01
     vertex  3.776768e+02  1.017501e+02 -3.214000e+01
     vertex  3.777340e+02  1.016715e+02 -4.014000e+01
   endloop
 endfacet
 facet normal -7.572088e-01 -6.531728e-01 -1.867410e-04
   outer loop
     vertex  3.779711e+02  1.013759e+02 -3.214000e+01
     vertex  3.778849e+02  1.014780e+02 -4.014000e+01
     vertex  3.780452e+02  1.012922e+02 -4.014000e+01
   endloop
 endfacet
 facet normal -7.711556e-01 -6.366467e-01  1.745510e-04
   outer loop
     vertex  3.779711e+02  1.013759e+02 -3.214000e+01
     vertex  3.778195e+02  1.015595e+02 -3.214000e+01
     vertex  3.778849e+02  1.014780e+02 -4.014000e+01
   endloop
 endfacet
 facet normal -7.242471e-01 -6.895405e-01 -1.880719e-04
   outer loop
     vertex  3.781313e+02  1.011997e+02 -3.214000e+01
     vertex  3.780452e+02  1.012922e+02 -4.014000e+01
     vertex  3.782145e+02  1.011145e+02 -4.014000e+01
   endloop
 endfacet
 facet normal -7.399703e-01 -6.726395e-01  1.765475e-04
   outer loop
     vertex  3.781313e+02  1.011997e+02 -3.214000e+01
     vertex  3.779711e+02  1.013759e+02 -3.214000e+01
     vertex  3.780452e+02  1.012922e+02 -4.014000e+01
   endloop
 endfacet
 facet normal -6.895405e-01 -7.242471e-01 -1.880719e-04
   outer loop
     vertex  3.782997e+02  1.010313e+02 -3.214000e+01
     vertex  3.782145e+02  1.011145e+02 -4.014000e+01
     vertex  3.783922e+02  1.009452e+02 -4.014000e+01
   endloop
 endfacet
 facet normal -7.071068e-01 -7.071068e-01  1.772130e-04
   outer loop
     vertex  3.782997e+02  1.010313e+02 -3.214000e+01
     vertex  3.781313e+02  1.011997e+02 -3.214000e+01
     vertex  3.782145e+02  1.011145e+02 -4.014000e+01
   endloop
 endfacet
 facet normal -6.531728e-01 -7.572088e-01 -1.867410e-04
   outer loop
     vertex  3.784759e+02  1.008711e+02 -3.214000e+01
     vertex  3.783922e+02  1.009452e+02 -4.014000e+01
     vertex  3.785780e+02  1.007849e+02 -4.014000e+01
   endloop
 endfacet
 facet normal -6.726395e-01 -7.399703e-01  1.765475e-04
   outer loop
     vertex  3.784759e+02  1.008711e+02 -3.214000e+01
     vertex  3.782997e+02  1.010313e+02 -3.214000e+01
     vertex  3.783922e+02  1.009452e+02 -4.014000e+01
   endloop
 endfacet
 facet normal -6.152316e-01 -7.883464e-01 -1.840790e-04
   outer loop
     vertex  3.786595e+02  1.007195e+02 -3.214000e+01
     vertex  3.785780e+02  1.007849e+02 -4.014000e+01
     vertex  3.787715e+02  1.006340e+02 -4.014000e+01
   endloop
 endfacet
 facet normal -6.366467e-01 -7.711556e-01  1.745510e-04
   outer loop
     vertex  3.786595e+02  1.007195e+02 -3.214000e+01
     vertex  3.784759e+02  1.008711e+02 -3.214000e+01
     vertex  3.785780e+02  1.007849e+02 -4.014000e+01
   endloop
 endfacet
 facet normal -5.758082e-01 -8.175848e-01 -1.800860e-04
   outer loop
     vertex  3.788501e+02  1.005768e+02 -3.214000e+01
     vertex  3.787715e+02  1.006340e+02 -4.014000e+01
     vertex  3.789721e+02  1.004927e+02 -4.014000e+01
   endloop
 endfacet
 facet normal -5.992100e-01 -8.005919e-01  1.712236e-04
   outer loop
     vertex  3.788501e+02  1.005768e+02 -3.214000e+01
     vertex  3.786595e+02  1.007195e+02 -3.214000e+01
     vertex  3.787715e+02  1.006340e+02 -4.014000e+01
   endloop
 endfacet
 facet normal -5.349976e-01 -8.448536e-01 -1.747621e-04
   outer loop
     vertex  3.790473e+02  1.004434e+02 -3.214000e+01
     vertex  3.789721e+02  1.004927e+02 -4.014000e+01
     vertex  3.791795e+02  1.003614e+02 -4.014000e+01
   endloop
 endfacet
 facet normal -5.604142e-01 -8.282125e-01  1.665652e-04
   outer loop
     vertex  3.790473e+02  1.004434e+02 -3.214000e+01
     vertex  3.788501e+02  1.005768e+02 -3.214000e+01
     vertex  3.789721e+02  1.004927e+02 -4.014000e+01
   endloop
 endfacet
 facet normal -4.928982e-01 -8.700870e-01 -1.681073e-04
   outer loop
     vertex  3.792507e+02  1.003195e+02 -3.214000e+01
     vertex  3.791795e+02  1.003614e+02 -4.014000e+01
     vertex  3.793930e+02  1.002404e+02 -4.014000e+01
   endloop
 endfacet
 facet normal -5.203474e-01 -8.539546e-01  1.605758e-04
   outer loop
     vertex  3.792507e+02  1.003195e+02 -3.214000e+01
     vertex  3.790473e+02  1.004434e+02 -3.214000e+01
     vertex  3.791795e+02  1.003614e+02 -4.014000e+01
   endloop
 endfacet
 facet normal -4.496113e-01 -8.932243e-01 -1.601215e-04
   outer loop
     vertex  3.794597e+02  1.002054e+02 -3.214000e+01
     vertex  3.793930e+02  1.002404e+02 -4.014000e+01
     vertex  3.796122e+02  1.001301e+02 -4.014000e+01
   endloop
 endfacet
 facet normal -4.791005e-01 -8.777600e-01  1.532554e-04
   outer loop
     vertex  3.794597e+02  1.002054e+02 -3.214000e+01
     vertex  3.792507e+02  1.003195e+02 -3.214000e+01
     vertex  3.793930e+02  1.002404e+02 -4.014000e+01
   endloop
 endfacet
 facet normal -4.052413e-01 -9.142097e-01 -1.508047e-04
   outer loop
     vertex  3.796739e+02  1.001014e+02 -3.214000e+01
     vertex  3.796122e+02  1.001301e+02 -4.014000e+01
     vertex  3.798366e+02  1.000306e+02 -4.014000e+01
   endloop
 endfacet
 facet normal -4.367670e-01 -8.995747e-01  1.446042e-04
   outer loop
     vertex  3.796739e+02  1.001014e+02 -3.214000e+01
     vertex  3.794597e+02  1.002054e+02 -3.214000e+01
     vertex  3.796122e+02  1.001301e+02 -4.014000e+01
   endloop
 endfacet
 facet normal -3.598950e-01 -9.329928e-01 -1.401571e-04
   outer loop
     vertex  3.798928e+02  1.000077e+02 -3.214000e+01
     vertex  3.798366e+02  1.000306e+02 -4.014000e+01
     vertex  3.800656e+02  9.994228e+01 -4.014000e+01
   endloop
 endfacet
 facet normal -3.934429e-01 -9.193490e-01  1.346220e-04
   outer loop
     vertex  3.798928e+02  1.000077e+02 -3.214000e+01
     vertex  3.796739e+02  1.001014e+02 -3.214000e+01
     vertex  3.798366e+02  1.000306e+02 -4.014000e+01
   endloop
 endfacet
 facet normal -3.136817e-01 -9.495282e-01 -1.021390e-04
   outer loop
     vertex  3.801157e+02  9.992465e+01 -3.014000e+01
     vertex  3.800656e+02  9.994228e+01 -4.014000e+01
     vertex  3.802986e+02  9.986530e+01 -4.014000e+01
   endloop
 endfacet
 facet normal -3.492537e-01 -9.370282e-01  4.787813e-13
   outer loop
     vertex  3.801157e+02  9.992465e+01 -3.014000e+01
     vertex  3.798928e+02  1.000077e+02 -3.014000e+01
     vertex  3.798928e+02  1.000077e+02 -3.214000e+01
   endloop
 endfacet
 facet normal -3.500628e-01 -9.367262e-01  1.026960e-04
   outer loop
     vertex  3.801157e+02  9.992465e+01 -3.014000e+01
     vertex  3.798928e+02  1.000077e+02 -3.214000e+01
     vertex  3.800656e+02  9.994228e+01 -4.014000e+01
   endloop
 endfacet
 facet normal -2.667128e-01 -9.637761e-01 -9.100113e-05
   outer loop
     vertex  3.803422e+02  9.985228e+01 -3.014000e+01
     vertex  3.802986e+02  9.986530e+01 -4.014000e+01
     vertex  3.805351e+02  9.979984e+01 -4.014000e+01
   endloop
 endfacet
 facet normal -3.043010e-01 -9.525759e-01  8.754783e-05
   outer loop
     vertex  3.803422e+02  9.985228e+01 -3.014000e+01
     vertex  3.801157e+02  9.992465e+01 -3.014000e+01
     vertex  3.802986e+02  9.986530e+01 -4.014000e+01
   endloop
 endfacet
 facet normal -2.191012e-01 -9.757021e-01 -7.871206e-05
   outer loop
     vertex  3.805719e+02  9.979077e+01 -3.014000e+01
     vertex  3.805351e+02  9.979984e+01 -4.014000e+01
     vertex  3.807745e+02  9.974607e+01 -4.014000e+01
   endloop
 endfacet
 facet normal -2.586599e-01 -9.659684e-01  7.583435e-05
   outer loop
     vertex  3.805719e+02  9.979077e+01 -3.014000e+01
     vertex  3.803422e+02  9.985228e+01 -3.014000e+01
     vertex  3.805351e+02  9.979984e+01 -4.014000e+01
   endloop
 endfacet
 facet normal -1.709619e-01 -9.852776e-01 -6.527183e-05
   outer loop
     vertex  3.808043e+02  9.974024e+01 -3.014000e+01
     vertex  3.807745e+02  9.974607e+01 -4.014000e+01
     vertex  3.810163e+02  9.970412e+01 -4.014000e+01
   endloop
 endfacet
 facet normal -2.124336e-01 -9.771755e-01  6.296970e-05
   outer loop
     vertex  3.808043e+02  9.974024e+01 -3.014000e+01
     vertex  3.805719e+02  9.979077e+01 -3.014000e+01
     vertex  3.807745e+02  9.974607e+01 -4.014000e+01
   endloop
 endfacet
 facet normal -1.224107e-01 -9.924795e-01 -5.068048e-05
   outer loop
     vertex  3.810389e+02  9.970083e+01 -3.014000e+01
     vertex  3.810163e+02  9.970412e+01 -4.014000e+01
     vertex  3.812599e+02  9.967408e+01 -4.014000e+01
   endloop
 endfacet
 facet normal -1.657266e-01 -9.861717e-01  4.895391e-05
   outer loop
     vertex  3.810389e+02  9.970083e+01 -3.014000e+01
     vertex  3.808043e+02  9.974024e+01 -3.014000e+01
     vertex  3.810163e+02  9.970412e+01 -4.014000e+01
   endloop
 endfacet
 facet normal -7.356456e-02 -9.972905e-01 -3.493803e-05
   outer loop
     vertex  3.812750e+02  9.967261e+01 -3.014000e+01
     vertex  3.812599e+02  9.967408e+01 -4.014000e+01
     vertex  3.815047e+02  9.965602e+01 -4.014000e+01
   endloop
 endfacet
 facet normal -1.186447e-01 -9.929368e-01  3.378700e-05
   outer loop
     vertex  3.812750e+02  9.967261e+01 -3.014000e+01
     vertex  3.810389e+02  9.970083e+01 -3.014000e+01
     vertex  3.812599e+02  9.967408e+01 -4.014000e+01
   endloop
 endfacet
 facet normal -7.129437e-02 -9.974553e-01  1.746902e-05
   outer loop
     vertex  3.815122e+02  9.965566e+01 -3.014000e+01
     vertex  3.812750e+02  9.967261e+01 -3.014000e+01
     vertex  3.815047e+02  9.965602e+01 -4.014000e+01
   endloop
 endfacet
 facet normal -2.454123e-02 -9.996988e-01 -1.804452e-05
   outer loop
     vertex  3.815122e+02  9.965566e+01 -3.014000e+01
     vertex  3.815047e+02  9.965602e+01 -4.014000e+01
     vertex  3.817500e+02  9.965000e+01 -4.014000e+01
   endloop
 endfacet
 facet normal -2.378273e-02 -9.997172e-01 -0.000000e+00
   outer loop
     vertex  3.817500e+02  9.965000e+01 -3.014000e+01
     vertex  3.815122e+02  9.965566e+01 -3.014000e+01
     vertex  3.817500e+02  9.965000e+01 -4.014000e+01
   endloop
 endfacet
 facet normal -9.996988e-01  2.454123e-02  0.000000e+00
   outer loop
     vertex  3.767560e+02  1.551953e+02 -3.014000e+01
     vertex  3.767560e+02  1.551953e+02 -4.014000e+01
     vertex  3.767500e+02  1.549500e+02 -4.014000e+01
   endloop
 endfacet
 facet normal -9.996988e-01  2.454123e-02  0.000000e+00
   outer loop
     vertex  3.767560e+02  1.551953e+02 -3.014000e+01
     vertex  3.767500e+02  1.549500e+02 -4.014000e+01
     vertex  3.767500e+02  1.549500e+02 -3.014000e+01
   endloop
 endfacet
 facet normal -9.972905e-01  7.356456e-02  0.000000e+00
   outer loop
     vertex  3.767741e+02  1.554401e+02 -3.014000e+01
     vertex  3.767741e+02  1.554401e+02 -4.014000e+01
     vertex  3.767560e+02  1.551953e+02 -4.014000e+01
   endloop
 endfacet
 facet normal -9.924795e-01  1.224107e-01  0.000000e+00
   outer loop
     vertex  3.767741e+02  1.554401e+02 -3.014000e+01
     vertex  3.768041e+02  1.556837e+02 -4.014000e+01
     vertex  3.767741e+02  1.554401e+02 -4.014000e+01
   endloop
 endfacet
 facet normal -9.972905e-01  7.356456e-02  0.000000e+00
   outer loop
     vertex  3.767741e+02  1.554401e+02 -3.014000e+01
     vertex  3.767560e+02  1.551953e+02 -4.014000e+01
     vertex  3.767560e+02  1.551953e+02 -3.014000e+01
   endloop
 endfacet
 facet normal -9.924795e-01  1.224107e-01  0.000000e+00
   outer loop
     vertex  3.768041e+02  1.556837e+02 -3.014000e+01
     vertex  3.768041e+02  1.556837e+02 -4.014000e+01
     vertex  3.767741e+02  1.554401e+02 -3.014000e+01
   endloop
 endfacet
 facet normal -9.852776e-01  1.709619e-01  0.000000e+00
   outer loop
     vertex  3.768461e+02  1.559255e+02 -3.014000e+01
     vertex  3.768461e+02  1.559255e+02 -4.014000e+01
     vertex  3.768041e+02  1.556837e+02 -4.014000e+01
   endloop
 endfacet
 facet normal -9.852776e-01  1.709619e-01  0.000000e+00
   outer loop
     vertex  3.768461e+02  1.559255e+02 -3.014000e+01
     vertex  3.768041e+02  1.556837e+02 -4.014000e+01
     vertex  3.768041e+02  1.556837e+02 -3.014000e+01
   endloop
 endfacet
 facet normal -9.757021e-01  2.191012e-01  0.000000e+00
   outer loop
     vertex  3.768998e+02  1.561649e+02 -3.014000e+01
     vertex  3.768998e+02  1.561649e+02 -4.014000e+01
     vertex  3.768461e+02  1.559255e+02 -4.014000e+01
   endloop
 endfacet
 facet normal -9.637761e-01  2.667128e-01  0.000000e+00
   outer loop
     vertex  3.768998e+02  1.561649e+02 -3.014000e+01
     vertex  3.769653e+02  1.564014e+02 -4.014000e+01
     vertex  3.768998e+02  1.561649e+02 -4.014000e+01
   endloop
 endfacet
 facet normal -9.757021e-01  2.191012e-01  0.000000e+00
   outer loop
     vertex  3.768998e+02  1.561649e+02 -3.014000e+01
     vertex  3.768461e+02  1.559255e+02 -4.014000e+01
     vertex  3.768461e+02  1.559255e+02 -3.014000e+01
   endloop
 endfacet
 facet normal -9.637761e-01  2.667128e-01  0.000000e+00
   outer loop
     vertex  3.769653e+02  1.564014e+02 -3.014000e+01
     vertex  3.769653e+02  1.564014e+02 -4.014000e+01
     vertex  3.768998e+02  1.561649e+02 -3.014000e+01
   endloop
 endfacet
 facet normal -9.495282e-01  3.136817e-01  0.000000e+00
   outer loop
     vertex  3.770423e+02  1.566344e+02 -3.014000e+01
     vertex  3.770423e+02  1.566344e+02 -4.014000e+01
     vertex  3.769653e+02  1.564014e+02 -4.014000e+01
   endloop
 endfacet
 facet normal -9.495282e-01  3.136817e-01  0.000000e+00
   outer loop
     vertex  3.770423e+02  1.566344e+02 -3.014000e+01
     vertex  3.769653e+02  1.564014e+02 -4.014000e+01
     vertex  3.769653e+02  1.564014e+02 -3.014000e+01
   endloop
 endfacet
 facet normal -9.329928e-01  3.598950e-01  0.000000e+00
   outer loop
     vertex  3.771306e+02  1.568634e+02 -3.014000e+01
     vertex  3.771306e+02  1.568634e+02 -4.014000e+01
     vertex  3.770423e+02  1.566344e+02 -4.014000e+01
   endloop
 endfacet
 facet normal -9.142098e-01  4.052413e-01  0.000000e+00
   outer loop
     vertex  3.771306e+02  1.568634e+02 -3.014000e+01
     vertex  3.772301e+02  1.570878e+02 -4.014000e+01
     vertex  3.771306e+02  1.568634e+02 -4.014000e+01
   endloop
 endfacet
 facet normal -9.329928e-01  3.598950e-01  0.000000e+00
   outer loop
     vertex  3.771306e+02  1.568634e+02 -3.014000e+01
     vertex  3.770423e+02  1.566344e+02 -4.014000e+01
     vertex  3.770423e+02  1.566344e+02 -3.014000e+01
   endloop
 endfacet
 facet normal -9.142098e-01  4.052413e-01  0.000000e+00
   outer loop
     vertex  3.772301e+02  1.570878e+02 -3.014000e+01
     vertex  3.772301e+02  1.570878e+02 -4.014000e+01
     vertex  3.771306e+02  1.568634e+02 -3.014000e+01
   endloop
 endfacet
 facet normal -8.932243e-01  4.496113e-01  0.000000e+00
   outer loop
     vertex  3.773404e+02  1.573070e+02 -3.014000e+01
     vertex  3.773404e+02  1.573070e+02 -4.014000e+01
     vertex  3.772301e+02  1.570878e+02 -4.014000e+01
   endloop
 endfacet
 facet normal -8.932243e-01  4.496113e-01  0.000000e+00
   outer loop
     vertex  3.773404e+02  1.573070e+02 -3.014000e+01
     vertex  3.772301e+02  1.570878e+02 -4.014000e+01
     vertex  3.772301e+02  1.570878e+02 -3.014000e+01
   endloop
 endfacet
 facet normal -8.700870e-01  4.928982e-01  0.000000e+00
   outer loop
     vertex  3.774614e+02  1.575205e+02 -3.014000e+01
     vertex  3.774614e+02  1.575205e+02 -4.014000e+01
     vertex  3.773404e+02  1.573070e+02 -4.014000e+01
   endloop
 endfacet
 facet normal -8.700870e-01  4.928982e-01  0.000000e+00
   outer loop
     vertex  3.774614e+02  1.575205e+02 -3.014000e+01
     vertex  3.773404e+02  1.573070e+02 -4.014000e+01
     vertex  3.773404e+02  1.573070e+02 -3.014000e+01
   endloop
 endfacet
 facet normal -8.448536e-01  5.349976e-01  0.000000e+00
   outer loop
     vertex  3.775927e+02  1.577279e+02 -3.014000e+01
     vertex  3.775927e+02  1.577279e+02 -4.014000e+01
     vertex  3.774614e+02  1.575205e+02 -4.014000e+01
   endloop
 endfacet
 facet normal -8.448536e-01  5.349976e-01  0.000000e+00
   outer loop
     vertex  3.775927e+02  1.577279e+02 -3.014000e+01
     vertex  3.774614e+02  1.575205e+02 -4.014000e+01
     vertex  3.774614e+02  1.575205e+02 -3.014000e+01
   endloop
 endfacet
 facet normal -8.175848e-01  5.758082e-01  0.000000e+00
   outer loop
     vertex  3.777340e+02  1.579285e+02 -3.014000e+01
     vertex  3.777340e+02  1.579285e+02 -4.014000e+01
     vertex  3.775927e+02  1.577279e+02 -4.014000e+01
   endloop
 endfacet
 facet normal -7.883464e-01  6.152316e-01  0.000000e+00
   outer loop
     vertex  3.777340e+02  1.579285e+02 -3.014000e+01
     vertex  3.778849e+02  1.581220e+02 -4.014000e+01
     vertex  3.777340e+02  1.579285e+02 -4.014000e+01
   endloop
 endfacet
 facet normal -8.175848e-01  5.758082e-01  0.000000e+00
   outer loop
     vertex  3.777340e+02  1.579285e+02 -3.014000e+01
     vertex  3.775927e+02  1.577279e+02 -4.014000e+01
     vertex  3.775927e+02  1.577279e+02 -3.014000e+01
   endloop
 endfacet
 facet normal -7.883464e-01  6.152316e-01  0.000000e+00
   outer loop
     vertex  3.778849e+02  1.581220e+02 -3.014000e+01
     vertex  3.778849e+02  1.581220e+02 -4.014000e+01
     vertex  3.777340e+02  1.579285e+02 -3.014000e+01
   endloop
 endfacet
 facet normal -7.572088e-01  6.531728e-01  0.000000e+00
   outer loop
     vertex  3.780452e+02  1.583078e+02 -3.014000e+01
     vertex  3.780452e+02  1.583078e+02 -4.014000e+01
     vertex  3.778849e+02  1.581220e+02 -4.014000e+01
   endloop
 endfacet
 facet normal -7.572088e-01  6.531728e-01  0.000000e+00
   outer loop
     vertex  3.780452e+02  1.583078e+02 -3.014000e+01
     vertex  3.778849e+02  1.581220e+02 -4.014000e+01
     vertex  3.778849e+02  1.581220e+02 -3.014000e+01
   endloop
 endfacet
 facet normal -7.242471e-01  6.895405e-01  0.000000e+00
   outer loop
     vertex  3.782145e+02  1.584855e+02 -3.014000e+01
     vertex  3.782145e+02  1.584855e+02 -4.014000e+01
     vertex  3.780452e+02  1.583078e+02 -4.014000e+01
   endloop
 endfacet
 facet normal -7.242471e-01  6.895405e-01  0.000000e+00
   outer loop
     vertex  3.782145e+02  1.584855e+02 -3.014000e+01
     vertex  3.780452e+02  1.583078e+02 -4.014000e+01
     vertex  3.780452e+02  1.583078e+02 -3.014000e+01
   endloop
 endfacet
 facet normal -6.895405e-01  7.242471e-01  0.000000e+00
   outer loop
     vertex  3.783922e+02  1.586548e+02 -3.014000e+01
     vertex  3.783922e+02  1.586548e+02 -4.014000e+01
     vertex  3.782145e+02  1.584855e+02 -4.014000e+01
   endloop
 endfacet
 facet normal -6.895405e-01  7.242471e-01  0.000000e+00
   outer loop
     vertex  3.783922e+02  1.586548e+02 -3.014000e+01
     vertex  3.782145e+02  1.584855e+02 -4.014000e+01
     vertex  3.782145e+02  1.584855e+02 -3.014000e+01
   endloop
 endfacet
 facet normal -6.531728e-01  7.572088e-01  0.000000e+00
   outer loop
     vertex  3.785780e+02  1.588151e+02 -3.014000e+01
     vertex  3.785780e+02  1.588151e+02 -4.014000e+01
     vertex  3.783922e+02  1.586548e+02 -4.014000e+01
   endloop
 endfacet
 facet normal -6.531728e-01  7.572088e-01  0.000000e+00
   outer loop
     vertex  3.785780e+02  1.588151e+02 -3.014000e+01
     vertex  3.783922e+02  1.586548e+02 -4.014000e+01
     vertex  3.783922e+02  1.586548e+02 -3.014000e+01
   endloop
 endfacet
 facet normal -6.152316e-01  7.883464e-01  0.000000e+00
   outer loop
     vertex  3.787715e+02  1.589660e+02 -3.014000e+01
     vertex  3.787715e+02  1.589660e+02 -4.014000e+01
     vertex  3.785780e+02  1.588151e+02 -4.014000e+01
   endloop
 endfacet
 facet normal -5.758082e-01  8.175848e-01  0.000000e+00
   outer loop
     vertex  3.787715e+02  1.589660e+02 -3.014000e+01
     vertex  3.789721e+02  1.591073e+02 -4.014000e+01
     vertex  3.787715e+02  1.589660e+02 -4.014000e+01
   endloop
 endfacet
 facet normal -6.152316e-01  7.883464e-01  0.000000e+00
   outer loop
     vertex  3.787715e+02  1.589660e+02 -3.014000e+01
     vertex  3.785780e+02  1.588151e+02 -4.014000e+01
     vertex  3.785780e+02  1.588151e+02 -3.014000e+01
   endloop
 endfacet
 facet normal -5.758082e-01  8.175848e-01  0.000000e+00
   outer loop
     vertex  3.789721e+02  1.591073e+02 -3.014000e+01
     vertex  3.789721e+02  1.591073e+02 -4.014000e+01
     vertex  3.787715e+02  1.589660e+02 -3.014000e+01
   endloop
 endfacet
 facet normal -5.349976e-01  8.448536e-01  0.000000e+00
   outer loop
     vertex  3.791795e+02  1.592386e+02 -3.014000e+01
     vertex  3.791795e+02  1.592386e+02 -4.014000e+01
     vertex  3.789721e+02  1.591073e+02 -4.014000e+01
   endloop
 endfacet
 facet normal -5.349976e-01  8.448536e-01  0.000000e+00
   outer loop
     vertex  3.791795e+02  1.592386e+02 -3.014000e+01
     vertex  3.789721e+02  1.591073e+02 -4.014000e+01
     vertex  3.789721e+02  1.591073e+02 -3.014000e+01
   endloop
 endfacet
 facet normal -4.928982e-01  8.700870e-01  0.000000e+00
   outer loop
     vertex  3.793930e+02  1.593596e+02 -3.014000e+01
     vertex  3.793930e+02  1.593596e+02 -4.014000e+01
     vertex  3.791795e+02  1.592386e+02 -4.014000e+01
   endloop
 endfacet
 facet normal -4.928982e-01  8.700870e-01  0.000000e+00
   outer loop
     vertex  3.793930e+02  1.593596e+02 -3.014000e+01
     vertex  3.791795e+02  1.592386e+02 -4.014000e+01
     vertex  3.791795e+02  1.592386e+02 -3.014000e+01
   endloop
 endfacet
 facet normal -4.496113e-01  8.932243e-01  0.000000e+00
   outer loop
     vertex  3.796122e+02  1.594699e+02 -3.014000e+01
     vertex  3.796122e+02  1.594699e+02 -4.014000e+01
     vertex  3.793930e+02  1.593596e+02 -4.014000e+01
   endloop
 endfacet
 facet normal -4.496113e-01  8.932243e-01  0.000000e+00
   outer loop
     vertex  3.796122e+02  1.594699e+02 -3.014000e+01
     vertex  3.793930e+02  1.593596e+02 -4.014000e+01
     vertex  3.793930e+02  1.593596e+02 -3.014000e+01
   endloop
 endfacet
 facet normal -4.052413e-01  9.142098e-01  0.000000e+00
   outer loop
     vertex  3.798366e+02  1.595694e+02 -3.014000e+01
     vertex  3.798366e+02  1.595694e+02 -4.014000e+01
     vertex  3.796122e+02  1.594699e+02 -4.014000e+01
   endloop
 endfacet
 facet normal -4.052413e-01  9.142098e-01  0.000000e+00
   outer loop
     vertex  3.798366e+02  1.595694e+02 -3.014000e+01
     vertex  3.796122e+02  1.594699e+02 -4.014000e+01
     vertex  3.796122e+02  1.594699e+02 -3.014000e+01
   endloop
 endfacet
 facet normal -3.598950e-01  9.329928e-01  0.000000e+00
   outer loop
     vertex  3.800656e+02  1.596577e+02 -3.014000e+01
     vertex  3.800656e+02  1.596577e+02 -4.014000e+01
     vertex  3.798366e+02  1.595694e+02 -4.014000e+01
   endloop
 endfacet
 facet normal -3.598950e-01  9.329928e-01  0.000000e+00
   outer loop
     vertex  3.800656e+02  1.596577e+02 -3.014000e+01
     vertex  3.798366e+02  1.595694e+02 -4.014000e+01
     vertex  3.798366e+02  1.595694e+02 -3.014000e+01
   endloop
 endfacet
 facet normal -3.136817e-01  9.495282e-01  0.000000e+00
   outer loop
     vertex  3.802986e+02  1.597347e+02 -3.014000e+01
     vertex  3.802986e+02  1.597347e+02 -4.014000e+01
     vertex  3.800656e+02  1.596577e+02 -4.014000e+01
   endloop
 endfacet
 facet normal -3.136817e-01  9.495282e-01  0.000000e+00
   outer loop
     vertex  3.802986e+02  1.597347e+02 -3.014000e+01
     vertex  3.800656e+02  1.596577e+02 -4.014000e+01
     vertex  3.800656e+02  1.596577e+02 -3.014000e+01
   endloop
 endfacet
 facet normal -2.667128e-01  9.637761e-01  0.000000e+00
   outer loop
     vertex  3.805351e+02  1.598002e+02 -3.014000e+01
     vertex  3.805351e+02  1.598002e+02 -4.014000e+01
     vertex  3.802986e+02  1.597347e+02 -4.014000e+01
   endloop
 endfacet
 facet normal -2.667128e-01  9.637761e-01  0.000000e+00
   outer loop
     vertex  3.805351e+02  1.598002e+02 -3.014000e+01
     vertex  3.802986e+02  1.597347e+02 -4.014000e+01
     vertex  3.802986e+02  1.597347e+02 -3.014000e+01
   endloop
 endfacet
 facet normal -2.191012e-01  9.757021e-01  0.000000e+00
   outer loop
     vertex  3.807745e+02  1.598539e+02 -3.014000e+01
     vertex  3.807745e+02  1.598539e+02 -4.014000e+01
     vertex  3.805351e+02  1.598002e+02 -4.014000e+01
   endloop
 endfacet
 facet normal -2.191012e-01  9.757021e-01  0.000000e+00
   outer loop
     vertex  3.807745e+02  1.598539e+02 -3.014000e+01
     vertex  3.805351e+02  1.598002e+02 -4.014000e+01
     vertex  3.805351e+02  1.598002e+02 -3.014000e+01
   endloop
 endfacet
 facet normal -1.709619e-01  9.852776e-01  0.000000e+00
   outer loop
     vertex  3.810163e+02  1.598959e+02 -3.014000e+01
     vertex  3.810163e+02  1.598959e+02 -4.014000e+01
     vertex  3.807745e+02  1.598539e+02 -4.014000e+01
   endloop
 endfacet
 facet normal -1.224107e-01  9.924795e-01  0.000000e+00
   outer loop
     vertex  3.810163e+02  1.598959e+02 -3.014000e+01
     vertex  3.812599e+02  1.599259e+02 -4.014000e+01
     vertex  3.810163e+02  1.598959e+02 -4.014000e+01
   endloop
 endfacet
 facet normal -1.709619e-01  9.852776e-01  0.000000e+00
   outer loop
     vertex  3.810163e+02  1.598959e+02 -3.014000e+01
     vertex  3.807745e+02  1.598539e+02 -4.014000e+01
     vertex  3.807745e+02  1.598539e+02 -3.014000e+01
   endloop
 endfacet
 facet normal -1.224107e-01  9.924795e-01  0.000000e+00
   outer loop
     vertex  3.812599e+02  1.599259e+02 -3.014000e+01
     vertex  3.812599e+02  1.599259e+02 -4.014000e+01
     vertex  3.810163e+02  1.598959e+02 -3.014000e+01
   endloop
 endfacet
 facet normal -7.356456e-02  9.972905e-01  0.000000e+00
   outer loop
     vertex  3.815047e+02  1.599440e+02 -3.014000e+01
     vertex  3.815047e+02  1.599440e+02 -4.014000e+01
     vertex  3.812599e+02  1.599259e+02 -4.014000e+01
   endloop
 endfacet
 facet normal -2.454123e-02  9.996988e-01  0.000000e+00
   outer loop
     vertex  3.815047e+02  1.599440e+02 -3.014000e+01
     vertex  3.817500e+02  1.599500e+02 -4.014000e+01
     vertex  3.815047e+02  1.599440e+02 -4.014000e+01
   endloop
 endfacet
 facet normal -7.356456e-02  9.972905e-01  0.000000e+00
   outer loop
     vertex  3.815047e+02  1.599440e+02 -3.014000e+01
     vertex  3.812599e+02  1.599259e+02 -4.014000e+01
     vertex  3.812599e+02  1.599259e+02 -3.014000e+01
   endloop
 endfacet
 facet normal -2.454123e-02  9.996988e-01  0.000000e+00
   outer loop
     vertex  3.817500e+02  1.599500e+02 -3.014000e+01
     vertex  3.817500e+02  1.599500e+02 -4.014000e+01
     vertex  3.815047e+02  1.599440e+02 -3.014000e+01
   endloop
 endfacet
 facet normal  0.000000e+00  0.000000e+00 -1.000000e+00
   outer loop
     vertex  3.778849e+02  1.014780e+02 -4.014000e+01
     vertex  3.782145e+02  1.011145e+02 -4.014000e+01
     vertex  3.780452e+02  1.012922e+02 -4.014000e+01
   endloop
 endfacet
 facet normal  0.000000e+00  0.000000e+00 -1.000000e+00
   outer loop
     vertex  3.774614e+02  1.020795e+02 -4.014000e+01
     vertex  3.777340e+02  1.016715e+02 -4.014000e+01
     vertex  3.775927e+02  1.018721e+02 -4.014000e+01
   endloop
 endfacet
 facet normal  0.000000e+00  0.000000e+00 -1.000000e+00
   outer loop
     vertex  3.793930e+02  1.002404e+02 -4.014000e+01
     vertex  3.789721e+02  1.004927e+02 -4.014000e+01
     vertex  3.787715e+02  1.006340e+02 -4.014000e+01
   endloop
 endfacet
 facet normal  0.000000e+00  0.000000e+00 -1.000000e+00
   outer loop
     vertex  3.793930e+02  1.002404e+02 -4.014000e+01
     vertex  3.791795e+02  1.003614e+02 -4.014000e+01
     vertex  3.789721e+02  1.004927e+02 -4.014000e+01
   endloop
 endfacet
 facet normal  0.000000e+00  0.000000e+00 -1.000000e+00
   outer loop
     vertex  3.796122e+02  1.001301e+02 -4.014000e+01
     vertex  3.793930e+02  1.002404e+02 -4.014000e+01
     vertex  3.787715e+02  1.006340e+02 -4.014000e+01
   endloop
 endfacet
 facet normal  0.000000e+00  0.000000e+00 -1.000000e+00
   outer loop
     vertex  3.800656e+02  9.994228e+01 -4.014000e+01
     vertex  3.798366e+02  1.000306e+02 -4.014000e+01
     vertex  3.796122e+02  1.001301e+02 -4.014000e+01
   endloop
 endfacet
 facet normal  0.000000e+00  0.000000e+00 -1.000000e+00
   outer loop
     vertex  3.769653e+02  1.031986e+02 -4.014000e+01
     vertex  3.771306e+02  1.027366e+02 -4.014000e+01
     vertex  3.770423e+02  1.029656e+02 -4.014000e+01
   endloop
 endfacet
 facet normal  0.000000e+00  0.000000e+00 -1.000000e+00
   outer loop
     vertex  3.769653e+02  1.031986e+02 -4.014000e+01
     vertex  3.772301e+02  1.025122e+02 -4.014000e+01
     vertex  3.771306e+02  1.027366e+02 -4.014000e+01
   endloop
 endfacet
 facet normal  0.000000e+00  0.000000e+00 -1.000000e+00
   outer loop
     vertex  3.769653e+02  1.031986e+02 -4.014000e+01
     vertex  3.773404e+02  1.022930e+02 -4.014000e+01
     vertex  3.772301e+02  1.025122e+02 -4.014000e+01
   endloop
 endfacet
 facet normal  0.000000e+00  0.000000e+00 -1.000000e+00
   outer loop
     vertex  3.769653e+02  1.031986e+02 -4.014000e+01
     vertex  3.774614e+02  1.020795e+02 -4.014000e+01
     vertex  3.773404e+02  1.022930e+02 -4.014000e+01
   endloop
 endfacet
 facet normal  0.000000e+00  0.000000e+00 -1.000000e+00
   outer loop
     vertex  3.769653e+02  1.031986e+02 -4.014000e+01
     vertex  3.778849e+02  1.014780e+02 -4.014000e+01
     vertex  3.777340e+02  1.016715e+02 -4.014000e+01
   endloop
 endfacet
 facet normal  0.000000e+00  0.000000e+00 -1.000000e+00
   outer loop
     vertex  3.769653e+02  1.031986e+02 -4.014000e+01
     vertex  3.782145e+02  1.011145e+02 -4.014000e+01
     vertex  3.778849e+02  1.014780e+02 -4.014000e+01
   endloop
 endfacet
 facet normal  0.000000e+00  0.000000e+00 -1.000000e+00
   outer loop
     vertex  3.769653e+02  1.031986e+02 -4.014000e+01
     vertex  3.777340e+02  1.016715e+02 -4.014000e+01
     vertex  3.774614e+02  1.020795e+02 -4.014000e+01
   endloop
 endfacet
 facet normal  0.000000e+00  0.000000e+00 -1.000000e+00
   outer loop
     vertex  3.805351e+02  9.979984e+01 -4.014000e+01
     vertex  3.802986e+02  9.986530e+01 -4.014000e+01
     vertex  3.800656e+02  9.994228e+01 -4.014000e+01
   endloop
 endfacet
 facet normal  0.000000e+00  0.000000e+00 -1.000000e+00
   outer loop
     vertex  3.768461e+02  1.036745e+02 -4.014000e+01
     vertex  3.769653e+02  1.031986e+02 -4.014000e+01
     vertex  3.768998e+02  1.034351e+02 -4.014000e+01
   endloop
 endfacet
 facet normal  0.000000e+00  0.000000e+00 -1.000000e+00
   outer loop
     vertex  3.768461e+02  1.036745e+02 -4.014000e+01
     vertex  3.783922e+02  1.009452e+02 -4.014000e+01
     vertex  3.782145e+02  1.011145e+02 -4.014000e+01
   endloop
 endfacet
 facet normal  0.000000e+00  0.000000e+00 -1.000000e+00
   outer loop
     vertex  3.768461e+02  1.036745e+02 -4.014000e+01
     vertex  3.785780e+02  1.007849e+02 -4.014000e+01
     vertex  3.783922e+02  1.009452e+02 -4.014000e+01
   endloop
 endfacet
 facet normal  0.000000e+00  0.000000e+00 -1.000000e+00
   outer loop
     vertex  3.768461e+02  1.036745e+02 -4.014000e+01
     vertex  3.787715e+02  1.006340e+02 -4.014000e+01
     vertex  3.785780e+02  1.007849e+02 -4.014000e+01
   endloop
 endfacet
 facet normal  0.000000e+00  0.000000e+00 -1.000000e+00
   outer loop
     vertex  3.768461e+02  1.036745e+02 -4.014000e+01
     vertex  3.782145e+02  1.011145e+02 -4.014000e+01
     vertex  3.769653e+02  1.031986e+02 -4.014000e+01
   endloop
 endfacet
 facet normal  0.000000e+00  0.000000e+00 -1.000000e+00
   outer loop
     vertex  3.768461e+02  1.036745e+02 -4.014000e+01
     vertex  3.800656e+02  9.994228e+01 -4.014000e+01
     vertex  3.796122e+02  1.001301e+02 -4.014000e+01
   endloop
 endfacet
 facet normal  0.000000e+00  0.000000e+00 -1.000000e+00
   outer loop
     vertex  3.768461e+02  1.036745e+02 -4.014000e+01
     vertex  3.796122e+02  1.001301e+02 -4.014000e+01
     vertex  3.787715e+02  1.006340e+02 -4.014000e+01
   endloop
 endfacet
 facet normal  0.000000e+00  0.000000e+00 -1.000000e+00
   outer loop
     vertex  3.810163e+02  9.970412e+01 -4.014000e+01
     vertex  3.807745e+02  9.974607e+01 -4.014000e+01
     vertex  3.805351e+02  9.979984e+01 -4.014000e+01
   endloop
 endfacet
 facet normal  0.000000e+00  0.000000e+00 -1.000000e+00
   outer loop
     vertex  3.810163e+02  9.970412e+01 -4.014000e+01
     vertex  3.805351e+02  9.979984e+01 -4.014000e+01
     vertex  3.800656e+02  9.994228e+01 -4.014000e+01
   endloop
 endfacet
 facet normal  0.000000e+00  0.000000e+00 -1.000000e+00
   outer loop
     vertex  3.817500e+02  9.965000e+01 -4.014000e+01
     vertex  3.812599e+02  9.967408e+01 -4.014000e+01
     vertex  3.810163e+02  9.970412e+01 -4.014000e+01
   endloop
 endfacet
 facet normal  0.000000e+00  0.000000e+00 -1.000000e+00
   outer loop
     vertex  3.817500e+02  9.965000e+01 -4.014000e+01
     vertex  3.815047e+02  9.965602e+01 -4.014000e+01
     vertex  3.812599e+02  9.967408e+01 -4.014000e+01
   endloop
 endfacet
 facet normal  0.000000e+00  0.000000e+00 -1.000000e+00
   outer loop
     vertex  3.817500e+02  9.965000e+01 -4.014000e+01
     vertex  3.810163e+02  9.970412e+01 -4.014000e+01
     vertex  3.800656e+02  9.994228e+01 -4.014000e+01
   endloop
 endfacet
 facet normal  0.000000e+00  0.000000e+00 -1.000000e+00
   outer loop
     vertex  3.767500e+02  1.046500e+02 -4.014000e+01
     vertex  3.767741e+02  1.041599e+02 -4.014000e+01
     vertex  3.767560e+02  1.044047e+02 -4.014000e+01
   endloop
 endfacet
 facet normal  0.000000e+00  0.000000e+00 -1.000000e+00
   outer loop
     vertex  3.767500e+02  1.046500e+02 -4.014000e+01
     vertex  3.768041e+02  1.039163e+02 -4.014000e+01
     vertex  3.767741e+02  1.041599e+02 -4.014000e+01
   endloop
 endfacet
 facet normal  0.000000e+00  0.000000e+00 -1.000000e+00
   outer loop
     vertex  3.767500e+02  1.046500e+02 -4.014000e+01
     vertex  3.768461e+02  1.036745e+02 -4.014000e+01
     vertex  3.768041e+02  1.039163e+02 -4.014000e+01
   endloop
 endfacet
 facet normal  0.000000e+00  0.000000e+00 -1.000000e+00
   outer loop
     vertex  3.767500e+02  1.046500e+02 -4.014000e+01
     vertex  3.800656e+02  9.994228e+01 -4.014000e+01
     vertex  3.768461e+02  1.036745e+02 -4.014000e+01
   endloop
 endfacet
 facet normal  0.000000e+00  0.000000e+00 -1.000000e+00
   outer loop
     vertex  3.767500e+02  1.046500e+02 -4.014000e+01
     vertex  3.817500e+02  9.965000e+01 -4.014000e+01
     vertex  3.800656e+02  9.994228e+01 -4.014000e+01
   endloop
 endfacet
 facet normal  0.000000e+00  0.000000e+00 -1.000000e+00
   outer loop
     vertex  4.325401e+02  9.967408e+01 -4.014000e+01
     vertex  4.322953e+02  9.965602e+01 -4.014000e+01
     vertex  4.320500e+02  9.965000e+01 -4.014000e+01
   endloop
 endfacet
 facet normal  0.000000e+00  0.000000e+00 -1.000000e+00
   outer loop
     vertex  3.768041e+02  1.556837e+02 -4.014000e+01
     vertex  3.767500e+02  1.549500e+02 -4.014000e+01
     vertex  3.767560e+02  1.551953e+02 -4.014000e+01
   endloop
 endfacet
 facet normal  0.000000e+00  0.000000e+00 -1.000000e+00
   outer loop
     vertex  3.768041e+02  1.556837e+02 -4.014000e+01
     vertex  3.767560e+02  1.551953e+02 -4.014000e+01
     vertex  3.767741e+02  1.554401e+02 -4.014000e+01
   endloop
 endfacet
 facet normal  0.000000e+00  0.000000e+00 -1.000000e+00
   outer loop
     vertex  3.768461e+02  1.559255e+02 -4.014000e+01
     vertex  3.767500e+02  1.549500e+02 -4.014000e+01
     vertex  3.768041e+02  1.556837e+02 -4.014000e+01
   endloop
 endfacet
 facet normal  0.000000e+00  0.000000e+00 -1.000000e+00
   outer loop
     vertex  4.330255e+02  9.974607e+01 -4.014000e+01
     vertex  4.327837e+02  9.970412e+01 -4.014000e+01
     vertex  4.325401e+02  9.967408e+01 -4.014000e+01
   endloop
 endfacet
 facet normal  0.000000e+00  0.000000e+00 -1.000000e+00
   outer loop
     vertex  3.768998e+02  1.561649e+02 -4.014000e+01
     vertex  3.767500e+02  1.549500e+02 -4.014000e+01
     vertex  3.768461e+02  1.559255e+02 -4.014000e+01
   endloop
 endfacet
 facet normal  0.000000e+00  0.000000e+00 -1.000000e+00
   outer loop
     vertex  4.332649e+02  9.979984e+01 -4.014000e+01
     vertex  4.330255e+02  9.974607e+01 -4.014000e+01
     vertex  4.325401e+02  9.967408e+01 -4.014000e+01
   endloop
 endfacet
 facet normal  0.000000e+00  0.000000e+00 -1.000000e+00
   outer loop
     vertex  4.335014e+02  9.986530e+01 -4.014000e+01
     vertex  4.332649e+02  9.979984e+01 -4.014000e+01
     vertex  4.325401e+02  9.967408e+01 -4.014000e+01
   endloop
 endfacet
 facet normal  0.000000e+00  0.000000e+00 -1.000000e+00
   outer loop
     vertex  3.771306e+02  1.568634e+02 -4.014000e+01
     vertex  3.768998e+02  1.561649e+02 -4.014000e+01
     vertex  3.769653e+02  1.564014e+02 -4.014000e+01
   endloop
 endfacet
 facet normal  0.000000e+00  0.000000e+00 -1.000000e+00
   outer loop
     vertex  3.771306e+02  1.568634e+02 -4.014000e+01
     vertex  3.769653e+02  1.564014e+02 -4.014000e+01
     vertex  3.770423e+02  1.566344e+02 -4.014000e+01
   endloop
 endfacet
 facet normal  0.000000e+00  0.000000e+00 -1.000000e+00
   outer loop
     vertex  3.771306e+02  1.568634e+02 -4.014000e+01
     vertex  3.767500e+02  1.549500e+02 -4.014000e+01
     vertex  3.768998e+02  1.561649e+02 -4.014000e+01
   endloop
 endfacet
 facet normal  0.000000e+00  0.000000e+00 -1.000000e+00
   outer loop
     vertex  4.341878e+02  1.001301e+02 -4.014000e+01
     vertex  4.325401e+02  9.967408e+01 -4.014000e+01
     vertex  4.320500e+02  9.965000e+01 -4.014000e+01
   endloop
 endfacet
 facet normal  0.000000e+00  0.000000e+00 -1.000000e+00
   outer loop
     vertex  4.341878e+02  1.001301e+02 -4.014000e+01
     vertex  4.335014e+02  9.986530e+01 -4.014000e+01
     vertex  4.325401e+02  9.967408e+01 -4.014000e+01
   endloop
 endfacet
 facet normal  0.000000e+00  0.000000e+00 -1.000000e+00
   outer loop
     vertex  4.341878e+02  1.001301e+02 -4.014000e+01
     vertex  4.339634e+02  1.000306e+02 -4.014000e+01
     vertex  4.337344e+02  9.994228e+01 -4.014000e+01
   endloop
 endfacet
 facet normal  0.000000e+00  0.000000e+00 -1.000000e+00
   outer loop
     vertex  4.341878e+02  1.001301e+02 -4.014000e+01
     vertex  4.337344e+02  9.994228e+01 -4.014000e+01
     vertex  4.335014e+02  9.986530e+01 -4.014000e+01
   endloop
 endfacet
 facet normal  0.000000e+00  0.000000e+00 -1.000000e+00
   outer loop
     vertex  3.773404e+02  1.573070e+02 -4.014000e+01
     vertex  3.771306e+02  1.568634e+02 -4.014000e+01
     vertex  3.772301e+02  1.570878e+02 -4.014000e+01
   endloop
 endfacet
 facet normal  0.000000e+00  0.000000e+00 -1.000000e+00
   outer loop
     vertex  3.773404e+02  1.573070e+02 -4.014000e+01
     vertex  3.767500e+02  1.549500e+02 -4.014000e+01
     vertex  3.771306e+02  1.568634e+02 -4.014000e+01
   endloop
 endfacet
 facet normal  0.000000e+00  0.000000e+00 -1.000000e+00
   outer loop
     vertex  4.346205e+02  1.003614e+02 -4.014000e+01
     vertex  4.341878e+02  1.001301e+02 -4.014000e+01
     vertex  4.320500e+02  9.965000e+01 -4.014000e+01
   endloop
 endfacet
 facet normal  0.000000e+00  0.000000e+00 -1.000000e+00
   outer loop
     vertex  4.346205e+02  1.003614e+02 -4.014000e+01
     vertex  4.344070e+02  1.002404e+02 -4.014000e+01
     vertex  4.341878e+02  1.001301e+02 -4.014000e+01
   endloop
 endfacet
 facet normal  0.000000e+00  0.000000e+00 -1.000000e+00
   outer loop
     vertex  3.775927e+02  1.577279e+02 -4.014000e+01
     vertex  3.773404e+02  1.573070e+02 -4.014000e+01
     vertex  3.774614e+02  1.575205e+02 -4.014000e+01
   endloop
 endfacet
 facet normal  0.000000e+00  0.000000e+00 -1.000000e+00
   outer loop
     vertex  3.775927e+02  1.577279e+02 -4.014000e+01
     vertex  3.767500e+02  1.549500e+02 -4.014000e+01
     vertex  3.773404e+02  1.573070e+02 -4.014000e+01
   endloop
 endfacet
 facet normal  0.000000e+00  0.000000e+00 -1.000000e+00
   outer loop
     vertex  4.350285e+02  1.006340e+02 -4.014000e+01
     vertex  4.346205e+02  1.003614e+02 -4.014000e+01
     vertex  4.320500e+02  9.965000e+01 -4.014000e+01
   endloop
 endfacet
 facet normal  0.000000e+00  0.000000e+00 -1.000000e+00
   outer loop
     vertex  4.350285e+02  1.006340e+02 -4.014000e+01
     vertex  4.348279e+02  1.004927e+02 -4.014000e+01
     vertex  4.346205e+02  1.003614e+02 -4.014000e+01
   endloop
 endfacet
 facet normal  0.000000e+00  0.000000e+00 -1.000000e+00
   outer loop
     vertex  4.352220e+02  1.007849e+02 -4.014000e+01
     vertex  4.350285e+02  1.006340e+02 -4.014000e+01
     vertex  4.320500e+02  9.965000e+01 -4.014000e+01
   endloop
 endfacet
 facet normal  0.000000e+00  0.000000e+00 -1.000000e+00
   outer loop
     vertex  3.778849e+02  1.581220e+02 -4.014000e+01
     vertex  3.775927e+02  1.577279e+02 -4.014000e+01
     vertex  3.777340e+02  1.579285e+02 -4.014000e+01
   endloop
 endfacet
 facet normal  0.000000e+00  0.000000e+00 -1.000000e+00
   outer loop
     vertex  4.355855e+02  1.011145e+02 -4.014000e+01
     vertex  4.354078e+02  1.009452e+02 -4.014000e+01
     vertex  4.352220e+02  1.007849e+02 -4.014000e+01
   endloop
 endfacet
 facet normal  0.000000e+00  0.000000e+00 -1.000000e+00
   outer loop
     vertex  4.355855e+02  1.011145e+02 -4.014000e+01
     vertex  4.352220e+02  1.007849e+02 -4.014000e+01
     vertex  4.320500e+02  9.965000e+01 -4.014000e+01
   endloop
 endfacet
 facet normal  0.000000e+00  0.000000e+00 -1.000000e+00
   outer loop
     vertex  4.357548e+02  1.012922e+02 -4.014000e+01
     vertex  4.355855e+02  1.011145e+02 -4.014000e+01
     vertex  4.320500e+02  9.965000e+01 -4.014000e+01
   endloop
 endfacet
 facet normal  0.000000e+00  0.000000e+00 -1.000000e+00
   outer loop
     vertex  3.783922e+02  1.586548e+02 -4.014000e+01
     vertex  3.780452e+02  1.583078e+02 -4.014000e+01
     vertex  3.782145e+02  1.584855e+02 -4.014000e+01
   endloop
 endfacet
 facet normal  0.000000e+00  0.000000e+00 -1.000000e+00
   outer loop
     vertex  3.785780e+02  1.588151e+02 -4.014000e+01
     vertex  3.778849e+02  1.581220e+02 -4.014000e+01
     vertex  3.780452e+02  1.583078e+02 -4.014000e+01
   endloop
 endfacet
 facet normal  0.000000e+00  0.000000e+00 -1.000000e+00
   outer loop
     vertex  3.785780e+02  1.588151e+02 -4.014000e+01
     vertex  3.775927e+02  1.577279e+02 -4.014000e+01
     vertex  3.778849e+02  1.581220e+02 -4.014000e+01
   endloop
 endfacet
 facet normal  0.000000e+00  0.000000e+00 -1.000000e+00
   outer loop
     vertex  3.785780e+02  1.588151e+02 -4.014000e+01
     vertex  3.780452e+02  1.583078e+02 -4.014000e+01
     vertex  3.783922e+02  1.586548e+02 -4.014000e+01
   endloop
 endfacet
 facet normal  0.000000e+00  0.000000e+00 -1.000000e+00
   outer loop
     vertex  3.787715e+02  1.589660e+02 -4.014000e+01
     vertex  3.767500e+02  1.549500e+02 -4.014000e+01
     vertex  3.775927e+02  1.577279e+02 -4.014000e+01
   endloop
 endfacet
 facet normal  0.000000e+00  0.000000e+00 -1.000000e+00
   outer loop
     vertex  3.787715e+02  1.589660e+02 -4.014000e+01
     vertex  3.775927e+02  1.577279e+02 -4.014000e+01
     vertex  3.785780e+02  1.588151e+02 -4.014000e+01
   endloop
 endfacet
 facet normal  0.000000e+00  0.000000e+00 -1.000000e+00
   outer loop
     vertex  4.360660e+02  1.016715e+02 -4.014000e+01
     vertex  4.359151e+02  1.014780e+02 -4.014000e+01
     vertex  4.357548e+02  1.012922e+02 -4.014000e+01
   endloop
 endfacet
 facet normal  0.000000e+00  0.000000e+00 -1.000000e+00
   outer loop
     vertex  4.360660e+02  1.016715e+02 -4.014000e+01
     vertex  4.357548e+02  1.012922e+02 -4.014000e+01
     vertex  4.320500e+02  9.965000e+01 -4.014000e+01
   endloop
 endfacet
 facet normal  0.000000e+00  0.000000e+00 -1.000000e+00
   outer loop
     vertex  3.791795e+02  1.592386e+02 -4.014000e+01
     vertex  3.787715e+02  1.589660e+02 -4.014000e+01
     vertex  3.789721e+02  1.591073e+02 -4.014000e+01
   endloop
 endfacet
 facet normal  0.000000e+00  0.000000e+00 -1.000000e+00
   outer loop
     vertex  3.796122e+02  1.594699e+02 -4.014000e+01
     vertex  3.791795e+02  1.592386e+02 -4.014000e+01
     vertex  3.793930e+02  1.593596e+02 -4.014000e+01
   endloop
 endfacet
 facet normal  0.000000e+00  0.000000e+00 -1.000000e+00
   outer loop
     vertex  3.796122e+02  1.594699e+02 -4.014000e+01
     vertex  3.787715e+02  1.589660e+02 -4.014000e+01
     vertex  3.791795e+02  1.592386e+02 -4.014000e+01
   endloop
 endfacet
 facet normal  0.000000e+00  0.000000e+00 -1.000000e+00
   outer loop
     vertex  4.366694e+02  1.027366e+02 -4.014000e+01
     vertex  4.365699e+02  1.025122e+02 -4.014000e+01
     vertex  4.364596e+02  1.022930e+02 -4.014000e+01
   endloop
 endfacet
 facet normal  0.000000e+00  0.000000e+00 -1.000000e+00
   outer loop
     vertex  4.366694e+02  1.027366e+02 -4.014000e+01
     vertex  4.364596e+02  1.022930e+02 -4.014000e+01
     vertex  4.363386e+02  1.020795e+02 -4.014000e+01
   endloop
 endfacet
 facet normal  0.000000e+00  0.000000e+00 -1.000000e+00
   outer loop
     vertex  3.798366e+02  1.595694e+02 -4.014000e+01
     vertex  3.767500e+02  1.549500e+02 -4.014000e+01
     vertex  3.787715e+02  1.589660e+02 -4.014000e+01
   endloop
 endfacet
 facet normal  0.000000e+00  0.000000e+00 -1.000000e+00
   outer loop
     vertex  3.798366e+02  1.595694e+02 -4.014000e+01
     vertex  3.787715e+02  1.589660e+02 -4.014000e+01
     vertex  3.796122e+02  1.594699e+02 -4.014000e+01
   endloop
 endfacet
 facet normal  0.000000e+00  0.000000e+00 -1.000000e+00
   outer loop
     vertex  4.367577e+02  1.029656e+02 -4.014000e+01
     vertex  4.363386e+02  1.020795e+02 -4.014000e+01
     vertex  4.362073e+02  1.018721e+02 -4.014000e+01
   endloop
 endfacet
 facet normal  0.000000e+00  0.000000e+00 -1.000000e+00
   outer loop
     vertex  4.367577e+02  1.029656e+02 -4.014000e+01
     vertex  4.362073e+02  1.018721e+02 -4.014000e+01
     vertex  4.360660e+02  1.016715e+02 -4.014000e+01
   endloop
 endfacet
 facet normal  0.000000e+00  0.000000e+00 -1.000000e+00
   outer loop
     vertex  4.367577e+02  1.029656e+02 -4.014000e+01
     vertex  4.360660e+02  1.016715e+02 -4.014000e+01
     vertex  4.320500e+02  9.965000e+01 -4.014000e+01
   endloop
 endfacet
 facet normal  0.000000e+00  0.000000e+00 -1.000000e+00
   outer loop
     vertex  4.367577e+02  1.029656e+02 -4.014000e+01
     vertex  4.366694e+02  1.027366e+02 -4.014000e+01
     vertex  4.363386e+02  1.020795e+02 -4.014000e+01
   endloop
 endfacet
 facet normal  0.000000e+00  0.000000e+00 -1.000000e+00
   outer loop
     vertex  3.800656e+02  1.596577e+02 -4.014000e+01
     vertex  3.767500e+02  1.549500e+02 -4.014000e+01
     vertex  3.798366e+02  1.595694e+02 -4.014000e+01
   endloop
 endfacet
 facet normal  0.000000e+00  0.000000e+00 -1.000000e+00
   outer loop
     vertex  3.802986e+02  1.597347e+02 -4.014000e+01
     vertex  3.767500e+02  1.549500e+02 -4.014000e+01
     vertex  3.800656e+02  1.596577e+02 -4.014000e+01
   endloop
 endfacet
 facet normal  0.000000e+00  0.000000e+00 -1.000000e+00
   outer loop
     vertex  4.369002e+02  1.034351e+02 -4.014000e+01
     vertex  4.368347e+02  1.031986e+02 -4.014000e+01
     vertex  4.367577e+02  1.029656e+02 -4.014000e+01
   endloop
 endfacet
 facet normal  0.000000e+00  0.000000e+00 -1.000000e+00
   outer loop
     vertex  4.369002e+02  1.034351e+02 -4.014000e+01
     vertex  4.367577e+02  1.029656e+02 -4.014000e+01
     vertex  4.320500e+02  9.965000e+01 -4.014000e+01
   endloop
 endfacet
 facet normal  0.000000e+00  0.000000e+00 -1.000000e+00
   outer loop
     vertex  3.807745e+02  1.598539e+02 -4.014000e+01
     vertex  3.767500e+02  1.549500e+02 -4.014000e+01
     vertex  3.802986e+02  1.597347e+02 -4.014000e+01
   endloop
 endfacet
 facet normal  0.000000e+00  0.000000e+00 -1.000000e+00
   outer loop
     vertex  3.807745e+02  1.598539e+02 -4.014000e+01
     vertex  3.802986e+02  1.597347e+02 -4.014000e+01
     vertex  3.805351e+02  1.598002e+02 -4.014000e+01
   endloop
 endfacet
 facet normal  0.000000e+00  0.000000e+00 -1.000000e+00
   outer loop
     vertex  3.810163e+02  1.598959e+02 -4.014000e+01
     vertex  3.767500e+02  1.549500e+02 -4.014000e+01
     vertex  3.807745e+02  1.598539e+02 -4.014000e+01
   endloop
 endfacet
 facet normal  0.000000e+00  0.000000e+00 -1.000000e+00
   outer loop
     vertex  4.369959e+02  1.039163e+02 -4.014000e+01
     vertex  4.369002e+02  1.034351e+02 -4.014000e+01
     vertex  4.320500e+02  9.965000e+01 -4.014000e+01
   endloop
 endfacet
 facet normal  0.000000e+00  0.000000e+00 -1.000000e+00
   outer loop
     vertex  4.369959e+02  1.039163e+02 -4.014000e+01
     vertex  4.369539e+02  1.036745e+02 -4.014000e+01
     vertex  4.369002e+02  1.034351e+02 -4.014000e+01
   endloop
 endfacet
 facet normal  0.000000e+00  0.000000e+00 -1.000000e+00
   outer loop
     vertex  3.815047e+02  1.599440e+02 -4.014000e+01
     vertex  3.810163e+02  1.598959e+02 -4.014000e+01
     vertex  3.812599e+02  1.599259e+02 -4.014000e+01
   endloop
 endfacet
 facet normal -0.000000e+00  0.000000e+00 -1.000000e+00
   outer loop
     vertex  4.370500e+02  1.046500e+02 -4.014000e+01
     vertex  3.817500e+02  9.965000e+01 -4.014000e+01
     vertex  3.767500e+02  1.046500e+02 -4.014000e+01
   endloop
 endfacet
 facet normal  0.000000e+00  0.000000e+00 -1.000000e+00
   outer loop
     vertex  4.370500e+02  1.046500e+02 -4.014000e+01
     vertex  4.369959e+02  1.039163e+02 -4.014000e+01
     vertex  4.320500e+02  9.965000e+01 -4.014000e+01
   endloop
 endfacet
 facet normal  0.000000e+00  0.000000e+00 -1.000000e+00
   outer loop
     vertex  4.370500e+02  1.046500e+02 -4.014000e+01
     vertex  4.320500e+02  9.965000e+01 -4.014000e+01
     vertex  3.817500e+02  9.965000e+01 -4.014000e+01
   endloop
 endfacet
 facet normal  0.000000e+00  0.000000e+00 -1.000000e+00
   outer loop
     vertex  4.370500e+02  1.046500e+02 -4.014000e+01
     vertex  4.370440e+02  1.044047e+02 -4.014000e+01
     vertex  4.370259e+02  1.041599e+02 -4.014000e+01
   endloop
 endfacet
 facet normal  0.000000e+00  0.000000e+00 -1.000000e+00
   outer loop
     vertex  4.370500e+02  1.046500e+02 -4.014000e+01
     vertex  4.370259e+02  1.041599e+02 -4.014000e+01
     vertex  4.369959e+02  1.039163e+02 -4.014000e+01
   endloop
 endfacet
 facet normal  0.000000e+00  0.000000e+00 -1.000000e+00
   outer loop
     vertex  3.817500e+02  1.599500e+02 -4.014000e+01
     vertex  3.767500e+02  1.549500e+02 -4.014000e+01
     vertex  3.810163e+02  1.598959e+02 -4.014000e+01
   endloop
 endfacet
 facet normal  0.000000e+00  0.000000e+00 -1.000000e+00
   outer loop
     vertex  3.817500e+02  1.599500e+02 -4.014000e+01
     vertex  3.810163e+02  1.598959e+02 -4.014000e+01
     vertex  3.815047e+02  1.599440e+02 -4.014000e+01
   endloop
 endfacet
 facet normal -0.000000e+00  0.000000e+00 -1.000000e+00
   outer loop
     vertex  4.370500e+02  1.549500e+02 -4.014000e+01
     vertex  3.767500e+02  1.046500e+02 -4.014000e+01
     vertex  3.767500e+02  1.549500e+02 -4.014000e+01
   endloop
 endfacet
 facet normal  0.000000e+00 -0.000000e+00 -1.000000e+00
   outer loop
     vertex  4.370500e+02  1.549500e+02 -4.014000e+01
     vertex  4.370500e+02  1.046500e+02 -4.014000e+01
     vertex  3.767500e+02  1.046500e+02 -4.014000e+01
   endloop
 endfacet
 facet normal -0.000000e+00  0.000000e+00 -1.000000e+00
   outer loop
     vertex  4.320500e+02  1.599500e+02 -4.014000e+01
     vertex  3.767500e+02  1.549500e+02 -4.014000e+01
     vertex  3.817500e+02  1.599500e+02 -4.014000e+01
   endloop
 endfacet
 facet normal  0.000000e+00 -0.000000e+00 -1.000000e+00
   outer loop
     vertex  4.320500e+02  1.599500e+02 -4.014000e+01
     vertex  4.370500e+02  1.549500e+02 -4.014000e+01
     vertex  3.767500e+02  1.549500e+02 -4.014000e+01
   endloop
 endfacet
 facet normal  0.000000e+00  0.000000e+00 -1.000000e+00
   outer loop
     vertex  4.370259e+02  1.554401e+02 -4.014000e+01
     vertex  4.370440e+02  1.551953e+02 -4.014000e+01
     vertex  4.370500e+02  1.549500e+02 -4.014000e+01
   endloop
 endfacet
 facet normal  0.000000e+00  0.000000e+00 -1.000000e+00
   outer loop
     vertex  4.325401e+02  1.599259e+02 -4.014000e+01
     vertex  4.320500e+02  1.599500e+02 -4.014000e+01
     vertex  4.322953e+02  1.599440e+02 -4.014000e+01
   endloop
 endfacet
 facet normal  0.000000e+00  0.000000e+00 -1.000000e+00
   outer loop
     vertex  4.369959e+02  1.556837e+02 -4.014000e+01
     vertex  4.370259e+02  1.554401e+02 -4.014000e+01
     vertex  4.370500e+02  1.549500e+02 -4.014000e+01
   endloop
 endfacet
 facet normal  0.000000e+00  0.000000e+00 -1.000000e+00
   outer loop
     vertex  4.330255e+02  1.598539e+02 -4.014000e+01
     vertex  4.325401e+02  1.599259e+02 -4.014000e+01
     vertex  4.327837e+02  1.598959e+02 -4.014000e+01
   endloop
 endfacet
 facet normal -0.000000e+00 -0.000000e+00 -1.000000e+00
   outer loop
     vertex  4.369002e+02  1.561649e+02 -4.014000e+01
     vertex  4.370500e+02  1.549500e+02 -4.014000e+01
     vertex  4.320500e+02  1.599500e+02 -4.014000e+01
   endloop
 endfacet
 facet normal  0.000000e+00  0.000000e+00 -1.000000e+00
   outer loop
     vertex  4.369002e+02  1.561649e+02 -4.014000e+01
     vertex  4.320500e+02  1.599500e+02 -4.014000e+01
     vertex  4.325401e+02  1.599259e+02 -4.014000e+01
   endloop
 endfacet
 facet normal  0.000000e+00  0.000000e+00 -1.000000e+00
   outer loop
     vertex  4.369002e+02  1.561649e+02 -4.014000e+01
     vertex  4.369959e+02  1.556837e+02 -4.014000e+01
     vertex  4.370500e+02  1.549500e+02 -4.014000e+01
   endloop
 endfacet
 facet normal  0.000000e+00  0.000000e+00 -1.000000e+00
   outer loop
     vertex  4.369002e+02  1.561649e+02 -4.014000e+01
     vertex  4.369539e+02  1.559255e+02 -4.014000e+01
     vertex  4.369959e+02  1.556837e+02 -4.014000e+01
   endloop
 endfacet
 facet normal  0.000000e+00  0.000000e+00 -1.000000e+00
   outer loop
     vertex  4.368347e+02  1.564014e+02 -4.014000e+01
     vertex  4.325401e+02  1.599259e+02 -4.014000e+01
     vertex  4.330255e+02  1.598539e+02 -4.014000e+01
   endloop
 endfacet
 facet normal -0.000000e+00 -0.000000e+00 -1.000000e+00
   outer loop
     vertex  4.368347e+02  1.564014e+02 -4.014000e+01
     vertex  4.369002e+02  1.561649e+02 -4.014000e+01
     vertex  4.325401e+02  1.599259e+02 -4.014000e+01
   endloop
 endfacet
 facet normal  0.000000e+00  0.000000e+00 -1.000000e+00
   outer loop
     vertex  4.368347e+02  1.564014e+02 -4.014000e+01
     vertex  4.330255e+02  1.598539e+02 -4.014000e+01
     vertex  4.332649e+02  1.598002e+02 -4.014000e+01
   endloop
 endfacet
 facet normal -0.000000e+00 -0.000000e+00 -1.000000e+00
   outer loop
     vertex  4.367577e+02  1.566344e+02 -4.014000e+01
     vertex  4.368347e+02  1.564014e+02 -4.014000e+01
     vertex  4.332649e+02  1.598002e+02 -4.014000e+01
   endloop
 endfacet
 facet normal  0.000000e+00  0.000000e+00 -1.000000e+00
   outer loop
     vertex  4.367577e+02  1.566344e+02 -4.014000e+01
     vertex  4.332649e+02  1.598002e+02 -4.014000e+01
     vertex  4.335014e+02  1.597347e+02 -4.014000e+01
   endloop
 endfacet
 facet normal  0.000000e+00  0.000000e+00 -1.000000e+00
   outer loop
     vertex  4.339634e+02  1.595694e+02 -4.014000e+01
     vertex  4.335014e+02  1.597347e+02 -4.014000e+01
     vertex  4.337344e+02  1.596577e+02 -4.014000e+01
   endloop
 endfacet
 facet normal -0.000000e+00 -0.000000e+00 -1.000000e+00
   outer loop
     vertex  4.365699e+02  1.570878e+02 -4.014000e+01
     vertex  4.367577e+02  1.566344e+02 -4.014000e+01
     vertex  4.335014e+02  1.597347e+02 -4.014000e+01
   endloop
 endfacet
 facet normal  0.000000e+00  0.000000e+00 -1.000000e+00
   outer loop
     vertex  4.365699e+02  1.570878e+02 -4.014000e+01
     vertex  4.366694e+02  1.568634e+02 -4.014000e+01
     vertex  4.367577e+02  1.566344e+02 -4.014000e+01
   endloop
 endfacet
 facet normal  0.000000e+00  0.000000e+00 -1.000000e+00
   outer loop
     vertex  4.344070e+02  1.593596e+02 -4.014000e+01
     vertex  4.335014e+02  1.597347e+02 -4.014000e+01
     vertex  4.339634e+02  1.595694e+02 -4.014000e+01
   endloop
 endfacet
 facet normal  0.000000e+00  0.000000e+00 -1.000000e+00
   outer loop
     vertex  4.344070e+02  1.593596e+02 -4.014000e+01
     vertex  4.339634e+02  1.595694e+02 -4.014000e+01
     vertex  4.341878e+02  1.594699e+02 -4.014000e+01
   endloop
 endfacet
 facet normal -0.000000e+00 -0.000000e+00 -1.000000e+00
   outer loop
     vertex  4.363386e+02  1.575205e+02 -4.014000e+01
     vertex  4.365699e+02  1.570878e+02 -4.014000e+01
     vertex  4.335014e+02  1.597347e+02 -4.014000e+01
   endloop
 endfacet
 facet normal  0.000000e+00  0.000000e+00 -1.000000e+00
   outer loop
     vertex  4.363386e+02  1.575205e+02 -4.014000e+01
     vertex  4.335014e+02  1.597347e+02 -4.014000e+01
     vertex  4.344070e+02  1.593596e+02 -4.014000e+01
   endloop
 endfacet
 facet normal  0.000000e+00  0.000000e+00 -1.000000e+00
   outer loop
     vertex  4.363386e+02  1.575205e+02 -4.014000e+01
     vertex  4.364596e+02  1.573070e+02 -4.014000e+01
     vertex  4.365699e+02  1.570878e+02 -4.014000e+01
   endloop
 endfacet
 facet normal -0.000000e+00 -0.000000e+00 -1.000000e+00
   outer loop
     vertex  4.346205e+02  1.592386e+02 -4.014000e+01
     vertex  4.363386e+02  1.575205e+02 -4.014000e+01
     vertex  4.344070e+02  1.593596e+02 -4.014000e+01
   endloop
 endfacet
 facet normal -0.000000e+00 -0.000000e+00 -1.000000e+00
   outer loop
     vertex  4.362073e+02  1.577279e+02 -4.014000e+01
     vertex  4.363386e+02  1.575205e+02 -4.014000e+01
     vertex  4.346205e+02  1.592386e+02 -4.014000e+01
   endloop
 endfacet
 facet normal  0.000000e+00  0.000000e+00 -1.000000e+00
   outer loop
     vertex  4.350285e+02  1.589660e+02 -4.014000e+01
     vertex  4.346205e+02  1.592386e+02 -4.014000e+01
     vertex  4.348279e+02  1.591073e+02 -4.014000e+01
   endloop
 endfacet
 facet normal  0.000000e+00  0.000000e+00 -1.000000e+00
   outer loop
     vertex  4.352220e+02  1.588151e+02 -4.014000e+01
     vertex  4.360660e+02  1.579285e+02 -4.014000e+01
     vertex  4.362073e+02  1.577279e+02 -4.014000e+01
   endloop
 endfacet
 facet normal  0.000000e+00  0.000000e+00 -1.000000e+00
   outer loop
     vertex  4.352220e+02  1.588151e+02 -4.014000e+01
     vertex  4.359151e+02  1.581220e+02 -4.014000e+01
     vertex  4.360660e+02  1.579285e+02 -4.014000e+01
   endloop
 endfacet
 facet normal -0.000000e+00 -0.000000e+00 -1.000000e+00
   outer loop
     vertex  4.352220e+02  1.588151e+02 -4.014000e+01
     vertex  4.362073e+02  1.577279e+02 -4.014000e+01
     vertex  4.346205e+02  1.592386e+02 -4.014000e+01
   endloop
 endfacet
 facet normal  0.000000e+00  0.000000e+00 -1.000000e+00
   outer loop
     vertex  4.352220e+02  1.588151e+02 -4.014000e+01
     vertex  4.346205e+02  1.592386e+02 -4.014000e+01
     vertex  4.350285e+02  1.589660e+02 -4.014000e+01
   endloop
 endfacet
 facet normal  0.000000e+00  0.000000e+00 -1.000000e+00
   outer loop
     vertex  4.355855e+02  1.584855e+02 -4.014000e+01
     vertex  4.357548e+02  1.583078e+02 -4.014000e+01
     vertex  4.359151e+02  1.581220e+02 -4.014000e+01
   endloop
 endfacet
 facet normal -0.000000e+00 -0.000000e+00 -1.000000e+00
   outer loop
     vertex  4.355855e+02  1.584855e+02 -4.014000e+01
     vertex  4.359151e+02  1.581220e+02 -4.014000e+01
     vertex  4.352220e+02  1.588151e+02 -4.014000e+01
   endloop
 endfacet
 facet normal  0.000000e+00  0.000000e+00 -1.000000e+00
   outer loop
     vertex  4.355855e+02  1.584855e+02 -4.014000e+01
     vertex  4.352220e+02  1.588151e+02 -4.014000e+01
     vertex  4.354078e+02  1.586548e+02 -4.014000e+01
   endloop
 endfacet
 facet normal  0.000000e+00  1.000000e+00  0.000000e+00
   outer loop
     vertex  4.320500e+02  1.599500e+02 -3.014000e+01
     vertex  4.320500e+02  1.599500e+02 -4.014000e+01
     vertex  3.817500e+02  1.599500e+02 -4.014000e+01
   endloop
 endfacet
 facet normal  0.000000e+00  1.000000e+00  0.000000e+00
   outer loop
     vertex  4.320500e+02  1.599500e+02 -3.014000e+01
     vertex  3.817500e+02  1.599500e+02 -4.014000e+01
     vertex  3.817500e+02  1.599500e+02 -3.014000e+01
   endloop
 endfacet
 facet normal  9.996988e-01  2.454123e-02  0.000000e+00
   outer loop
     vertex  4.370440e+02  1.551953e+02 -3.014000e+01
     vertex  4.370500e+02  1.549500e+02 -4.014000e+01
     vertex  4.370440e+02  1.551953e+02 -4.014000e+01
   endloop
 endfacet
 facet normal  9.996988e-01  2.454123e-02  0.000000e+00
   outer loop
     vertex  4.370440e+02  1.551953e+02 -3.014000e+01
     vertex  4.370500e+02  1.549500e+02 -3.014000e+01
     vertex  4.370500e+02  1.549500e+02 -4.014000e+01
   endloop
 endfacet
 facet normal  9.972905e-01  7.356456e-02  0.000000e+00
   outer loop
     vertex  4.370259e+02  1.554401e+02 -3.014000e+01
     vertex  4.370440e+02  1.551953e+02 -4.014000e+01
     vertex  4.370259e+02  1.554401e+02 -4.014000e+01
   endloop
 endfacet
 facet normal  9.924795e-01  1.224107e-01  0.000000e+00
   outer loop
     vertex  4.370259e+02  1.554401e+02 -3.014000e+01
     vertex  4.370259e+02  1.554401e+02 -4.014000e+01
     vertex  4.369959e+02  1.556837e+02 -4.014000e+01
   endloop
 endfacet
 facet normal  9.972905e-01  7.356456e-02  0.000000e+00
   outer loop
     vertex  4.370259e+02  1.554401e+02 -3.014000e+01
     vertex  4.370440e+02  1.551953e+02 -3.014000e+01
     vertex  4.370440e+02  1.551953e+02 -4.014000e+01
   endloop
 endfacet
 facet normal  9.924795e-01  1.224107e-01  0.000000e+00
   outer loop
     vertex  4.369959e+02  1.556837e+02 -3.014000e+01
     vertex  4.370259e+02  1.554401e+02 -3.014000e+01
     vertex  4.369959e+02  1.556837e+02 -4.014000e+01
   endloop
 endfacet
 facet normal  9.852776e-01  1.709619e-01  0.000000e+00
   outer loop
     vertex  4.369539e+02  1.559255e+02 -3.014000e+01
     vertex  4.369959e+02  1.556837e+02 -4.014000e+01
     vertex  4.369539e+02  1.559255e+02 -4.014000e+01
   endloop
 endfacet
 facet normal  9.852776e-01  1.709619e-01  0.000000e+00
   outer loop
     vertex  4.369539e+02  1.559255e+02 -3.014000e+01
     vertex  4.369959e+02  1.556837e+02 -3.014000e+01
     vertex  4.369959e+02  1.556837e+02 -4.014000e+01
   endloop
 endfacet
 facet normal  9.757021e-01  2.191012e-01  0.000000e+00
   outer loop
     vertex  4.369002e+02  1.561649e+02 -3.014000e+01
     vertex  4.369539e+02  1.559255e+02 -4.014000e+01
     vertex  4.369002e+02  1.561649e+02 -4.014000e+01
   endloop
 endfacet
 facet normal  9.637761e-01  2.667128e-01  0.000000e+00
   outer loop
     vertex  4.369002e+02  1.561649e+02 -3.014000e+01
     vertex  4.369002e+02  1.561649e+02 -4.014000e+01
     vertex  4.368347e+02  1.564014e+02 -4.014000e+01
   endloop
 endfacet
 facet normal  9.757021e-01  2.191012e-01  0.000000e+00
   outer loop
     vertex  4.369002e+02  1.561649e+02 -3.014000e+01
     vertex  4.369539e+02  1.559255e+02 -3.014000e+01
     vertex  4.369539e+02  1.559255e+02 -4.014000e+01
   endloop
 endfacet
 facet normal  9.637761e-01  2.667128e-01  0.000000e+00
   outer loop
     vertex  4.368347e+02  1.564014e+02 -3.014000e+01
     vertex  4.369002e+02  1.561649e+02 -3.014000e+01
     vertex  4.368347e+02  1.564014e+02 -4.014000e+01
   endloop
 endfacet
 facet normal  9.495282e-01  3.136817e-01  0.000000e+00
   outer loop
     vertex  4.367577e+02  1.566344e+02 -3.014000e+01
     vertex  4.368347e+02  1.564014e+02 -4.014000e+01
     vertex  4.367577e+02  1.566344e+02 -4.014000e+01
   endloop
 endfacet
 facet normal  9.495282e-01  3.136817e-01  0.000000e+00
   outer loop
     vertex  4.367577e+02  1.566344e+02 -3.014000e+01
     vertex  4.368347e+02  1.564014e+02 -3.014000e+01
     vertex  4.368347e+02  1.564014e+02 -4.014000e+01
   endloop
 endfacet
 facet normal  9.329928e-01  3.598950e-01  0.000000e+00
   outer loop
     vertex  4.366694e+02  1.568634e+02 -3.014000e+01
     vertex  4.367577e+02  1.566344e+02 -4.014000e+01
     vertex  4.366694e+02  1.568634e+02 -4.014000e+01
   endloop
 endfacet
 facet normal  9.142098e-01  4.052413e-01  0.000000e+00
   outer loop
     vertex  4.366694e+02  1.568634e+02 -3.014000e+01
     vertex  4.366694e+02  1.568634e+02 -4.014000e+01
     vertex  4.365699e+02  1.570878e+02 -4.014000e+01
   endloop
 endfacet
 facet normal  9.329928e-01  3.598950e-01  0.000000e+00
   outer loop
     vertex  4.366694e+02  1.568634e+02 -3.014000e+01
     vertex  4.367577e+02  1.566344e+02 -3.014000e+01
     vertex  4.367577e+02  1.566344e+02 -4.014000e+01
   endloop
 endfacet
 facet normal  9.142098e-01  4.052413e-01  0.000000e+00
   outer loop
     vertex  4.365699e+02  1.570878e+02 -3.014000e+01
     vertex  4.366694e+02  1.568634e+02 -3.014000e+01
     vertex  4.365699e+02  1.570878e+02 -4.014000e+01
   endloop
 endfacet
 facet normal  8.932243e-01  4.496113e-01  0.000000e+00
   outer loop
     vertex  4.364596e+02  1.573070e+02 -3.014000e+01
     vertex  4.365699e+02  1.570878e+02 -4.014000e+01
     vertex  4.364596e+02  1.573070e+02 -4.014000e+01
   endloop
 endfacet
 facet normal  8.932243e-01  4.496113e-01  0.000000e+00
   outer loop
     vertex  4.364596e+02  1.573070e+02 -3.014000e+01
     vertex  4.365699e+02  1.570878e+02 -3.014000e+01
     vertex  4.365699e+02  1.570878e+02 -4.014000e+01
   endloop
 endfacet
 facet normal  8.700870e-01  4.928982e-01  0.000000e+00
   outer loop
     vertex  4.363386e+02  1.575205e+02 -3.014000e+01
     vertex  4.364596e+02  1.573070e+02 -4.014000e+01
     vertex  4.363386e+02  1.575205e+02 -4.014000e+01
   endloop
 endfacet
 facet normal  8.700870e-01  4.928982e-01  0.000000e+00
   outer loop
     vertex  4.363386e+02  1.575205e+02 -3.014000e+01
     vertex  4.364596e+02  1.573070e+02 -3.014000e+01
     vertex  4.364596e+02  1.573070e+02 -4.014000e+01
   endloop
 endfacet
 facet normal  8.448536e-01  5.349976e-01  0.000000e+00
   outer loop
     vertex  4.362073e+02  1.577279e+02 -3.014000e+01
     vertex  4.363386e+02  1.575205e+02 -4.014000e+01
     vertex  4.362073e+02  1.577279e+02 -4.014000e+01
   endloop
 endfacet
 facet normal  8.448536e-01  5.349976e-01  0.000000e+00
   outer loop
     vertex  4.362073e+02  1.577279e+02 -3.014000e+01
     vertex  4.363386e+02  1.575205e+02 -3.014000e+01
     vertex  4.363386e+02  1.575205e+02 -4.014000e+01
   endloop
 endfacet
 facet normal  8.175848e-01  5.758082e-01  0.000000e+00
   outer loop
     vertex  4.360660e+02  1.579285e+02 -3.014000e+01
     vertex  4.362073e+02  1.577279e+02 -4.014000e+01
     vertex  4.360660e+02  1.579285e+02 -4.014000e+01
   endloop
 endfacet
 facet normal  7.883464e-01  6.152316e-01  0.000000e+00
   outer loop
     vertex  4.360660e+02  1.579285e+02 -3.014000e+01
     vertex  4.360660e+02  1.579285e+02 -4.014000e+01
     vertex  4.359151e+02  1.581220e+02 -4.014000e+01
   endloop
 endfacet
 facet normal  8.175848e-01  5.758082e-01  0.000000e+00
   outer loop
     vertex  4.360660e+02  1.579285e+02 -3.014000e+01
     vertex  4.362073e+02  1.577279e+02 -3.014000e+01
     vertex  4.362073e+02  1.577279e+02 -4.014000e+01
   endloop
 endfacet
 facet normal  7.883464e-01  6.152316e-01  0.000000e+00
   outer loop
     vertex  4.359151e+02  1.581220e+02 -3.014000e+01
     vertex  4.360660e+02  1.579285e+02 -3.014000e+01
     vertex  4.359151e+02  1.581220e+02 -4.014000e+01
   endloop
 endfacet
 facet normal  7.572088e-01  6.531728e-01  0.000000e+00
   outer loop
     vertex  4.357548e+02  1.583078e+02 -3.014000e+01
     vertex  4.359151e+02  1.581220e+02 -4.014000e+01
     vertex  4.357548e+02  1.583078e+02 -4.014000e+01
   endloop
 endfacet
 facet normal  7.572088e-01  6.531728e-01  0.000000e+00
   outer loop
     vertex  4.357548e+02  1.583078e+02 -3.014000e+01
     vertex  4.359151e+02  1.581220e+02 -3.014000e+01
     vertex  4.359151e+02  1.581220e+02 -4.014000e+01
   endloop
 endfacet
 facet normal  7.242471e-01  6.895405e-01  0.000000e+00
   outer loop
     vertex  4.355855e+02  1.584855e+02 -3.014000e+01
     vertex  4.357548e+02  1.583078e+02 -4.014000e+01
     vertex  4.355855e+02  1.584855e+02 -4.014000e+01
   endloop
 endfacet
 facet normal  7.242471e-01  6.895405e-01  0.000000e+00
   outer loop
     vertex  4.355855e+02  1.584855e+02 -3.014000e+01
     vertex  4.357548e+02  1.583078e+02 -3.014000e+01
     vertex  4.357548e+02  1.583078e+02 -4.014000e+01
   endloop
 endfacet
 facet normal  6.895405e-01  7.242471e-01  0.000000e+00
   outer loop
     vertex  4.354078e+02  1.586548e+02 -3.014000e+01
     vertex  4.355855e+02  1.584855e+02 -4.014000e+01
     vertex  4.354078e+02  1.586548e+02 -4.014000e+01
   endloop
 endfacet
 facet normal  6.895405e-01  7.242471e-01  0.000000e+00
   outer loop
     vertex  4.354078e+02  1.586548e+02 -3.014000e+01
     vertex  4.355855e+02  1.584855e+02 -3.014000e+01
     vertex  4.355855e+02  1.584855e+02 -4.014000e+01
   endloop
 endfacet
 facet normal  6.531728e-01  7.572088e-01  0.000000e+00
   outer loop
     vertex  4.352220e+02  1.588151e+02 -3.014000e+01
     vertex  4.354078e+02  1.586548e+02 -4.014000e+01
     vertex  4.352220e+02  1.588151e+02 -4.014000e+01
   endloop
 endfacet
 facet normal  6.531728e-01  7.572088e-01  0.000000e+00
   outer loop
     vertex  4.352220e+02  1.588151e+02 -3.014000e+01
     vertex  4.354078e+02  1.586548e+02 -3.014000e+01
     vertex  4.354078e+02  1.586548e+02 -4.014000e+01
   endloop
 endfacet
 facet normal  6.152316e-01  7.883464e-01  0.000000e+00
   outer loop
     vertex  4.350285e+02  1.589660e+02 -3.014000e+01
     vertex  4.352220e+02  1.588151e+02 -4.014000e+01
     vertex  4.350285e+02  1.589660e+02 -4.014000e+01
   endloop
 endfacet
 facet normal  5.758082e-01  8.175848e-01  0.000000e+00
   outer loop
     vertex  4.350285e+02  1.589660e+02 -3.014000e+01
     vertex  4.350285e+02  1.589660e+02 -4.014000e+01
     vertex  4.348279e+02  1.591073e+02 -4.014000e+01
   endloop
 endfacet
 facet normal  6.152316e-01  7.883464e-01  0.000000e+00
   outer loop
     vertex  4.350285e+02  1.589660e+02 -3.014000e+01
     vertex  4.352220e+02  1.588151e+02 -3.014000e+01
     vertex  4.352220e+02  1.588151e+02 -4.014000e+01
   endloop
 endfacet
 facet normal  5.758082e-01  8.175848e-01  0.000000e+00
   outer loop
     vertex  4.348279e+02  1.591073e+02 -3.014000e+01
     vertex  4.350285e+02  1.589660e+02 -3.014000e+01
     vertex  4.348279e+02  1.591073e+02 -4.014000e+01
   endloop
 endfacet
 facet normal  5.349976e-01  8.448536e-01  0.000000e+00
   outer loop
     vertex  4.346205e+02  1.592386e+02 -3.014000e+01
     vertex  4.348279e+02  1.591073e+02 -4.014000e+01
     vertex  4.346205e+02  1.592386e+02 -4.014000e+01
   endloop
 endfacet
 facet normal  5.349976e-01  8.448536e-01  0.000000e+00
   outer loop
     vertex  4.346205e+02  1.592386e+02 -3.014000e+01
     vertex  4.348279e+02  1.591073e+02 -3.014000e+01
     vertex  4.348279e+02  1.591073e+02 -4.014000e+01
   endloop
 endfacet
 facet normal  4.928982e-01  8.700870e-01  0.000000e+00
   outer loop
     vertex  4.344070e+02  1.593596e+02 -3.014000e+01
     vertex  4.346205e+02  1.592386e+02 -4.014000e+01
     vertex  4.344070e+02  1.593596e+02 -4.014000e+01
   endloop
 endfacet
 facet normal  4.928982e-01  8.700870e-01  0.000000e+00
   outer loop
     vertex  4.344070e+02  1.593596e+02 -3.014000e+01
     vertex  4.346205e+02  1.592386e+02 -3.014000e+01
     vertex  4.346205e+02  1.592386e+02 -4.014000e+01
   endloop
 endfacet
 facet normal  4.496113e-01  8.932243e-01  0.000000e+00
   outer loop
     vertex  4.341878e+02  1.594699e+02 -3.014000e+01
     vertex  4.344070e+02  1.593596e+02 -4.014000e+01
     vertex  4.341878e+02  1.594699e+02 -4.014000e+01
   endloop
 endfacet
 facet normal  4.496113e-01  8.932243e-01  0.000000e+00
   outer loop
     vertex  4.341878e+02  1.594699e+02 -3.014000e+01
     vertex  4.344070e+02  1.593596e+02 -3.014000e+01
     vertex  4.344070e+02  1.593596e+02 -4.014000e+01
   endloop
 endfacet
 facet normal  4.052413e-01  9.142098e-01  0.000000e+00
   outer loop
     vertex  4.339634e+02  1.595694e+02 -3.014000e+01
     vertex  4.341878e+02  1.594699e+02 -4.014000e+01
     vertex  4.339634e+02  1.595694e+02 -4.014000e+01
   endloop
 endfacet
 facet normal  4.052413e-01  9.142098e-01  0.000000e+00
   outer loop
     vertex  4.339634e+02  1.595694e+02 -3.014000e+01
     vertex  4.341878e+02  1.594699e+02 -3.014000e+01
     vertex  4.341878e+02  1.594699e+02 -4.014000e+01
   endloop
 endfacet
 facet normal  3.598950e-01  9.329928e-01  0.000000e+00
   outer loop
     vertex  4.337344e+02  1.596577e+02 -3.014000e+01
     vertex  4.339634e+02  1.595694e+02 -4.014000e+01
     vertex  4.337344e+02  1.596577e+02 -4.014000e+01
   endloop
 endfacet
 facet normal  3.598950e-01  9.329928e-01  0.000000e+00
   outer loop
     vertex  4.337344e+02  1.596577e+02 -3.014000e+01
     vertex  4.339634e+02  1.595694e+02 -3.014000e+01
     vertex  4.339634e+02  1.595694e+02 -4.014000e+01
   endloop
 endfacet
 facet normal  3.136817e-01  9.495282e-01  0.000000e+00
   outer loop
     vertex  4.335014e+02  1.597347e+02 -3.014000e+01
     vertex  4.337344e+02  1.596577e+02 -4.014000e+01
     vertex  4.335014e+02  1.597347e+02 -4.014000e+01
   endloop
 endfacet
 facet normal  3.136817e-01  9.495282e-01  0.000000e+00
   outer loop
     vertex  4.335014e+02  1.597347e+02 -3.014000e+01
     vertex  4.337344e+02  1.596577e+02 -3.014000e+01
     vertex  4.337344e+02  1.596577e+02 -4.014000e+01
   endloop
 endfacet
 facet normal  2.667128e-01  9.637761e-01  0.000000e+00
   outer loop
     vertex  4.332649e+02  1.598002e+02 -3.014000e+01
     vertex  4.335014e+02  1.597347e+02 -4.014000e+01
     vertex  4.332649e+02  1.598002e+02 -4.014000e+01
   endloop
 endfacet
 facet normal  2.667128e-01  9.637761e-01  0.000000e+00
   outer loop
     vertex  4.332649e+02  1.598002e+02 -3.014000e+01
     vertex  4.335014e+02  1.597347e+02 -3.014000e+01
     vertex  4.335014e+02  1.597347e+02 -4.014000e+01
   endloop
 endfacet
 facet normal  2.191012e-01  9.757021e-01  0.000000e+00
   outer loop
     vertex  4.330255e+02  1.598539e+02 -3.014000e+01
     vertex  4.332649e+02  1.598002e+02 -4.014000e+01
     vertex  4.330255e+02  1.598539e+02 -4.014000e+01
   endloop
 endfacet
 facet normal  2.191012e-01  9.757021e-01  0.000000e+00
   outer loop
     vertex  4.330255e+02  1.598539e+02 -3.014000e+01
     vertex  4.332649e+02  1.598002e+02 -3.014000e+01
     vertex  4.332649e+02  1.598002e+02 -4.014000e+01
   endloop
 endfacet
 facet normal  1.709619e-01  9.852776e-01  0.000000e+00
   outer loop
     vertex  4.327837e+02  1.598959e+02 -3.014000e+01
     vertex  4.330255e+02  1.598539e+02 -4.014000e+01
     vertex  4.327837e+02  1.598959e+02 -4.014000e+01
   endloop
 endfacet
 facet normal  1.224107e-01  9.924795e-01  0.000000e+00
   outer loop
     vertex  4.327837e+02  1.598959e+02 -3.014000e+01
     vertex  4.327837e+02  1.598959e+02 -4.014000e+01
     vertex  4.325401e+02  1.599259e+02 -4.014000e+01
   endloop
 endfacet
 facet normal  1.709619e-01  9.852776e-01  0.000000e+00
   outer loop
     vertex  4.327837e+02  1.598959e+02 -3.014000e+01
     vertex  4.330255e+02  1.598539e+02 -3.014000e+01
     vertex  4.330255e+02  1.598539e+02 -4.014000e+01
   endloop
 endfacet
 facet normal  1.224107e-01  9.924795e-01  0.000000e+00
   outer loop
     vertex  4.325401e+02  1.599259e+02 -3.014000e+01
     vertex  4.327837e+02  1.598959e+02 -3.014000e+01
     vertex  4.325401e+02  1.599259e+02 -4.014000e+01
   endloop
 endfacet
 facet normal  7.356456e-02  9.972905e-01  0.000000e+00
   outer loop
     vertex  4.322953e+02  1.599440e+02 -3.014000e+01
     vertex  4.325401e+02  1.599259e+02 -4.014000e+01
     vertex  4.322953e+02  1.599440e+02 -4.014000e+01
   endloop
 endfacet
 facet normal  2.454123e-02  9.996988e-01  0.000000e+00
   outer loop
     vertex  4.322953e+02  1.599440e+02 -3.014000e+01
     vertex  4.322953e+02  1.599440e+02 -4.014000e+01
     vertex  4.320500e+02  1.599500e+02 -4.014000e+01
   endloop
 endfacet
 facet normal  7.356456e-02  9.972905e-01  0.000000e+00
   outer loop
     vertex  4.322953e+02  1.599440e+02 -3.014000e+01
     vertex  4.325401e+02  1.599259e+02 -3.014000e+01
     vertex  4.325401e+02  1.599259e+02 -4.014000e+01
   endloop
 endfacet
 facet normal  2.454123e-02  9.996988e-01  0.000000e+00
   outer loop
     vertex  4.320500e+02  1.599500e+02 -3.014000e+01
     vertex  4.322953e+02  1.599440e+02 -3.014000e+01
     vertex  4.320500e+02  1.599500e+02 -4.014000e+01
   endloop
 endfacet
 facet normal  1.000000e+00  0.000000e+00  0.000000e+00
   outer loop
     vertex  4.370500e+02  1.046500e+02 -3.014000e+01
     vertex  4.370500e+02  1.046500e+02 -4.014000e+01
     vertex  4.370500e+02  1.549500e+02 -4.014000e+01
   endloop
 endfacet
 facet normal  1.000000e+00 -0.000000e+00  0.000000e+00
   outer loop
     vertex  4.370500e+02  1.046500e+02 -3.014000e+01
     vertex  4.370500e+02  1.549500e+02 -4.014000e+01
     vertex  4.370500e+02  1.549500e+02 -3.014000e+01
   endloop
 endfacet
 facet normal  9.996988e-01 -2.454123e-02  0.000000e+00
   outer loop
     vertex  4.370500e+02  1.046500e+02 -3.014000e+01
     vertex  4.370440e+02  1.044047e+02 -4.014000e+01
     vertex  4.370500e+02  1.046500e+02 -4.014000e+01
   endloop
 endfacet
 facet normal  9.996988e-01 -2.454123e-02  0.000000e+00
   outer loop
     vertex  4.370440e+02  1.044047e+02 -3.014000e+01
     vertex  4.370440e+02  1.044047e+02 -4.014000e+01
     vertex  4.370500e+02  1.046500e+02 -3.014000e+01
   endloop
 endfacet
 facet normal  9.972905e-01 -7.356456e-02  0.000000e+00
   outer loop
     vertex  4.370259e+02  1.041599e+02 -3.014000e+01
     vertex  4.370259e+02  1.041599e+02 -4.014000e+01
     vertex  4.370440e+02  1.044047e+02 -4.014000e+01
   endloop
 endfacet
 facet normal  9.924795e-01 -1.224107e-01  0.000000e+00
   outer loop
     vertex  4.370259e+02  1.041599e+02 -3.014000e+01
     vertex  4.369959e+02  1.039163e+02 -4.014000e+01
     vertex  4.370259e+02  1.041599e+02 -4.014000e+01
   endloop
 endfacet
 facet normal  9.972905e-01 -7.356456e-02  0.000000e+00
   outer loop
     vertex  4.370259e+02  1.041599e+02 -3.014000e+01
     vertex  4.370440e+02  1.044047e+02 -4.014000e+01
     vertex  4.370440e+02  1.044047e+02 -3.014000e+01
   endloop
 endfacet
 facet normal  9.924795e-01 -1.224107e-01  0.000000e+00
   outer loop
     vertex  4.369959e+02  1.039163e+02 -3.014000e+01
     vertex  4.369959e+02  1.039163e+02 -4.014000e+01
     vertex  4.370259e+02  1.041599e+02 -3.014000e+01
   endloop
 endfacet
 facet normal  9.852776e-01 -1.709619e-01  0.000000e+00
   outer loop
     vertex  4.369539e+02  1.036745e+02 -3.014000e+01
     vertex  4.369539e+02  1.036745e+02 -4.014000e+01
     vertex  4.369959e+02  1.039163e+02 -4.014000e+01
   endloop
 endfacet
 facet normal  9.852776e-01 -1.709619e-01  0.000000e+00
   outer loop
     vertex  4.369539e+02  1.036745e+02 -3.014000e+01
     vertex  4.369959e+02  1.039163e+02 -4.014000e+01
     vertex  4.369959e+02  1.039163e+02 -3.014000e+01
   endloop
 endfacet
 facet normal  9.757021e-01 -2.191012e-01  0.000000e+00
   outer loop
     vertex  4.369002e+02  1.034351e+02 -3.014000e+01
     vertex  4.369002e+02  1.034351e+02 -4.014000e+01
     vertex  4.369539e+02  1.036745e+02 -4.014000e+01
   endloop
 endfacet
 facet normal  9.637761e-01 -2.667128e-01  0.000000e+00
   outer loop
     vertex  4.369002e+02  1.034351e+02 -3.014000e+01
     vertex  4.368347e+02  1.031986e+02 -4.014000e+01
     vertex  4.369002e+02  1.034351e+02 -4.014000e+01
   endloop
 endfacet
 facet normal  9.757021e-01 -2.191012e-01  0.000000e+00
   outer loop
     vertex  4.369002e+02  1.034351e+02 -3.014000e+01
     vertex  4.369539e+02  1.036745e+02 -4.014000e+01
     vertex  4.369539e+02  1.036745e+02 -3.014000e+01
   endloop
 endfacet
 facet normal  9.637761e-01 -2.667128e-01  0.000000e+00
   outer loop
     vertex  4.368347e+02  1.031986e+02 -3.014000e+01
     vertex  4.368347e+02  1.031986e+02 -4.014000e+01
     vertex  4.369002e+02  1.034351e+02 -3.014000e+01
   endloop
 endfacet
 facet normal  9.495282e-01 -3.136817e-01  0.000000e+00
   outer loop
     vertex  4.367577e+02  1.029656e+02 -3.014000e+01
     vertex  4.367577e+02  1.029656e+02 -4.014000e+01
     vertex  4.368347e+02  1.031986e+02 -4.014000e+01
   endloop
 endfacet
 facet normal  9.495282e-01 -3.136817e-01  0.000000e+00
   outer loop
     vertex  4.367577e+02  1.029656e+02 -3.014000e+01
     vertex  4.368347e+02  1.031986e+02 -4.014000e+01
     vertex  4.368347e+02  1.031986e+02 -3.014000e+01
   endloop
 endfacet
 facet normal  9.329928e-01 -3.598950e-01  0.000000e+00
   outer loop
     vertex  4.366694e+02  1.027366e+02 -3.014000e+01
     vertex  4.366694e+02  1.027366e+02 -4.014000e+01
     vertex  4.367577e+02  1.029656e+02 -4.014000e+01
   endloop
 endfacet
 facet normal  9.329928e-01 -3.598950e-01  0.000000e+00
   outer loop
     vertex  4.366694e+02  1.027366e+02 -3.014000e+01
     vertex  4.367577e+02  1.029656e+02 -4.014000e+01
     vertex  4.367577e+02  1.029656e+02 -3.014000e+01
   endloop
 endfacet
 facet normal  9.142098e-01 -4.052413e-01  0.000000e+00
   outer loop
     vertex  4.365699e+02  1.025122e+02 -3.014000e+01
     vertex  4.366694e+02  1.027366e+02 -4.014000e+01
     vertex  4.366694e+02  1.027366e+02 -3.014000e+01
   endloop
 endfacet
 facet normal  9.142098e-01 -4.052413e-01  0.000000e+00
   outer loop
     vertex  4.365699e+02  1.025122e+02 -3.014000e+01
     vertex  4.365699e+02  1.025122e+02 -4.014000e+01
     vertex  4.366694e+02  1.027366e+02 -4.014000e+01
   endloop
 endfacet
 facet normal  8.932243e-01 -4.496113e-01  0.000000e+00
   outer loop
     vertex  4.364596e+02  1.022930e+02 -3.014000e+01
     vertex  4.364596e+02  1.022930e+02 -4.014000e+01
     vertex  4.365699e+02  1.025122e+02 -4.014000e+01
   endloop
 endfacet
 facet normal  8.932243e-01 -4.496113e-01  0.000000e+00
   outer loop
     vertex  4.364596e+02  1.022930e+02 -3.014000e+01
     vertex  4.365699e+02  1.025122e+02 -4.014000e+01
     vertex  4.365699e+02  1.025122e+02 -3.014000e+01
   endloop
 endfacet
 facet normal  8.700870e-01 -4.928982e-01  0.000000e+00
   outer loop
     vertex  4.363386e+02  1.020795e+02 -3.014000e+01
     vertex  4.363386e+02  1.020795e+02 -4.014000e+01
     vertex  4.364596e+02  1.022930e+02 -4.014000e+01
   endloop
 endfacet
 facet normal  8.448536e-01 -5.349976e-01  0.000000e+00
   outer loop
     vertex  4.363386e+02  1.020795e+02 -3.014000e+01
     vertex  4.362073e+02  1.018721e+02 -4.014000e+01
     vertex  4.363386e+02  1.020795e+02 -4.014000e+01
   endloop
 endfacet
 facet normal  8.700870e-01 -4.928982e-01  0.000000e+00
   outer loop
     vertex  4.363386e+02  1.020795e+02 -3.014000e+01
     vertex  4.364596e+02  1.022930e+02 -4.014000e+01
     vertex  4.364596e+02  1.022930e+02 -3.014000e+01
   endloop
 endfacet
 facet normal  8.448536e-01 -5.349976e-01  0.000000e+00
   outer loop
     vertex  4.362073e+02  1.018721e+02 -3.014000e+01
     vertex  4.362073e+02  1.018721e+02 -4.014000e+01
     vertex  4.363386e+02  1.020795e+02 -3.014000e+01
   endloop
 endfacet
 facet normal  8.175848e-01 -5.758082e-01  0.000000e+00
   outer loop
     vertex  4.360660e+02  1.016715e+02 -3.014000e+01
     vertex  4.360660e+02  1.016715e+02 -4.014000e+01
     vertex  4.362073e+02  1.018721e+02 -4.014000e+01
   endloop
 endfacet
 facet normal  8.175848e-01 -5.758082e-01  0.000000e+00
   outer loop
     vertex  4.360660e+02  1.016715e+02 -3.014000e+01
     vertex  4.362073e+02  1.018721e+02 -4.014000e+01
     vertex  4.362073e+02  1.018721e+02 -3.014000e+01
   endloop
 endfacet
 facet normal  7.883464e-01 -6.152316e-01  0.000000e+00
   outer loop
     vertex  4.359151e+02  1.014780e+02 -3.014000e+01
     vertex  4.359151e+02  1.014780e+02 -4.014000e+01
     vertex  4.360660e+02  1.016715e+02 -4.014000e+01
   endloop
 endfacet
 facet normal  7.883464e-01 -6.152316e-01  0.000000e+00
   outer loop
     vertex  4.359151e+02  1.014780e+02 -3.014000e+01
     vertex  4.360660e+02  1.016715e+02 -4.014000e+01
     vertex  4.360660e+02  1.016715e+02 -3.014000e+01
   endloop
 endfacet
 facet normal  7.572088e-01 -6.531728e-01  0.000000e+00
   outer loop
     vertex  4.357548e+02  1.012922e+02 -3.014000e+01
     vertex  4.357548e+02  1.012922e+02 -4.014000e+01
     vertex  4.359151e+02  1.014780e+02 -4.014000e+01
   endloop
 endfacet
 facet normal  7.572088e-01 -6.531728e-01  0.000000e+00
   outer loop
     vertex  4.357548e+02  1.012922e+02 -3.014000e+01
     vertex  4.359151e+02  1.014780e+02 -4.014000e+01
     vertex  4.359151e+02  1.014780e+02 -3.014000e+01
   endloop
 endfacet
 facet normal  7.242471e-01 -6.895405e-01  0.000000e+00
   outer loop
     vertex  4.355855e+02  1.011145e+02 -3.014000e+01
     vertex  4.355855e+02  1.011145e+02 -4.014000e+01
     vertex  4.357548e+02  1.012922e+02 -4.014000e+01
   endloop
 endfacet
 facet normal  7.242471e-01 -6.895405e-01  0.000000e+00
   outer loop
     vertex  4.355855e+02  1.011145e+02 -3.014000e+01
     vertex  4.357548e+02  1.012922e+02 -4.014000e+01
     vertex  4.357548e+02  1.012922e+02 -3.014000e+01
   endloop
 endfacet
 facet normal  6.895405e-01 -7.242471e-01  0.000000e+00
   outer loop
     vertex  4.354078e+02  1.009452e+02 -3.014000e+01
     vertex  4.354078e+02  1.009452e+02 -4.014000e+01
     vertex  4.355855e+02  1.011145e+02 -4.014000e+01
   endloop
 endfacet
 facet normal  6.895405e-01 -7.242471e-01  0.000000e+00
   outer loop
     vertex  4.354078e+02  1.009452e+02 -3.014000e+01
     vertex  4.355855e+02  1.011145e+02 -4.014000e+01
     vertex  4.355855e+02  1.011145e+02 -3.014000e+01
   endloop
 endfacet
 facet normal  6.531728e-01 -7.572088e-01  0.000000e+00
   outer loop
     vertex  4.352220e+02  1.007849e+02 -3.014000e+01
     vertex  4.352220e+02  1.007849e+02 -4.014000e+01
     vertex  4.354078e+02  1.009452e+02 -4.014000e+01
   endloop
 endfacet
 facet normal  6.531728e-01 -7.572088e-01  0.000000e+00
   outer loop
     vertex  4.352220e+02  1.007849e+02 -3.014000e+01
     vertex  4.354078e+02  1.009452e+02 -4.014000e+01
     vertex  4.354078e+02  1.009452e+02 -3.014000e+01
   endloop
 endfacet
 facet normal  6.152316e-01 -7.883464e-01  0.000000e+00
   outer loop
     vertex  4.350285e+02  1.006340e+02 -3.014000e+01
     vertex  4.350285e+02  1.006340e+02 -4.014000e+01
     vertex  4.352220e+02  1.007849e+02 -4.014000e+01
   endloop
 endfacet
 facet normal  6.152316e-01 -7.883464e-01  0.000000e+00
   outer loop
     vertex  4.350285e+02  1.006340e+02 -3.014000e+01
     vertex  4.352220e+02  1.007849e+02 -4.014000e+01
     vertex  4.352220e+02  1.007849e+02 -3.014000e+01
   endloop
 endfacet
 facet normal  5.758082e-01 -8.175848e-01  0.000000e+00
   outer loop
     vertex  4.348279e+02  1.004927e+02 -3.014000e+01
     vertex  4.348279e+02  1.004927e+02 -4.014000e+01
     vertex  4.350285e+02  1.006340e+02 -4.014000e+01
   endloop
 endfacet
 facet normal  5.758082e-01 -8.175848e-01  0.000000e+00
   outer loop
     vertex  4.348279e+02  1.004927e+02 -3.014000e+01
     vertex  4.350285e+02  1.006340e+02 -4.014000e+01
     vertex  4.350285e+02  1.006340e+02 -3.014000e+01
   endloop
 endfacet
 facet normal  5.349976e-01 -8.448536e-01  0.000000e+00
   outer loop
     vertex  4.346205e+02  1.003614e+02 -3.014000e+01
     vertex  4.346205e+02  1.003614e+02 -4.014000e+01
     vertex  4.348279e+02  1.004927e+02 -4.014000e+01
   endloop
 endfacet
 facet normal  5.349976e-01 -8.448536e-01  0.000000e+00
   outer loop
     vertex  4.346205e+02  1.003614e+02 -3.014000e+01
     vertex  4.348279e+02  1.004927e+02 -4.014000e+01
     vertex  4.348279e+02  1.004927e+02 -3.014000e+01
   endloop
 endfacet
 facet normal  4.928982e-01 -8.700870e-01  0.000000e+00
   outer loop
     vertex  4.344070e+02  1.002404e+02 -3.014000e+01
     vertex  4.344070e+02  1.002404e+02 -4.014000e+01
     vertex  4.346205e+02  1.003614e+02 -4.014000e+01
   endloop
 endfacet
 facet normal  4.928982e-01 -8.700870e-01  0.000000e+00
   outer loop
     vertex  4.344070e+02  1.002404e+02 -3.014000e+01
     vertex  4.346205e+02  1.003614e+02 -4.014000e+01
     vertex  4.346205e+02  1.003614e+02 -3.014000e+01
   endloop
 endfacet
 facet normal  4.496113e-01 -8.932243e-01  0.000000e+00
   outer loop
     vertex  4.341878e+02  1.001301e+02 -3.014000e+01
     vertex  4.341878e+02  1.001301e+02 -4.014000e+01
     vertex  4.344070e+02  1.002404e+02 -4.014000e+01
   endloop
 endfacet
 facet normal  4.496113e-01 -8.932243e-01  0.000000e+00
   outer loop
     vertex  4.341878e+02  1.001301e+02 -3.014000e+01
     vertex  4.344070e+02  1.002404e+02 -4.014000e+01
     vertex  4.344070e+02  1.002404e+02 -3.014000e+01
   endloop
 endfacet
 facet normal  4.052413e-01 -9.142098e-01  0.000000e+00
   outer loop
     vertex  4.339634e+02  1.000306e+02 -3.014000e+01
     vertex  4.339634e+02  1.000306e+02 -4.014000e+01
     vertex  4.341878e+02  1.001301e+02 -4.014000e+01
   endloop
 endfacet
 facet normal  4.052413e-01 -9.142098e-01  0.000000e+00
   outer loop
     vertex  4.339634e+02  1.000306e+02 -3.014000e+01
     vertex  4.341878e+02  1.001301e+02 -4.014000e+01
     vertex  4.341878e+02  1.001301e+02 -3.014000e+01
   endloop
 endfacet
 facet normal  3.598950e-01 -9.329928e-01  0.000000e+00
   outer loop
     vertex  4.337344e+02  9.994228e+01 -3.014000e+01
     vertex  4.337344e+02  9.994228e+01 -4.014000e+01
     vertex  4.339634e+02  1.000306e+02 -4.014000e+01
   endloop
 endfacet
 facet normal  3.598950e-01 -9.329928e-01  0.000000e+00
   outer loop
     vertex  4.337344e+02  9.994228e+01 -3.014000e+01
     vertex  4.339634e+02  1.000306e+02 -4.014000e+01
     vertex  4.339634e+02  1.000306e+02 -3.014000e+01
   endloop
 endfacet
 facet normal  3.136817e-01 -9.495282e-01  0.000000e+00
   outer loop
     vertex  4.335014e+02  9.986530e+01 -3.014000e+01
     vertex  4.335014e+02  9.986530e+01 -4.014000e+01
     vertex  4.337344e+02  9.994228e+01 -4.014000e+01
   endloop
 endfacet
 facet normal  3.136817e-01 -9.495282e-01  0.000000e+00
   outer loop
     vertex  4.335014e+02  9.986530e+01 -3.014000e+01
     vertex  4.337344e+02  9.994228e+01 -4.014000e+01
     vertex  4.337344e+02  9.994228e+01 -3.014000e+01
   endloop
 endfacet
 facet normal  2.667128e-01 -9.637761e-01  0.000000e+00
   outer loop
     vertex  4.332649e+02  9.979984e+01 -3.014000e+01
     vertex  4.332649e+02  9.979984e+01 -4.014000e+01
     vertex  4.335014e+02  9.986530e+01 -4.014000e+01
   endloop
 endfacet
 facet normal  2.667128e-01 -9.637761e-01  0.000000e+00
   outer loop
     vertex  4.332649e+02  9.979984e+01 -3.014000e+01
     vertex  4.335014e+02  9.986530e+01 -4.014000e+01
     vertex  4.335014e+02  9.986530e+01 -3.014000e+01
   endloop
 endfacet
 facet normal  2.191012e-01 -9.757021e-01  0.000000e+00
   outer loop
     vertex  4.330255e+02  9.974607e+01 -3.014000e+01
     vertex  4.330255e+02  9.974607e+01 -4.014000e+01
     vertex  4.332649e+02  9.979984e+01 -4.014000e+01
   endloop
 endfacet
 facet normal  2.191012e-01 -9.757021e-01  0.000000e+00
   outer loop
     vertex  4.330255e+02  9.974607e+01 -3.014000e+01
     vertex  4.332649e+02  9.979984e+01 -4.014000e+01
     vertex  4.332649e+02  9.979984e+01 -3.014000e+01
   endloop
 endfacet
 facet normal  1.709619e-01 -9.852776e-01  0.000000e+00
   outer loop
     vertex  4.327837e+02  9.970412e+01 -3.014000e+01
     vertex  4.327837e+02  9.970412e+01 -4.014000e+01
     vertex  4.330255e+02  9.974607e+01 -4.014000e+01
   endloop
 endfacet
 facet normal  1.709619e-01 -9.852776e-01  0.000000e+00
   outer loop
     vertex  4.327837e+02  9.970412e+01 -3.014000e+01
     vertex  4.330255e+02  9.974607e+01 -4.014000e+01
     vertex  4.330255e+02  9.974607e+01 -3.014000e+01
   endloop
 endfacet
 facet normal  1.224107e-01 -9.924795e-01  0.000000e+00
   outer loop
     vertex  4.325401e+02  9.967408e+01 -3.014000e+01
     vertex  4.325401e+02  9.967408e+01 -4.014000e+01
     vertex  4.327837e+02  9.970412e+01 -4.014000e+01
   endloop
 endfacet
 facet normal  7.356456e-02 -9.972905e-01  0.000000e+00
   outer loop
     vertex  4.325401e+02  9.967408e+01 -3.014000e+01
     vertex  4.322953e+02  9.965602e+01 -4.014000e+01
     vertex  4.325401e+02  9.967408e+01 -4.014000e+01
   endloop
 endfacet
 facet normal  1.224107e-01 -9.924795e-01  0.000000e+00
   outer loop
     vertex  4.325401e+02  9.967408e+01 -3.014000e+01
     vertex  4.327837e+02  9.970412e+01 -4.014000e+01
     vertex  4.327837e+02  9.970412e+01 -3.014000e+01
   endloop
 endfacet
 facet normal  7.356456e-02 -9.972905e-01  0.000000e+00
   outer loop
     vertex  4.322953e+02  9.965602e+01 -3.014000e+01
     vertex  4.322953e+02  9.965602e+01 -4.014000e+01
     vertex  4.325401e+02  9.967408e+01 -3.014000e+01
   endloop
 endfacet
 facet normal  2.454123e-02 -9.996988e-01  0.000000e+00
   outer loop
     vertex  4.322953e+02  9.965602e+01 -3.014000e+01
     vertex  4.320500e+02  9.965000e+01 -4.014000e+01
     vertex  4.322953e+02  9.965602e+01 -4.014000e+01
   endloop
 endfacet
 facet normal  2.454123e-02 -9.996988e-01  0.000000e+00
   outer loop
     vertex  4.320500e+02  9.965000e+01 -3.014000e+01
     vertex  4.320500e+02  9.965000e+01 -4.014000e+01
     vertex  4.322953e+02  9.965602e+01 -3.014000e+01
   endloop
 endfacet
 facet normal  0.000000e+00 -1.000000e+00 -0.000000e+00
   outer loop
     vertex  4.320500e+02  9.965000e+01 -3.014000e+01
     vertex  3.817500e+02  9.965000e+01 -4.014000e+01
     vertex  4.320500e+02  9.965000e+01 -4.014000e+01
   endloop
 endfacet
 facet normal -0.000000e+00 -1.000000e+00  0.000000e+00
   outer loop
     vertex  4.320500e+02  9.965000e+01 -3.014000e+01
     vertex  3.817500e+02  9.965000e+01 -3.014000e+01
     vertex  3.817500e+02  9.965000e+01 -4.014000e+01
   endloop
 endfacet
 facet normal -9.955865e-01 -9.384890e-02 -4.183870e-12
   outer loop
     vertex  3.798928e+02  1.000077e+02 -3.014000e+01
     vertex  3.798789e+02  1.001552e+02 -3.214000e+01
     vertex  3.798928e+02  1.000077e+02 -3.214000e+01
   endloop
 endfacet
 facet normal -9.897396e-01 -1.428830e-01  7.069230e-14
   outer loop
     vertex  3.798789e+02  1.001552e+02 -3.014000e+01
     vertex  3.798577e+02  1.003018e+02 -3.214000e+01
     vertex  3.798789e+02  1.001552e+02 -3.214000e+01
   endloop
 endfacet
 facet normal -9.955865e-01 -9.384890e-02 -4.194556e-14
   outer loop
     vertex  3.798789e+02  1.001552e+02 -3.014000e+01
     vertex  3.798789e+02  1.001552e+02 -3.214000e+01
     vertex  3.798928e+02  1.000077e+02 -3.014000e+01
   endloop
 endfacet
 facet normal -9.814792e-01 -1.915687e-01  6.408121e-14
   outer loop
     vertex  3.798577e+02  1.003018e+02 -3.014000e+01
     vertex  3.798294e+02  1.004472e+02 -3.214000e+01
     vertex  3.798577e+02  1.003018e+02 -3.214000e+01
   endloop
 endfacet
 facet normal -9.897396e-01 -1.428830e-01 -4.009434e-14
   outer loop
     vertex  3.798577e+02  1.003018e+02 -3.014000e+01
     vertex  3.798577e+02  1.003018e+02 -3.214000e+01
     vertex  3.798789e+02  1.001552e+02 -3.014000e+01
   endloop
 endfacet
 facet normal -9.708255e-01 -2.397873e-01  4.102438e-14
   outer loop
     vertex  3.798294e+02  1.004472e+02 -3.014000e+01
     vertex  3.797938e+02  1.005911e+02 -3.214000e+01
     vertex  3.798294e+02  1.004472e+02 -3.214000e+01
   endloop
 endfacet
 facet normal -9.814792e-01 -1.915687e-01 -5.499535e-14
   outer loop
     vertex  3.798294e+02  1.004472e+02 -3.014000e+01
     vertex  3.798294e+02  1.004472e+02 -3.214000e+01
     vertex  3.798577e+02  1.003018e+02 -3.014000e+01
   endloop
 endfacet
 facet normal -9.578043e-01 -2.874211e-01  5.662315e-14
   outer loop
     vertex  3.797938e+02  1.005911e+02 -3.014000e+01
     vertex  3.797512e+02  1.007329e+02 -3.214000e+01
     vertex  3.797938e+02  1.005911e+02 -3.214000e+01
   endloop
 endfacet
 facet normal -9.708255e-01 -2.397873e-01 -3.086670e-14
   outer loop
     vertex  3.797938e+02  1.005911e+02 -3.014000e+01
     vertex  3.797938e+02  1.005911e+02 -3.214000e+01
     vertex  3.798294e+02  1.004472e+02 -3.014000e+01
   endloop
 endfacet
 facet normal -9.424476e-01 -3.343540e-01  2.863406e-14
   outer loop
     vertex  3.797512e+02  1.007329e+02 -3.014000e+01
     vertex  3.797017e+02  1.008726e+02 -3.214000e+01
     vertex  3.797512e+02  1.007329e+02 -3.214000e+01
   endloop
 endfacet
 facet normal -9.578043e-01 -2.874211e-01 -5.092021e-14
   outer loop
     vertex  3.797512e+02  1.007329e+02 -3.014000e+01
     vertex  3.797512e+02  1.007329e+02 -3.214000e+01
     vertex  3.797938e+02  1.005911e+02 -3.014000e+01
   endloop
 endfacet
 facet normal -9.247926e-01 -3.804716e-01  3.512634e-14
   outer loop
     vertex  3.797017e+02  1.008726e+02 -3.014000e+01
     vertex  3.796453e+02  1.010096e+02 -3.214000e+01
     vertex  3.797017e+02  1.008726e+02 -3.214000e+01
   endloop
 endfacet
 facet normal -9.424476e-01 -3.343540e-01 -3.551060e-14
   outer loop
     vertex  3.797017e+02  1.008726e+02 -3.014000e+01
     vertex  3.797017e+02  1.008726e+02 -3.214000e+01
     vertex  3.797512e+02  1.007329e+02 -3.014000e+01
   endloop
 endfacet
 facet normal -9.048825e-01 -4.256614e-01  3.006497e-14
   outer loop
     vertex  3.796453e+02  1.010096e+02 -3.014000e+01
     vertex  3.795823e+02  1.011436e+02 -3.214000e+01
     vertex  3.796453e+02  1.010096e+02 -3.214000e+01
   endloop
 endfacet
 facet normal -9.247926e-01 -3.804716e-01 -3.245899e-14
   outer loop
     vertex  3.796453e+02  1.010096e+02 -3.014000e+01
     vertex  3.796453e+02  1.010096e+02 -3.214000e+01
     vertex  3.797017e+02  1.008726e+02 -3.014000e+01
   endloop
 endfacet
 facet normal -8.827658e-01 -4.698132e-01  3.414973e-14
   outer loop
     vertex  3.795823e+02  1.011436e+02 -3.014000e+01
     vertex  3.795127e+02  1.012744e+02 -3.214000e+01
     vertex  3.795823e+02  1.011436e+02 -3.214000e+01
   endloop
 endfacet
 facet normal -9.048825e-01 -4.256614e-01 -1.982938e-14
   outer loop
     vertex  3.795823e+02  1.011436e+02 -3.014000e+01
     vertex  3.795823e+02  1.011436e+02 -3.214000e+01
     vertex  3.796453e+02  1.010096e+02 -3.014000e+01
   endloop
 endfacet
 facet normal -8.827658e-01 -4.698132e-01 -2.421615e-14
   outer loop
     vertex  3.795127e+02  1.012744e+02 -3.014000e+01
     vertex  3.795127e+02  1.012744e+02 -3.214000e+01
     vertex  3.795823e+02  1.011436e+02 -3.014000e+01
   endloop
 endfacet
 facet normal -8.584965e-01 -5.128194e-01  2.135049e-14
   outer loop
     vertex  3.795127e+02  1.012744e+02 -3.014000e+01
     vertex  3.794367e+02  1.014016e+02 -3.214000e+01
     vertex  3.795127e+02  1.012744e+02 -3.214000e+01
   endloop
 endfacet
 facet normal -8.584965e-01 -5.128194e-01 -3.805700e-14
   outer loop
     vertex  3.794367e+02  1.014016e+02 -3.014000e+01
     vertex  3.794367e+02  1.014016e+02 -3.214000e+01
     vertex  3.795127e+02  1.012744e+02 -3.014000e+01
   endloop
 endfacet
 facet normal -8.321337e-01 -5.545750e-01 -1.156126e-16
   outer loop
     vertex  3.794367e+02  1.014016e+02 -3.014000e+01
     vertex  3.793546e+02  1.015249e+02 -3.214000e+01
     vertex  3.794367e+02  1.014016e+02 -3.214000e+01
   endloop
 endfacet
 facet normal -8.321337e-01 -5.545750e-01 -1.585446e-14
   outer loop
     vertex  3.793546e+02  1.015249e+02 -3.014000e+01
     vertex  3.793546e+02  1.015249e+02 -3.214000e+01
     vertex  3.794367e+02  1.014016e+02 -3.014000e+01
   endloop
 endfacet
 facet normal -8.037417e-01 -5.949783e-01  1.335054e-14
   outer loop
     vertex  3.793546e+02  1.015249e+02 -3.014000e+01
     vertex  3.792664e+02  1.016439e+02 -3.214000e+01
     vertex  3.793546e+02  1.015249e+02 -3.214000e+01
   endloop
 endfacet
 facet normal -7.733898e-01 -6.339307e-01  9.370498e-15
   outer loop
     vertex  3.792664e+02  1.016439e+02 -3.014000e+01
     vertex  3.791725e+02  1.017585e+02 -3.214000e+01
     vertex  3.792664e+02  1.016439e+02 -3.214000e+01
   endloop
 endfacet
 facet normal -8.037417e-01 -5.949783e-01 -1.112497e-14
   outer loop
     vertex  3.792664e+02  1.016439e+02 -3.014000e+01
     vertex  3.792664e+02  1.016439e+02 -3.214000e+01
     vertex  3.793546e+02  1.015249e+02 -3.014000e+01
   endloop
 endfacet
 facet normal -7.411520e-01 -6.713373e-01  2.404902e-15
   outer loop
     vertex  3.791725e+02  1.017585e+02 -3.014000e+01
     vertex  3.790731e+02  1.018683e+02 -3.214000e+01
     vertex  3.791725e+02  1.017585e+02 -3.214000e+01
   endloop
 endfacet
 facet normal -7.733898e-01 -6.339307e-01 -1.026895e-14
   outer loop
     vertex  3.791725e+02  1.017585e+02 -3.014000e+01
     vertex  3.791725e+02  1.017585e+02 -3.214000e+01
     vertex  3.792664e+02  1.016439e+02 -3.014000e+01
   endloop
 endfacet
 facet normal -7.411520e-01 -6.713373e-01 -3.968504e-15
   outer loop
     vertex  3.790731e+02  1.018683e+02 -3.014000e+01
     vertex  3.790731e+02  1.018683e+02 -3.214000e+01
     vertex  3.791725e+02  1.017585e+02 -3.014000e+01
   endloop
 endfacet
 facet normal -7.071068e-01 -7.071068e-01  0.000000e+00
   outer loop
     vertex  3.789683e+02  1.019731e+02 -3.014000e+01
     vertex  3.790731e+02  1.018683e+02 -3.214000e+01
     vertex  3.790731e+02  1.018683e+02 -3.014000e+01
   endloop
 endfacet
 facet normal -7.071068e-01 -7.071068e-01 -5.024296e-15
   outer loop
     vertex  3.789683e+02  1.019731e+02 -3.014000e+01
     vertex  3.789683e+02  1.019731e+02 -3.214000e+01
     vertex  3.790731e+02  1.018683e+02 -3.214000e+01
   endloop
 endfacet
 facet normal -6.713373e-01 -7.411520e-01  1.244124e-14
   outer loop
     vertex  3.788585e+02  1.020725e+02 -3.014000e+01
     vertex  3.788585e+02  1.020725e+02 -3.214000e+01
     vertex  3.789683e+02  1.019731e+02 -3.214000e+01
   endloop
 endfacet
 facet normal -6.713373e-01 -7.411520e-01 -9.238935e-15
   outer loop
     vertex  3.788585e+02  1.020725e+02 -3.014000e+01
     vertex  3.789683e+02  1.019731e+02 -3.214000e+01
     vertex  3.789683e+02  1.019731e+02 -3.014000e+01
   endloop
 endfacet
 facet normal -6.339307e-01 -7.733898e-01  1.288393e-14
   outer loop
     vertex  3.787439e+02  1.021664e+02 -3.014000e+01
     vertex  3.787439e+02  1.021664e+02 -3.214000e+01
     vertex  3.788585e+02  1.020725e+02 -3.214000e+01
   endloop
 endfacet
 facet normal -6.339307e-01 -7.733898e-01 -2.693226e-16
   outer loop
     vertex  3.787439e+02  1.021664e+02 -3.014000e+01
     vertex  3.788585e+02  1.020725e+02 -3.214000e+01
     vertex  3.788585e+02  1.020725e+02 -3.014000e+01
   endloop
 endfacet
 facet normal -5.949783e-01 -8.037417e-01  3.026084e-14
   outer loop
     vertex  3.786249e+02  1.022546e+02 -3.014000e+01
     vertex  3.786249e+02  1.022546e+02 -3.214000e+01
     vertex  3.787439e+02  1.021664e+02 -3.214000e+01
   endloop
 endfacet
 facet normal -5.949783e-01 -8.037417e-01 -8.384129e-15
   outer loop
     vertex  3.786249e+02  1.022546e+02 -3.014000e+01
     vertex  3.787439e+02  1.021664e+02 -3.214000e+01
     vertex  3.787439e+02  1.021664e+02 -3.014000e+01
   endloop
 endfacet
 facet normal -5.545750e-01 -8.321337e-01  2.550337e-14
   outer loop
     vertex  3.785016e+02  1.023367e+02 -3.014000e+01
     vertex  3.785016e+02  1.023367e+02 -3.214000e+01
     vertex  3.786249e+02  1.022546e+02 -3.214000e+01
   endloop
 endfacet
 facet normal -5.545750e-01 -8.321337e-01 -9.367742e-17
   outer loop
     vertex  3.785016e+02  1.023367e+02 -3.014000e+01
     vertex  3.786249e+02  1.022546e+02 -3.214000e+01
     vertex  3.786249e+02  1.022546e+02 -3.014000e+01
   endloop
 endfacet
 facet normal -5.128194e-01 -8.584965e-01  2.618190e-14
   outer loop
     vertex  3.783744e+02  1.024127e+02 -3.014000e+01
     vertex  3.783744e+02  1.024127e+02 -3.214000e+01
     vertex  3.785016e+02  1.023367e+02 -3.214000e+01
   endloop
 endfacet
 facet normal -5.128194e-01 -8.584965e-01 -1.247081e-14
   outer loop
     vertex  3.783744e+02  1.024127e+02 -3.014000e+01
     vertex  3.785016e+02  1.023367e+02 -3.214000e+01
     vertex  3.785016e+02  1.023367e+02 -3.014000e+01
   endloop
 endfacet
 facet normal -4.698132e-01 -8.827658e-01  3.455375e-14
   outer loop
     vertex  3.782436e+02  1.024823e+02 -3.014000e+01
     vertex  3.782436e+02  1.024823e+02 -3.214000e+01
     vertex  3.783744e+02  1.024127e+02 -3.214000e+01
   endloop
 endfacet
 facet normal -4.698132e-01 -8.827658e-01 -2.047437e-14
   outer loop
     vertex  3.782436e+02  1.024823e+02 -3.014000e+01
     vertex  3.783744e+02  1.024127e+02 -3.214000e+01
     vertex  3.783744e+02  1.024127e+02 -3.014000e+01
   endloop
 endfacet
 facet normal -4.256614e-01 -9.048825e-01  3.308947e-14
   outer loop
     vertex  3.781096e+02  1.025453e+02 -3.014000e+01
     vertex  3.781096e+02  1.025453e+02 -3.214000e+01
     vertex  3.782436e+02  1.024823e+02 -3.214000e+01
   endloop
 endfacet
 facet normal -4.256614e-01 -9.048825e-01 -2.021090e-14
   outer loop
     vertex  3.781096e+02  1.025453e+02 -3.014000e+01
     vertex  3.782436e+02  1.024823e+02 -3.214000e+01
     vertex  3.782436e+02  1.024823e+02 -3.014000e+01
   endloop
 endfacet
 facet normal -3.804716e-01 -9.247926e-01  3.936895e-14
   outer loop
     vertex  3.779726e+02  1.026017e+02 -3.014000e+01
     vertex  3.779726e+02  1.026017e+02 -3.214000e+01
     vertex  3.781096e+02  1.025453e+02 -3.214000e+01
   endloop
 endfacet
 facet normal -3.804716e-01 -9.247926e-01 -2.975429e-14
   outer loop
     vertex  3.779726e+02  1.026017e+02 -3.014000e+01
     vertex  3.781096e+02  1.025453e+02 -3.214000e+01
     vertex  3.781096e+02  1.025453e+02 -3.014000e+01
   endloop
 endfacet
 facet normal -3.343540e-01 -9.424476e-01  3.770628e-14
   outer loop
     vertex  3.778329e+02  1.026512e+02 -3.014000e+01
     vertex  3.778329e+02  1.026512e+02 -3.214000e+01
     vertex  3.779726e+02  1.026017e+02 -3.214000e+01
   endloop
 endfacet
 facet normal -3.343540e-01 -9.424476e-01 -3.270220e-14
   outer loop
     vertex  3.778329e+02  1.026512e+02 -3.014000e+01
     vertex  3.779726e+02  1.026017e+02 -3.214000e+01
     vertex  3.779726e+02  1.026017e+02 -3.014000e+01
   endloop
 endfacet
 facet normal -2.874211e-01 -9.578043e-01  4.913868e-14
   outer loop
     vertex  3.776911e+02  1.026938e+02 -3.014000e+01
     vertex  3.776911e+02  1.026938e+02 -3.214000e+01
     vertex  3.778329e+02  1.026512e+02 -3.214000e+01
   endloop
 endfacet
 facet normal -2.874211e-01 -9.578043e-01 -4.207287e-14
   outer loop
     vertex  3.776911e+02  1.026938e+02 -3.014000e+01
     vertex  3.778329e+02  1.026512e+02 -3.214000e+01
     vertex  3.778329e+02  1.026512e+02 -3.014000e+01
   endloop
 endfacet
 facet normal -2.397873e-01 -9.708255e-01  4.272817e-14
   outer loop
     vertex  3.775472e+02  1.027294e+02 -3.014000e+01
     vertex  3.775472e+02  1.027294e+02 -3.214000e+01
     vertex  3.776911e+02  1.026938e+02 -3.214000e+01
   endloop
 endfacet
 facet normal -2.397873e-01 -9.708255e-01 -3.955236e-14
   outer loop
     vertex  3.775472e+02  1.027294e+02 -3.014000e+01
     vertex  3.776911e+02  1.026938e+02 -3.214000e+01
     vertex  3.776911e+02  1.026938e+02 -3.014000e+01
   endloop
 endfacet
 facet normal -1.915687e-01 -9.814792e-01  4.877238e-14
   outer loop
     vertex  3.774018e+02  1.027577e+02 -3.014000e+01
     vertex  3.774018e+02  1.027577e+02 -3.214000e+01
     vertex  3.775472e+02  1.027294e+02 -3.214000e+01
   endloop
 endfacet
 facet normal -1.915687e-01 -9.814792e-01 -5.363325e-14
   outer loop
     vertex  3.774018e+02  1.027577e+02 -3.014000e+01
     vertex  3.775472e+02  1.027294e+02 -3.214000e+01
     vertex  3.775472e+02  1.027294e+02 -3.014000e+01
   endloop
 endfacet
 facet normal -1.428830e-01 -9.897396e-01  5.764250e-14
   outer loop
     vertex  3.772552e+02  1.027789e+02 -3.014000e+01
     vertex  3.772552e+02  1.027789e+02 -3.214000e+01
     vertex  3.774018e+02  1.027577e+02 -3.214000e+01
   endloop
 endfacet
 facet normal -1.428830e-01 -9.897396e-01 -5.517453e-14
   outer loop
     vertex  3.772552e+02  1.027789e+02 -3.014000e+01
     vertex  3.774018e+02  1.027577e+02 -3.214000e+01
     vertex  3.774018e+02  1.027577e+02 -3.014000e+01
   endloop
 endfacet
 facet normal -9.384890e-02 -9.955865e-01 -5.542629e-14
   outer loop
     vertex  3.771077e+02  1.027928e+02 -3.014000e+01
     vertex  3.772552e+02  1.027789e+02 -3.214000e+01
     vertex  3.772552e+02  1.027789e+02 -3.014000e+01
   endloop
 endfacet
 facet normal -9.384890e-02 -9.955865e-01 -4.183203e-12
   outer loop
     vertex  3.771077e+02  1.027928e+02 -3.014000e+01
     vertex  3.771077e+02  1.027928e+02 -3.214000e+01
     vertex  3.772552e+02  1.027789e+02 -3.214000e+01
   endloop
 endfacet
 facet normal  0.000000e+00  0.000000e+00  1.000000e+00
   outer loop
     vertex  3.798789e+02  1.001552e+02 -3.214000e+01
     vertex  3.796739e+02  1.001014e+02 -3.214000e+01
     vertex  3.798928e+02  1.000077e+02 -3.214000e+01
   endloop
 endfacet
 facet normal  0.000000e+00  0.000000e+00  1.000000e+00
   outer loop
     vertex  3.772552e+02  1.027789e+02 -3.214000e+01
     vertex  3.771077e+02  1.027928e+02 -3.214000e+01
     vertex  3.772014e+02  1.025739e+02 -3.214000e+01
   endloop
 endfacet
 facet normal  0.000000e+00  0.000000e+00  1.000000e+00
   outer loop
     vertex  3.798577e+02  1.003018e+02 -3.214000e+01
     vertex  3.794597e+02  1.002054e+02 -3.214000e+01
     vertex  3.796739e+02  1.001014e+02 -3.214000e+01
   endloop
 endfacet
 facet normal  0.000000e+00  0.000000e+00  1.000000e+00
   outer loop
     vertex  3.798577e+02  1.003018e+02 -3.214000e+01
     vertex  3.796739e+02  1.001014e+02 -3.214000e+01
     vertex  3.798789e+02  1.001552e+02 -3.214000e+01
   endloop
 endfacet
 facet normal  0.000000e+00  0.000000e+00  1.000000e+00
   outer loop
     vertex  3.774018e+02  1.027577e+02 -3.214000e+01
     vertex  3.772014e+02  1.025739e+02 -3.214000e+01
     vertex  3.773054e+02  1.023597e+02 -3.214000e+01
   endloop
 endfacet
 facet normal  0.000000e+00  0.000000e+00  1.000000e+00
   outer loop
     vertex  3.774018e+02  1.027577e+02 -3.214000e+01
     vertex  3.772552e+02  1.027789e+02 -3.214000e+01
     vertex  3.772014e+02  1.025739e+02 -3.214000e+01
   endloop
 endfacet
 facet normal  0.000000e+00  0.000000e+00  1.000000e+00
   outer loop
     vertex  3.798294e+02  1.004472e+02 -3.214000e+01
     vertex  3.794597e+02  1.002054e+02 -3.214000e+01
     vertex  3.798577e+02  1.003018e+02 -3.214000e+01
   endloop
 endfacet
 facet normal  0.000000e+00  0.000000e+00  1.000000e+00
   outer loop
     vertex  3.775472e+02  1.027294e+02 -3.214000e+01
     vertex  3.774018e+02  1.027577e+02 -3.214000e+01
     vertex  3.773054e+02  1.023597e+02 -3.214000e+01
   endloop
 endfacet
 facet normal  0.000000e+00  0.000000e+00  1.000000e+00
   outer loop
     vertex  3.797938e+02  1.005911e+02 -3.214000e+01
     vertex  3.792507e+02  1.003195e+02 -3.214000e+01
     vertex  3.794597e+02  1.002054e+02 -3.214000e+01
   endloop
 endfacet
 facet normal  0.000000e+00  0.000000e+00  1.000000e+00
   outer loop
     vertex  3.797938e+02  1.005911e+02 -3.214000e+01
     vertex  3.794597e+02  1.002054e+02 -3.214000e+01
     vertex  3.798294e+02  1.004472e+02 -3.214000e+01
   endloop
 endfacet
 facet normal  0.000000e+00  0.000000e+00  1.000000e+00
   outer loop
     vertex  3.776911e+02  1.026938e+02 -3.214000e+01
     vertex  3.773054e+02  1.023597e+02 -3.214000e+01
     vertex  3.774195e+02  1.021507e+02 -3.214000e+01
   endloop
 endfacet
 facet normal  0.000000e+00  0.000000e+00  1.000000e+00
   outer loop
     vertex  3.776911e+02  1.026938e+02 -3.214000e+01
     vertex  3.775472e+02  1.027294e+02 -3.214000e+01
     vertex  3.773054e+02  1.023597e+02 -3.214000e+01
   endloop
 endfacet
 facet normal  0.000000e+00  0.000000e+00  1.000000e+00
   outer loop
     vertex  3.797512e+02  1.007329e+02 -3.214000e+01
     vertex  3.792507e+02  1.003195e+02 -3.214000e+01
     vertex  3.797938e+02  1.005911e+02 -3.214000e+01
   endloop
 endfacet
 facet normal  0.000000e+00  0.000000e+00  1.000000e+00
   outer loop
     vertex  3.778329e+02  1.026512e+02 -3.214000e+01
     vertex  3.776911e+02  1.026938e+02 -3.214000e+01
     vertex  3.774195e+02  1.021507e+02 -3.214000e+01
   endloop
 endfacet
 facet normal  0.000000e+00  0.000000e+00  1.000000e+00
   outer loop
     vertex  3.797017e+02  1.008726e+02 -3.214000e+01
     vertex  3.792507e+02  1.003195e+02 -3.214000e+01
     vertex  3.797512e+02  1.007329e+02 -3.214000e+01
   endloop
 endfacet
 facet normal  0.000000e+00  0.000000e+00  1.000000e+00
   outer loop
     vertex  3.797017e+02  1.008726e+02 -3.214000e+01
     vertex  3.790473e+02  1.004434e+02 -3.214000e+01
     vertex  3.792507e+02  1.003195e+02 -3.214000e+01
   endloop
 endfacet
 facet normal  0.000000e+00  0.000000e+00  1.000000e+00
   outer loop
     vertex  3.779726e+02  1.026017e+02 -3.214000e+01
     vertex  3.774195e+02  1.021507e+02 -3.214000e+01
     vertex  3.775434e+02  1.019473e+02 -3.214000e+01
   endloop
 endfacet
 facet normal  0.000000e+00  0.000000e+00  1.000000e+00
   outer loop
     vertex  3.779726e+02  1.026017e+02 -3.214000e+01
     vertex  3.778329e+02  1.026512e+02 -3.214000e+01
     vertex  3.774195e+02  1.021507e+02 -3.214000e+01
   endloop
 endfacet
 facet normal  0.000000e+00  0.000000e+00  1.000000e+00
   outer loop
     vertex  3.796453e+02  1.010096e+02 -3.214000e+01
     vertex  3.790473e+02  1.004434e+02 -3.214000e+01
     vertex  3.797017e+02  1.008726e+02 -3.214000e+01
   endloop
 endfacet
 facet normal  0.000000e+00  0.000000e+00  1.000000e+00
   outer loop
     vertex  3.796453e+02  1.010096e+02 -3.214000e+01
     vertex  3.788501e+02  1.005768e+02 -3.214000e+01
     vertex  3.790473e+02  1.004434e+02 -3.214000e+01
   endloop
 endfacet
 facet normal  0.000000e+00  0.000000e+00  1.000000e+00
   outer loop
     vertex  3.781096e+02  1.025453e+02 -3.214000e+01
     vertex  3.775434e+02  1.019473e+02 -3.214000e+01
     vertex  3.776768e+02  1.017501e+02 -3.214000e+01
   endloop
 endfacet
 facet normal  0.000000e+00  0.000000e+00  1.000000e+00
   outer loop
     vertex  3.781096e+02  1.025453e+02 -3.214000e+01
     vertex  3.779726e+02  1.026017e+02 -3.214000e+01
     vertex  3.775434e+02  1.019473e+02 -3.214000e+01
   endloop
 endfacet
 facet normal  0.000000e+00  0.000000e+00  1.000000e+00
   outer loop
     vertex  3.795823e+02  1.011436e+02 -3.214000e+01
     vertex  3.788501e+02  1.005768e+02 -3.214000e+01
     vertex  3.796453e+02  1.010096e+02 -3.214000e+01
   endloop
 endfacet
 facet normal  0.000000e+00  0.000000e+00  1.000000e+00
   outer loop
     vertex  3.782436e+02  1.024823e+02 -3.214000e+01
     vertex  3.781096e+02  1.025453e+02 -3.214000e+01
     vertex  3.776768e+02  1.017501e+02 -3.214000e+01
   endloop
 endfacet
 facet normal  0.000000e+00  0.000000e+00  1.000000e+00
   outer loop
     vertex  3.795127e+02  1.012744e+02 -3.214000e+01
     vertex  3.786595e+02  1.007195e+02 -3.214000e+01
     vertex  3.788501e+02  1.005768e+02 -3.214000e+01
   endloop
 endfacet
 facet normal  0.000000e+00  0.000000e+00  1.000000e+00
   outer loop
     vertex  3.795127e+02  1.012744e+02 -3.214000e+01
     vertex  3.788501e+02  1.005768e+02 -3.214000e+01
     vertex  3.795823e+02  1.011436e+02 -3.214000e+01
   endloop
 endfacet
 facet normal  0.000000e+00  0.000000e+00  1.000000e+00
   outer loop
     vertex  3.783744e+02  1.024127e+02 -3.214000e+01
     vertex  3.776768e+02  1.017501e+02 -3.214000e+01
     vertex  3.778195e+02  1.015595e+02 -3.214000e+01
   endloop
 endfacet
 facet normal  0.000000e+00  0.000000e+00  1.000000e+00
   outer loop
     vertex  3.783744e+02  1.024127e+02 -3.214000e+01
     vertex  3.782436e+02  1.024823e+02 -3.214000e+01
     vertex  3.776768e+02  1.017501e+02 -3.214000e+01
   endloop
 endfacet
 facet normal  0.000000e+00  0.000000e+00  1.000000e+00
   outer loop
     vertex  3.794367e+02  1.014016e+02 -3.214000e+01
     vertex  3.786595e+02  1.007195e+02 -3.214000e+01
     vertex  3.795127e+02  1.012744e+02 -3.214000e+01
   endloop
 endfacet
 facet normal  0.000000e+00  0.000000e+00  1.000000e+00
   outer loop
     vertex  3.785016e+02  1.023367e+02 -3.214000e+01
     vertex  3.783744e+02  1.024127e+02 -3.214000e+01
     vertex  3.778195e+02  1.015595e+02 -3.214000e+01
   endloop
 endfacet
 facet normal  0.000000e+00  0.000000e+00  1.000000e+00
   outer loop
     vertex  3.793546e+02  1.015249e+02 -3.214000e+01
     vertex  3.784759e+02  1.008711e+02 -3.214000e+01
     vertex  3.786595e+02  1.007195e+02 -3.214000e+01
   endloop
 endfacet
 facet normal  0.000000e+00  0.000000e+00  1.000000e+00
   outer loop
     vertex  3.793546e+02  1.015249e+02 -3.214000e+01
     vertex  3.786595e+02  1.007195e+02 -3.214000e+01
     vertex  3.794367e+02  1.014016e+02 -3.214000e+01
   endloop
 endfacet
 facet normal  0.000000e+00  0.000000e+00  1.000000e+00
   outer loop
     vertex  3.786249e+02  1.022546e+02 -3.214000e+01
     vertex  3.778195e+02  1.015595e+02 -3.214000e+01
     vertex  3.779711e+02  1.013759e+02 -3.214000e+01
   endloop
 endfacet
 facet normal  0.000000e+00  0.000000e+00  1.000000e+00
   outer loop
     vertex  3.786249e+02  1.022546e+02 -3.214000e+01
     vertex  3.785016e+02  1.023367e+02 -3.214000e+01
     vertex  3.778195e+02  1.015595e+02 -3.214000e+01
   endloop
 endfacet
 facet normal  0.000000e+00  0.000000e+00  1.000000e+00
   outer loop
     vertex  3.792664e+02  1.016439e+02 -3.214000e+01
     vertex  3.784759e+02  1.008711e+02 -3.214000e+01
     vertex  3.793546e+02  1.015249e+02 -3.214000e+01
   endloop
 endfacet
 facet normal  0.000000e+00  0.000000e+00  1.000000e+00
   outer loop
     vertex  3.787439e+02  1.021664e+02 -3.214000e+01
     vertex  3.786249e+02  1.022546e+02 -3.214000e+01
     vertex  3.779711e+02  1.013759e+02 -3.214000e+01
   endloop
 endfacet
 facet normal  0.000000e+00  0.000000e+00  1.000000e+00
   outer loop
     vertex  3.791725e+02  1.017585e+02 -3.214000e+01
     vertex  3.782997e+02  1.010313e+02 -3.214000e+01
     vertex  3.784759e+02  1.008711e+02 -3.214000e+01
   endloop
 endfacet
 facet normal  0.000000e+00  0.000000e+00  1.000000e+00
   outer loop
     vertex  3.791725e+02  1.017585e+02 -3.214000e+01
     vertex  3.784759e+02  1.008711e+02 -3.214000e+01
     vertex  3.792664e+02  1.016439e+02 -3.214000e+01
   endloop
 endfacet
 facet normal  0.000000e+00  0.000000e+00  1.000000e+00
   outer loop
     vertex  3.788585e+02  1.020725e+02 -3.214000e+01
     vertex  3.779711e+02  1.013759e+02 -3.214000e+01
     vertex  3.781313e+02  1.011997e+02 -3.214000e+01
   endloop
 endfacet
 facet normal  0.000000e+00  0.000000e+00  1.000000e+00
   outer loop
     vertex  3.788585e+02  1.020725e+02 -3.214000e+01
     vertex  3.787439e+02  1.021664e+02 -3.214000e+01
     vertex  3.779711e+02  1.013759e+02 -3.214000e+01
   endloop
 endfacet
 facet normal  0.000000e+00  0.000000e+00  1.000000e+00
   outer loop
     vertex  3.790731e+02  1.018683e+02 -3.214000e+01
     vertex  3.781313e+02  1.011997e+02 -3.214000e+01
     vertex  3.782997e+02  1.010313e+02 -3.214000e+01
   endloop
 endfacet
 facet normal  0.000000e+00  0.000000e+00  1.000000e+00
   outer loop
     vertex  3.790731e+02  1.018683e+02 -3.214000e+01
     vertex  3.782997e+02  1.010313e+02 -3.214000e+01
     vertex  3.791725e+02  1.017585e+02 -3.214000e+01
   endloop
 endfacet
 facet normal  0.000000e+00  0.000000e+00  1.000000e+00
   outer loop
     vertex  3.789683e+02  1.019731e+02 -3.214000e+01
     vertex  3.788585e+02  1.020725e+02 -3.214000e+01
     vertex  3.781313e+02  1.011997e+02 -3.214000e+01
   endloop
 endfacet
 facet normal  0.000000e+00  0.000000e+00  1.000000e+00
   outer loop
     vertex  3.789683e+02  1.019731e+02 -3.214000e+01
     vertex  3.781313e+02  1.011997e+02 -3.214000e+01
     vertex  3.790731e+02  1.018683e+02 -3.214000e+01
   endloop
 endfacet
 facet normal  2.525885e-16 -8.976263e-01  4.407573e-01
   outer loop
     vertex  4.144375e+02  1.222625e+02 -4.075000e+00
     vertex  3.968500e+02  1.123929e+02 -2.417500e+01
     vertex  4.169500e+02  1.123929e+02 -2.417500e+01
   endloop
 endfacet
 facet normal  3.116188e-16 -8.976263e-01  4.407573e-01
   outer loop
     vertex  4.144375e+02  1.222625e+02 -4.075000e+00
     vertex  3.993625e+02  1.222625e+02 -4.075000e+00
     vertex  3.968500e+02  1.123929e+02 -2.417500e+01
   endloop
 endfacet
 facet normal -0.000000e+00 -1.000000e+00  0.000000e+00
   outer loop
     vertex  4.169500e+02  1.123929e+02 -2.417500e+01
     vertex  3.968500e+02  1.123929e+02 -2.417500e+01
     vertex  3.968500e+02  1.123929e+02 -3.020500e+01
   endloop
 endfacet
 facet normal  0.000000e+00 -1.000000e+00 -0.000000e+00
   outer loop
     vertex  4.169500e+02  1.123929e+02 -2.417500e+01
     vertex  3.968500e+02  1.123929e+02 -3.020500e+01
     vertex  4.169500e+02  1.123929e+02 -3.020500e+01
   endloop
 endfacet
 facet normal -8.660254e-01 -5.000000e-01  0.000000e+00
   outer loop
     vertex  3.868000e+02  1.298000e+02 -3.020500e+01
     vertex  3.968500e+02  1.123929e+02 -3.020500e+01
     vertex  3.968500e+02  1.123929e+02 -2.417500e+01
   endloop
 endfacet
 facet normal -8.660254e-01 -5.000000e-01 -0.000000e+00
   outer loop
     vertex  3.868000e+02  1.298000e+02 -2.417500e+01
     vertex  3.868000e+02  1.298000e+02 -3.020500e+01
     vertex  3.968500e+02  1.123929e+02 -2.417500e+01
   endloop
 endfacet
 facet normal -8.164420e-01 -4.713730e-01  3.335114e-01
   outer loop
     vertex  3.993625e+02  1.222625e+02 -4.075000e+00
     vertex  3.868000e+02  1.298000e+02 -2.417500e+01
     vertex  3.968500e+02  1.123929e+02 -2.417500e+01
   endloop
 endfacet
 facet normal -8.479983e-01  0.000000e+00  5.299989e-01
   outer loop
     vertex  3.993625e+02  1.222625e+02 -4.075000e+00
     vertex  3.993625e+02  1.373375e+02 -4.075000e+00
     vertex  3.868000e+02  1.298000e+02 -2.417500e+01
   endloop
 endfacet
 facet normal -8.164420e-01  4.713730e-01  3.335114e-01
   outer loop
     vertex  3.993625e+02  1.373375e+02 -4.075000e+00
     vertex  3.968500e+02  1.472071e+02 -2.417500e+01
     vertex  3.868000e+02  1.298000e+02 -2.417500e+01
   endloop
 endfacet
 facet normal -8.660254e-01  5.000000e-01  0.000000e+00
   outer loop
     vertex  3.968500e+02  1.472071e+02 -2.417500e+01
     vertex  3.868000e+02  1.298000e+02 -3.020500e+01
     vertex  3.868000e+02  1.298000e+02 -2.417500e+01
   endloop
 endfacet
 facet normal -8.660254e-01  5.000000e-01  0.000000e+00
   outer loop
     vertex  3.968500e+02  1.472071e+02 -2.417500e+01
     vertex  3.968500e+02  1.472071e+02 -3.020500e+01
     vertex  3.868000e+02  1.298000e+02 -3.020500e+01
   endloop
 endfacet
 facet normal -7.070077e-16 -0.000000e+00 -1.000000e+00
   outer loop
     vertex  3.968500e+02  1.472071e+02 -3.020500e+01
     vertex  3.968500e+02  1.123929e+02 -3.020500e+01
     vertex  3.868000e+02  1.298000e+02 -3.020500e+01
   endloop
 endfacet
 facet normal -5.302558e-16 -0.000000e+00 -1.000000e+00
   outer loop
     vertex  4.169500e+02  1.472071e+02 -3.020500e+01
     vertex  4.169500e+02  1.123929e+02 -3.020500e+01
     vertex  3.968500e+02  1.123929e+02 -3.020500e+01
   endloop
 endfacet
 facet normal -7.070077e-16 -0.000000e+00 -1.000000e+00
   outer loop
     vertex  4.169500e+02  1.472071e+02 -3.020500e+01
     vertex  4.270000e+02  1.298000e+02 -3.020500e+01
     vertex  4.169500e+02  1.123929e+02 -3.020500e+01
   endloop
 endfacet
 facet normal -5.302558e-16  0.000000e+00 -1.000000e+00
   outer loop
     vertex  4.169500e+02  1.472071e+02 -3.020500e+01
     vertex  3.968500e+02  1.123929e+02 -3.020500e+01
     vertex  3.968500e+02  1.472071e+02 -3.020500e+01
   endloop
 endfacet
 facet normal  8.660254e-01 -5.000000e-01  0.000000e+00
   outer loop
     vertex  4.169500e+02  1.123929e+02 -3.020500e+01
     vertex  4.270000e+02  1.298000e+02 -3.020500e+01
     vertex  4.270000e+02  1.298000e+02 -2.417500e+01
   endloop
 endfacet
 facet normal  8.660254e-01 -5.000000e-01  0.000000e+00
   outer loop
     vertex  4.169500e+02  1.123929e+02 -2.417500e+01
     vertex  4.169500e+02  1.123929e+02 -3.020500e+01
     vertex  4.270000e+02  1.298000e+02 -2.417500e+01
   endloop
 endfacet
 facet normal  8.164420e-01 -4.713730e-01  3.335114e-01
   outer loop
     vertex  4.144375e+02  1.222625e+02 -4.075000e+00
     vertex  4.169500e+02  1.123929e+02 -2.417500e+01
     vertex  4.270000e+02  1.298000e+02 -2.417500e+01
   endloop
 endfacet
 facet normal  8.479983e-01  0.000000e+00  5.299989e-01
   outer loop
     vertex  4.270000e+02  1.298000e+02 -2.417500e+01
     vertex  4.144375e+02  1.373375e+02 -4.075000e+00
     vertex  4.144375e+02  1.222625e+02 -4.075000e+00
   endloop
 endfacet
 facet normal  8.164420e-01  4.713730e-01  3.335114e-01
   outer loop
     vertex  4.144375e+02  1.373375e+02 -4.075000e+00
     vertex  4.270000e+02  1.298000e+02 -2.417500e+01
     vertex  4.169500e+02  1.472071e+02 -2.417500e+01
   endloop
 endfacet
 facet normal  8.660254e-01  5.000000e-01  0.000000e+00
   outer loop
     vertex  4.270000e+02  1.298000e+02 -3.020500e+01
     vertex  4.169500e+02  1.472071e+02 -3.020500e+01
     vertex  4.169500e+02  1.472071e+02 -2.417500e+01
   endloop
 endfacet
 facet normal  8.660254e-01  5.000000e-01  0.000000e+00
   outer loop
     vertex  4.270000e+02  1.298000e+02 -2.417500e+01
     vertex  4.270000e+02  1.298000e+02 -3.020500e+01
     vertex  4.169500e+02  1.472071e+02 -2.417500e+01
   endloop
 endfacet
 facet normal  0.000000e+00  1.000000e+00  0.000000e+00
   outer loop
     vertex  4.169500e+02  1.472071e+02 -2.417500e+01
     vertex  3.968500e+02  1.472071e+02 -3.020500e+01
     vertex  3.968500e+02  1.472071e+02 -2.417500e+01
   endloop
 endfacet
 facet normal  0.000000e+00  1.000000e+00 -0.000000e+00
   outer loop
     vertex  4.169500e+02  1.472071e+02 -3.020500e+01
     vertex  3.968500e+02  1.472071e+02 -3.020500e+01
     vertex  4.169500e+02  1.472071e+02 -2.417500e+01
   endloop
 endfacet
 facet normal  3.367847e-16  8.976263e-01  4.407573e-01
   outer loop
     vertex  3.968500e+02  1.472071e+02 -2.417500e+01
     vertex  3.993625e+02  1.373375e+02 -4.075000e+00
     vertex  4.144375e+02  1.373375e+02 -4.075000e+00
   endloop
 endfacet
 facet normal  2.337141e-16  8.976263e-01  4.407573e-01
   outer loop
     vertex  4.169500e+02  1.472071e+02 -2.417500e+01
     vertex  3.968500e+02  1.472071e+02 -2.417500e+01
     vertex  4.144375e+02  1.373375e+02 -4.075000e+00
   endloop
 endfacet
 facet normal  7.070077e-16  0.000000e+00  1.000000e+00
   outer loop
     vertex  4.144375e+02  1.373375e+02 -4.075000e+00
     vertex  3.993625e+02  1.222625e+02 -4.075000e+00
     vertex  4.144375e+02  1.222625e+02 -4.075000e+00
   endloop
 endfacet
 facet normal  7.070077e-16  0.000000e+00  1.000000e+00
   outer loop
     vertex  3.993625e+02  1.373375e+02 -4.075000e+00
     vertex  3.993625e+02  1.222625e+02 -4.075000e+00
     vertex  4.144375e+02  1.373375e+02 -4.075000e+00
   endloop
 endfacet
endsolid
