solid 
 facet normal -1.000000e+00  0.000000e+00  0.000000e+00
   outer loop
     vertex  4.418500e+02  3.995000e+01 -2.814000e+01
     vertex  4.418500e+02  9.025000e+01 -3.814000e+01
     vertex  4.418500e+02  3.995000e+01 -3.814000e+01
   endloop
 endfacet
 facet normal -1.000000e+00  0.000000e+00  0.000000e+00
   outer loop
     vertex  4.418500e+02  3.995000e+01 -2.814000e+01
     vertex  4.418500e+02  9.025000e+01 -2.814000e+01
     vertex  4.418500e+02  9.025000e+01 -3.814000e+01
   endloop
 endfacet
 facet normal  0.000000e+00  0.000000e+00  1.000000e+00
   outer loop
     vertex  4.421247e+02  3.831565e+01 -2.814000e+01
     vertex  4.422077e+02  3.809280e+01 -2.814000e+01
     vertex  4.423552e+02  3.807890e+01 -2.814000e+01
   endloop
 endfacet
 facet normal  0.000000e+00  0.000000e+00  1.000000e+00
   outer loop
     vertex  4.452157e+02  3.522465e+01 -2.814000e+01
     vertex  4.449789e+02  3.545521e+01 -2.814000e+01
     vertex  4.449928e+02  3.530772e+01 -2.814000e+01
   endloop
 endfacet
 facet normal  0.000000e+00  0.000000e+00  1.000000e+00
   outer loop
     vertex  4.449577e+02  3.560183e+01 -2.814000e+01
     vertex  4.449789e+02  3.545521e+01 -2.814000e+01
     vertex  4.452157e+02  3.522465e+01 -2.814000e+01
   endloop
 endfacet
 facet normal  0.000000e+00  0.000000e+00  1.000000e+00
   outer loop
     vertex  4.425018e+02  3.805773e+01 -2.814000e+01
     vertex  4.421247e+02  3.831565e+01 -2.814000e+01
     vertex  4.423552e+02  3.807890e+01 -2.814000e+01
   endloop
 endfacet
 facet normal  0.000000e+00  0.000000e+00  1.000000e+00
   outer loop
     vertex  4.420523e+02  3.854220e+01 -2.814000e+01
     vertex  4.421247e+02  3.831565e+01 -2.814000e+01
     vertex  4.425018e+02  3.805773e+01 -2.814000e+01
   endloop
 endfacet
 facet normal  0.000000e+00  0.000000e+00  1.000000e+00
   outer loop
     vertex  4.454422e+02  3.515228e+01 -2.814000e+01
     vertex  4.449577e+02  3.560183e+01 -2.814000e+01
     vertex  4.452157e+02  3.522465e+01 -2.814000e+01
   endloop
 endfacet
 facet normal  0.000000e+00  0.000000e+00  1.000000e+00
   outer loop
     vertex  4.449294e+02  3.574723e+01 -2.814000e+01
     vertex  4.449577e+02  3.560183e+01 -2.814000e+01
     vertex  4.454422e+02  3.515228e+01 -2.814000e+01
   endloop
 endfacet
 facet normal  0.000000e+00  0.000000e+00  1.000000e+00
   outer loop
     vertex  4.426472e+02  3.802935e+01 -2.814000e+01
     vertex  4.420523e+02  3.854220e+01 -2.814000e+01
     vertex  4.425018e+02  3.805773e+01 -2.814000e+01
   endloop
 endfacet
 facet normal  0.000000e+00  0.000000e+00  1.000000e+00
   outer loop
     vertex  4.419908e+02  3.877193e+01 -2.814000e+01
     vertex  4.420523e+02  3.854220e+01 -2.814000e+01
     vertex  4.426472e+02  3.802935e+01 -2.814000e+01
   endloop
 endfacet
 facet normal  0.000000e+00  0.000000e+00  1.000000e+00
   outer loop
     vertex  4.456719e+02  3.509077e+01 -2.814000e+01
     vertex  4.449294e+02  3.574723e+01 -2.814000e+01
     vertex  4.454422e+02  3.515228e+01 -2.814000e+01
   endloop
 endfacet
 facet normal  0.000000e+00  0.000000e+00  1.000000e+00
   outer loop
     vertex  4.448938e+02  3.589105e+01 -2.814000e+01
     vertex  4.449294e+02  3.574723e+01 -2.814000e+01
     vertex  4.456719e+02  3.509077e+01 -2.814000e+01
   endloop
 endfacet
 facet normal  0.000000e+00  0.000000e+00  1.000000e+00
   outer loop
     vertex  4.427911e+02  3.799383e+01 -2.814000e+01
     vertex  4.419908e+02  3.877193e+01 -2.814000e+01
     vertex  4.426472e+02  3.802935e+01 -2.814000e+01
   endloop
 endfacet
 facet normal  0.000000e+00  0.000000e+00  1.000000e+00
   outer loop
     vertex  4.419402e+02  3.900433e+01 -2.814000e+01
     vertex  4.427911e+02  3.799383e+01 -2.814000e+01
     vertex  4.429329e+02  3.795125e+01 -2.814000e+01
   endloop
 endfacet
 facet normal  0.000000e+00  0.000000e+00  1.000000e+00
   outer loop
     vertex  4.419402e+02  3.900433e+01 -2.814000e+01
     vertex  4.419908e+02  3.877193e+01 -2.814000e+01
     vertex  4.427911e+02  3.799383e+01 -2.814000e+01
   endloop
 endfacet
 facet normal  0.000000e+00  0.000000e+00  1.000000e+00
   outer loop
     vertex  4.459043e+02  3.504024e+01 -2.814000e+01
     vertex  4.448512e+02  3.603295e+01 -2.814000e+01
     vertex  4.448938e+02  3.589105e+01 -2.814000e+01
   endloop
 endfacet
 facet normal  0.000000e+00  0.000000e+00  1.000000e+00
   outer loop
     vertex  4.459043e+02  3.504024e+01 -2.814000e+01
     vertex  4.448938e+02  3.589105e+01 -2.814000e+01
     vertex  4.456719e+02  3.509077e+01 -2.814000e+01
   endloop
 endfacet
 facet normal  0.000000e+00  0.000000e+00  1.000000e+00
   outer loop
     vertex  4.419008e+02  3.923887e+01 -2.814000e+01
     vertex  4.429329e+02  3.795125e+01 -2.814000e+01
     vertex  4.430726e+02  3.790171e+01 -2.814000e+01
   endloop
 endfacet
 facet normal  0.000000e+00  0.000000e+00  1.000000e+00
   outer loop
     vertex  4.419008e+02  3.923887e+01 -2.814000e+01
     vertex  4.419402e+02  3.900433e+01 -2.814000e+01
     vertex  4.429329e+02  3.795125e+01 -2.814000e+01
   endloop
 endfacet
 facet normal  0.000000e+00  0.000000e+00  1.000000e+00
   outer loop
     vertex  4.461389e+02  3.500083e+01 -2.814000e+01
     vertex  4.448017e+02  3.617257e+01 -2.814000e+01
     vertex  4.448512e+02  3.603295e+01 -2.814000e+01
   endloop
 endfacet
 facet normal  0.000000e+00  0.000000e+00  1.000000e+00
   outer loop
     vertex  4.461389e+02  3.500083e+01 -2.814000e+01
     vertex  4.448512e+02  3.603295e+01 -2.814000e+01
     vertex  4.459043e+02  3.504024e+01 -2.814000e+01
   endloop
 endfacet
 facet normal  0.000000e+00  0.000000e+00  1.000000e+00
   outer loop
     vertex  4.418726e+02  3.947502e+01 -2.814000e+01
     vertex  4.419008e+02  3.923887e+01 -2.814000e+01
     vertex  4.430726e+02  3.790171e+01 -2.814000e+01
   endloop
 endfacet
 facet normal  0.000000e+00  0.000000e+00  1.000000e+00
   outer loop
     vertex  4.463750e+02  3.497261e+01 -2.814000e+01
     vertex  4.448017e+02  3.617257e+01 -2.814000e+01
     vertex  4.461389e+02  3.500083e+01 -2.814000e+01
   endloop
 endfacet
 facet normal  0.000000e+00  0.000000e+00  1.000000e+00
   outer loop
     vertex  4.418557e+02  3.971224e+01 -2.814000e+01
     vertex  4.418726e+02  3.947502e+01 -2.814000e+01
     vertex  4.430726e+02  3.790171e+01 -2.814000e+01
   endloop
 endfacet
 facet normal  0.000000e+00  0.000000e+00  1.000000e+00
   outer loop
     vertex  4.418557e+02  3.971224e+01 -2.814000e+01
     vertex  4.430726e+02  3.790171e+01 -2.814000e+01
     vertex  4.432096e+02  3.784535e+01 -2.814000e+01
   endloop
 endfacet
 facet normal  0.000000e+00  0.000000e+00  1.000000e+00
   outer loop
     vertex  4.466122e+02  3.495566e+01 -2.814000e+01
     vertex  4.448017e+02  3.617257e+01 -2.814000e+01
     vertex  4.463750e+02  3.497261e+01 -2.814000e+01
   endloop
 endfacet
 facet normal  0.000000e+00  0.000000e+00  1.000000e+00
   outer loop
     vertex  4.466122e+02  3.495566e+01 -2.814000e+01
     vertex  4.447453e+02  3.630957e+01 -2.814000e+01
     vertex  4.448017e+02  3.617257e+01 -2.814000e+01
   endloop
 endfacet
 facet normal  0.000000e+00  0.000000e+00  1.000000e+00
   outer loop
     vertex  4.468500e+02  3.495000e+01 -2.814000e+01
     vertex  4.446823e+02  3.644362e+01 -2.814000e+01
     vertex  4.447453e+02  3.630957e+01 -2.814000e+01
   endloop
 endfacet
 facet normal  0.000000e+00  0.000000e+00  1.000000e+00
   outer loop
     vertex  4.468500e+02  3.495000e+01 -2.814000e+01
     vertex  4.446127e+02  3.657440e+01 -2.814000e+01
     vertex  4.446823e+02  3.644362e+01 -2.814000e+01
   endloop
 endfacet
 facet normal  0.000000e+00  0.000000e+00  1.000000e+00
   outer loop
     vertex  4.468500e+02  3.495000e+01 -2.814000e+01
     vertex  4.445367e+02  3.670158e+01 -2.814000e+01
     vertex  4.446127e+02  3.657440e+01 -2.814000e+01
   endloop
 endfacet
 facet normal  0.000000e+00  0.000000e+00  1.000000e+00
   outer loop
     vertex  4.468500e+02  3.495000e+01 -2.814000e+01
     vertex  4.444546e+02  3.682486e+01 -2.814000e+01
     vertex  4.445367e+02  3.670158e+01 -2.814000e+01
   endloop
 endfacet
 facet normal  0.000000e+00  0.000000e+00  1.000000e+00
   outer loop
     vertex  4.468500e+02  3.495000e+01 -2.814000e+01
     vertex  4.443664e+02  3.694393e+01 -2.814000e+01
     vertex  4.444546e+02  3.682486e+01 -2.814000e+01
   endloop
 endfacet
 facet normal  0.000000e+00  0.000000e+00  1.000000e+00
   outer loop
     vertex  4.468500e+02  3.495000e+01 -2.814000e+01
     vertex  4.442725e+02  3.705850e+01 -2.814000e+01
     vertex  4.443664e+02  3.694393e+01 -2.814000e+01
   endloop
 endfacet
 facet normal  0.000000e+00  0.000000e+00  1.000000e+00
   outer loop
     vertex  4.468500e+02  3.495000e+01 -2.814000e+01
     vertex  4.441731e+02  3.716830e+01 -2.814000e+01
     vertex  4.442725e+02  3.705850e+01 -2.814000e+01
   endloop
 endfacet
 facet normal  0.000000e+00  0.000000e+00  1.000000e+00
   outer loop
     vertex  4.468500e+02  3.495000e+01 -2.814000e+01
     vertex  4.440683e+02  3.727305e+01 -2.814000e+01
     vertex  4.441731e+02  3.716830e+01 -2.814000e+01
   endloop
 endfacet
 facet normal  0.000000e+00  0.000000e+00  1.000000e+00
   outer loop
     vertex  4.468500e+02  3.495000e+01 -2.814000e+01
     vertex  4.447453e+02  3.630957e+01 -2.814000e+01
     vertex  4.466122e+02  3.495566e+01 -2.814000e+01
   endloop
 endfacet
 facet normal  0.000000e+00  0.000000e+00  1.000000e+00
   outer loop
     vertex  4.418500e+02  3.995000e+01 -2.814000e+01
     vertex  4.439585e+02  3.737251e+01 -2.814000e+01
     vertex  4.440683e+02  3.727305e+01 -2.814000e+01
   endloop
 endfacet
 facet normal  0.000000e+00  0.000000e+00  1.000000e+00
   outer loop
     vertex  4.418500e+02  3.995000e+01 -2.814000e+01
     vertex  4.438439e+02  3.746642e+01 -2.814000e+01
     vertex  4.439585e+02  3.737251e+01 -2.814000e+01
   endloop
 endfacet
 facet normal  0.000000e+00  0.000000e+00  1.000000e+00
   outer loop
     vertex  4.418500e+02  3.995000e+01 -2.814000e+01
     vertex  4.437249e+02  3.755456e+01 -2.814000e+01
     vertex  4.438439e+02  3.746642e+01 -2.814000e+01
   endloop
 endfacet
 facet normal  0.000000e+00  0.000000e+00  1.000000e+00
   outer loop
     vertex  4.418500e+02  3.995000e+01 -2.814000e+01
     vertex  4.436016e+02  3.763672e+01 -2.814000e+01
     vertex  4.437249e+02  3.755456e+01 -2.814000e+01
   endloop
 endfacet
 facet normal  0.000000e+00  0.000000e+00  1.000000e+00
   outer loop
     vertex  4.418500e+02  3.995000e+01 -2.814000e+01
     vertex  4.434744e+02  3.771269e+01 -2.814000e+01
     vertex  4.436016e+02  3.763672e+01 -2.814000e+01
   endloop
 endfacet
 facet normal  0.000000e+00  0.000000e+00  1.000000e+00
   outer loop
     vertex  4.418500e+02  3.995000e+01 -2.814000e+01
     vertex  4.433436e+02  3.778229e+01 -2.814000e+01
     vertex  4.434744e+02  3.771269e+01 -2.814000e+01
   endloop
 endfacet
 facet normal  0.000000e+00  0.000000e+00  1.000000e+00
   outer loop
     vertex  4.418500e+02  3.995000e+01 -2.814000e+01
     vertex  4.432096e+02  3.784535e+01 -2.814000e+01
     vertex  4.433436e+02  3.778229e+01 -2.814000e+01
   endloop
 endfacet
 facet normal  0.000000e+00  0.000000e+00  1.000000e+00
   outer loop
     vertex  4.418500e+02  3.995000e+01 -2.814000e+01
     vertex  4.418557e+02  3.971224e+01 -2.814000e+01
     vertex  4.432096e+02  3.784535e+01 -2.814000e+01
   endloop
 endfacet
 facet normal  0.000000e+00  0.000000e+00  1.000000e+00
   outer loop
     vertex  4.418500e+02  3.995000e+01 -2.814000e+01
     vertex  4.440683e+02  3.727305e+01 -2.814000e+01
     vertex  4.468500e+02  3.495000e+01 -2.814000e+01
   endloop
 endfacet
 facet normal  0.000000e+00  0.000000e+00  1.000000e+00
   outer loop
     vertex  4.971500e+02  3.495000e+01 -2.814000e+01
     vertex  4.418500e+02  3.995000e+01 -2.814000e+01
     vertex  4.468500e+02  3.495000e+01 -2.814000e+01
   endloop
 endfacet
 facet normal  0.000000e+00  0.000000e+00  1.000000e+00
   outer loop
     vertex  4.976401e+02  3.497408e+01 -2.814000e+01
     vertex  4.971500e+02  3.495000e+01 -2.814000e+01
     vertex  4.973953e+02  3.495602e+01 -2.814000e+01
   endloop
 endfacet
 facet normal  0.000000e+00  0.000000e+00  1.000000e+00
   outer loop
     vertex  4.419041e+02  9.098365e+01 -2.814000e+01
     vertex  4.418741e+02  9.074009e+01 -2.814000e+01
     vertex  4.418560e+02  9.049534e+01 -2.814000e+01
   endloop
 endfacet
 facet normal  0.000000e+00  0.000000e+00  1.000000e+00
   outer loop
     vertex  4.419461e+02  9.122545e+01 -2.814000e+01
     vertex  4.419041e+02  9.098365e+01 -2.814000e+01
     vertex  4.418560e+02  9.049534e+01 -2.814000e+01
   endloop
 endfacet
 facet normal  0.000000e+00  0.000000e+00  1.000000e+00
   outer loop
     vertex  4.981255e+02  3.504607e+01 -2.814000e+01
     vertex  4.976401e+02  3.497408e+01 -2.814000e+01
     vertex  4.978837e+02  3.500412e+01 -2.814000e+01
   endloop
 endfacet
 facet normal  0.000000e+00  0.000000e+00  1.000000e+00
   outer loop
     vertex  4.419998e+02  9.146490e+01 -2.814000e+01
     vertex  4.419461e+02  9.122545e+01 -2.814000e+01
     vertex  4.418560e+02  9.049534e+01 -2.814000e+01
   endloop
 endfacet
 facet normal  0.000000e+00  0.000000e+00  1.000000e+00
   outer loop
     vertex  4.420653e+02  9.170142e+01 -2.814000e+01
     vertex  4.419998e+02  9.146490e+01 -2.814000e+01
     vertex  4.418560e+02  9.049534e+01 -2.814000e+01
   endloop
 endfacet
 facet normal  0.000000e+00  0.000000e+00  1.000000e+00
   outer loop
     vertex  4.986014e+02  3.516530e+01 -2.814000e+01
     vertex  4.981255e+02  3.504607e+01 -2.814000e+01
     vertex  4.983649e+02  3.509984e+01 -2.814000e+01
   endloop
 endfacet
 facet normal  0.000000e+00  0.000000e+00  1.000000e+00
   outer loop
     vertex  4.421423e+02  9.193445e+01 -2.814000e+01
     vertex  4.418560e+02  9.049534e+01 -2.814000e+01
     vertex  4.418500e+02  9.025000e+01 -2.814000e+01
   endloop
 endfacet
 facet normal  0.000000e+00  0.000000e+00  1.000000e+00
   outer loop
     vertex  4.421423e+02  9.193445e+01 -2.814000e+01
     vertex  4.420653e+02  9.170142e+01 -2.814000e+01
     vertex  4.418560e+02  9.049534e+01 -2.814000e+01
   endloop
 endfacet
 facet normal  0.000000e+00  0.000000e+00  1.000000e+00
   outer loop
     vertex  4.988344e+02  3.524228e+01 -2.814000e+01
     vertex  4.976401e+02  3.497408e+01 -2.814000e+01
     vertex  4.981255e+02  3.504607e+01 -2.814000e+01
   endloop
 endfacet
 facet normal  0.000000e+00  0.000000e+00  1.000000e+00
   outer loop
     vertex  4.988344e+02  3.524228e+01 -2.814000e+01
     vertex  4.981255e+02  3.504607e+01 -2.814000e+01
     vertex  4.986014e+02  3.516530e+01 -2.814000e+01
   endloop
 endfacet
 facet normal  0.000000e+00  0.000000e+00  1.000000e+00
   outer loop
     vertex  4.423301e+02  9.238778e+01 -2.814000e+01
     vertex  4.422306e+02  9.216342e+01 -2.814000e+01
     vertex  4.421423e+02  9.193445e+01 -2.814000e+01
   endloop
 endfacet
 facet normal  0.000000e+00  0.000000e+00  1.000000e+00
   outer loop
     vertex  4.424404e+02  9.260698e+01 -2.814000e+01
     vertex  4.423301e+02  9.238778e+01 -2.814000e+01
     vertex  4.421423e+02  9.193445e+01 -2.814000e+01
   endloop
 endfacet
 facet normal  0.000000e+00  0.000000e+00  1.000000e+00
   outer loop
     vertex  4.424404e+02  9.260698e+01 -2.814000e+01
     vertex  4.421423e+02  9.193445e+01 -2.814000e+01
     vertex  4.418500e+02  9.025000e+01 -2.814000e+01
   endloop
 endfacet
 facet normal  0.000000e+00  0.000000e+00  1.000000e+00
   outer loop
     vertex  4.995070e+02  3.554039e+01 -2.814000e+01
     vertex  4.990634e+02  3.533060e+01 -2.814000e+01
     vertex  4.992878e+02  3.543005e+01 -2.814000e+01
   endloop
 endfacet
 facet normal  0.000000e+00  0.000000e+00  1.000000e+00
   outer loop
     vertex  4.997205e+02  3.566136e+01 -2.814000e+01
     vertex  4.976401e+02  3.497408e+01 -2.814000e+01
     vertex  4.988344e+02  3.524228e+01 -2.814000e+01
   endloop
 endfacet
 facet normal  0.000000e+00  0.000000e+00  1.000000e+00
   outer loop
     vertex  4.997205e+02  3.566136e+01 -2.814000e+01
     vertex  4.988344e+02  3.524228e+01 -2.814000e+01
     vertex  4.990634e+02  3.533060e+01 -2.814000e+01
   endloop
 endfacet
 facet normal  0.000000e+00  0.000000e+00  1.000000e+00
   outer loop
     vertex  4.997205e+02  3.566136e+01 -2.814000e+01
     vertex  4.990634e+02  3.533060e+01 -2.814000e+01
     vertex  4.995070e+02  3.554039e+01 -2.814000e+01
   endloop
 endfacet
 facet normal  0.000000e+00  0.000000e+00  1.000000e+00
   outer loop
     vertex  4.999279e+02  3.579265e+01 -2.814000e+01
     vertex  4.976401e+02  3.497408e+01 -2.814000e+01
     vertex  4.997205e+02  3.566136e+01 -2.814000e+01
   endloop
 endfacet
 facet normal  0.000000e+00  0.000000e+00  1.000000e+00
   outer loop
     vertex  4.428340e+02  9.322850e+01 -2.814000e+01
     vertex  4.425614e+02  9.282051e+01 -2.814000e+01
     vertex  4.424404e+02  9.260698e+01 -2.814000e+01
   endloop
 endfacet
 facet normal  0.000000e+00  0.000000e+00  1.000000e+00
   outer loop
     vertex  4.428340e+02  9.322850e+01 -2.814000e+01
     vertex  4.426927e+02  9.302785e+01 -2.814000e+01
     vertex  4.425614e+02  9.282051e+01 -2.814000e+01
   endloop
 endfacet
 facet normal  0.000000e+00  0.000000e+00  1.000000e+00
   outer loop
     vertex  5.001285e+02  3.593396e+01 -2.814000e+01
     vertex  4.971500e+02  3.495000e+01 -2.814000e+01
     vertex  4.976401e+02  3.497408e+01 -2.814000e+01
   endloop
 endfacet
 facet normal  0.000000e+00  0.000000e+00  1.000000e+00
   outer loop
     vertex  5.001285e+02  3.593396e+01 -2.814000e+01
     vertex  4.976401e+02  3.497408e+01 -2.814000e+01
     vertex  4.999279e+02  3.579265e+01 -2.814000e+01
   endloop
 endfacet
 facet normal  0.000000e+00  0.000000e+00  1.000000e+00
   outer loop
     vertex  4.431452e+02  9.360779e+01 -2.814000e+01
     vertex  4.429849e+02  9.342197e+01 -2.814000e+01
     vertex  4.428340e+02  9.322850e+01 -2.814000e+01
   endloop
 endfacet
 facet normal  0.000000e+00  0.000000e+00  1.000000e+00
   outer loop
     vertex  5.006855e+02  3.641447e+01 -2.814000e+01
     vertex  5.003220e+02  3.608495e+01 -2.814000e+01
     vertex  5.005078e+02  3.624524e+01 -2.814000e+01
   endloop
 endfacet
 facet normal  0.000000e+00  0.000000e+00  1.000000e+00
   outer loop
     vertex  5.006855e+02  3.641447e+01 -2.814000e+01
     vertex  5.001285e+02  3.593396e+01 -2.814000e+01
     vertex  5.003220e+02  3.608495e+01 -2.814000e+01
   endloop
 endfacet
 facet normal  0.000000e+00  0.000000e+00  1.000000e+00
   outer loop
     vertex  5.006855e+02  3.641447e+01 -2.814000e+01
     vertex  4.971500e+02  3.495000e+01 -2.814000e+01
     vertex  5.001285e+02  3.593396e+01 -2.814000e+01
   endloop
 endfacet
 facet normal  0.000000e+00  0.000000e+00  1.000000e+00
   outer loop
     vertex  4.434922e+02  9.395476e+01 -2.814000e+01
     vertex  4.433145e+02  9.378553e+01 -2.814000e+01
     vertex  4.431452e+02  9.360779e+01 -2.814000e+01
   endloop
 endfacet
 facet normal  0.000000e+00  0.000000e+00  1.000000e+00
   outer loop
     vertex  4.434922e+02  9.395476e+01 -2.814000e+01
     vertex  4.428340e+02  9.322850e+01 -2.814000e+01
     vertex  4.424404e+02  9.260698e+01 -2.814000e+01
   endloop
 endfacet
 facet normal  0.000000e+00  0.000000e+00  1.000000e+00
   outer loop
     vertex  4.434922e+02  9.395476e+01 -2.814000e+01
     vertex  4.424404e+02  9.260698e+01 -2.814000e+01
     vertex  4.418500e+02  9.025000e+01 -2.814000e+01
   endloop
 endfacet
 facet normal  0.000000e+00  0.000000e+00  1.000000e+00
   outer loop
     vertex  4.434922e+02  9.395476e+01 -2.814000e+01
     vertex  4.431452e+02  9.360779e+01 -2.814000e+01
     vertex  4.428340e+02  9.322850e+01 -2.814000e+01
   endloop
 endfacet
 facet normal  0.000000e+00  0.000000e+00  1.000000e+00
   outer loop
     vertex  5.008548e+02  3.659221e+01 -2.814000e+01
     vertex  4.971500e+02  3.495000e+01 -2.814000e+01
     vertex  5.006855e+02  3.641447e+01 -2.814000e+01
   endloop
 endfacet
 facet normal  0.000000e+00  0.000000e+00  1.000000e+00
   outer loop
     vertex  5.011660e+02  3.697150e+01 -2.814000e+01
     vertex  5.008548e+02  3.659221e+01 -2.814000e+01
     vertex  5.010151e+02  3.677803e+01 -2.814000e+01
   endloop
 endfacet
 facet normal  0.000000e+00  0.000000e+00  1.000000e+00
   outer loop
     vertex  5.011660e+02  3.697150e+01 -2.814000e+01
     vertex  4.971500e+02  3.495000e+01 -2.814000e+01
     vertex  5.008548e+02  3.659221e+01 -2.814000e+01
   endloop
 endfacet
 facet normal  0.000000e+00  0.000000e+00  1.000000e+00
   outer loop
     vertex  4.442795e+02  9.453864e+01 -2.814000e+01
     vertex  4.436780e+02  9.411505e+01 -2.814000e+01
     vertex  4.434922e+02  9.395476e+01 -2.814000e+01
   endloop
 endfacet
 facet normal  0.000000e+00  0.000000e+00  1.000000e+00
   outer loop
     vertex  4.442795e+02  9.453864e+01 -2.814000e+01
     vertex  4.438715e+02  9.426604e+01 -2.814000e+01
     vertex  4.436780e+02  9.411505e+01 -2.814000e+01
   endloop
 endfacet
 facet normal  0.000000e+00  0.000000e+00  1.000000e+00
   outer loop
     vertex  4.442795e+02  9.453864e+01 -2.814000e+01
     vertex  4.440721e+02  9.440735e+01 -2.814000e+01
     vertex  4.438715e+02  9.426604e+01 -2.814000e+01
   endloop
 endfacet
 facet normal  0.000000e+00  0.000000e+00  1.000000e+00
   outer loop
     vertex  4.444930e+02  9.465961e+01 -2.814000e+01
     vertex  4.442795e+02  9.453864e+01 -2.814000e+01
     vertex  4.434922e+02  9.395476e+01 -2.814000e+01
   endloop
 endfacet
 facet normal  0.000000e+00  0.000000e+00  1.000000e+00
   outer loop
     vertex  5.015596e+02  3.759302e+01 -2.814000e+01
     vertex  4.971500e+02  3.495000e+01 -2.814000e+01
     vertex  5.011660e+02  3.697150e+01 -2.814000e+01
   endloop
 endfacet
 facet normal  0.000000e+00  0.000000e+00  1.000000e+00
   outer loop
     vertex  5.015596e+02  3.759302e+01 -2.814000e+01
     vertex  5.013073e+02  3.717215e+01 -2.814000e+01
     vertex  5.014386e+02  3.737949e+01 -2.814000e+01
   endloop
 endfacet
 facet normal  0.000000e+00  0.000000e+00  1.000000e+00
   outer loop
     vertex  5.015596e+02  3.759302e+01 -2.814000e+01
     vertex  5.011660e+02  3.697150e+01 -2.814000e+01
     vertex  5.013073e+02  3.717215e+01 -2.814000e+01
   endloop
 endfacet
 facet normal  0.000000e+00  0.000000e+00  1.000000e+00
   outer loop
     vertex  4.447122e+02  9.476995e+01 -2.814000e+01
     vertex  4.444930e+02  9.465961e+01 -2.814000e+01
     vertex  4.434922e+02  9.395476e+01 -2.814000e+01
   endloop
 endfacet
 facet normal  0.000000e+00  0.000000e+00  1.000000e+00
   outer loop
     vertex  4.447122e+02  9.476995e+01 -2.814000e+01
     vertex  4.434922e+02  9.395476e+01 -2.814000e+01
     vertex  4.418500e+02  9.025000e+01 -2.814000e+01
   endloop
 endfacet
 facet normal  0.000000e+00  0.000000e+00  1.000000e+00
   outer loop
     vertex  5.016699e+02  3.781222e+01 -2.814000e+01
     vertex  4.971500e+02  3.495000e+01 -2.814000e+01
     vertex  5.015596e+02  3.759302e+01 -2.814000e+01
   endloop
 endfacet
 facet normal  0.000000e+00  0.000000e+00  1.000000e+00
   outer loop
     vertex  4.449366e+02  9.486940e+01 -2.814000e+01
     vertex  4.447122e+02  9.476995e+01 -2.814000e+01
     vertex  4.418500e+02  9.025000e+01 -2.814000e+01
   endloop
 endfacet
 facet normal  0.000000e+00  0.000000e+00  1.000000e+00
   outer loop
     vertex  5.018577e+02  3.826555e+01 -2.814000e+01
     vertex  4.971500e+02  3.495000e+01 -2.814000e+01
     vertex  5.016699e+02  3.781222e+01 -2.814000e+01
   endloop
 endfacet
 facet normal  0.000000e+00  0.000000e+00  1.000000e+00
   outer loop
     vertex  5.018577e+02  3.826555e+01 -2.814000e+01
     vertex  5.016699e+02  3.781222e+01 -2.814000e+01
     vertex  5.017694e+02  3.803658e+01 -2.814000e+01
   endloop
 endfacet
 facet normal  0.000000e+00  0.000000e+00  1.000000e+00
   outer loop
     vertex  4.453986e+02  9.503470e+01 -2.814000e+01
     vertex  4.449366e+02  9.486940e+01 -2.814000e+01
     vertex  4.418500e+02  9.025000e+01 -2.814000e+01
   endloop
 endfacet
 facet normal  0.000000e+00  0.000000e+00  1.000000e+00
   outer loop
     vertex  4.453986e+02  9.503470e+01 -2.814000e+01
     vertex  4.451656e+02  9.495772e+01 -2.814000e+01
     vertex  4.449366e+02  9.486940e+01 -2.814000e+01
   endloop
 endfacet
 facet normal  0.000000e+00  0.000000e+00  1.000000e+00
   outer loop
     vertex  4.456351e+02  9.510016e+01 -2.814000e+01
     vertex  4.453986e+02  9.503470e+01 -2.814000e+01
     vertex  4.418500e+02  9.025000e+01 -2.814000e+01
   endloop
 endfacet
 facet normal  0.000000e+00  0.000000e+00  1.000000e+00
   outer loop
     vertex  4.461163e+02  9.519588e+01 -2.814000e+01
     vertex  4.458745e+02  9.515393e+01 -2.814000e+01
     vertex  4.456351e+02  9.510016e+01 -2.814000e+01
   endloop
 endfacet
 facet normal  0.000000e+00  0.000000e+00  1.000000e+00
   outer loop
     vertex  4.461163e+02  9.519588e+01 -2.814000e+01
     vertex  4.456351e+02  9.510016e+01 -2.814000e+01
     vertex  4.418500e+02  9.025000e+01 -2.814000e+01
   endloop
 endfacet
 facet normal  0.000000e+00  0.000000e+00  1.000000e+00
   outer loop
     vertex  5.020959e+02  3.921635e+01 -2.814000e+01
     vertex  4.971500e+02  3.495000e+01 -2.814000e+01
     vertex  5.018577e+02  3.826555e+01 -2.814000e+01
   endloop
 endfacet
 facet normal  0.000000e+00  0.000000e+00  1.000000e+00
   outer loop
     vertex  5.020959e+02  3.921635e+01 -2.814000e+01
     vertex  5.020002e+02  3.873510e+01 -2.814000e+01
     vertex  5.020539e+02  3.897455e+01 -2.814000e+01
   endloop
 endfacet
 facet normal  0.000000e+00  0.000000e+00  1.000000e+00
   outer loop
     vertex  5.020959e+02  3.921635e+01 -2.814000e+01
     vertex  5.019347e+02  3.849858e+01 -2.814000e+01
     vertex  5.020002e+02  3.873510e+01 -2.814000e+01
   endloop
 endfacet
 facet normal  0.000000e+00  0.000000e+00  1.000000e+00
   outer loop
     vertex  5.020959e+02  3.921635e+01 -2.814000e+01
     vertex  5.018577e+02  3.826555e+01 -2.814000e+01
     vertex  5.019347e+02  3.849858e+01 -2.814000e+01
   endloop
 endfacet
 facet normal  0.000000e+00  0.000000e+00  1.000000e+00
   outer loop
     vertex  5.021500e+02  3.995000e+01 -2.814000e+01
     vertex  4.971500e+02  3.495000e+01 -2.814000e+01
     vertex  5.020959e+02  3.921635e+01 -2.814000e+01
   endloop
 endfacet
 facet normal  0.000000e+00  0.000000e+00  1.000000e+00
   outer loop
     vertex  5.021500e+02  3.995000e+01 -2.814000e+01
     vertex  5.021259e+02  3.945991e+01 -2.814000e+01
     vertex  5.021440e+02  3.970466e+01 -2.814000e+01
   endloop
 endfacet
 facet normal  0.000000e+00  0.000000e+00  1.000000e+00
   outer loop
     vertex  5.021500e+02  3.995000e+01 -2.814000e+01
     vertex  5.020959e+02  3.921635e+01 -2.814000e+01
     vertex  5.021259e+02  3.945991e+01 -2.814000e+01
   endloop
 endfacet
 facet normal  0.000000e+00  0.000000e+00  1.000000e+00
   outer loop
     vertex  4.468500e+02  9.525000e+01 -2.814000e+01
     vertex  4.461163e+02  9.519588e+01 -2.814000e+01
     vertex  4.418500e+02  9.025000e+01 -2.814000e+01
   endloop
 endfacet
 facet normal  0.000000e+00  0.000000e+00  1.000000e+00
   outer loop
     vertex  4.468500e+02  9.525000e+01 -2.814000e+01
     vertex  4.463599e+02  9.522592e+01 -2.814000e+01
     vertex  4.461163e+02  9.519588e+01 -2.814000e+01
   endloop
 endfacet
 facet normal  0.000000e+00  0.000000e+00  1.000000e+00
   outer loop
     vertex  4.468500e+02  9.525000e+01 -2.814000e+01
     vertex  4.466047e+02  9.524398e+01 -2.814000e+01
     vertex  4.463599e+02  9.522592e+01 -2.814000e+01
   endloop
 endfacet
 facet normal  0.000000e+00  0.000000e+00  1.000000e+00
   outer loop
     vertex  4.971500e+02  9.525000e+01 -2.814000e+01
     vertex  4.418500e+02  9.025000e+01 -2.814000e+01
     vertex  4.418500e+02  3.995000e+01 -2.814000e+01
   endloop
 endfacet
 facet normal  0.000000e+00  0.000000e+00  1.000000e+00
   outer loop
     vertex  4.971500e+02  9.525000e+01 -2.814000e+01
     vertex  4.418500e+02  3.995000e+01 -2.814000e+01
     vertex  4.971500e+02  3.495000e+01 -2.814000e+01
   endloop
 endfacet
 facet normal  0.000000e+00  0.000000e+00  1.000000e+00
   outer loop
     vertex  4.971500e+02  9.525000e+01 -2.814000e+01
     vertex  4.971500e+02  3.495000e+01 -2.814000e+01
     vertex  5.021500e+02  3.995000e+01 -2.814000e+01
   endloop
 endfacet
 facet normal  0.000000e+00  0.000000e+00  1.000000e+00
   outer loop
     vertex  4.971500e+02  9.525000e+01 -2.814000e+01
     vertex  4.468500e+02  9.525000e+01 -2.814000e+01
     vertex  4.418500e+02  9.025000e+01 -2.814000e+01
   endloop
 endfacet
 facet normal  0.000000e+00  0.000000e+00  1.000000e+00
   outer loop
     vertex  4.971500e+02  9.525000e+01 -2.814000e+01
     vertex  5.021500e+02  3.995000e+01 -2.814000e+01
     vertex  5.021500e+02  9.025000e+01 -2.814000e+01
   endloop
 endfacet
 facet normal  0.000000e+00  0.000000e+00  1.000000e+00
   outer loop
     vertex  5.021259e+02  9.074009e+01 -2.814000e+01
     vertex  5.021500e+02  9.025000e+01 -2.814000e+01
     vertex  5.021440e+02  9.049534e+01 -2.814000e+01
   endloop
 endfacet
 facet normal  0.000000e+00  0.000000e+00  1.000000e+00
   outer loop
     vertex  4.978837e+02  9.519588e+01 -2.814000e+01
     vertex  4.976401e+02  9.522592e+01 -2.814000e+01
     vertex  4.973953e+02  9.524398e+01 -2.814000e+01
   endloop
 endfacet
 facet normal  0.000000e+00  0.000000e+00  1.000000e+00
   outer loop
     vertex  5.020539e+02  9.122545e+01 -2.814000e+01
     vertex  5.021259e+02  9.074009e+01 -2.814000e+01
     vertex  5.020959e+02  9.098365e+01 -2.814000e+01
   endloop
 endfacet
 facet normal  0.000000e+00  0.000000e+00  1.000000e+00
   outer loop
     vertex  5.020002e+02  9.146490e+01 -2.814000e+01
     vertex  4.973953e+02  9.524398e+01 -2.814000e+01
     vertex  4.971500e+02  9.525000e+01 -2.814000e+01
   endloop
 endfacet
 facet normal  0.000000e+00  0.000000e+00  1.000000e+00
   outer loop
     vertex  5.020002e+02  9.146490e+01 -2.814000e+01
     vertex  4.971500e+02  9.525000e+01 -2.814000e+01
     vertex  5.021500e+02  9.025000e+01 -2.814000e+01
   endloop
 endfacet
 facet normal  0.000000e+00  0.000000e+00  1.000000e+00
   outer loop
     vertex  5.020002e+02  9.146490e+01 -2.814000e+01
     vertex  4.978837e+02  9.519588e+01 -2.814000e+01
     vertex  4.973953e+02  9.524398e+01 -2.814000e+01
   endloop
 endfacet
 facet normal  0.000000e+00  0.000000e+00  1.000000e+00
   outer loop
     vertex  5.020002e+02  9.146490e+01 -2.814000e+01
     vertex  5.021500e+02  9.025000e+01 -2.814000e+01
     vertex  5.021259e+02  9.074009e+01 -2.814000e+01
   endloop
 endfacet
 facet normal  0.000000e+00  0.000000e+00  1.000000e+00
   outer loop
     vertex  5.020002e+02  9.146490e+01 -2.814000e+01
     vertex  5.021259e+02  9.074009e+01 -2.814000e+01
     vertex  5.020539e+02  9.122545e+01 -2.814000e+01
   endloop
 endfacet
 facet normal  0.000000e+00  0.000000e+00  1.000000e+00
   outer loop
     vertex  4.983649e+02  9.510016e+01 -2.814000e+01
     vertex  4.981255e+02  9.515393e+01 -2.814000e+01
     vertex  4.978837e+02  9.519588e+01 -2.814000e+01
   endloop
 endfacet
 facet normal  0.000000e+00  0.000000e+00  1.000000e+00
   outer loop
     vertex  4.983649e+02  9.510016e+01 -2.814000e+01
     vertex  4.978837e+02  9.519588e+01 -2.814000e+01
     vertex  5.020002e+02  9.146490e+01 -2.814000e+01
   endloop
 endfacet
 facet normal  0.000000e+00  0.000000e+00  1.000000e+00
   outer loop
     vertex  5.018577e+02  9.193445e+01 -2.814000e+01
     vertex  5.020002e+02  9.146490e+01 -2.814000e+01
     vertex  5.019347e+02  9.170142e+01 -2.814000e+01
   endloop
 endfacet
 facet normal  0.000000e+00  0.000000e+00  1.000000e+00
   outer loop
     vertex  4.988344e+02  9.495772e+01 -2.814000e+01
     vertex  4.986014e+02  9.503470e+01 -2.814000e+01
     vertex  4.983649e+02  9.510016e+01 -2.814000e+01
   endloop
 endfacet
 facet normal  0.000000e+00  0.000000e+00  1.000000e+00
   outer loop
     vertex  4.988344e+02  9.495772e+01 -2.814000e+01
     vertex  4.983649e+02  9.510016e+01 -2.814000e+01
     vertex  5.020002e+02  9.146490e+01 -2.814000e+01
   endloop
 endfacet
 facet normal  0.000000e+00  0.000000e+00  1.000000e+00
   outer loop
     vertex  4.988344e+02  9.495772e+01 -2.814000e+01
     vertex  5.020002e+02  9.146490e+01 -2.814000e+01
     vertex  5.018577e+02  9.193445e+01 -2.814000e+01
   endloop
 endfacet
 facet normal  0.000000e+00  0.000000e+00  1.000000e+00
   outer loop
     vertex  4.992878e+02  9.476995e+01 -2.814000e+01
     vertex  4.988344e+02  9.495772e+01 -2.814000e+01
     vertex  5.018577e+02  9.193445e+01 -2.814000e+01
   endloop
 endfacet
 facet normal  0.000000e+00  0.000000e+00  1.000000e+00
   outer loop
     vertex  4.992878e+02  9.476995e+01 -2.814000e+01
     vertex  4.990634e+02  9.486940e+01 -2.814000e+01
     vertex  4.988344e+02  9.495772e+01 -2.814000e+01
   endloop
 endfacet
 facet normal  0.000000e+00  0.000000e+00  1.000000e+00
   outer loop
     vertex  4.992878e+02  9.476995e+01 -2.814000e+01
     vertex  5.018577e+02  9.193445e+01 -2.814000e+01
     vertex  5.017694e+02  9.216342e+01 -2.814000e+01
   endloop
 endfacet
 facet normal  0.000000e+00  0.000000e+00  1.000000e+00
   outer loop
     vertex  5.015596e+02  9.260698e+01 -2.814000e+01
     vertex  5.017694e+02  9.216342e+01 -2.814000e+01
     vertex  5.016699e+02  9.238778e+01 -2.814000e+01
   endloop
 endfacet
 facet normal  0.000000e+00  0.000000e+00  1.000000e+00
   outer loop
     vertex  5.014386e+02  9.282051e+01 -2.814000e+01
     vertex  4.995070e+02  9.465961e+01 -2.814000e+01
     vertex  4.992878e+02  9.476995e+01 -2.814000e+01
   endloop
 endfacet
 facet normal  0.000000e+00  0.000000e+00  1.000000e+00
   outer loop
     vertex  5.014386e+02  9.282051e+01 -2.814000e+01
     vertex  4.992878e+02  9.476995e+01 -2.814000e+01
     vertex  5.017694e+02  9.216342e+01 -2.814000e+01
   endloop
 endfacet
 facet normal  0.000000e+00  0.000000e+00  1.000000e+00
   outer loop
     vertex  5.014386e+02  9.282051e+01 -2.814000e+01
     vertex  5.017694e+02  9.216342e+01 -2.814000e+01
     vertex  5.015596e+02  9.260698e+01 -2.814000e+01
   endloop
 endfacet
 facet normal  0.000000e+00  0.000000e+00  1.000000e+00
   outer loop
     vertex  5.013073e+02  9.302785e+01 -2.814000e+01
     vertex  4.995070e+02  9.465961e+01 -2.814000e+01
     vertex  5.014386e+02  9.282051e+01 -2.814000e+01
   endloop
 endfacet
 facet normal  0.000000e+00  0.000000e+00  1.000000e+00
   outer loop
     vertex  5.011660e+02  9.322850e+01 -2.814000e+01
     vertex  4.997205e+02  9.453864e+01 -2.814000e+01
     vertex  4.995070e+02  9.465961e+01 -2.814000e+01
   endloop
 endfacet
 facet normal  0.000000e+00  0.000000e+00  1.000000e+00
   outer loop
     vertex  5.011660e+02  9.322850e+01 -2.814000e+01
     vertex  4.995070e+02  9.465961e+01 -2.814000e+01
     vertex  5.013073e+02  9.302785e+01 -2.814000e+01
   endloop
 endfacet
 facet normal  0.000000e+00  0.000000e+00  1.000000e+00
   outer loop
     vertex  5.010151e+02  9.342197e+01 -2.814000e+01
     vertex  4.999279e+02  9.440735e+01 -2.814000e+01
     vertex  4.997205e+02  9.453864e+01 -2.814000e+01
   endloop
 endfacet
 facet normal  0.000000e+00  0.000000e+00  1.000000e+00
   outer loop
     vertex  5.010151e+02  9.342197e+01 -2.814000e+01
     vertex  4.997205e+02  9.453864e+01 -2.814000e+01
     vertex  5.011660e+02  9.322850e+01 -2.814000e+01
   endloop
 endfacet
 facet normal  0.000000e+00  0.000000e+00  1.000000e+00
   outer loop
     vertex  5.010151e+02  9.342197e+01 -2.814000e+01
     vertex  5.001285e+02  9.426604e+01 -2.814000e+01
     vertex  4.999279e+02  9.440735e+01 -2.814000e+01
   endloop
 endfacet
 facet normal  0.000000e+00  0.000000e+00  1.000000e+00
   outer loop
     vertex  5.005078e+02  9.395476e+01 -2.814000e+01
     vertex  5.001285e+02  9.426604e+01 -2.814000e+01
     vertex  5.010151e+02  9.342197e+01 -2.814000e+01
   endloop
 endfacet
 facet normal  0.000000e+00  0.000000e+00  1.000000e+00
   outer loop
     vertex  5.005078e+02  9.395476e+01 -2.814000e+01
     vertex  5.010151e+02  9.342197e+01 -2.814000e+01
     vertex  5.008548e+02  9.360779e+01 -2.814000e+01
   endloop
 endfacet
 facet normal  0.000000e+00  0.000000e+00  1.000000e+00
   outer loop
     vertex  5.005078e+02  9.395476e+01 -2.814000e+01
     vertex  5.003220e+02  9.411505e+01 -2.814000e+01
     vertex  5.001285e+02  9.426604e+01 -2.814000e+01
   endloop
 endfacet
 facet normal  0.000000e+00  0.000000e+00  1.000000e+00
   outer loop
     vertex  5.006855e+02  9.378553e+01 -2.814000e+01
     vertex  5.005078e+02  9.395476e+01 -2.814000e+01
     vertex  5.008548e+02  9.360779e+01 -2.814000e+01
   endloop
 endfacet
 facet normal -9.997172e-01 -2.378273e-02  0.000000e+00
   outer loop
     vertex  4.418557e+02  3.971224e+01 -2.814000e+01
     vertex  4.418500e+02  3.995000e+01 -2.814000e+01
     vertex  4.418500e+02  3.995000e+01 -3.814000e+01
   endloop
 endfacet
 facet normal -9.996988e-01 -2.454123e-02 -1.804452e-05
   outer loop
     vertex  4.418557e+02  3.971224e+01 -2.814000e+01
     vertex  4.418500e+02  3.995000e+01 -3.814000e+01
     vertex  4.418560e+02  3.970466e+01 -3.814000e+01
   endloop
 endfacet
 facet normal -9.972905e-01 -7.356456e-02 -3.493803e-05
   outer loop
     vertex  4.418726e+02  3.947502e+01 -2.814000e+01
     vertex  4.418560e+02  3.970466e+01 -3.814000e+01
     vertex  4.418741e+02  3.945991e+01 -3.814000e+01
   endloop
 endfacet
 facet normal -9.974553e-01 -7.129437e-02  1.746902e-05
   outer loop
     vertex  4.418726e+02  3.947502e+01 -2.814000e+01
     vertex  4.418557e+02  3.971224e+01 -2.814000e+01
     vertex  4.418560e+02  3.970466e+01 -3.814000e+01
   endloop
 endfacet
 facet normal -9.924795e-01 -1.224107e-01 -5.068048e-05
   outer loop
     vertex  4.419008e+02  3.923887e+01 -2.814000e+01
     vertex  4.418741e+02  3.945991e+01 -3.814000e+01
     vertex  4.419041e+02  3.921635e+01 -3.814000e+01
   endloop
 endfacet
 facet normal -9.929368e-01 -1.186447e-01  3.378700e-05
   outer loop
     vertex  4.419008e+02  3.923887e+01 -2.814000e+01
     vertex  4.418726e+02  3.947502e+01 -2.814000e+01
     vertex  4.418741e+02  3.945991e+01 -3.814000e+01
   endloop
 endfacet
 facet normal -9.852776e-01 -1.709619e-01 -6.527183e-05
   outer loop
     vertex  4.419402e+02  3.900433e+01 -2.814000e+01
     vertex  4.419041e+02  3.921635e+01 -3.814000e+01
     vertex  4.419461e+02  3.897455e+01 -3.814000e+01
   endloop
 endfacet
 facet normal -9.861717e-01 -1.657266e-01  4.895391e-05
   outer loop
     vertex  4.419402e+02  3.900433e+01 -2.814000e+01
     vertex  4.419008e+02  3.923887e+01 -2.814000e+01
     vertex  4.419041e+02  3.921635e+01 -3.814000e+01
   endloop
 endfacet
 facet normal -9.757021e-01 -2.191012e-01 -7.871206e-05
   outer loop
     vertex  4.419908e+02  3.877193e+01 -2.814000e+01
     vertex  4.419461e+02  3.897455e+01 -3.814000e+01
     vertex  4.419998e+02  3.873510e+01 -3.814000e+01
   endloop
 endfacet
 facet normal -9.771755e-01 -2.124336e-01  6.296970e-05
   outer loop
     vertex  4.419908e+02  3.877193e+01 -2.814000e+01
     vertex  4.419402e+02  3.900433e+01 -2.814000e+01
     vertex  4.419461e+02  3.897455e+01 -3.814000e+01
   endloop
 endfacet
 facet normal -9.637761e-01 -2.667128e-01 -9.100113e-05
   outer loop
     vertex  4.420523e+02  3.854220e+01 -2.814000e+01
     vertex  4.419998e+02  3.873510e+01 -3.814000e+01
     vertex  4.420653e+02  3.849858e+01 -3.814000e+01
   endloop
 endfacet
 facet normal -9.659684e-01 -2.586599e-01  7.583435e-05
   outer loop
     vertex  4.420523e+02  3.854220e+01 -2.814000e+01
     vertex  4.419908e+02  3.877193e+01 -2.814000e+01
     vertex  4.419998e+02  3.873510e+01 -3.814000e+01
   endloop
 endfacet
 facet normal -9.495282e-01 -3.136817e-01 -1.021390e-04
   outer loop
     vertex  4.421247e+02  3.831565e+01 -2.814000e+01
     vertex  4.420653e+02  3.849858e+01 -3.814000e+01
     vertex  4.421423e+02  3.826555e+01 -3.814000e+01
   endloop
 endfacet
 facet normal -9.525759e-01 -3.043010e-01  8.754783e-05
   outer loop
     vertex  4.421247e+02  3.831565e+01 -2.814000e+01
     vertex  4.420523e+02  3.854220e+01 -2.814000e+01
     vertex  4.420653e+02  3.849858e+01 -3.814000e+01
   endloop
 endfacet
 facet normal -9.367262e-01 -3.500628e-01  1.026960e-04
   outer loop
     vertex  4.422077e+02  3.809280e+01 -3.014000e+01
     vertex  4.421247e+02  3.831565e+01 -2.814000e+01
     vertex  4.421423e+02  3.826555e+01 -3.814000e+01
   endloop
 endfacet
 facet normal -9.329928e-01 -3.598950e-01 -1.401571e-04
   outer loop
     vertex  4.422077e+02  3.809280e+01 -3.014000e+01
     vertex  4.421423e+02  3.826555e+01 -3.814000e+01
     vertex  4.422306e+02  3.803658e+01 -3.814000e+01
   endloop
 endfacet
 facet normal -9.370282e-01 -3.492537e-01  3.440954e-13
   outer loop
     vertex  4.422077e+02  3.809280e+01 -2.814000e+01
     vertex  4.421247e+02  3.831565e+01 -2.814000e+01
     vertex  4.422077e+02  3.809280e+01 -3.014000e+01
   endloop
 endfacet
 facet normal -9.142097e-01 -4.052413e-01 -1.508047e-04
   outer loop
     vertex  4.423014e+02  3.787389e+01 -3.014000e+01
     vertex  4.422306e+02  3.803658e+01 -3.814000e+01
     vertex  4.423301e+02  3.781222e+01 -3.814000e+01
   endloop
 endfacet
 facet normal -9.193490e-01 -3.934429e-01  1.346220e-04
   outer loop
     vertex  4.423014e+02  3.787389e+01 -3.014000e+01
     vertex  4.422077e+02  3.809280e+01 -3.014000e+01
     vertex  4.422306e+02  3.803658e+01 -3.814000e+01
   endloop
 endfacet
 facet normal -8.995747e-01 -4.367670e-01  1.446042e-04
   outer loop
     vertex  4.424054e+02  3.765968e+01 -3.014000e+01
     vertex  4.423014e+02  3.787389e+01 -3.014000e+01
     vertex  4.423301e+02  3.781222e+01 -3.814000e+01
   endloop
 endfacet
 facet normal -8.932243e-01 -4.496113e-01 -1.601215e-04
   outer loop
     vertex  4.424054e+02  3.765968e+01 -3.014000e+01
     vertex  4.423301e+02  3.781222e+01 -3.814000e+01
     vertex  4.424404e+02  3.759302e+01 -3.814000e+01
   endloop
 endfacet
 facet normal -8.700870e-01 -4.928982e-01 -1.681073e-04
   outer loop
     vertex  4.425195e+02  3.745067e+01 -3.014000e+01
     vertex  4.424404e+02  3.759302e+01 -3.814000e+01
     vertex  4.425614e+02  3.737949e+01 -3.814000e+01
   endloop
 endfacet
 facet normal -8.777600e-01 -4.791005e-01  1.532554e-04
   outer loop
     vertex  4.425195e+02  3.745067e+01 -3.014000e+01
     vertex  4.424054e+02  3.765968e+01 -3.014000e+01
     vertex  4.424404e+02  3.759302e+01 -3.814000e+01
   endloop
 endfacet
 facet normal -8.448536e-01 -5.349976e-01 -1.747621e-04
   outer loop
     vertex  4.426434e+02  3.724733e+01 -3.014000e+01
     vertex  4.425614e+02  3.737949e+01 -3.814000e+01
     vertex  4.426927e+02  3.717215e+01 -3.814000e+01
   endloop
 endfacet
 facet normal -8.539546e-01 -5.203474e-01  1.605758e-04
   outer loop
     vertex  4.426434e+02  3.724733e+01 -3.014000e+01
     vertex  4.425195e+02  3.745067e+01 -3.014000e+01
     vertex  4.425614e+02  3.737949e+01 -3.814000e+01
   endloop
 endfacet
 facet normal -8.175848e-01 -5.758082e-01 -1.800860e-04
   outer loop
     vertex  4.427768e+02  3.705012e+01 -3.014000e+01
     vertex  4.426927e+02  3.717215e+01 -3.814000e+01
     vertex  4.428340e+02  3.697150e+01 -3.814000e+01
   endloop
 endfacet
 facet normal -8.282125e-01 -5.604142e-01  1.665652e-04
   outer loop
     vertex  4.427768e+02  3.705012e+01 -3.014000e+01
     vertex  4.426434e+02  3.724733e+01 -3.014000e+01
     vertex  4.426927e+02  3.717215e+01 -3.814000e+01
   endloop
 endfacet
 facet normal -7.883464e-01 -6.152316e-01 -1.840790e-04
   outer loop
     vertex  4.429195e+02  3.685948e+01 -3.014000e+01
     vertex  4.428340e+02  3.697150e+01 -3.814000e+01
     vertex  4.429849e+02  3.677803e+01 -3.814000e+01
   endloop
 endfacet
 facet normal -8.005919e-01 -5.992100e-01  1.712236e-04
   outer loop
     vertex  4.429195e+02  3.685948e+01 -3.014000e+01
     vertex  4.427768e+02  3.705012e+01 -3.014000e+01
     vertex  4.428340e+02  3.697150e+01 -3.814000e+01
   endloop
 endfacet
 facet normal -7.572088e-01 -6.531728e-01 -1.867410e-04
   outer loop
     vertex  4.430711e+02  3.667586e+01 -3.014000e+01
     vertex  4.429849e+02  3.677803e+01 -3.814000e+01
     vertex  4.431452e+02  3.659221e+01 -3.814000e+01
   endloop
 endfacet
 facet normal -7.711556e-01 -6.366467e-01  1.745510e-04
   outer loop
     vertex  4.430711e+02  3.667586e+01 -3.014000e+01
     vertex  4.429195e+02  3.685948e+01 -3.014000e+01
     vertex  4.429849e+02  3.677803e+01 -3.814000e+01
   endloop
 endfacet
 facet normal -7.242471e-01 -6.895405e-01 -1.880719e-04
   outer loop
     vertex  4.432313e+02  3.649966e+01 -3.014000e+01
     vertex  4.431452e+02  3.659221e+01 -3.814000e+01
     vertex  4.433145e+02  3.641447e+01 -3.814000e+01
   endloop
 endfacet
 facet normal -7.399703e-01 -6.726395e-01  1.765475e-04
   outer loop
     vertex  4.432313e+02  3.649966e+01 -3.014000e+01
     vertex  4.430711e+02  3.667586e+01 -3.014000e+01
     vertex  4.431452e+02  3.659221e+01 -3.814000e+01
   endloop
 endfacet
 facet normal -6.895405e-01 -7.242471e-01 -1.880719e-04
   outer loop
     vertex  4.433997e+02  3.633128e+01 -3.014000e+01
     vertex  4.433145e+02  3.641447e+01 -3.814000e+01
     vertex  4.434922e+02  3.624524e+01 -3.814000e+01
   endloop
 endfacet
 facet normal -7.071068e-01 -7.071068e-01  1.772130e-04
   outer loop
     vertex  4.433997e+02  3.633128e+01 -3.014000e+01
     vertex  4.432313e+02  3.649966e+01 -3.014000e+01
     vertex  4.433145e+02  3.641447e+01 -3.814000e+01
   endloop
 endfacet
 facet normal -6.531728e-01 -7.572088e-01 -1.867410e-04
   outer loop
     vertex  4.435759e+02  3.617111e+01 -3.014000e+01
     vertex  4.434922e+02  3.624524e+01 -3.814000e+01
     vertex  4.436780e+02  3.608495e+01 -3.814000e+01
   endloop
 endfacet
 facet normal -6.726395e-01 -7.399703e-01  1.765475e-04
   outer loop
     vertex  4.435759e+02  3.617111e+01 -3.014000e+01
     vertex  4.433997e+02  3.633128e+01 -3.014000e+01
     vertex  4.434922e+02  3.624524e+01 -3.814000e+01
   endloop
 endfacet
 facet normal -6.152316e-01 -7.883464e-01 -1.840790e-04
   outer loop
     vertex  4.437595e+02  3.601952e+01 -3.014000e+01
     vertex  4.436780e+02  3.608495e+01 -3.814000e+01
     vertex  4.438715e+02  3.593396e+01 -3.814000e+01
   endloop
 endfacet
 facet normal -6.366467e-01 -7.711556e-01  1.745510e-04
   outer loop
     vertex  4.437595e+02  3.601952e+01 -3.014000e+01
     vertex  4.435759e+02  3.617111e+01 -3.014000e+01
     vertex  4.436780e+02  3.608495e+01 -3.814000e+01
   endloop
 endfacet
 facet normal -5.758082e-01 -8.175848e-01 -1.800860e-04
   outer loop
     vertex  4.439501e+02  3.587683e+01 -3.014000e+01
     vertex  4.438715e+02  3.593396e+01 -3.814000e+01
     vertex  4.440721e+02  3.579265e+01 -3.814000e+01
   endloop
 endfacet
 facet normal -5.992100e-01 -8.005919e-01  1.712236e-04
   outer loop
     vertex  4.439501e+02  3.587683e+01 -3.014000e+01
     vertex  4.437595e+02  3.601952e+01 -3.014000e+01
     vertex  4.438715e+02  3.593396e+01 -3.814000e+01
   endloop
 endfacet
 facet normal -5.349976e-01 -8.448536e-01 -1.747621e-04
   outer loop
     vertex  4.441473e+02  3.574339e+01 -3.014000e+01
     vertex  4.440721e+02  3.579265e+01 -3.814000e+01
     vertex  4.442795e+02  3.566136e+01 -3.814000e+01
   endloop
 endfacet
 facet normal -5.604142e-01 -8.282125e-01  1.665652e-04
   outer loop
     vertex  4.441473e+02  3.574339e+01 -3.014000e+01
     vertex  4.439501e+02  3.587683e+01 -3.014000e+01
     vertex  4.440721e+02  3.579265e+01 -3.814000e+01
   endloop
 endfacet
 facet normal -4.928982e-01 -8.700870e-01 -1.681073e-04
   outer loop
     vertex  4.443507e+02  3.561949e+01 -3.014000e+01
     vertex  4.442795e+02  3.566136e+01 -3.814000e+01
     vertex  4.444930e+02  3.554039e+01 -3.814000e+01
   endloop
 endfacet
 facet normal -5.203474e-01 -8.539546e-01  1.605758e-04
   outer loop
     vertex  4.443507e+02  3.561949e+01 -3.014000e+01
     vertex  4.441473e+02  3.574339e+01 -3.014000e+01
     vertex  4.442795e+02  3.566136e+01 -3.814000e+01
   endloop
 endfacet
 facet normal -4.496113e-01 -8.932243e-01 -1.601215e-04
   outer loop
     vertex  4.445597e+02  3.550540e+01 -3.014000e+01
     vertex  4.444930e+02  3.554039e+01 -3.814000e+01
     vertex  4.447122e+02  3.543005e+01 -3.814000e+01
   endloop
 endfacet
 facet normal -4.791005e-01 -8.777600e-01  1.532554e-04
   outer loop
     vertex  4.445597e+02  3.550540e+01 -3.014000e+01
     vertex  4.443507e+02  3.561949e+01 -3.014000e+01
     vertex  4.444930e+02  3.554039e+01 -3.814000e+01
   endloop
 endfacet
 facet normal -4.052413e-01 -9.142097e-01 -1.508047e-04
   outer loop
     vertex  4.447739e+02  3.540140e+01 -3.014000e+01
     vertex  4.447122e+02  3.543005e+01 -3.814000e+01
     vertex  4.449366e+02  3.533060e+01 -3.814000e+01
   endloop
 endfacet
 facet normal -4.367670e-01 -8.995747e-01  1.446042e-04
   outer loop
     vertex  4.447739e+02  3.540140e+01 -3.014000e+01
     vertex  4.445597e+02  3.550540e+01 -3.014000e+01
     vertex  4.447122e+02  3.543005e+01 -3.814000e+01
   endloop
 endfacet
 facet normal -3.598950e-01 -9.329928e-01 -1.401571e-04
   outer loop
     vertex  4.449928e+02  3.530772e+01 -3.014000e+01
     vertex  4.449366e+02  3.533060e+01 -3.814000e+01
     vertex  4.451656e+02  3.524228e+01 -3.814000e+01
   endloop
 endfacet
 facet normal -3.934429e-01 -9.193490e-01  1.346220e-04
   outer loop
     vertex  4.449928e+02  3.530772e+01 -3.014000e+01
     vertex  4.447739e+02  3.540140e+01 -3.014000e+01
     vertex  4.449366e+02  3.533060e+01 -3.814000e+01
   endloop
 endfacet
 facet normal -3.136817e-01 -9.495282e-01 -1.021390e-04
   outer loop
     vertex  4.452157e+02  3.522465e+01 -2.814000e+01
     vertex  4.451656e+02  3.524228e+01 -3.814000e+01
     vertex  4.453986e+02  3.516530e+01 -3.814000e+01
   endloop
 endfacet
 facet normal -3.492537e-01 -9.370282e-01  3.482689e-13
   outer loop
     vertex  4.452157e+02  3.522465e+01 -2.814000e+01
     vertex  4.449928e+02  3.530772e+01 -2.814000e+01
     vertex  4.449928e+02  3.530772e+01 -3.014000e+01
   endloop
 endfacet
 facet normal -3.500628e-01 -9.367262e-01  1.026960e-04
   outer loop
     vertex  4.452157e+02  3.522465e+01 -2.814000e+01
     vertex  4.449928e+02  3.530772e+01 -3.014000e+01
     vertex  4.451656e+02  3.524228e+01 -3.814000e+01
   endloop
 endfacet
 facet normal -2.667128e-01 -9.637761e-01 -9.100113e-05
   outer loop
     vertex  4.454422e+02  3.515228e+01 -2.814000e+01
     vertex  4.453986e+02  3.516530e+01 -3.814000e+01
     vertex  4.456351e+02  3.509984e+01 -3.814000e+01
   endloop
 endfacet
 facet normal -3.043010e-01 -9.525759e-01  8.754783e-05
   outer loop
     vertex  4.454422e+02  3.515228e+01 -2.814000e+01
     vertex  4.452157e+02  3.522465e+01 -2.814000e+01
     vertex  4.453986e+02  3.516530e+01 -3.814000e+01
   endloop
 endfacet
 facet normal -2.191012e-01 -9.757021e-01 -7.871206e-05
   outer loop
     vertex  4.456719e+02  3.509077e+01 -2.814000e+01
     vertex  4.456351e+02  3.509984e+01 -3.814000e+01
     vertex  4.458745e+02  3.504607e+01 -3.814000e+01
   endloop
 endfacet
 facet normal -2.586599e-01 -9.659684e-01  7.583435e-05
   outer loop
     vertex  4.456719e+02  3.509077e+01 -2.814000e+01
     vertex  4.454422e+02  3.515228e+01 -2.814000e+01
     vertex  4.456351e+02  3.509984e+01 -3.814000e+01
   endloop
 endfacet
 facet normal -1.709619e-01 -9.852776e-01 -6.527183e-05
   outer loop
     vertex  4.459043e+02  3.504024e+01 -2.814000e+01
     vertex  4.458745e+02  3.504607e+01 -3.814000e+01
     vertex  4.461163e+02  3.500412e+01 -3.814000e+01
   endloop
 endfacet
 facet normal -2.124336e-01 -9.771755e-01  6.296970e-05
   outer loop
     vertex  4.459043e+02  3.504024e+01 -2.814000e+01
     vertex  4.456719e+02  3.509077e+01 -2.814000e+01
     vertex  4.458745e+02  3.504607e+01 -3.814000e+01
   endloop
 endfacet
 facet normal -1.224107e-01 -9.924795e-01 -5.068048e-05
   outer loop
     vertex  4.461389e+02  3.500083e+01 -2.814000e+01
     vertex  4.461163e+02  3.500412e+01 -3.814000e+01
     vertex  4.463599e+02  3.497408e+01 -3.814000e+01
   endloop
 endfacet
 facet normal -1.657266e-01 -9.861717e-01  4.895391e-05
   outer loop
     vertex  4.461389e+02  3.500083e+01 -2.814000e+01
     vertex  4.459043e+02  3.504024e+01 -2.814000e+01
     vertex  4.461163e+02  3.500412e+01 -3.814000e+01
   endloop
 endfacet
 facet normal -7.356456e-02 -9.972905e-01 -3.493803e-05
   outer loop
     vertex  4.463750e+02  3.497261e+01 -2.814000e+01
     vertex  4.463599e+02  3.497408e+01 -3.814000e+01
     vertex  4.466047e+02  3.495602e+01 -3.814000e+01
   endloop
 endfacet
 facet normal -1.186447e-01 -9.929368e-01  3.378700e-05
   outer loop
     vertex  4.463750e+02  3.497261e+01 -2.814000e+01
     vertex  4.461389e+02  3.500083e+01 -2.814000e+01
     vertex  4.463599e+02  3.497408e+01 -3.814000e+01
   endloop
 endfacet
 facet normal -7.129437e-02 -9.974553e-01  1.746902e-05
   outer loop
     vertex  4.466122e+02  3.495566e+01 -2.814000e+01
     vertex  4.463750e+02  3.497261e+01 -2.814000e+01
     vertex  4.466047e+02  3.495602e+01 -3.814000e+01
   endloop
 endfacet
 facet normal -2.454123e-02 -9.996988e-01 -1.804452e-05
   outer loop
     vertex  4.466122e+02  3.495566e+01 -2.814000e+01
     vertex  4.466047e+02  3.495602e+01 -3.814000e+01
     vertex  4.468500e+02  3.495000e+01 -3.814000e+01
   endloop
 endfacet
 facet normal -2.378273e-02 -9.997172e-01 -0.000000e+00
   outer loop
     vertex  4.468500e+02  3.495000e+01 -2.814000e+01
     vertex  4.466122e+02  3.495566e+01 -2.814000e+01
     vertex  4.468500e+02  3.495000e+01 -3.814000e+01
   endloop
 endfacet
 facet normal -9.996988e-01  2.454123e-02  0.000000e+00
   outer loop
     vertex  4.418560e+02  9.049534e+01 -2.814000e+01
     vertex  4.418560e+02  9.049534e+01 -3.814000e+01
     vertex  4.418500e+02  9.025000e+01 -3.814000e+01
   endloop
 endfacet
 facet normal -9.996988e-01  2.454123e-02  0.000000e+00
   outer loop
     vertex  4.418560e+02  9.049534e+01 -2.814000e+01
     vertex  4.418500e+02  9.025000e+01 -3.814000e+01
     vertex  4.418500e+02  9.025000e+01 -2.814000e+01
   endloop
 endfacet
 facet normal -9.972905e-01  7.356456e-02  0.000000e+00
   outer loop
     vertex  4.418741e+02  9.074009e+01 -2.814000e+01
     vertex  4.418741e+02  9.074009e+01 -3.814000e+01
     vertex  4.418560e+02  9.049534e+01 -3.814000e+01
   endloop
 endfacet
 facet normal -9.924795e-01  1.224107e-01  0.000000e+00
   outer loop
     vertex  4.418741e+02  9.074009e+01 -2.814000e+01
     vertex  4.419041e+02  9.098365e+01 -3.814000e+01
     vertex  4.418741e+02  9.074009e+01 -3.814000e+01
   endloop
 endfacet
 facet normal -9.972905e-01  7.356456e-02  0.000000e+00
   outer loop
     vertex  4.418741e+02  9.074009e+01 -2.814000e+01
     vertex  4.418560e+02  9.049534e+01 -3.814000e+01
     vertex  4.418560e+02  9.049534e+01 -2.814000e+01
   endloop
 endfacet
 facet normal -9.924795e-01  1.224107e-01  0.000000e+00
   outer loop
     vertex  4.419041e+02  9.098365e+01 -2.814000e+01
     vertex  4.419041e+02  9.098365e+01 -3.814000e+01
     vertex  4.418741e+02  9.074009e+01 -2.814000e+01
   endloop
 endfacet
 facet normal -9.852776e-01  1.709619e-01  0.000000e+00
   outer loop
     vertex  4.419461e+02  9.122545e+01 -2.814000e+01
     vertex  4.419461e+02  9.122545e+01 -3.814000e+01
     vertex  4.419041e+02  9.098365e+01 -3.814000e+01
   endloop
 endfacet
 facet normal -9.852776e-01  1.709619e-01  0.000000e+00
   outer loop
     vertex  4.419461e+02  9.122545e+01 -2.814000e+01
     vertex  4.419041e+02  9.098365e+01 -3.814000e+01
     vertex  4.419041e+02  9.098365e+01 -2.814000e+01
   endloop
 endfacet
 facet normal -9.757021e-01  2.191012e-01  0.000000e+00
   outer loop
     vertex  4.419998e+02  9.146490e+01 -2.814000e+01
     vertex  4.419998e+02  9.146490e+01 -3.814000e+01
     vertex  4.419461e+02  9.122545e+01 -3.814000e+01
   endloop
 endfacet
 facet normal -9.637761e-01  2.667128e-01  0.000000e+00
   outer loop
     vertex  4.419998e+02  9.146490e+01 -2.814000e+01
     vertex  4.420653e+02  9.170142e+01 -3.814000e+01
     vertex  4.419998e+02  9.146490e+01 -3.814000e+01
   endloop
 endfacet
 facet normal -9.757021e-01  2.191012e-01  0.000000e+00
   outer loop
     vertex  4.419998e+02  9.146490e+01 -2.814000e+01
     vertex  4.419461e+02  9.122545e+01 -3.814000e+01
     vertex  4.419461e+02  9.122545e+01 -2.814000e+01
   endloop
 endfacet
 facet normal -9.637761e-01  2.667128e-01  0.000000e+00
   outer loop
     vertex  4.420653e+02  9.170142e+01 -2.814000e+01
     vertex  4.420653e+02  9.170142e+01 -3.814000e+01
     vertex  4.419998e+02  9.146490e+01 -2.814000e+01
   endloop
 endfacet
 facet normal -9.495282e-01  3.136817e-01  0.000000e+00
   outer loop
     vertex  4.421423e+02  9.193445e+01 -2.814000e+01
     vertex  4.421423e+02  9.193445e+01 -3.814000e+01
     vertex  4.420653e+02  9.170142e+01 -3.814000e+01
   endloop
 endfacet
 facet normal -9.495282e-01  3.136817e-01  0.000000e+00
   outer loop
     vertex  4.421423e+02  9.193445e+01 -2.814000e+01
     vertex  4.420653e+02  9.170142e+01 -3.814000e+01
     vertex  4.420653e+02  9.170142e+01 -2.814000e+01
   endloop
 endfacet
 facet normal -9.329928e-01  3.598950e-01  0.000000e+00
   outer loop
     vertex  4.422306e+02  9.216342e+01 -2.814000e+01
     vertex  4.422306e+02  9.216342e+01 -3.814000e+01
     vertex  4.421423e+02  9.193445e+01 -3.814000e+01
   endloop
 endfacet
 facet normal -9.142098e-01  4.052413e-01  0.000000e+00
   outer loop
     vertex  4.422306e+02  9.216342e+01 -2.814000e+01
     vertex  4.423301e+02  9.238778e+01 -3.814000e+01
     vertex  4.422306e+02  9.216342e+01 -3.814000e+01
   endloop
 endfacet
 facet normal -9.329928e-01  3.598950e-01  0.000000e+00
   outer loop
     vertex  4.422306e+02  9.216342e+01 -2.814000e+01
     vertex  4.421423e+02  9.193445e+01 -3.814000e+01
     vertex  4.421423e+02  9.193445e+01 -2.814000e+01
   endloop
 endfacet
 facet normal -9.142098e-01  4.052413e-01  0.000000e+00
   outer loop
     vertex  4.423301e+02  9.238778e+01 -2.814000e+01
     vertex  4.423301e+02  9.238778e+01 -3.814000e+01
     vertex  4.422306e+02  9.216342e+01 -2.814000e+01
   endloop
 endfacet
 facet normal -8.932243e-01  4.496113e-01  0.000000e+00
   outer loop
     vertex  4.424404e+02  9.260698e+01 -2.814000e+01
     vertex  4.424404e+02  9.260698e+01 -3.814000e+01
     vertex  4.423301e+02  9.238778e+01 -3.814000e+01
   endloop
 endfacet
 facet normal -8.932243e-01  4.496113e-01  0.000000e+00
   outer loop
     vertex  4.424404e+02  9.260698e+01 -2.814000e+01
     vertex  4.423301e+02  9.238778e+01 -3.814000e+01
     vertex  4.423301e+02  9.238778e+01 -2.814000e+01
   endloop
 endfacet
 facet normal -8.700870e-01  4.928982e-01  0.000000e+00
   outer loop
     vertex  4.425614e+02  9.282051e+01 -2.814000e+01
     vertex  4.425614e+02  9.282051e+01 -3.814000e+01
     vertex  4.424404e+02  9.260698e+01 -3.814000e+01
   endloop
 endfacet
 facet normal -8.700870e-01  4.928982e-01  0.000000e+00
   outer loop
     vertex  4.425614e+02  9.282051e+01 -2.814000e+01
     vertex  4.424404e+02  9.260698e+01 -3.814000e+01
     vertex  4.424404e+02  9.260698e+01 -2.814000e+01
   endloop
 endfacet
 facet normal -8.448536e-01  5.349976e-01  0.000000e+00
   outer loop
     vertex  4.426927e+02  9.302785e+01 -2.814000e+01
     vertex  4.426927e+02  9.302785e+01 -3.814000e+01
     vertex  4.425614e+02  9.282051e+01 -3.814000e+01
   endloop
 endfacet
 facet normal -8.448536e-01  5.349976e-01  0.000000e+00
   outer loop
     vertex  4.426927e+02  9.302785e+01 -2.814000e+01
     vertex  4.425614e+02  9.282051e+01 -3.814000e+01
     vertex  4.425614e+02  9.282051e+01 -2.814000e+01
   endloop
 endfacet
 facet normal -8.175848e-01  5.758082e-01  0.000000e+00
   outer loop
     vertex  4.428340e+02  9.322850e+01 -2.814000e+01
     vertex  4.428340e+02  9.322850e+01 -3.814000e+01
     vertex  4.426927e+02  9.302785e+01 -3.814000e+01
   endloop
 endfacet
 facet normal -7.883464e-01  6.152316e-01  0.000000e+00
   outer loop
     vertex  4.428340e+02  9.322850e+01 -2.814000e+01
     vertex  4.429849e+02  9.342197e+01 -3.814000e+01
     vertex  4.428340e+02  9.322850e+01 -3.814000e+01
   endloop
 endfacet
 facet normal -8.175848e-01  5.758082e-01  0.000000e+00
   outer loop
     vertex  4.428340e+02  9.322850e+01 -2.814000e+01
     vertex  4.426927e+02  9.302785e+01 -3.814000e+01
     vertex  4.426927e+02  9.302785e+01 -2.814000e+01
   endloop
 endfacet
 facet normal -7.883464e-01  6.152316e-01  0.000000e+00
   outer loop
     vertex  4.429849e+02  9.342197e+01 -2.814000e+01
     vertex  4.429849e+02  9.342197e+01 -3.814000e+01
     vertex  4.428340e+02  9.322850e+01 -2.814000e+01
   endloop
 endfacet
 facet normal -7.572088e-01  6.531728e-01  0.000000e+00
   outer loop
     vertex  4.431452e+02  9.360779e+01 -2.814000e+01
     vertex  4.431452e+02  9.360779e+01 -3.814000e+01
     vertex  4.429849e+02  9.342197e+01 -3.814000e+01
   endloop
 endfacet
 facet normal -7.572088e-01  6.531728e-01  0.000000e+00
   outer loop
     vertex  4.431452e+02  9.360779e+01 -2.814000e+01
     vertex  4.429849e+02  9.342197e+01 -3.814000e+01
     vertex  4.429849e+02  9.342197e+01 -2.814000e+01
   endloop
 endfacet
 facet normal -7.242471e-01  6.895405e-01  0.000000e+00
   outer loop
     vertex  4.433145e+02  9.378553e+01 -2.814000e+01
     vertex  4.433145e+02  9.378553e+01 -3.814000e+01
     vertex  4.431452e+02  9.360779e+01 -3.814000e+01
   endloop
 endfacet
 facet normal -7.242471e-01  6.895405e-01  0.000000e+00
   outer loop
     vertex  4.433145e+02  9.378553e+01 -2.814000e+01
     vertex  4.431452e+02  9.360779e+01 -3.814000e+01
     vertex  4.431452e+02  9.360779e+01 -2.814000e+01
   endloop
 endfacet
 facet normal -6.895405e-01  7.242471e-01  0.000000e+00
   outer loop
     vertex  4.434922e+02  9.395476e+01 -2.814000e+01
     vertex  4.434922e+02  9.395476e+01 -3.814000e+01
     vertex  4.433145e+02  9.378553e+01 -3.814000e+01
   endloop
 endfacet
 facet normal -6.895405e-01  7.242471e-01  0.000000e+00
   outer loop
     vertex  4.434922e+02  9.395476e+01 -2.814000e+01
     vertex  4.433145e+02  9.378553e+01 -3.814000e+01
     vertex  4.433145e+02  9.378553e+01 -2.814000e+01
   endloop
 endfacet
 facet normal -6.531728e-01  7.572088e-01  0.000000e+00
   outer loop
     vertex  4.436780e+02  9.411505e+01 -2.814000e+01
     vertex  4.436780e+02  9.411505e+01 -3.814000e+01
     vertex  4.434922e+02  9.395476e+01 -3.814000e+01
   endloop
 endfacet
 facet normal -6.531728e-01  7.572088e-01  0.000000e+00
   outer loop
     vertex  4.436780e+02  9.411505e+01 -2.814000e+01
     vertex  4.434922e+02  9.395476e+01 -3.814000e+01
     vertex  4.434922e+02  9.395476e+01 -2.814000e+01
   endloop
 endfacet
 facet normal -6.152316e-01  7.883464e-01  0.000000e+00
   outer loop
     vertex  4.438715e+02  9.426604e+01 -2.814000e+01
     vertex  4.438715e+02  9.426604e+01 -3.814000e+01
     vertex  4.436780e+02  9.411505e+01 -3.814000e+01
   endloop
 endfacet
 facet normal -5.758082e-01  8.175848e-01  0.000000e+00
   outer loop
     vertex  4.438715e+02  9.426604e+01 -2.814000e+01
     vertex  4.440721e+02  9.440735e+01 -3.814000e+01
     vertex  4.438715e+02  9.426604e+01 -3.814000e+01
   endloop
 endfacet
 facet normal -6.152316e-01  7.883464e-01  0.000000e+00
   outer loop
     vertex  4.438715e+02  9.426604e+01 -2.814000e+01
     vertex  4.436780e+02  9.411505e+01 -3.814000e+01
     vertex  4.436780e+02  9.411505e+01 -2.814000e+01
   endloop
 endfacet
 facet normal -5.758082e-01  8.175848e-01  0.000000e+00
   outer loop
     vertex  4.440721e+02  9.440735e+01 -2.814000e+01
     vertex  4.440721e+02  9.440735e+01 -3.814000e+01
     vertex  4.438715e+02  9.426604e+01 -2.814000e+01
   endloop
 endfacet
 facet normal -5.349976e-01  8.448536e-01  0.000000e+00
   outer loop
     vertex  4.442795e+02  9.453864e+01 -2.814000e+01
     vertex  4.442795e+02  9.453864e+01 -3.814000e+01
     vertex  4.440721e+02  9.440735e+01 -3.814000e+01
   endloop
 endfacet
 facet normal -5.349976e-01  8.448536e-01  0.000000e+00
   outer loop
     vertex  4.442795e+02  9.453864e+01 -2.814000e+01
     vertex  4.440721e+02  9.440735e+01 -3.814000e+01
     vertex  4.440721e+02  9.440735e+01 -2.814000e+01
   endloop
 endfacet
 facet normal -4.928982e-01  8.700870e-01  0.000000e+00
   outer loop
     vertex  4.444930e+02  9.465961e+01 -2.814000e+01
     vertex  4.444930e+02  9.465961e+01 -3.814000e+01
     vertex  4.442795e+02  9.453864e+01 -3.814000e+01
   endloop
 endfacet
 facet normal -4.928982e-01  8.700870e-01  0.000000e+00
   outer loop
     vertex  4.444930e+02  9.465961e+01 -2.814000e+01
     vertex  4.442795e+02  9.453864e+01 -3.814000e+01
     vertex  4.442795e+02  9.453864e+01 -2.814000e+01
   endloop
 endfacet
 facet normal -4.496113e-01  8.932243e-01  0.000000e+00
   outer loop
     vertex  4.447122e+02  9.476995e+01 -2.814000e+01
     vertex  4.447122e+02  9.476995e+01 -3.814000e+01
     vertex  4.444930e+02  9.465961e+01 -3.814000e+01
   endloop
 endfacet
 facet normal -4.496113e-01  8.932243e-01  0.000000e+00
   outer loop
     vertex  4.447122e+02  9.476995e+01 -2.814000e+01
     vertex  4.444930e+02  9.465961e+01 -3.814000e+01
     vertex  4.444930e+02  9.465961e+01 -2.814000e+01
   endloop
 endfacet
 facet normal -4.052413e-01  9.142098e-01  0.000000e+00
   outer loop
     vertex  4.449366e+02  9.486940e+01 -2.814000e+01
     vertex  4.449366e+02  9.486940e+01 -3.814000e+01
     vertex  4.447122e+02  9.476995e+01 -3.814000e+01
   endloop
 endfacet
 facet normal -4.052413e-01  9.142098e-01  0.000000e+00
   outer loop
     vertex  4.449366e+02  9.486940e+01 -2.814000e+01
     vertex  4.447122e+02  9.476995e+01 -3.814000e+01
     vertex  4.447122e+02  9.476995e+01 -2.814000e+01
   endloop
 endfacet
 facet normal -3.598950e-01  9.329928e-01  0.000000e+00
   outer loop
     vertex  4.451656e+02  9.495772e+01 -2.814000e+01
     vertex  4.451656e+02  9.495772e+01 -3.814000e+01
     vertex  4.449366e+02  9.486940e+01 -3.814000e+01
   endloop
 endfacet
 facet normal -3.598950e-01  9.329928e-01  0.000000e+00
   outer loop
     vertex  4.451656e+02  9.495772e+01 -2.814000e+01
     vertex  4.449366e+02  9.486940e+01 -3.814000e+01
     vertex  4.449366e+02  9.486940e+01 -2.814000e+01
   endloop
 endfacet
 facet normal -3.136817e-01  9.495282e-01  0.000000e+00
   outer loop
     vertex  4.453986e+02  9.503470e+01 -2.814000e+01
     vertex  4.453986e+02  9.503470e+01 -3.814000e+01
     vertex  4.451656e+02  9.495772e+01 -3.814000e+01
   endloop
 endfacet
 facet normal -3.136817e-01  9.495282e-01  0.000000e+00
   outer loop
     vertex  4.453986e+02  9.503470e+01 -2.814000e+01
     vertex  4.451656e+02  9.495772e+01 -3.814000e+01
     vertex  4.451656e+02  9.495772e+01 -2.814000e+01
   endloop
 endfacet
 facet normal -2.667128e-01  9.637761e-01  0.000000e+00
   outer loop
     vertex  4.456351e+02  9.510016e+01 -2.814000e+01
     vertex  4.456351e+02  9.510016e+01 -3.814000e+01
     vertex  4.453986e+02  9.503470e+01 -3.814000e+01
   endloop
 endfacet
 facet normal -2.667128e-01  9.637761e-01  0.000000e+00
   outer loop
     vertex  4.456351e+02  9.510016e+01 -2.814000e+01
     vertex  4.453986e+02  9.503470e+01 -3.814000e+01
     vertex  4.453986e+02  9.503470e+01 -2.814000e+01
   endloop
 endfacet
 facet normal -2.191012e-01  9.757021e-01  0.000000e+00
   outer loop
     vertex  4.458745e+02  9.515393e+01 -2.814000e+01
     vertex  4.458745e+02  9.515393e+01 -3.814000e+01
     vertex  4.456351e+02  9.510016e+01 -3.814000e+01
   endloop
 endfacet
 facet normal -2.191012e-01  9.757021e-01  0.000000e+00
   outer loop
     vertex  4.458745e+02  9.515393e+01 -2.814000e+01
     vertex  4.456351e+02  9.510016e+01 -3.814000e+01
     vertex  4.456351e+02  9.510016e+01 -2.814000e+01
   endloop
 endfacet
 facet normal -1.709619e-01  9.852776e-01  0.000000e+00
   outer loop
     vertex  4.461163e+02  9.519588e+01 -2.814000e+01
     vertex  4.461163e+02  9.519588e+01 -3.814000e+01
     vertex  4.458745e+02  9.515393e+01 -3.814000e+01
   endloop
 endfacet
 facet normal -1.224107e-01  9.924795e-01  0.000000e+00
   outer loop
     vertex  4.461163e+02  9.519588e+01 -2.814000e+01
     vertex  4.463599e+02  9.522592e+01 -3.814000e+01
     vertex  4.461163e+02  9.519588e+01 -3.814000e+01
   endloop
 endfacet
 facet normal -1.709619e-01  9.852776e-01  0.000000e+00
   outer loop
     vertex  4.461163e+02  9.519588e+01 -2.814000e+01
     vertex  4.458745e+02  9.515393e+01 -3.814000e+01
     vertex  4.458745e+02  9.515393e+01 -2.814000e+01
   endloop
 endfacet
 facet normal -1.224107e-01  9.924795e-01  0.000000e+00
   outer loop
     vertex  4.463599e+02  9.522592e+01 -2.814000e+01
     vertex  4.463599e+02  9.522592e+01 -3.814000e+01
     vertex  4.461163e+02  9.519588e+01 -2.814000e+01
   endloop
 endfacet
 facet normal -7.356456e-02  9.972905e-01  0.000000e+00
   outer loop
     vertex  4.466047e+02  9.524398e+01 -2.814000e+01
     vertex  4.466047e+02  9.524398e+01 -3.814000e+01
     vertex  4.463599e+02  9.522592e+01 -3.814000e+01
   endloop
 endfacet
 facet normal -2.454123e-02  9.996988e-01  0.000000e+00
   outer loop
     vertex  4.466047e+02  9.524398e+01 -2.814000e+01
     vertex  4.468500e+02  9.525000e+01 -3.814000e+01
     vertex  4.466047e+02  9.524398e+01 -3.814000e+01
   endloop
 endfacet
 facet normal -7.356456e-02  9.972905e-01  0.000000e+00
   outer loop
     vertex  4.466047e+02  9.524398e+01 -2.814000e+01
     vertex  4.463599e+02  9.522592e+01 -3.814000e+01
     vertex  4.463599e+02  9.522592e+01 -2.814000e+01
   endloop
 endfacet
 facet normal -2.454123e-02  9.996988e-01  0.000000e+00
   outer loop
     vertex  4.468500e+02  9.525000e+01 -2.814000e+01
     vertex  4.468500e+02  9.525000e+01 -3.814000e+01
     vertex  4.466047e+02  9.524398e+01 -2.814000e+01
   endloop
 endfacet
 facet normal  0.000000e+00  0.000000e+00 -1.000000e+00
   outer loop
     vertex  4.429849e+02  3.677803e+01 -3.814000e+01
     vertex  4.433145e+02  3.641447e+01 -3.814000e+01
     vertex  4.431452e+02  3.659221e+01 -3.814000e+01
   endloop
 endfacet
 facet normal  0.000000e+00  0.000000e+00 -1.000000e+00
   outer loop
     vertex  4.425614e+02  3.737949e+01 -3.814000e+01
     vertex  4.428340e+02  3.697150e+01 -3.814000e+01
     vertex  4.426927e+02  3.717215e+01 -3.814000e+01
   endloop
 endfacet
 facet normal  0.000000e+00  0.000000e+00 -1.000000e+00
   outer loop
     vertex  4.444930e+02  3.554039e+01 -3.814000e+01
     vertex  4.440721e+02  3.579265e+01 -3.814000e+01
     vertex  4.438715e+02  3.593396e+01 -3.814000e+01
   endloop
 endfacet
 facet normal  0.000000e+00  0.000000e+00 -1.000000e+00
   outer loop
     vertex  4.444930e+02  3.554039e+01 -3.814000e+01
     vertex  4.442795e+02  3.566136e+01 -3.814000e+01
     vertex  4.440721e+02  3.579265e+01 -3.814000e+01
   endloop
 endfacet
 facet normal  0.000000e+00  0.000000e+00 -1.000000e+00
   outer loop
     vertex  4.451656e+02  3.524228e+01 -3.814000e+01
     vertex  4.447122e+02  3.543005e+01 -3.814000e+01
     vertex  4.444930e+02  3.554039e+01 -3.814000e+01
   endloop
 endfacet
 facet normal  0.000000e+00  0.000000e+00 -1.000000e+00
   outer loop
     vertex  4.451656e+02  3.524228e+01 -3.814000e+01
     vertex  4.449366e+02  3.533060e+01 -3.814000e+01
     vertex  4.447122e+02  3.543005e+01 -3.814000e+01
   endloop
 endfacet
 facet normal  0.000000e+00  0.000000e+00 -1.000000e+00
   outer loop
     vertex  4.451656e+02  3.524228e+01 -3.814000e+01
     vertex  4.444930e+02  3.554039e+01 -3.814000e+01
     vertex  4.438715e+02  3.593396e+01 -3.814000e+01
   endloop
 endfacet
 facet normal  0.000000e+00  0.000000e+00 -1.000000e+00
   outer loop
     vertex  4.420653e+02  3.849858e+01 -3.814000e+01
     vertex  4.422306e+02  3.803658e+01 -3.814000e+01
     vertex  4.421423e+02  3.826555e+01 -3.814000e+01
   endloop
 endfacet
 facet normal  0.000000e+00  0.000000e+00 -1.000000e+00
   outer loop
     vertex  4.420653e+02  3.849858e+01 -3.814000e+01
     vertex  4.423301e+02  3.781222e+01 -3.814000e+01
     vertex  4.422306e+02  3.803658e+01 -3.814000e+01
   endloop
 endfacet
 facet normal  0.000000e+00  0.000000e+00 -1.000000e+00
   outer loop
     vertex  4.420653e+02  3.849858e+01 -3.814000e+01
     vertex  4.424404e+02  3.759302e+01 -3.814000e+01
     vertex  4.423301e+02  3.781222e+01 -3.814000e+01
   endloop
 endfacet
 facet normal  0.000000e+00  0.000000e+00 -1.000000e+00
   outer loop
     vertex  4.420653e+02  3.849858e+01 -3.814000e+01
     vertex  4.425614e+02  3.737949e+01 -3.814000e+01
     vertex  4.424404e+02  3.759302e+01 -3.814000e+01
   endloop
 endfacet
 facet normal  0.000000e+00  0.000000e+00 -1.000000e+00
   outer loop
     vertex  4.420653e+02  3.849858e+01 -3.814000e+01
     vertex  4.429849e+02  3.677803e+01 -3.814000e+01
     vertex  4.428340e+02  3.697150e+01 -3.814000e+01
   endloop
 endfacet
 facet normal  0.000000e+00  0.000000e+00 -1.000000e+00
   outer loop
     vertex  4.420653e+02  3.849858e+01 -3.814000e+01
     vertex  4.434922e+02  3.624524e+01 -3.814000e+01
     vertex  4.433145e+02  3.641447e+01 -3.814000e+01
   endloop
 endfacet
 facet normal  0.000000e+00  0.000000e+00 -1.000000e+00
   outer loop
     vertex  4.420653e+02  3.849858e+01 -3.814000e+01
     vertex  4.433145e+02  3.641447e+01 -3.814000e+01
     vertex  4.429849e+02  3.677803e+01 -3.814000e+01
   endloop
 endfacet
 facet normal  0.000000e+00  0.000000e+00 -1.000000e+00
   outer loop
     vertex  4.420653e+02  3.849858e+01 -3.814000e+01
     vertex  4.428340e+02  3.697150e+01 -3.814000e+01
     vertex  4.425614e+02  3.737949e+01 -3.814000e+01
   endloop
 endfacet
 facet normal  0.000000e+00  0.000000e+00 -1.000000e+00
   outer loop
     vertex  4.456351e+02  3.509984e+01 -3.814000e+01
     vertex  4.453986e+02  3.516530e+01 -3.814000e+01
     vertex  4.451656e+02  3.524228e+01 -3.814000e+01
   endloop
 endfacet
 facet normal  0.000000e+00  0.000000e+00 -1.000000e+00
   outer loop
     vertex  4.461163e+02  3.500412e+01 -3.814000e+01
     vertex  4.458745e+02  3.504607e+01 -3.814000e+01
     vertex  4.456351e+02  3.509984e+01 -3.814000e+01
   endloop
 endfacet
 facet normal  0.000000e+00  0.000000e+00 -1.000000e+00
   outer loop
     vertex  4.461163e+02  3.500412e+01 -3.814000e+01
     vertex  4.456351e+02  3.509984e+01 -3.814000e+01
     vertex  4.451656e+02  3.524228e+01 -3.814000e+01
   endloop
 endfacet
 facet normal  0.000000e+00  0.000000e+00 -1.000000e+00
   outer loop
     vertex  4.418741e+02  3.945991e+01 -3.814000e+01
     vertex  4.419461e+02  3.897455e+01 -3.814000e+01
     vertex  4.419041e+02  3.921635e+01 -3.814000e+01
   endloop
 endfacet
 facet normal  0.000000e+00  0.000000e+00 -1.000000e+00
   outer loop
     vertex  4.418741e+02  3.945991e+01 -3.814000e+01
     vertex  4.419998e+02  3.873510e+01 -3.814000e+01
     vertex  4.419461e+02  3.897455e+01 -3.814000e+01
   endloop
 endfacet
 facet normal  0.000000e+00  0.000000e+00 -1.000000e+00
   outer loop
     vertex  4.418741e+02  3.945991e+01 -3.814000e+01
     vertex  4.420653e+02  3.849858e+01 -3.814000e+01
     vertex  4.419998e+02  3.873510e+01 -3.814000e+01
   endloop
 endfacet
 facet normal  0.000000e+00  0.000000e+00 -1.000000e+00
   outer loop
     vertex  4.418741e+02  3.945991e+01 -3.814000e+01
     vertex  4.436780e+02  3.608495e+01 -3.814000e+01
     vertex  4.434922e+02  3.624524e+01 -3.814000e+01
   endloop
 endfacet
 facet normal  0.000000e+00  0.000000e+00 -1.000000e+00
   outer loop
     vertex  4.418741e+02  3.945991e+01 -3.814000e+01
     vertex  4.434922e+02  3.624524e+01 -3.814000e+01
     vertex  4.420653e+02  3.849858e+01 -3.814000e+01
   endloop
 endfacet
 facet normal  0.000000e+00  0.000000e+00 -1.000000e+00
   outer loop
     vertex  4.468500e+02  3.495000e+01 -3.814000e+01
     vertex  4.463599e+02  3.497408e+01 -3.814000e+01
     vertex  4.461163e+02  3.500412e+01 -3.814000e+01
   endloop
 endfacet
 facet normal  0.000000e+00  0.000000e+00 -1.000000e+00
   outer loop
     vertex  4.468500e+02  3.495000e+01 -3.814000e+01
     vertex  4.466047e+02  3.495602e+01 -3.814000e+01
     vertex  4.463599e+02  3.497408e+01 -3.814000e+01
   endloop
 endfacet
 facet normal  0.000000e+00  0.000000e+00 -1.000000e+00
   outer loop
     vertex  4.468500e+02  3.495000e+01 -3.814000e+01
     vertex  4.461163e+02  3.500412e+01 -3.814000e+01
     vertex  4.451656e+02  3.524228e+01 -3.814000e+01
   endloop
 endfacet
 facet normal  0.000000e+00  0.000000e+00 -1.000000e+00
   outer loop
     vertex  4.418500e+02  3.995000e+01 -3.814000e+01
     vertex  4.418741e+02  3.945991e+01 -3.814000e+01
     vertex  4.418560e+02  3.970466e+01 -3.814000e+01
   endloop
 endfacet
 facet normal  0.000000e+00  0.000000e+00 -1.000000e+00
   outer loop
     vertex  4.418500e+02  3.995000e+01 -3.814000e+01
     vertex  4.438715e+02  3.593396e+01 -3.814000e+01
     vertex  4.436780e+02  3.608495e+01 -3.814000e+01
   endloop
 endfacet
 facet normal  0.000000e+00  0.000000e+00 -1.000000e+00
   outer loop
     vertex  4.418500e+02  3.995000e+01 -3.814000e+01
     vertex  4.451656e+02  3.524228e+01 -3.814000e+01
     vertex  4.438715e+02  3.593396e+01 -3.814000e+01
   endloop
 endfacet
 facet normal  0.000000e+00  0.000000e+00 -1.000000e+00
   outer loop
     vertex  4.418500e+02  3.995000e+01 -3.814000e+01
     vertex  4.436780e+02  3.608495e+01 -3.814000e+01
     vertex  4.418741e+02  3.945991e+01 -3.814000e+01
   endloop
 endfacet
 facet normal  0.000000e+00  0.000000e+00 -1.000000e+00
   outer loop
     vertex  4.418500e+02  3.995000e+01 -3.814000e+01
     vertex  4.468500e+02  3.495000e+01 -3.814000e+01
     vertex  4.451656e+02  3.524228e+01 -3.814000e+01
   endloop
 endfacet
 facet normal  0.000000e+00  0.000000e+00 -1.000000e+00
   outer loop
     vertex  4.971500e+02  3.495000e+01 -3.814000e+01
     vertex  4.468500e+02  3.495000e+01 -3.814000e+01
     vertex  4.418500e+02  3.995000e+01 -3.814000e+01
   endloop
 endfacet
 facet normal  0.000000e+00  0.000000e+00 -1.000000e+00
   outer loop
     vertex  4.976401e+02  3.497408e+01 -3.814000e+01
     vertex  4.973953e+02  3.495602e+01 -3.814000e+01
     vertex  4.971500e+02  3.495000e+01 -3.814000e+01
   endloop
 endfacet
 facet normal  0.000000e+00  0.000000e+00 -1.000000e+00
   outer loop
     vertex  4.419041e+02  9.098365e+01 -3.814000e+01
     vertex  4.418560e+02  9.049534e+01 -3.814000e+01
     vertex  4.418741e+02  9.074009e+01 -3.814000e+01
   endloop
 endfacet
 facet normal  0.000000e+00  0.000000e+00 -1.000000e+00
   outer loop
     vertex  4.419461e+02  9.122545e+01 -3.814000e+01
     vertex  4.418560e+02  9.049534e+01 -3.814000e+01
     vertex  4.419041e+02  9.098365e+01 -3.814000e+01
   endloop
 endfacet
 facet normal  0.000000e+00  0.000000e+00 -1.000000e+00
   outer loop
     vertex  4.981255e+02  3.504607e+01 -3.814000e+01
     vertex  4.978837e+02  3.500412e+01 -3.814000e+01
     vertex  4.976401e+02  3.497408e+01 -3.814000e+01
   endloop
 endfacet
 facet normal  0.000000e+00  0.000000e+00 -1.000000e+00
   outer loop
     vertex  4.419998e+02  9.146490e+01 -3.814000e+01
     vertex  4.418560e+02  9.049534e+01 -3.814000e+01
     vertex  4.419461e+02  9.122545e+01 -3.814000e+01
   endloop
 endfacet
 facet normal  0.000000e+00  0.000000e+00 -1.000000e+00
   outer loop
     vertex  4.420653e+02  9.170142e+01 -3.814000e+01
     vertex  4.418560e+02  9.049534e+01 -3.814000e+01
     vertex  4.419998e+02  9.146490e+01 -3.814000e+01
   endloop
 endfacet
 facet normal  0.000000e+00  0.000000e+00 -1.000000e+00
   outer loop
     vertex  4.986014e+02  3.516530e+01 -3.814000e+01
     vertex  4.983649e+02  3.509984e+01 -3.814000e+01
     vertex  4.981255e+02  3.504607e+01 -3.814000e+01
   endloop
 endfacet
 facet normal  0.000000e+00  0.000000e+00 -1.000000e+00
   outer loop
     vertex  4.421423e+02  9.193445e+01 -3.814000e+01
     vertex  4.418500e+02  9.025000e+01 -3.814000e+01
     vertex  4.418560e+02  9.049534e+01 -3.814000e+01
   endloop
 endfacet
 facet normal  0.000000e+00  0.000000e+00 -1.000000e+00
   outer loop
     vertex  4.421423e+02  9.193445e+01 -3.814000e+01
     vertex  4.418560e+02  9.049534e+01 -3.814000e+01
     vertex  4.420653e+02  9.170142e+01 -3.814000e+01
   endloop
 endfacet
 facet normal  0.000000e+00  0.000000e+00 -1.000000e+00
   outer loop
     vertex  4.988344e+02  3.524228e+01 -3.814000e+01
     vertex  4.981255e+02  3.504607e+01 -3.814000e+01
     vertex  4.976401e+02  3.497408e+01 -3.814000e+01
   endloop
 endfacet
 facet normal  0.000000e+00  0.000000e+00 -1.000000e+00
   outer loop
     vertex  4.988344e+02  3.524228e+01 -3.814000e+01
     vertex  4.986014e+02  3.516530e+01 -3.814000e+01
     vertex  4.981255e+02  3.504607e+01 -3.814000e+01
   endloop
 endfacet
 facet normal  0.000000e+00  0.000000e+00 -1.000000e+00
   outer loop
     vertex  4.423301e+02  9.238778e+01 -3.814000e+01
     vertex  4.421423e+02  9.193445e+01 -3.814000e+01
     vertex  4.422306e+02  9.216342e+01 -3.814000e+01
   endloop
 endfacet
 facet normal  0.000000e+00  0.000000e+00 -1.000000e+00
   outer loop
     vertex  4.424404e+02  9.260698e+01 -3.814000e+01
     vertex  4.418500e+02  9.025000e+01 -3.814000e+01
     vertex  4.421423e+02  9.193445e+01 -3.814000e+01
   endloop
 endfacet
 facet normal  0.000000e+00  0.000000e+00 -1.000000e+00
   outer loop
     vertex  4.424404e+02  9.260698e+01 -3.814000e+01
     vertex  4.421423e+02  9.193445e+01 -3.814000e+01
     vertex  4.423301e+02  9.238778e+01 -3.814000e+01
   endloop
 endfacet
 facet normal  0.000000e+00  0.000000e+00 -1.000000e+00
   outer loop
     vertex  4.995070e+02  3.554039e+01 -3.814000e+01
     vertex  4.992878e+02  3.543005e+01 -3.814000e+01
     vertex  4.990634e+02  3.533060e+01 -3.814000e+01
   endloop
 endfacet
 facet normal  0.000000e+00  0.000000e+00 -1.000000e+00
   outer loop
     vertex  4.997205e+02  3.566136e+01 -3.814000e+01
     vertex  4.988344e+02  3.524228e+01 -3.814000e+01
     vertex  4.976401e+02  3.497408e+01 -3.814000e+01
   endloop
 endfacet
 facet normal  0.000000e+00  0.000000e+00 -1.000000e+00
   outer loop
     vertex  4.997205e+02  3.566136e+01 -3.814000e+01
     vertex  4.995070e+02  3.554039e+01 -3.814000e+01
     vertex  4.990634e+02  3.533060e+01 -3.814000e+01
   endloop
 endfacet
 facet normal  0.000000e+00  0.000000e+00 -1.000000e+00
   outer loop
     vertex  4.997205e+02  3.566136e+01 -3.814000e+01
     vertex  4.990634e+02  3.533060e+01 -3.814000e+01
     vertex  4.988344e+02  3.524228e+01 -3.814000e+01
   endloop
 endfacet
 facet normal  0.000000e+00  0.000000e+00 -1.000000e+00
   outer loop
     vertex  4.999279e+02  3.579265e+01 -3.814000e+01
     vertex  4.997205e+02  3.566136e+01 -3.814000e+01
     vertex  4.976401e+02  3.497408e+01 -3.814000e+01
   endloop
 endfacet
 facet normal  0.000000e+00  0.000000e+00 -1.000000e+00
   outer loop
     vertex  5.001285e+02  3.593396e+01 -3.814000e+01
     vertex  4.976401e+02  3.497408e+01 -3.814000e+01
     vertex  4.971500e+02  3.495000e+01 -3.814000e+01
   endloop
 endfacet
 facet normal  0.000000e+00  0.000000e+00 -1.000000e+00
   outer loop
     vertex  5.001285e+02  3.593396e+01 -3.814000e+01
     vertex  4.999279e+02  3.579265e+01 -3.814000e+01
     vertex  4.976401e+02  3.497408e+01 -3.814000e+01
   endloop
 endfacet
 facet normal  0.000000e+00  0.000000e+00 -1.000000e+00
   outer loop
     vertex  4.428340e+02  9.322850e+01 -3.814000e+01
     vertex  4.424404e+02  9.260698e+01 -3.814000e+01
     vertex  4.425614e+02  9.282051e+01 -3.814000e+01
   endloop
 endfacet
 facet normal  0.000000e+00  0.000000e+00 -1.000000e+00
   outer loop
     vertex  4.428340e+02  9.322850e+01 -3.814000e+01
     vertex  4.425614e+02  9.282051e+01 -3.814000e+01
     vertex  4.426927e+02  9.302785e+01 -3.814000e+01
   endloop
 endfacet
 facet normal  0.000000e+00  0.000000e+00 -1.000000e+00
   outer loop
     vertex  4.431452e+02  9.360779e+01 -3.814000e+01
     vertex  4.428340e+02  9.322850e+01 -3.814000e+01
     vertex  4.429849e+02  9.342197e+01 -3.814000e+01
   endloop
 endfacet
 facet normal  0.000000e+00  0.000000e+00 -1.000000e+00
   outer loop
     vertex  5.006855e+02  3.641447e+01 -3.814000e+01
     vertex  5.001285e+02  3.593396e+01 -3.814000e+01
     vertex  4.971500e+02  3.495000e+01 -3.814000e+01
   endloop
 endfacet
 facet normal  0.000000e+00  0.000000e+00 -1.000000e+00
   outer loop
     vertex  5.006855e+02  3.641447e+01 -3.814000e+01
     vertex  5.005078e+02  3.624524e+01 -3.814000e+01
     vertex  5.003220e+02  3.608495e+01 -3.814000e+01
   endloop
 endfacet
 facet normal  0.000000e+00  0.000000e+00 -1.000000e+00
   outer loop
     vertex  5.006855e+02  3.641447e+01 -3.814000e+01
     vertex  5.003220e+02  3.608495e+01 -3.814000e+01
     vertex  5.001285e+02  3.593396e+01 -3.814000e+01
   endloop
 endfacet
 facet normal  0.000000e+00  0.000000e+00 -1.000000e+00
   outer loop
     vertex  4.434922e+02  9.395476e+01 -3.814000e+01
     vertex  4.431452e+02  9.360779e+01 -3.814000e+01
     vertex  4.433145e+02  9.378553e+01 -3.814000e+01
   endloop
 endfacet
 facet normal  0.000000e+00  0.000000e+00 -1.000000e+00
   outer loop
     vertex  4.434922e+02  9.395476e+01 -3.814000e+01
     vertex  4.418500e+02  9.025000e+01 -3.814000e+01
     vertex  4.424404e+02  9.260698e+01 -3.814000e+01
   endloop
 endfacet
 facet normal  0.000000e+00  0.000000e+00 -1.000000e+00
   outer loop
     vertex  4.434922e+02  9.395476e+01 -3.814000e+01
     vertex  4.424404e+02  9.260698e+01 -3.814000e+01
     vertex  4.428340e+02  9.322850e+01 -3.814000e+01
   endloop
 endfacet
 facet normal  0.000000e+00  0.000000e+00 -1.000000e+00
   outer loop
     vertex  4.434922e+02  9.395476e+01 -3.814000e+01
     vertex  4.428340e+02  9.322850e+01 -3.814000e+01
     vertex  4.431452e+02  9.360779e+01 -3.814000e+01
   endloop
 endfacet
 facet normal  0.000000e+00  0.000000e+00 -1.000000e+00
   outer loop
     vertex  5.008548e+02  3.659221e+01 -3.814000e+01
     vertex  5.006855e+02  3.641447e+01 -3.814000e+01
     vertex  4.971500e+02  3.495000e+01 -3.814000e+01
   endloop
 endfacet
 facet normal  0.000000e+00  0.000000e+00 -1.000000e+00
   outer loop
     vertex  5.011660e+02  3.697150e+01 -3.814000e+01
     vertex  5.010151e+02  3.677803e+01 -3.814000e+01
     vertex  5.008548e+02  3.659221e+01 -3.814000e+01
   endloop
 endfacet
 facet normal  0.000000e+00  0.000000e+00 -1.000000e+00
   outer loop
     vertex  5.011660e+02  3.697150e+01 -3.814000e+01
     vertex  5.008548e+02  3.659221e+01 -3.814000e+01
     vertex  4.971500e+02  3.495000e+01 -3.814000e+01
   endloop
 endfacet
 facet normal  0.000000e+00  0.000000e+00 -1.000000e+00
   outer loop
     vertex  4.442795e+02  9.453864e+01 -3.814000e+01
     vertex  4.434922e+02  9.395476e+01 -3.814000e+01
     vertex  4.436780e+02  9.411505e+01 -3.814000e+01
   endloop
 endfacet
 facet normal  0.000000e+00  0.000000e+00 -1.000000e+00
   outer loop
     vertex  4.442795e+02  9.453864e+01 -3.814000e+01
     vertex  4.436780e+02  9.411505e+01 -3.814000e+01
     vertex  4.438715e+02  9.426604e+01 -3.814000e+01
   endloop
 endfacet
 facet normal  0.000000e+00  0.000000e+00 -1.000000e+00
   outer loop
     vertex  4.442795e+02  9.453864e+01 -3.814000e+01
     vertex  4.438715e+02  9.426604e+01 -3.814000e+01
     vertex  4.440721e+02  9.440735e+01 -3.814000e+01
   endloop
 endfacet
 facet normal  0.000000e+00  0.000000e+00 -1.000000e+00
   outer loop
     vertex  4.444930e+02  9.465961e+01 -3.814000e+01
     vertex  4.434922e+02  9.395476e+01 -3.814000e+01
     vertex  4.442795e+02  9.453864e+01 -3.814000e+01
   endloop
 endfacet
 facet normal  0.000000e+00  0.000000e+00 -1.000000e+00
   outer loop
     vertex  5.015596e+02  3.759302e+01 -3.814000e+01
     vertex  5.014386e+02  3.737949e+01 -3.814000e+01
     vertex  5.013073e+02  3.717215e+01 -3.814000e+01
   endloop
 endfacet
 facet normal  0.000000e+00  0.000000e+00 -1.000000e+00
   outer loop
     vertex  5.015596e+02  3.759302e+01 -3.814000e+01
     vertex  5.013073e+02  3.717215e+01 -3.814000e+01
     vertex  5.011660e+02  3.697150e+01 -3.814000e+01
   endloop
 endfacet
 facet normal  0.000000e+00  0.000000e+00 -1.000000e+00
   outer loop
     vertex  5.015596e+02  3.759302e+01 -3.814000e+01
     vertex  5.011660e+02  3.697150e+01 -3.814000e+01
     vertex  4.971500e+02  3.495000e+01 -3.814000e+01
   endloop
 endfacet
 facet normal  0.000000e+00  0.000000e+00 -1.000000e+00
   outer loop
     vertex  4.447122e+02  9.476995e+01 -3.814000e+01
     vertex  4.434922e+02  9.395476e+01 -3.814000e+01
     vertex  4.444930e+02  9.465961e+01 -3.814000e+01
   endloop
 endfacet
 facet normal  0.000000e+00  0.000000e+00 -1.000000e+00
   outer loop
     vertex  4.447122e+02  9.476995e+01 -3.814000e+01
     vertex  4.418500e+02  9.025000e+01 -3.814000e+01
     vertex  4.434922e+02  9.395476e+01 -3.814000e+01
   endloop
 endfacet
 facet normal  0.000000e+00  0.000000e+00 -1.000000e+00
   outer loop
     vertex  5.016699e+02  3.781222e+01 -3.814000e+01
     vertex  5.015596e+02  3.759302e+01 -3.814000e+01
     vertex  4.971500e+02  3.495000e+01 -3.814000e+01
   endloop
 endfacet
 facet normal  0.000000e+00  0.000000e+00 -1.000000e+00
   outer loop
     vertex  4.449366e+02  9.486940e+01 -3.814000e+01
     vertex  4.418500e+02  9.025000e+01 -3.814000e+01
     vertex  4.447122e+02  9.476995e+01 -3.814000e+01
   endloop
 endfacet
 facet normal  0.000000e+00  0.000000e+00 -1.000000e+00
   outer loop
     vertex  5.018577e+02  3.826555e+01 -3.814000e+01
     vertex  5.017694e+02  3.803658e+01 -3.814000e+01
     vertex  5.016699e+02  3.781222e+01 -3.814000e+01
   endloop
 endfacet
 facet normal  0.000000e+00  0.000000e+00 -1.000000e+00
   outer loop
     vertex  5.018577e+02  3.826555e+01 -3.814000e+01
     vertex  5.016699e+02  3.781222e+01 -3.814000e+01
     vertex  4.971500e+02  3.495000e+01 -3.814000e+01
   endloop
 endfacet
 facet normal  0.000000e+00  0.000000e+00 -1.000000e+00
   outer loop
     vertex  4.453986e+02  9.503470e+01 -3.814000e+01
     vertex  4.449366e+02  9.486940e+01 -3.814000e+01
     vertex  4.451656e+02  9.495772e+01 -3.814000e+01
   endloop
 endfacet
 facet normal  0.000000e+00  0.000000e+00 -1.000000e+00
   outer loop
     vertex  4.453986e+02  9.503470e+01 -3.814000e+01
     vertex  4.418500e+02  9.025000e+01 -3.814000e+01
     vertex  4.449366e+02  9.486940e+01 -3.814000e+01
   endloop
 endfacet
 facet normal  0.000000e+00  0.000000e+00 -1.000000e+00
   outer loop
     vertex  4.456351e+02  9.510016e+01 -3.814000e+01
     vertex  4.418500e+02  9.025000e+01 -3.814000e+01
     vertex  4.453986e+02  9.503470e+01 -3.814000e+01
   endloop
 endfacet
 facet normal  0.000000e+00  0.000000e+00 -1.000000e+00
   outer loop
     vertex  4.461163e+02  9.519588e+01 -3.814000e+01
     vertex  4.418500e+02  9.025000e+01 -3.814000e+01
     vertex  4.456351e+02  9.510016e+01 -3.814000e+01
   endloop
 endfacet
 facet normal  0.000000e+00  0.000000e+00 -1.000000e+00
   outer loop
     vertex  4.461163e+02  9.519588e+01 -3.814000e+01
     vertex  4.456351e+02  9.510016e+01 -3.814000e+01
     vertex  4.458745e+02  9.515393e+01 -3.814000e+01
   endloop
 endfacet
 facet normal  0.000000e+00  0.000000e+00 -1.000000e+00
   outer loop
     vertex  5.020959e+02  3.921635e+01 -3.814000e+01
     vertex  5.020539e+02  3.897455e+01 -3.814000e+01
     vertex  5.020002e+02  3.873510e+01 -3.814000e+01
   endloop
 endfacet
 facet normal  0.000000e+00  0.000000e+00 -1.000000e+00
   outer loop
     vertex  5.020959e+02  3.921635e+01 -3.814000e+01
     vertex  5.020002e+02  3.873510e+01 -3.814000e+01
     vertex  5.019347e+02  3.849858e+01 -3.814000e+01
   endloop
 endfacet
 facet normal  0.000000e+00  0.000000e+00 -1.000000e+00
   outer loop
     vertex  5.020959e+02  3.921635e+01 -3.814000e+01
     vertex  5.019347e+02  3.849858e+01 -3.814000e+01
     vertex  5.018577e+02  3.826555e+01 -3.814000e+01
   endloop
 endfacet
 facet normal  0.000000e+00  0.000000e+00 -1.000000e+00
   outer loop
     vertex  5.020959e+02  3.921635e+01 -3.814000e+01
     vertex  5.018577e+02  3.826555e+01 -3.814000e+01
     vertex  4.971500e+02  3.495000e+01 -3.814000e+01
   endloop
 endfacet
 facet normal  0.000000e+00  0.000000e+00 -1.000000e+00
   outer loop
     vertex  5.021500e+02  3.995000e+01 -3.814000e+01
     vertex  5.020959e+02  3.921635e+01 -3.814000e+01
     vertex  4.971500e+02  3.495000e+01 -3.814000e+01
   endloop
 endfacet
 facet normal  0.000000e+00  0.000000e+00 -1.000000e+00
   outer loop
     vertex  5.021500e+02  3.995000e+01 -3.814000e+01
     vertex  5.021440e+02  3.970466e+01 -3.814000e+01
     vertex  5.021259e+02  3.945991e+01 -3.814000e+01
   endloop
 endfacet
 facet normal  0.000000e+00  0.000000e+00 -1.000000e+00
   outer loop
     vertex  5.021500e+02  3.995000e+01 -3.814000e+01
     vertex  5.021259e+02  3.945991e+01 -3.814000e+01
     vertex  5.020959e+02  3.921635e+01 -3.814000e+01
   endloop
 endfacet
 facet normal  0.000000e+00  0.000000e+00 -1.000000e+00
   outer loop
     vertex  4.468500e+02  9.525000e+01 -3.814000e+01
     vertex  4.418500e+02  9.025000e+01 -3.814000e+01
     vertex  4.461163e+02  9.519588e+01 -3.814000e+01
   endloop
 endfacet
 facet normal  0.000000e+00  0.000000e+00 -1.000000e+00
   outer loop
     vertex  4.468500e+02  9.525000e+01 -3.814000e+01
     vertex  4.461163e+02  9.519588e+01 -3.814000e+01
     vertex  4.463599e+02  9.522592e+01 -3.814000e+01
   endloop
 endfacet
 facet normal  0.000000e+00  0.000000e+00 -1.000000e+00
   outer loop
     vertex  4.468500e+02  9.525000e+01 -3.814000e+01
     vertex  4.463599e+02  9.522592e+01 -3.814000e+01
     vertex  4.466047e+02  9.524398e+01 -3.814000e+01
   endloop
 endfacet
 facet normal  0.000000e+00  0.000000e+00 -1.000000e+00
   outer loop
     vertex  4.971500e+02  9.525000e+01 -3.814000e+01
     vertex  4.418500e+02  3.995000e+01 -3.814000e+01
     vertex  4.418500e+02  9.025000e+01 -3.814000e+01
   endloop
 endfacet
 facet normal  0.000000e+00  0.000000e+00 -1.000000e+00
   outer loop
     vertex  4.971500e+02  9.525000e+01 -3.814000e+01
     vertex  5.021500e+02  3.995000e+01 -3.814000e+01
     vertex  4.971500e+02  3.495000e+01 -3.814000e+01
   endloop
 endfacet
 facet normal -0.000000e+00  0.000000e+00 -1.000000e+00
   outer loop
     vertex  4.971500e+02  9.525000e+01 -3.814000e+01
     vertex  4.418500e+02  9.025000e+01 -3.814000e+01
     vertex  4.468500e+02  9.525000e+01 -3.814000e+01
   endloop
 endfacet
 facet normal  0.000000e+00  0.000000e+00 -1.000000e+00
   outer loop
     vertex  4.971500e+02  9.525000e+01 -3.814000e+01
     vertex  5.021500e+02  9.025000e+01 -3.814000e+01
     vertex  5.021500e+02  3.995000e+01 -3.814000e+01
   endloop
 endfacet
 facet normal  0.000000e+00 -0.000000e+00 -1.000000e+00
   outer loop
     vertex  4.971500e+02  9.525000e+01 -3.814000e+01
     vertex  4.971500e+02  3.495000e+01 -3.814000e+01
     vertex  4.418500e+02  3.995000e+01 -3.814000e+01
   endloop
 endfacet
 facet normal  0.000000e+00  0.000000e+00 -1.000000e+00
   outer loop
     vertex  5.021259e+02  9.074009e+01 -3.814000e+01
     vertex  5.021440e+02  9.049534e+01 -3.814000e+01
     vertex  5.021500e+02  9.025000e+01 -3.814000e+01
   endloop
 endfacet
 facet normal  0.000000e+00  0.000000e+00 -1.000000e+00
   outer loop
     vertex  4.978837e+02  9.519588e+01 -3.814000e+01
     vertex  4.973953e+02  9.524398e+01 -3.814000e+01
     vertex  4.976401e+02  9.522592e+01 -3.814000e+01
   endloop
 endfacet
 facet normal  0.000000e+00  0.000000e+00 -1.000000e+00
   outer loop
     vertex  5.020539e+02  9.122545e+01 -3.814000e+01
     vertex  5.020959e+02  9.098365e+01 -3.814000e+01
     vertex  5.021259e+02  9.074009e+01 -3.814000e+01
   endloop
 endfacet
 facet normal -0.000000e+00 -0.000000e+00 -1.000000e+00
   outer loop
     vertex  5.020002e+02  9.146490e+01 -3.814000e+01
     vertex  5.021500e+02  9.025000e+01 -3.814000e+01
     vertex  4.971500e+02  9.525000e+01 -3.814000e+01
   endloop
 endfacet
 facet normal  0.000000e+00  0.000000e+00 -1.000000e+00
   outer loop
     vertex  5.020002e+02  9.146490e+01 -3.814000e+01
     vertex  5.020539e+02  9.122545e+01 -3.814000e+01
     vertex  5.021259e+02  9.074009e+01 -3.814000e+01
   endloop
 endfacet
 facet normal  0.000000e+00  0.000000e+00 -1.000000e+00
   outer loop
     vertex  5.020002e+02  9.146490e+01 -3.814000e+01
     vertex  5.021259e+02  9.074009e+01 -3.814000e+01
     vertex  5.021500e+02  9.025000e+01 -3.814000e+01
   endloop
 endfacet
 facet normal  0.000000e+00  0.000000e+00 -1.000000e+00
   outer loop
     vertex  5.020002e+02  9.146490e+01 -3.814000e+01
     vertex  4.973953e+02  9.524398e+01 -3.814000e+01
     vertex  4.978837e+02  9.519588e+01 -3.814000e+01
   endloop
 endfacet
 facet normal  0.000000e+00  0.000000e+00 -1.000000e+00
   outer loop
     vertex  5.020002e+02  9.146490e+01 -3.814000e+01
     vertex  4.971500e+02  9.525000e+01 -3.814000e+01
     vertex  4.973953e+02  9.524398e+01 -3.814000e+01
   endloop
 endfacet
 facet normal -0.000000e+00 -0.000000e+00 -1.000000e+00
   outer loop
     vertex  4.983649e+02  9.510016e+01 -3.814000e+01
     vertex  5.020002e+02  9.146490e+01 -3.814000e+01
     vertex  4.978837e+02  9.519588e+01 -3.814000e+01
   endloop
 endfacet
 facet normal  0.000000e+00  0.000000e+00 -1.000000e+00
   outer loop
     vertex  4.983649e+02  9.510016e+01 -3.814000e+01
     vertex  4.978837e+02  9.519588e+01 -3.814000e+01
     vertex  4.981255e+02  9.515393e+01 -3.814000e+01
   endloop
 endfacet
 facet normal  0.000000e+00  0.000000e+00 -1.000000e+00
   outer loop
     vertex  5.018577e+02  9.193445e+01 -3.814000e+01
     vertex  5.019347e+02  9.170142e+01 -3.814000e+01
     vertex  5.020002e+02  9.146490e+01 -3.814000e+01
   endloop
 endfacet
 facet normal -0.000000e+00 -0.000000e+00 -1.000000e+00
   outer loop
     vertex  4.988344e+02  9.495772e+01 -3.814000e+01
     vertex  5.020002e+02  9.146490e+01 -3.814000e+01
     vertex  4.983649e+02  9.510016e+01 -3.814000e+01
   endloop
 endfacet
 facet normal  0.000000e+00  0.000000e+00 -1.000000e+00
   outer loop
     vertex  4.988344e+02  9.495772e+01 -3.814000e+01
     vertex  5.018577e+02  9.193445e+01 -3.814000e+01
     vertex  5.020002e+02  9.146490e+01 -3.814000e+01
   endloop
 endfacet
 facet normal  0.000000e+00  0.000000e+00 -1.000000e+00
   outer loop
     vertex  4.988344e+02  9.495772e+01 -3.814000e+01
     vertex  4.983649e+02  9.510016e+01 -3.814000e+01
     vertex  4.986014e+02  9.503470e+01 -3.814000e+01
   endloop
 endfacet
 facet normal -0.000000e+00 -0.000000e+00 -1.000000e+00
   outer loop
     vertex  4.992878e+02  9.476995e+01 -3.814000e+01
     vertex  5.018577e+02  9.193445e+01 -3.814000e+01
     vertex  4.988344e+02  9.495772e+01 -3.814000e+01
   endloop
 endfacet
 facet normal  0.000000e+00  0.000000e+00 -1.000000e+00
   outer loop
     vertex  4.992878e+02  9.476995e+01 -3.814000e+01
     vertex  5.017694e+02  9.216342e+01 -3.814000e+01
     vertex  5.018577e+02  9.193445e+01 -3.814000e+01
   endloop
 endfacet
 facet normal  0.000000e+00  0.000000e+00 -1.000000e+00
   outer loop
     vertex  4.992878e+02  9.476995e+01 -3.814000e+01
     vertex  4.988344e+02  9.495772e+01 -3.814000e+01
     vertex  4.990634e+02  9.486940e+01 -3.814000e+01
   endloop
 endfacet
 facet normal  0.000000e+00  0.000000e+00 -1.000000e+00
   outer loop
     vertex  5.015596e+02  9.260698e+01 -3.814000e+01
     vertex  5.016699e+02  9.238778e+01 -3.814000e+01
     vertex  5.017694e+02  9.216342e+01 -3.814000e+01
   endloop
 endfacet
 facet normal -0.000000e+00 -0.000000e+00 -1.000000e+00
   outer loop
     vertex  5.014386e+02  9.282051e+01 -3.814000e+01
     vertex  5.017694e+02  9.216342e+01 -3.814000e+01
     vertex  4.992878e+02  9.476995e+01 -3.814000e+01
   endloop
 endfacet
 facet normal  0.000000e+00  0.000000e+00 -1.000000e+00
   outer loop
     vertex  5.014386e+02  9.282051e+01 -3.814000e+01
     vertex  5.015596e+02  9.260698e+01 -3.814000e+01
     vertex  5.017694e+02  9.216342e+01 -3.814000e+01
   endloop
 endfacet
 facet normal  0.000000e+00  0.000000e+00 -1.000000e+00
   outer loop
     vertex  5.014386e+02  9.282051e+01 -3.814000e+01
     vertex  4.992878e+02  9.476995e+01 -3.814000e+01
     vertex  4.995070e+02  9.465961e+01 -3.814000e+01
   endloop
 endfacet
 facet normal -0.000000e+00 -0.000000e+00 -1.000000e+00
   outer loop
     vertex  5.013073e+02  9.302785e+01 -3.814000e+01
     vertex  5.014386e+02  9.282051e+01 -3.814000e+01
     vertex  4.995070e+02  9.465961e+01 -3.814000e+01
   endloop
 endfacet
 facet normal -0.000000e+00 -0.000000e+00 -1.000000e+00
   outer loop
     vertex  5.011660e+02  9.322850e+01 -3.814000e+01
     vertex  5.013073e+02  9.302785e+01 -3.814000e+01
     vertex  4.995070e+02  9.465961e+01 -3.814000e+01
   endloop
 endfacet
 facet normal  0.000000e+00  0.000000e+00 -1.000000e+00
   outer loop
     vertex  5.011660e+02  9.322850e+01 -3.814000e+01
     vertex  4.995070e+02  9.465961e+01 -3.814000e+01
     vertex  4.997205e+02  9.453864e+01 -3.814000e+01
   endloop
 endfacet
 facet normal -0.000000e+00 -0.000000e+00 -1.000000e+00
   outer loop
     vertex  5.010151e+02  9.342197e+01 -3.814000e+01
     vertex  5.011660e+02  9.322850e+01 -3.814000e+01
     vertex  4.997205e+02  9.453864e+01 -3.814000e+01
   endloop
 endfacet
 facet normal  0.000000e+00  0.000000e+00 -1.000000e+00
   outer loop
     vertex  5.010151e+02  9.342197e+01 -3.814000e+01
     vertex  4.999279e+02  9.440735e+01 -3.814000e+01
     vertex  5.001285e+02  9.426604e+01 -3.814000e+01
   endloop
 endfacet
 facet normal  0.000000e+00  0.000000e+00 -1.000000e+00
   outer loop
     vertex  5.010151e+02  9.342197e+01 -3.814000e+01
     vertex  4.997205e+02  9.453864e+01 -3.814000e+01
     vertex  4.999279e+02  9.440735e+01 -3.814000e+01
   endloop
 endfacet
 facet normal  0.000000e+00  0.000000e+00 -1.000000e+00
   outer loop
     vertex  5.005078e+02  9.395476e+01 -3.814000e+01
     vertex  5.008548e+02  9.360779e+01 -3.814000e+01
     vertex  5.010151e+02  9.342197e+01 -3.814000e+01
   endloop
 endfacet
 facet normal  0.000000e+00  0.000000e+00 -1.000000e+00
   outer loop
     vertex  5.005078e+02  9.395476e+01 -3.814000e+01
     vertex  5.001285e+02  9.426604e+01 -3.814000e+01
     vertex  5.003220e+02  9.411505e+01 -3.814000e+01
   endloop
 endfacet
 facet normal -0.000000e+00 -0.000000e+00 -1.000000e+00
   outer loop
     vertex  5.005078e+02  9.395476e+01 -3.814000e+01
     vertex  5.010151e+02  9.342197e+01 -3.814000e+01
     vertex  5.001285e+02  9.426604e+01 -3.814000e+01
   endloop
 endfacet
 facet normal -0.000000e+00 -0.000000e+00 -1.000000e+00
   outer loop
     vertex  5.006855e+02  9.378553e+01 -3.814000e+01
     vertex  5.008548e+02  9.360779e+01 -3.814000e+01
     vertex  5.005078e+02  9.395476e+01 -3.814000e+01
   endloop
 endfacet
 facet normal  0.000000e+00  1.000000e+00  0.000000e+00
   outer loop
     vertex  4.971500e+02  9.525000e+01 -2.814000e+01
     vertex  4.971500e+02  9.525000e+01 -3.814000e+01
     vertex  4.468500e+02  9.525000e+01 -3.814000e+01
   endloop
 endfacet
 facet normal  0.000000e+00  1.000000e+00  0.000000e+00
   outer loop
     vertex  4.971500e+02  9.525000e+01 -2.814000e+01
     vertex  4.468500e+02  9.525000e+01 -3.814000e+01
     vertex  4.468500e+02  9.525000e+01 -2.814000e+01
   endloop
 endfacet
 facet normal  9.996988e-01  2.454123e-02  0.000000e+00
   outer loop
     vertex  5.021440e+02  9.049534e+01 -2.814000e+01
     vertex  5.021500e+02  9.025000e+01 -3.814000e+01
     vertex  5.021440e+02  9.049534e+01 -3.814000e+01
   endloop
 endfacet
 facet normal  9.996988e-01  2.454123e-02  0.000000e+00
   outer loop
     vertex  5.021440e+02  9.049534e+01 -2.814000e+01
     vertex  5.021500e+02  9.025000e+01 -2.814000e+01
     vertex  5.021500e+02  9.025000e+01 -3.814000e+01
   endloop
 endfacet
 facet normal  9.972905e-01  7.356456e-02  0.000000e+00
   outer loop
     vertex  5.021259e+02  9.074009e+01 -2.814000e+01
     vertex  5.021440e+02  9.049534e+01 -3.814000e+01
     vertex  5.021259e+02  9.074009e+01 -3.814000e+01
   endloop
 endfacet
 facet normal  9.924795e-01  1.224107e-01  0.000000e+00
   outer loop
     vertex  5.021259e+02  9.074009e+01 -2.814000e+01
     vertex  5.021259e+02  9.074009e+01 -3.814000e+01
     vertex  5.020959e+02  9.098365e+01 -3.814000e+01
   endloop
 endfacet
 facet normal  9.972905e-01  7.356456e-02  0.000000e+00
   outer loop
     vertex  5.021259e+02  9.074009e+01 -2.814000e+01
     vertex  5.021440e+02  9.049534e+01 -2.814000e+01
     vertex  5.021440e+02  9.049534e+01 -3.814000e+01
   endloop
 endfacet
 facet normal  9.924795e-01  1.224107e-01  0.000000e+00
   outer loop
     vertex  5.020959e+02  9.098365e+01 -2.814000e+01
     vertex  5.021259e+02  9.074009e+01 -2.814000e+01
     vertex  5.020959e+02  9.098365e+01 -3.814000e+01
   endloop
 endfacet
 facet normal  9.852776e-01  1.709619e-01  0.000000e+00
   outer loop
     vertex  5.020539e+02  9.122545e+01 -2.814000e+01
     vertex  5.020959e+02  9.098365e+01 -3.814000e+01
     vertex  5.020539e+02  9.122545e+01 -3.814000e+01
   endloop
 endfacet
 facet normal  9.852776e-01  1.709619e-01  0.000000e+00
   outer loop
     vertex  5.020539e+02  9.122545e+01 -2.814000e+01
     vertex  5.020959e+02  9.098365e+01 -2.814000e+01
     vertex  5.020959e+02  9.098365e+01 -3.814000e+01
   endloop
 endfacet
 facet normal  9.757021e-01  2.191012e-01  0.000000e+00
   outer loop
     vertex  5.020002e+02  9.146490e+01 -2.814000e+01
     vertex  5.020539e+02  9.122545e+01 -3.814000e+01
     vertex  5.020002e+02  9.146490e+01 -3.814000e+01
   endloop
 endfacet
 facet normal  9.637761e-01  2.667128e-01  0.000000e+00
   outer loop
     vertex  5.020002e+02  9.146490e+01 -2.814000e+01
     vertex  5.020002e+02  9.146490e+01 -3.814000e+01
     vertex  5.019347e+02  9.170142e+01 -3.814000e+01
   endloop
 endfacet
 facet normal  9.757021e-01  2.191012e-01  0.000000e+00
   outer loop
     vertex  5.020002e+02  9.146490e+01 -2.814000e+01
     vertex  5.020539e+02  9.122545e+01 -2.814000e+01
     vertex  5.020539e+02  9.122545e+01 -3.814000e+01
   endloop
 endfacet
 facet normal  9.637761e-01  2.667128e-01  0.000000e+00
   outer loop
     vertex  5.019347e+02  9.170142e+01 -2.814000e+01
     vertex  5.020002e+02  9.146490e+01 -2.814000e+01
     vertex  5.019347e+02  9.170142e+01 -3.814000e+01
   endloop
 endfacet
 facet normal  9.495282e-01  3.136817e-01  0.000000e+00
   outer loop
     vertex  5.018577e+02  9.193445e+01 -2.814000e+01
     vertex  5.019347e+02  9.170142e+01 -3.814000e+01
     vertex  5.018577e+02  9.193445e+01 -3.814000e+01
   endloop
 endfacet
 facet normal  9.495282e-01  3.136817e-01  0.000000e+00
   outer loop
     vertex  5.018577e+02  9.193445e+01 -2.814000e+01
     vertex  5.019347e+02  9.170142e+01 -2.814000e+01
     vertex  5.019347e+02  9.170142e+01 -3.814000e+01
   endloop
 endfacet
 facet normal  9.329928e-01  3.598950e-01  0.000000e+00
   outer loop
     vertex  5.017694e+02  9.216342e+01 -2.814000e+01
     vertex  5.018577e+02  9.193445e+01 -3.814000e+01
     vertex  5.017694e+02  9.216342e+01 -3.814000e+01
   endloop
 endfacet
 facet normal  9.142098e-01  4.052413e-01  0.000000e+00
   outer loop
     vertex  5.017694e+02  9.216342e+01 -2.814000e+01
     vertex  5.017694e+02  9.216342e+01 -3.814000e+01
     vertex  5.016699e+02  9.238778e+01 -3.814000e+01
   endloop
 endfacet
 facet normal  9.329928e-01  3.598950e-01  0.000000e+00
   outer loop
     vertex  5.017694e+02  9.216342e+01 -2.814000e+01
     vertex  5.018577e+02  9.193445e+01 -2.814000e+01
     vertex  5.018577e+02  9.193445e+01 -3.814000e+01
   endloop
 endfacet
 facet normal  9.142098e-01  4.052413e-01  0.000000e+00
   outer loop
     vertex  5.016699e+02  9.238778e+01 -2.814000e+01
     vertex  5.017694e+02  9.216342e+01 -2.814000e+01
     vertex  5.016699e+02  9.238778e+01 -3.814000e+01
   endloop
 endfacet
 facet normal  8.932243e-01  4.496113e-01  0.000000e+00
   outer loop
     vertex  5.015596e+02  9.260698e+01 -2.814000e+01
     vertex  5.016699e+02  9.238778e+01 -3.814000e+01
     vertex  5.015596e+02  9.260698e+01 -3.814000e+01
   endloop
 endfacet
 facet normal  8.932243e-01  4.496113e-01  0.000000e+00
   outer loop
     vertex  5.015596e+02  9.260698e+01 -2.814000e+01
     vertex  5.016699e+02  9.238778e+01 -2.814000e+01
     vertex  5.016699e+02  9.238778e+01 -3.814000e+01
   endloop
 endfacet
 facet normal  8.700870e-01  4.928982e-01  0.000000e+00
   outer loop
     vertex  5.014386e+02  9.282051e+01 -2.814000e+01
     vertex  5.015596e+02  9.260698e+01 -3.814000e+01
     vertex  5.014386e+02  9.282051e+01 -3.814000e+01
   endloop
 endfacet
 facet normal  8.700870e-01  4.928982e-01  0.000000e+00
   outer loop
     vertex  5.014386e+02  9.282051e+01 -2.814000e+01
     vertex  5.015596e+02  9.260698e+01 -2.814000e+01
     vertex  5.015596e+02  9.260698e+01 -3.814000e+01
   endloop
 endfacet
 facet normal  8.448536e-01  5.349976e-01  0.000000e+00
   outer loop
     vertex  5.013073e+02  9.302785e+01 -2.814000e+01
     vertex  5.014386e+02  9.282051e+01 -3.814000e+01
     vertex  5.013073e+02  9.302785e+01 -3.814000e+01
   endloop
 endfacet
 facet normal  8.448536e-01  5.349976e-01  0.000000e+00
   outer loop
     vertex  5.013073e+02  9.302785e+01 -2.814000e+01
     vertex  5.014386e+02  9.282051e+01 -2.814000e+01
     vertex  5.014386e+02  9.282051e+01 -3.814000e+01
   endloop
 endfacet
 facet normal  8.175848e-01  5.758082e-01  0.000000e+00
   outer loop
     vertex  5.011660e+02  9.322850e+01 -2.814000e+01
     vertex  5.013073e+02  9.302785e+01 -3.814000e+01
     vertex  5.011660e+02  9.322850e+01 -3.814000e+01
   endloop
 endfacet
 facet normal  7.883464e-01  6.152316e-01  0.000000e+00
   outer loop
     vertex  5.011660e+02  9.322850e+01 -2.814000e+01
     vertex  5.011660e+02  9.322850e+01 -3.814000e+01
     vertex  5.010151e+02  9.342197e+01 -3.814000e+01
   endloop
 endfacet
 facet normal  8.175848e-01  5.758082e-01  0.000000e+00
   outer loop
     vertex  5.011660e+02  9.322850e+01 -2.814000e+01
     vertex  5.013073e+02  9.302785e+01 -2.814000e+01
     vertex  5.013073e+02  9.302785e+01 -3.814000e+01
   endloop
 endfacet
 facet normal  7.883464e-01  6.152316e-01  0.000000e+00
   outer loop
     vertex  5.010151e+02  9.342197e+01 -2.814000e+01
     vertex  5.011660e+02  9.322850e+01 -2.814000e+01
     vertex  5.010151e+02  9.342197e+01 -3.814000e+01
   endloop
 endfacet
 facet normal  7.572088e-01  6.531728e-01  0.000000e+00
   outer loop
     vertex  5.008548e+02  9.360779e+01 -2.814000e+01
     vertex  5.010151e+02  9.342197e+01 -3.814000e+01
     vertex  5.008548e+02  9.360779e+01 -3.814000e+01
   endloop
 endfacet
 facet normal  7.572088e-01  6.531728e-01  0.000000e+00
   outer loop
     vertex  5.008548e+02  9.360779e+01 -2.814000e+01
     vertex  5.010151e+02  9.342197e+01 -2.814000e+01
     vertex  5.010151e+02  9.342197e+01 -3.814000e+01
   endloop
 endfacet
 facet normal  7.242471e-01  6.895405e-01  0.000000e+00
   outer loop
     vertex  5.006855e+02  9.378553e+01 -2.814000e+01
     vertex  5.008548e+02  9.360779e+01 -3.814000e+01
     vertex  5.006855e+02  9.378553e+01 -3.814000e+01
   endloop
 endfacet
 facet normal  7.242471e-01  6.895405e-01  0.000000e+00
   outer loop
     vertex  5.006855e+02  9.378553e+01 -2.814000e+01
     vertex  5.008548e+02  9.360779e+01 -2.814000e+01
     vertex  5.008548e+02  9.360779e+01 -3.814000e+01
   endloop
 endfacet
 facet normal  6.895405e-01  7.242471e-01  0.000000e+00
   outer loop
     vertex  5.005078e+02  9.395476e+01 -2.814000e+01
     vertex  5.006855e+02  9.378553e+01 -3.814000e+01
     vertex  5.005078e+02  9.395476e+01 -3.814000e+01
   endloop
 endfacet
 facet normal  6.895405e-01  7.242471e-01  0.000000e+00
   outer loop
     vertex  5.005078e+02  9.395476e+01 -2.814000e+01
     vertex  5.006855e+02  9.378553e+01 -2.814000e+01
     vertex  5.006855e+02  9.378553e+01 -3.814000e+01
   endloop
 endfacet
 facet normal  6.531728e-01  7.572088e-01  0.000000e+00
   outer loop
     vertex  5.003220e+02  9.411505e+01 -2.814000e+01
     vertex  5.005078e+02  9.395476e+01 -3.814000e+01
     vertex  5.003220e+02  9.411505e+01 -3.814000e+01
   endloop
 endfacet
 facet normal  6.531728e-01  7.572088e-01  0.000000e+00
   outer loop
     vertex  5.003220e+02  9.411505e+01 -2.814000e+01
     vertex  5.005078e+02  9.395476e+01 -2.814000e+01
     vertex  5.005078e+02  9.395476e+01 -3.814000e+01
   endloop
 endfacet
 facet normal  6.152316e-01  7.883464e-01  0.000000e+00
   outer loop
     vertex  5.001285e+02  9.426604e+01 -2.814000e+01
     vertex  5.003220e+02  9.411505e+01 -3.814000e+01
     vertex  5.001285e+02  9.426604e+01 -3.814000e+01
   endloop
 endfacet
 facet normal  5.758082e-01  8.175848e-01  0.000000e+00
   outer loop
     vertex  5.001285e+02  9.426604e+01 -2.814000e+01
     vertex  5.001285e+02  9.426604e+01 -3.814000e+01
     vertex  4.999279e+02  9.440735e+01 -3.814000e+01
   endloop
 endfacet
 facet normal  6.152316e-01  7.883464e-01  0.000000e+00
   outer loop
     vertex  5.001285e+02  9.426604e+01 -2.814000e+01
     vertex  5.003220e+02  9.411505e+01 -2.814000e+01
     vertex  5.003220e+02  9.411505e+01 -3.814000e+01
   endloop
 endfacet
 facet normal  5.758082e-01  8.175848e-01  0.000000e+00
   outer loop
     vertex  4.999279e+02  9.440735e+01 -2.814000e+01
     vertex  5.001285e+02  9.426604e+01 -2.814000e+01
     vertex  4.999279e+02  9.440735e+01 -3.814000e+01
   endloop
 endfacet
 facet normal  5.349976e-01  8.448536e-01  0.000000e+00
   outer loop
     vertex  4.997205e+02  9.453864e+01 -2.814000e+01
     vertex  4.999279e+02  9.440735e+01 -3.814000e+01
     vertex  4.997205e+02  9.453864e+01 -3.814000e+01
   endloop
 endfacet
 facet normal  5.349976e-01  8.448536e-01  0.000000e+00
   outer loop
     vertex  4.997205e+02  9.453864e+01 -2.814000e+01
     vertex  4.999279e+02  9.440735e+01 -2.814000e+01
     vertex  4.999279e+02  9.440735e+01 -3.814000e+01
   endloop
 endfacet
 facet normal  4.928982e-01  8.700870e-01  0.000000e+00
   outer loop
     vertex  4.995070e+02  9.465961e+01 -2.814000e+01
     vertex  4.997205e+02  9.453864e+01 -3.814000e+01
     vertex  4.995070e+02  9.465961e+01 -3.814000e+01
   endloop
 endfacet
 facet normal  4.928982e-01  8.700870e-01  0.000000e+00
   outer loop
     vertex  4.995070e+02  9.465961e+01 -2.814000e+01
     vertex  4.997205e+02  9.453864e+01 -2.814000e+01
     vertex  4.997205e+02  9.453864e+01 -3.814000e+01
   endloop
 endfacet
 facet normal  4.496113e-01  8.932243e-01  0.000000e+00
   outer loop
     vertex  4.992878e+02  9.476995e+01 -2.814000e+01
     vertex  4.995070e+02  9.465961e+01 -3.814000e+01
     vertex  4.992878e+02  9.476995e+01 -3.814000e+01
   endloop
 endfacet
 facet normal  4.496113e-01  8.932243e-01  0.000000e+00
   outer loop
     vertex  4.992878e+02  9.476995e+01 -2.814000e+01
     vertex  4.995070e+02  9.465961e+01 -2.814000e+01
     vertex  4.995070e+02  9.465961e+01 -3.814000e+01
   endloop
 endfacet
 facet normal  4.052413e-01  9.142098e-01  0.000000e+00
   outer loop
     vertex  4.990634e+02  9.486940e+01 -2.814000e+01
     vertex  4.992878e+02  9.476995e+01 -3.814000e+01
     vertex  4.990634e+02  9.486940e+01 -3.814000e+01
   endloop
 endfacet
 facet normal  4.052413e-01  9.142098e-01  0.000000e+00
   outer loop
     vertex  4.990634e+02  9.486940e+01 -2.814000e+01
     vertex  4.992878e+02  9.476995e+01 -2.814000e+01
     vertex  4.992878e+02  9.476995e+01 -3.814000e+01
   endloop
 endfacet
 facet normal  3.598950e-01  9.329928e-01  0.000000e+00
   outer loop
     vertex  4.988344e+02  9.495772e+01 -2.814000e+01
     vertex  4.990634e+02  9.486940e+01 -3.814000e+01
     vertex  4.988344e+02  9.495772e+01 -3.814000e+01
   endloop
 endfacet
 facet normal  3.598950e-01  9.329928e-01  0.000000e+00
   outer loop
     vertex  4.988344e+02  9.495772e+01 -2.814000e+01
     vertex  4.990634e+02  9.486940e+01 -2.814000e+01
     vertex  4.990634e+02  9.486940e+01 -3.814000e+01
   endloop
 endfacet
 facet normal  3.136817e-01  9.495282e-01  0.000000e+00
   outer loop
     vertex  4.986014e+02  9.503470e+01 -2.814000e+01
     vertex  4.988344e+02  9.495772e+01 -3.814000e+01
     vertex  4.986014e+02  9.503470e+01 -3.814000e+01
   endloop
 endfacet
 facet normal  3.136817e-01  9.495282e-01  0.000000e+00
   outer loop
     vertex  4.986014e+02  9.503470e+01 -2.814000e+01
     vertex  4.988344e+02  9.495772e+01 -2.814000e+01
     vertex  4.988344e+02  9.495772e+01 -3.814000e+01
   endloop
 endfacet
 facet normal  2.667128e-01  9.637761e-01  0.000000e+00
   outer loop
     vertex  4.983649e+02  9.510016e+01 -2.814000e+01
     vertex  4.986014e+02  9.503470e+01 -3.814000e+01
     vertex  4.983649e+02  9.510016e+01 -3.814000e+01
   endloop
 endfacet
 facet normal  2.667128e-01  9.637761e-01  0.000000e+00
   outer loop
     vertex  4.983649e+02  9.510016e+01 -2.814000e+01
     vertex  4.986014e+02  9.503470e+01 -2.814000e+01
     vertex  4.986014e+02  9.503470e+01 -3.814000e+01
   endloop
 endfacet
 facet normal  2.191012e-01  9.757021e-01  0.000000e+00
   outer loop
     vertex  4.981255e+02  9.515393e+01 -2.814000e+01
     vertex  4.983649e+02  9.510016e+01 -3.814000e+01
     vertex  4.981255e+02  9.515393e+01 -3.814000e+01
   endloop
 endfacet
 facet normal  2.191012e-01  9.757021e-01  0.000000e+00
   outer loop
     vertex  4.981255e+02  9.515393e+01 -2.814000e+01
     vertex  4.983649e+02  9.510016e+01 -2.814000e+01
     vertex  4.983649e+02  9.510016e+01 -3.814000e+01
   endloop
 endfacet
 facet normal  1.709619e-01  9.852776e-01  0.000000e+00
   outer loop
     vertex  4.978837e+02  9.519588e+01 -2.814000e+01
     vertex  4.981255e+02  9.515393e+01 -3.814000e+01
     vertex  4.978837e+02  9.519588e+01 -3.814000e+01
   endloop
 endfacet
 facet normal  1.224107e-01  9.924795e-01  0.000000e+00
   outer loop
     vertex  4.978837e+02  9.519588e+01 -2.814000e+01
     vertex  4.978837e+02  9.519588e+01 -3.814000e+01
     vertex  4.976401e+02  9.522592e+01 -3.814000e+01
   endloop
 endfacet
 facet normal  1.709619e-01  9.852776e-01  0.000000e+00
   outer loop
     vertex  4.978837e+02  9.519588e+01 -2.814000e+01
     vertex  4.981255e+02  9.515393e+01 -2.814000e+01
     vertex  4.981255e+02  9.515393e+01 -3.814000e+01
   endloop
 endfacet
 facet normal  1.224107e-01  9.924795e-01  0.000000e+00
   outer loop
     vertex  4.976401e+02  9.522592e+01 -2.814000e+01
     vertex  4.978837e+02  9.519588e+01 -2.814000e+01
     vertex  4.976401e+02  9.522592e+01 -3.814000e+01
   endloop
 endfacet
 facet normal  7.356456e-02  9.972905e-01  0.000000e+00
   outer loop
     vertex  4.973953e+02  9.524398e+01 -2.814000e+01
     vertex  4.976401e+02  9.522592e+01 -3.814000e+01
     vertex  4.973953e+02  9.524398e+01 -3.814000e+01
   endloop
 endfacet
 facet normal  2.454123e-02  9.996988e-01  0.000000e+00
   outer loop
     vertex  4.973953e+02  9.524398e+01 -2.814000e+01
     vertex  4.973953e+02  9.524398e+01 -3.814000e+01
     vertex  4.971500e+02  9.525000e+01 -3.814000e+01
   endloop
 endfacet
 facet normal  7.356456e-02  9.972905e-01  0.000000e+00
   outer loop
     vertex  4.973953e+02  9.524398e+01 -2.814000e+01
     vertex  4.976401e+02  9.522592e+01 -2.814000e+01
     vertex  4.976401e+02  9.522592e+01 -3.814000e+01
   endloop
 endfacet
 facet normal  2.454123e-02  9.996988e-01  0.000000e+00
   outer loop
     vertex  4.971500e+02  9.525000e+01 -2.814000e+01
     vertex  4.973953e+02  9.524398e+01 -2.814000e+01
     vertex  4.971500e+02  9.525000e+01 -3.814000e+01
   endloop
 endfacet
 facet normal  1.000000e+00  0.000000e+00  0.000000e+00
   outer loop
     vertex  5.021500e+02  3.995000e+01 -2.814000e+01
     vertex  5.021500e+02  3.995000e+01 -3.814000e+01
     vertex  5.021500e+02  9.025000e+01 -3.814000e+01
   endloop
 endfacet
 facet normal  1.000000e+00 -0.000000e+00  0.000000e+00
   outer loop
     vertex  5.021500e+02  3.995000e+01 -2.814000e+01
     vertex  5.021500e+02  9.025000e+01 -3.814000e+01
     vertex  5.021500e+02  9.025000e+01 -2.814000e+01
   endloop
 endfacet
 facet normal  9.996988e-01 -2.454123e-02  0.000000e+00
   outer loop
     vertex  5.021500e+02  3.995000e+01 -2.814000e+01
     vertex  5.021440e+02  3.970466e+01 -3.814000e+01
     vertex  5.021500e+02  3.995000e+01 -3.814000e+01
   endloop
 endfacet
 facet normal  9.996988e-01 -2.454123e-02  0.000000e+00
   outer loop
     vertex  5.021440e+02  3.970466e+01 -2.814000e+01
     vertex  5.021440e+02  3.970466e+01 -3.814000e+01
     vertex  5.021500e+02  3.995000e+01 -2.814000e+01
   endloop
 endfacet
 facet normal  9.972905e-01 -7.356456e-02  0.000000e+00
   outer loop
     vertex  5.021259e+02  3.945991e+01 -2.814000e+01
     vertex  5.021259e+02  3.945991e+01 -3.814000e+01
     vertex  5.021440e+02  3.970466e+01 -3.814000e+01
   endloop
 endfacet
 facet normal  9.924795e-01 -1.224107e-01  0.000000e+00
   outer loop
     vertex  5.021259e+02  3.945991e+01 -2.814000e+01
     vertex  5.020959e+02  3.921635e+01 -3.814000e+01
     vertex  5.021259e+02  3.945991e+01 -3.814000e+01
   endloop
 endfacet
 facet normal  9.972905e-01 -7.356456e-02  0.000000e+00
   outer loop
     vertex  5.021259e+02  3.945991e+01 -2.814000e+01
     vertex  5.021440e+02  3.970466e+01 -3.814000e+01
     vertex  5.021440e+02  3.970466e+01 -2.814000e+01
   endloop
 endfacet
 facet normal  9.924795e-01 -1.224107e-01  0.000000e+00
   outer loop
     vertex  5.020959e+02  3.921635e+01 -2.814000e+01
     vertex  5.020959e+02  3.921635e+01 -3.814000e+01
     vertex  5.021259e+02  3.945991e+01 -2.814000e+01
   endloop
 endfacet
 facet normal  9.852776e-01 -1.709619e-01  0.000000e+00
   outer loop
     vertex  5.020539e+02  3.897455e+01 -2.814000e+01
     vertex  5.020539e+02  3.897455e+01 -3.814000e+01
     vertex  5.020959e+02  3.921635e+01 -3.814000e+01
   endloop
 endfacet
 facet normal  9.852776e-01 -1.709619e-01  0.000000e+00
   outer loop
     vertex  5.020539e+02  3.897455e+01 -2.814000e+01
     vertex  5.020959e+02  3.921635e+01 -3.814000e+01
     vertex  5.020959e+02  3.921635e+01 -2.814000e+01
   endloop
 endfacet
 facet normal  9.757021e-01 -2.191012e-01  0.000000e+00
   outer loop
     vertex  5.020002e+02  3.873510e+01 -2.814000e+01
     vertex  5.020002e+02  3.873510e+01 -3.814000e+01
     vertex  5.020539e+02  3.897455e+01 -3.814000e+01
   endloop
 endfacet
 facet normal  9.637761e-01 -2.667128e-01  0.000000e+00
   outer loop
     vertex  5.020002e+02  3.873510e+01 -2.814000e+01
     vertex  5.019347e+02  3.849858e+01 -3.814000e+01
     vertex  5.020002e+02  3.873510e+01 -3.814000e+01
   endloop
 endfacet
 facet normal  9.757021e-01 -2.191012e-01  0.000000e+00
   outer loop
     vertex  5.020002e+02  3.873510e+01 -2.814000e+01
     vertex  5.020539e+02  3.897455e+01 -3.814000e+01
     vertex  5.020539e+02  3.897455e+01 -2.814000e+01
   endloop
 endfacet
 facet normal  9.637761e-01 -2.667128e-01  0.000000e+00
   outer loop
     vertex  5.019347e+02  3.849858e+01 -2.814000e+01
     vertex  5.019347e+02  3.849858e+01 -3.814000e+01
     vertex  5.020002e+02  3.873510e+01 -2.814000e+01
   endloop
 endfacet
 facet normal  9.495282e-01 -3.136817e-01  0.000000e+00
   outer loop
     vertex  5.018577e+02  3.826555e+01 -2.814000e+01
     vertex  5.018577e+02  3.826555e+01 -3.814000e+01
     vertex  5.019347e+02  3.849858e+01 -3.814000e+01
   endloop
 endfacet
 facet normal  9.495282e-01 -3.136817e-01  0.000000e+00
   outer loop
     vertex  5.018577e+02  3.826555e+01 -2.814000e+01
     vertex  5.019347e+02  3.849858e+01 -3.814000e+01
     vertex  5.019347e+02  3.849858e+01 -2.814000e+01
   endloop
 endfacet
 facet normal  9.329928e-01 -3.598950e-01  0.000000e+00
   outer loop
     vertex  5.017694e+02  3.803658e+01 -2.814000e+01
     vertex  5.017694e+02  3.803658e+01 -3.814000e+01
     vertex  5.018577e+02  3.826555e+01 -3.814000e+01
   endloop
 endfacet
 facet normal  9.329928e-01 -3.598950e-01  0.000000e+00
   outer loop
     vertex  5.017694e+02  3.803658e+01 -2.814000e+01
     vertex  5.018577e+02  3.826555e+01 -3.814000e+01
     vertex  5.018577e+02  3.826555e+01 -2.814000e+01
   endloop
 endfacet
 facet normal  9.142098e-01 -4.052413e-01  0.000000e+00
   outer loop
     vertex  5.016699e+02  3.781222e+01 -2.814000e+01
     vertex  5.017694e+02  3.803658e+01 -3.814000e+01
     vertex  5.017694e+02  3.803658e+01 -2.814000e+01
   endloop
 endfacet
 facet normal  9.142098e-01 -4.052413e-01  0.000000e+00
   outer loop
     vertex  5.016699e+02  3.781222e+01 -2.814000e+01
     vertex  5.016699e+02  3.781222e+01 -3.814000e+01
     vertex  5.017694e+02  3.803658e+01 -3.814000e+01
   endloop
 endfacet
 facet normal  8.932243e-01 -4.496113e-01  0.000000e+00
   outer loop
     vertex  5.015596e+02  3.759302e+01 -2.814000e+01
     vertex  5.015596e+02  3.759302e+01 -3.814000e+01
     vertex  5.016699e+02  3.781222e+01 -3.814000e+01
   endloop
 endfacet
 facet normal  8.932243e-01 -4.496113e-01  0.000000e+00
   outer loop
     vertex  5.015596e+02  3.759302e+01 -2.814000e+01
     vertex  5.016699e+02  3.781222e+01 -3.814000e+01
     vertex  5.016699e+02  3.781222e+01 -2.814000e+01
   endloop
 endfacet
 facet normal  8.700870e-01 -4.928982e-01  0.000000e+00
   outer loop
     vertex  5.014386e+02  3.737949e+01 -2.814000e+01
     vertex  5.014386e+02  3.737949e+01 -3.814000e+01
     vertex  5.015596e+02  3.759302e+01 -3.814000e+01
   endloop
 endfacet
 facet normal  8.448536e-01 -5.349976e-01  0.000000e+00
   outer loop
     vertex  5.014386e+02  3.737949e+01 -2.814000e+01
     vertex  5.013073e+02  3.717215e+01 -3.814000e+01
     vertex  5.014386e+02  3.737949e+01 -3.814000e+01
   endloop
 endfacet
 facet normal  8.700870e-01 -4.928982e-01  0.000000e+00
   outer loop
     vertex  5.014386e+02  3.737949e+01 -2.814000e+01
     vertex  5.015596e+02  3.759302e+01 -3.814000e+01
     vertex  5.015596e+02  3.759302e+01 -2.814000e+01
   endloop
 endfacet
 facet normal  8.448536e-01 -5.349976e-01  0.000000e+00
   outer loop
     vertex  5.013073e+02  3.717215e+01 -2.814000e+01
     vertex  5.013073e+02  3.717215e+01 -3.814000e+01
     vertex  5.014386e+02  3.737949e+01 -2.814000e+01
   endloop
 endfacet
 facet normal  8.175848e-01 -5.758082e-01  0.000000e+00
   outer loop
     vertex  5.011660e+02  3.697150e+01 -2.814000e+01
     vertex  5.011660e+02  3.697150e+01 -3.814000e+01
     vertex  5.013073e+02  3.717215e+01 -3.814000e+01
   endloop
 endfacet
 facet normal  8.175848e-01 -5.758082e-01  0.000000e+00
   outer loop
     vertex  5.011660e+02  3.697150e+01 -2.814000e+01
     vertex  5.013073e+02  3.717215e+01 -3.814000e+01
     vertex  5.013073e+02  3.717215e+01 -2.814000e+01
   endloop
 endfacet
 facet normal  7.883464e-01 -6.152316e-01  0.000000e+00
   outer loop
     vertex  5.010151e+02  3.677803e+01 -2.814000e+01
     vertex  5.010151e+02  3.677803e+01 -3.814000e+01
     vertex  5.011660e+02  3.697150e+01 -3.814000e+01
   endloop
 endfacet
 facet normal  7.883464e-01 -6.152316e-01  0.000000e+00
   outer loop
     vertex  5.010151e+02  3.677803e+01 -2.814000e+01
     vertex  5.011660e+02  3.697150e+01 -3.814000e+01
     vertex  5.011660e+02  3.697150e+01 -2.814000e+01
   endloop
 endfacet
 facet normal  7.572088e-01 -6.531728e-01  0.000000e+00
   outer loop
     vertex  5.008548e+02  3.659221e+01 -2.814000e+01
     vertex  5.008548e+02  3.659221e+01 -3.814000e+01
     vertex  5.010151e+02  3.677803e+01 -3.814000e+01
   endloop
 endfacet
 facet normal  7.572088e-01 -6.531728e-01  0.000000e+00
   outer loop
     vertex  5.008548e+02  3.659221e+01 -2.814000e+01
     vertex  5.010151e+02  3.677803e+01 -3.814000e+01
     vertex  5.010151e+02  3.677803e+01 -2.814000e+01
   endloop
 endfacet
 facet normal  7.242471e-01 -6.895405e-01  0.000000e+00
   outer loop
     vertex  5.006855e+02  3.641447e+01 -2.814000e+01
     vertex  5.006855e+02  3.641447e+01 -3.814000e+01
     vertex  5.008548e+02  3.659221e+01 -3.814000e+01
   endloop
 endfacet
 facet normal  7.242471e-01 -6.895405e-01  0.000000e+00
   outer loop
     vertex  5.006855e+02  3.641447e+01 -2.814000e+01
     vertex  5.008548e+02  3.659221e+01 -3.814000e+01
     vertex  5.008548e+02  3.659221e+01 -2.814000e+01
   endloop
 endfacet
 facet normal  6.895405e-01 -7.242471e-01  0.000000e+00
   outer loop
     vertex  5.005078e+02  3.624524e+01 -2.814000e+01
     vertex  5.005078e+02  3.624524e+01 -3.814000e+01
     vertex  5.006855e+02  3.641447e+01 -3.814000e+01
   endloop
 endfacet
 facet normal  6.895405e-01 -7.242471e-01  0.000000e+00
   outer loop
     vertex  5.005078e+02  3.624524e+01 -2.814000e+01
     vertex  5.006855e+02  3.641447e+01 -3.814000e+01
     vertex  5.006855e+02  3.641447e+01 -2.814000e+01
   endloop
 endfacet
 facet normal  6.531728e-01 -7.572088e-01  0.000000e+00
   outer loop
     vertex  5.003220e+02  3.608495e+01 -2.814000e+01
     vertex  5.003220e+02  3.608495e+01 -3.814000e+01
     vertex  5.005078e+02  3.624524e+01 -3.814000e+01
   endloop
 endfacet
 facet normal  6.531728e-01 -7.572088e-01  0.000000e+00
   outer loop
     vertex  5.003220e+02  3.608495e+01 -2.814000e+01
     vertex  5.005078e+02  3.624524e+01 -3.814000e+01
     vertex  5.005078e+02  3.624524e+01 -2.814000e+01
   endloop
 endfacet
 facet normal  6.152316e-01 -7.883464e-01  0.000000e+00
   outer loop
     vertex  5.001285e+02  3.593396e+01 -2.814000e+01
     vertex  5.001285e+02  3.593396e+01 -3.814000e+01
     vertex  5.003220e+02  3.608495e+01 -3.814000e+01
   endloop
 endfacet
 facet normal  6.152316e-01 -7.883464e-01  0.000000e+00
   outer loop
     vertex  5.001285e+02  3.593396e+01 -2.814000e+01
     vertex  5.003220e+02  3.608495e+01 -3.814000e+01
     vertex  5.003220e+02  3.608495e+01 -2.814000e+01
   endloop
 endfacet
 facet normal  5.758082e-01 -8.175848e-01  0.000000e+00
   outer loop
     vertex  4.999279e+02  3.579265e+01 -2.814000e+01
     vertex  4.999279e+02  3.579265e+01 -3.814000e+01
     vertex  5.001285e+02  3.593396e+01 -3.814000e+01
   endloop
 endfacet
 facet normal  5.758082e-01 -8.175848e-01  0.000000e+00
   outer loop
     vertex  4.999279e+02  3.579265e+01 -2.814000e+01
     vertex  5.001285e+02  3.593396e+01 -3.814000e+01
     vertex  5.001285e+02  3.593396e+01 -2.814000e+01
   endloop
 endfacet
 facet normal  5.349976e-01 -8.448536e-01  0.000000e+00
   outer loop
     vertex  4.997205e+02  3.566136e+01 -2.814000e+01
     vertex  4.997205e+02  3.566136e+01 -3.814000e+01
     vertex  4.999279e+02  3.579265e+01 -3.814000e+01
   endloop
 endfacet
 facet normal  5.349976e-01 -8.448536e-01  0.000000e+00
   outer loop
     vertex  4.997205e+02  3.566136e+01 -2.814000e+01
     vertex  4.999279e+02  3.579265e+01 -3.814000e+01
     vertex  4.999279e+02  3.579265e+01 -2.814000e+01
   endloop
 endfacet
 facet normal  4.928982e-01 -8.700870e-01  0.000000e+00
   outer loop
     vertex  4.995070e+02  3.554039e+01 -2.814000e+01
     vertex  4.995070e+02  3.554039e+01 -3.814000e+01
     vertex  4.997205e+02  3.566136e+01 -3.814000e+01
   endloop
 endfacet
 facet normal  4.928982e-01 -8.700870e-01  0.000000e+00
   outer loop
     vertex  4.995070e+02  3.554039e+01 -2.814000e+01
     vertex  4.997205e+02  3.566136e+01 -3.814000e+01
     vertex  4.997205e+02  3.566136e+01 -2.814000e+01
   endloop
 endfacet
 facet normal  4.496113e-01 -8.932243e-01  0.000000e+00
   outer loop
     vertex  4.992878e+02  3.543005e+01 -2.814000e+01
     vertex  4.992878e+02  3.543005e+01 -3.814000e+01
     vertex  4.995070e+02  3.554039e+01 -3.814000e+01
   endloop
 endfacet
 facet normal  4.496113e-01 -8.932243e-01  0.000000e+00
   outer loop
     vertex  4.992878e+02  3.543005e+01 -2.814000e+01
     vertex  4.995070e+02  3.554039e+01 -3.814000e+01
     vertex  4.995070e+02  3.554039e+01 -2.814000e+01
   endloop
 endfacet
 facet normal  4.052413e-01 -9.142098e-01  0.000000e+00
   outer loop
     vertex  4.990634e+02  3.533060e+01 -2.814000e+01
     vertex  4.990634e+02  3.533060e+01 -3.814000e+01
     vertex  4.992878e+02  3.543005e+01 -3.814000e+01
   endloop
 endfacet
 facet normal  4.052413e-01 -9.142098e-01  0.000000e+00
   outer loop
     vertex  4.990634e+02  3.533060e+01 -2.814000e+01
     vertex  4.992878e+02  3.543005e+01 -3.814000e+01
     vertex  4.992878e+02  3.543005e+01 -2.814000e+01
   endloop
 endfacet
 facet normal  3.598950e-01 -9.329928e-01  0.000000e+00
   outer loop
     vertex  4.988344e+02  3.524228e+01 -2.814000e+01
     vertex  4.988344e+02  3.524228e+01 -3.814000e+01
     vertex  4.990634e+02  3.533060e+01 -3.814000e+01
   endloop
 endfacet
 facet normal  3.598950e-01 -9.329928e-01  0.000000e+00
   outer loop
     vertex  4.988344e+02  3.524228e+01 -2.814000e+01
     vertex  4.990634e+02  3.533060e+01 -3.814000e+01
     vertex  4.990634e+02  3.533060e+01 -2.814000e+01
   endloop
 endfacet
 facet normal  3.136817e-01 -9.495282e-01  0.000000e+00
   outer loop
     vertex  4.986014e+02  3.516530e+01 -2.814000e+01
     vertex  4.986014e+02  3.516530e+01 -3.814000e+01
     vertex  4.988344e+02  3.524228e+01 -3.814000e+01
   endloop
 endfacet
 facet normal  3.136817e-01 -9.495282e-01  0.000000e+00
   outer loop
     vertex  4.986014e+02  3.516530e+01 -2.814000e+01
     vertex  4.988344e+02  3.524228e+01 -3.814000e+01
     vertex  4.988344e+02  3.524228e+01 -2.814000e+01
   endloop
 endfacet
 facet normal  2.667128e-01 -9.637761e-01  0.000000e+00
   outer loop
     vertex  4.983649e+02  3.509984e+01 -2.814000e+01
     vertex  4.983649e+02  3.509984e+01 -3.814000e+01
     vertex  4.986014e+02  3.516530e+01 -3.814000e+01
   endloop
 endfacet
 facet normal  2.667128e-01 -9.637761e-01  0.000000e+00
   outer loop
     vertex  4.983649e+02  3.509984e+01 -2.814000e+01
     vertex  4.986014e+02  3.516530e+01 -3.814000e+01
     vertex  4.986014e+02  3.516530e+01 -2.814000e+01
   endloop
 endfacet
 facet normal  2.191012e-01 -9.757021e-01  0.000000e+00
   outer loop
     vertex  4.981255e+02  3.504607e+01 -2.814000e+01
     vertex  4.981255e+02  3.504607e+01 -3.814000e+01
     vertex  4.983649e+02  3.509984e+01 -3.814000e+01
   endloop
 endfacet
 facet normal  2.191012e-01 -9.757021e-01  0.000000e+00
   outer loop
     vertex  4.981255e+02  3.504607e+01 -2.814000e+01
     vertex  4.983649e+02  3.509984e+01 -3.814000e+01
     vertex  4.983649e+02  3.509984e+01 -2.814000e+01
   endloop
 endfacet
 facet normal  1.709619e-01 -9.852776e-01  0.000000e+00
   outer loop
     vertex  4.978837e+02  3.500412e+01 -2.814000e+01
     vertex  4.978837e+02  3.500412e+01 -3.814000e+01
     vertex  4.981255e+02  3.504607e+01 -3.814000e+01
   endloop
 endfacet
 facet normal  1.709619e-01 -9.852776e-01  0.000000e+00
   outer loop
     vertex  4.978837e+02  3.500412e+01 -2.814000e+01
     vertex  4.981255e+02  3.504607e+01 -3.814000e+01
     vertex  4.981255e+02  3.504607e+01 -2.814000e+01
   endloop
 endfacet
 facet normal  1.224107e-01 -9.924795e-01  0.000000e+00
   outer loop
     vertex  4.976401e+02  3.497408e+01 -2.814000e+01
     vertex  4.976401e+02  3.497408e+01 -3.814000e+01
     vertex  4.978837e+02  3.500412e+01 -3.814000e+01
   endloop
 endfacet
 facet normal  7.356456e-02 -9.972905e-01  0.000000e+00
   outer loop
     vertex  4.976401e+02  3.497408e+01 -2.814000e+01
     vertex  4.973953e+02  3.495602e+01 -3.814000e+01
     vertex  4.976401e+02  3.497408e+01 -3.814000e+01
   endloop
 endfacet
 facet normal  1.224107e-01 -9.924795e-01  0.000000e+00
   outer loop
     vertex  4.976401e+02  3.497408e+01 -2.814000e+01
     vertex  4.978837e+02  3.500412e+01 -3.814000e+01
     vertex  4.978837e+02  3.500412e+01 -2.814000e+01
   endloop
 endfacet
 facet normal  7.356456e-02 -9.972905e-01  0.000000e+00
   outer loop
     vertex  4.973953e+02  3.495602e+01 -2.814000e+01
     vertex  4.973953e+02  3.495602e+01 -3.814000e+01
     vertex  4.976401e+02  3.497408e+01 -2.814000e+01
   endloop
 endfacet
 facet normal  2.454123e-02 -9.996988e-01  0.000000e+00
   outer loop
     vertex  4.973953e+02  3.495602e+01 -2.814000e+01
     vertex  4.971500e+02  3.495000e+01 -3.814000e+01
     vertex  4.973953e+02  3.495602e+01 -3.814000e+01
   endloop
 endfacet
 facet normal  2.454123e-02 -9.996988e-01  0.000000e+00
   outer loop
     vertex  4.971500e+02  3.495000e+01 -2.814000e+01
     vertex  4.971500e+02  3.495000e+01 -3.814000e+01
     vertex  4.973953e+02  3.495602e+01 -2.814000e+01
   endloop
 endfacet
 facet normal  0.000000e+00 -1.000000e+00 -0.000000e+00
   outer loop
     vertex  4.971500e+02  3.495000e+01 -2.814000e+01
     vertex  4.468500e+02  3.495000e+01 -3.814000e+01
     vertex  4.971500e+02  3.495000e+01 -3.814000e+01
   endloop
 endfacet
 facet normal -0.000000e+00 -1.000000e+00  0.000000e+00
   outer loop
     vertex  4.971500e+02  3.495000e+01 -2.814000e+01
     vertex  4.468500e+02  3.495000e+01 -2.814000e+01
     vertex  4.468500e+02  3.495000e+01 -3.814000e+01
   endloop
 endfacet
 facet normal -9.955865e-01 -9.384890e-02  6.082252e-13
   outer loop
     vertex  4.449928e+02  3.530772e+01 -2.814000e+01
     vertex  4.449789e+02  3.545521e+01 -3.014000e+01
     vertex  4.449928e+02  3.530772e+01 -3.014000e+01
   endloop
 endfacet
 facet normal -9.897396e-01 -1.428830e-01  1.421343e-14
   outer loop
     vertex  4.449789e+02  3.545521e+01 -2.814000e+01
     vertex  4.449577e+02  3.560183e+01 -3.014000e+01
     vertex  4.449789e+02  3.545521e+01 -3.014000e+01
   endloop
 endfacet
 facet normal -9.955865e-01 -9.384890e-02  9.335712e-15
   outer loop
     vertex  4.449789e+02  3.545521e+01 -2.814000e+01
     vertex  4.449789e+02  3.545521e+01 -3.014000e+01
     vertex  4.449928e+02  3.530772e+01 -2.814000e+01
   endloop
 endfacet
 facet normal -9.814792e-01 -1.915687e-01  1.769531e-14
   outer loop
     vertex  4.449577e+02  3.560183e+01 -2.814000e+01
     vertex  4.449294e+02  3.574723e+01 -3.014000e+01
     vertex  4.449577e+02  3.560183e+01 -3.014000e+01
   endloop
 endfacet
 facet normal -9.897396e-01 -1.428830e-01  1.319818e-14
   outer loop
     vertex  4.449577e+02  3.560183e+01 -2.814000e+01
     vertex  4.449577e+02  3.560183e+01 -3.014000e+01
     vertex  4.449789e+02  3.545521e+01 -2.814000e+01
   endloop
 endfacet
 facet normal -9.708255e-01 -2.397873e-01 -7.998924e-15
   outer loop
     vertex  4.449294e+02  3.574723e+01 -2.814000e+01
     vertex  4.448938e+02  3.589105e+01 -3.014000e+01
     vertex  4.449294e+02  3.574723e+01 -3.014000e+01
   endloop
 endfacet
 facet normal -9.814792e-01 -1.915687e-01 -1.224178e-14
   outer loop
     vertex  4.449294e+02  3.574723e+01 -2.814000e+01
     vertex  4.449294e+02  3.574723e+01 -3.014000e+01
     vertex  4.449577e+02  3.560183e+01 -2.814000e+01
   endloop
 endfacet
 facet normal -9.578043e-01 -2.874211e-01 -4.757692e-15
   outer loop
     vertex  4.448938e+02  3.589105e+01 -2.814000e+01
     vertex  4.448512e+02  3.603295e+01 -3.014000e+01
     vertex  4.448938e+02  3.589105e+01 -3.014000e+01
   endloop
 endfacet
 facet normal -9.708255e-01 -2.397873e-01 -8.850819e-15
   outer loop
     vertex  4.448938e+02  3.589105e+01 -2.814000e+01
     vertex  4.448938e+02  3.589105e+01 -3.014000e+01
     vertex  4.449294e+02  3.574723e+01 -2.814000e+01
   endloop
 endfacet
 facet normal -9.424476e-01 -3.343540e-01 -4.216554e-15
   outer loop
     vertex  4.448512e+02  3.603295e+01 -2.814000e+01
     vertex  4.448017e+02  3.617257e+01 -3.014000e+01
     vertex  4.448512e+02  3.603295e+01 -3.014000e+01
   endloop
 endfacet
 facet normal -9.578043e-01 -2.874211e-01 -7.821066e-15
   outer loop
     vertex  4.448512e+02  3.603295e+01 -2.814000e+01
     vertex  4.448512e+02  3.603295e+01 -3.014000e+01
     vertex  4.448938e+02  3.589105e+01 -2.814000e+01
   endloop
 endfacet
 facet normal -9.247926e-01 -3.804716e-01  2.297901e-14
   outer loop
     vertex  4.448017e+02  3.617257e+01 -2.814000e+01
     vertex  4.447453e+02  3.630957e+01 -3.014000e+01
     vertex  4.448017e+02  3.617257e+01 -3.014000e+01
   endloop
 endfacet
 facet normal -9.424476e-01 -3.343540e-01  2.019369e-14
   outer loop
     vertex  4.448017e+02  3.617257e+01 -2.814000e+01
     vertex  4.448017e+02  3.617257e+01 -3.014000e+01
     vertex  4.448512e+02  3.603295e+01 -2.814000e+01
   endloop
 endfacet
 facet normal -9.048825e-01 -4.256614e-01 -3.034512e-15
   outer loop
     vertex  4.447453e+02  3.630957e+01 -2.814000e+01
     vertex  4.446823e+02  3.644362e+01 -3.014000e+01
     vertex  4.447453e+02  3.630957e+01 -3.014000e+01
   endloop
 endfacet
 facet normal -9.247926e-01 -3.804716e-01 -6.008587e-15
   outer loop
     vertex  4.447453e+02  3.630957e+01 -2.814000e+01
     vertex  4.447453e+02  3.630957e+01 -3.014000e+01
     vertex  4.448017e+02  3.617257e+01 -2.814000e+01
   endloop
 endfacet
 facet normal -8.827658e-01 -4.698132e-01 -5.060372e-15
   outer loop
     vertex  4.446823e+02  3.644362e+01 -2.814000e+01
     vertex  4.446127e+02  3.657440e+01 -3.014000e+01
     vertex  4.446823e+02  3.644362e+01 -3.014000e+01
   endloop
 endfacet
 facet normal -9.048825e-01 -4.256614e-01 -7.571271e-15
   outer loop
     vertex  4.446823e+02  3.644362e+01 -2.814000e+01
     vertex  4.446823e+02  3.644362e+01 -3.014000e+01
     vertex  4.447453e+02  3.630957e+01 -2.814000e+01
   endloop
 endfacet
 facet normal -8.827658e-01 -4.698132e-01 -6.729484e-15
   outer loop
     vertex  4.446127e+02  3.657440e+01 -2.814000e+01
     vertex  4.446127e+02  3.657440e+01 -3.014000e+01
     vertex  4.446823e+02  3.644362e+01 -2.814000e+01
   endloop
 endfacet
 facet normal -8.584965e-01 -5.128194e-01 -4.359034e-15
   outer loop
     vertex  4.446127e+02  3.657440e+01 -2.814000e+01
     vertex  4.445367e+02  3.670158e+01 -3.014000e+01
     vertex  4.446127e+02  3.657440e+01 -3.014000e+01
   endloop
 endfacet
 facet normal -8.584965e-01 -5.128194e-01 -8.002835e-15
   outer loop
     vertex  4.445367e+02  3.670158e+01 -2.814000e+01
     vertex  4.445367e+02  3.670158e+01 -3.014000e+01
     vertex  4.446127e+02  3.657440e+01 -2.814000e+01
   endloop
 endfacet
 facet normal -8.321337e-01 -5.545750e-01 -5.918446e-15
   outer loop
     vertex  4.445367e+02  3.670158e+01 -2.814000e+01
     vertex  4.444546e+02  3.682486e+01 -3.014000e+01
     vertex  4.445367e+02  3.670158e+01 -3.014000e+01
   endloop
 endfacet
 facet normal -8.321337e-01 -5.545750e-01  1.182148e-14
   outer loop
     vertex  4.444546e+02  3.682486e+01 -2.814000e+01
     vertex  4.444546e+02  3.682486e+01 -3.014000e+01
     vertex  4.445367e+02  3.670158e+01 -2.814000e+01
   endloop
 endfacet
 facet normal -8.037417e-01 -5.949783e-01  1.268273e-14
   outer loop
     vertex  4.444546e+02  3.682486e+01 -2.814000e+01
     vertex  4.443664e+02  3.694393e+01 -3.014000e+01
     vertex  4.444546e+02  3.682486e+01 -3.014000e+01
   endloop
 endfacet
 facet normal -7.733898e-01 -6.339307e-01  1.126087e-14
   outer loop
     vertex  4.443664e+02  3.694393e+01 -2.814000e+01
     vertex  4.442725e+02  3.705850e+01 -3.014000e+01
     vertex  4.443664e+02  3.694393e+01 -3.014000e+01
   endloop
 endfacet
 facet normal -8.037417e-01 -5.949783e-01  1.056894e-14
   outer loop
     vertex  4.443664e+02  3.694393e+01 -2.814000e+01
     vertex  4.443664e+02  3.694393e+01 -3.014000e+01
     vertex  4.444546e+02  3.682486e+01 -2.814000e+01
   endloop
 endfacet
 facet normal -7.411520e-01 -6.713373e-01 -1.390960e-14
   outer loop
     vertex  4.442725e+02  3.705850e+01 -2.814000e+01
     vertex  4.441731e+02  3.716830e+01 -3.014000e+01
     vertex  4.442725e+02  3.705850e+01 -3.014000e+01
   endloop
 endfacet
 facet normal -7.733898e-01 -6.339307e-01 -1.522454e-14
   outer loop
     vertex  4.442725e+02  3.705850e+01 -2.814000e+01
     vertex  4.442725e+02  3.705850e+01 -3.014000e+01
     vertex  4.443664e+02  3.694393e+01 -2.814000e+01
   endloop
 endfacet
 facet normal -7.071068e-01 -7.071068e-01  2.512148e-15
   outer loop
     vertex  4.441731e+02  3.716830e+01 -2.814000e+01
     vertex  4.440683e+02  3.727305e+01 -3.014000e+01
     vertex  4.441731e+02  3.716830e+01 -3.014000e+01
   endloop
 endfacet
 facet normal -7.411520e-01 -6.713373e-01  2.385069e-15
   outer loop
     vertex  4.441731e+02  3.716830e+01 -2.814000e+01
     vertex  4.441731e+02  3.716830e+01 -3.014000e+01
     vertex  4.442725e+02  3.705850e+01 -2.814000e+01
   endloop
 endfacet
 facet normal -7.071068e-01 -7.071068e-01 -0.000000e+00
   outer loop
     vertex  4.440683e+02  3.727305e+01 -2.814000e+01
     vertex  4.440683e+02  3.727305e+01 -3.014000e+01
     vertex  4.441731e+02  3.716830e+01 -2.814000e+01
   endloop
 endfacet
 facet normal -6.713373e-01 -7.411520e-01 -5.266201e-15
   outer loop
     vertex  4.439585e+02  3.737251e+01 -2.814000e+01
     vertex  4.439585e+02  3.737251e+01 -3.014000e+01
     vertex  4.440683e+02  3.727305e+01 -3.014000e+01
   endloop
 endfacet
 facet normal -6.713373e-01 -7.411520e-01  0.000000e+00
   outer loop
     vertex  4.439585e+02  3.737251e+01 -2.814000e+01
     vertex  4.440683e+02  3.727305e+01 -3.014000e+01
     vertex  4.440683e+02  3.727305e+01 -2.814000e+01
   endloop
 endfacet
 facet normal -6.339307e-01 -7.733898e-01  1.252213e-14
   outer loop
     vertex  4.438439e+02  3.746642e+01 -2.814000e+01
     vertex  4.438439e+02  3.746642e+01 -3.014000e+01
     vertex  4.439585e+02  3.737251e+01 -3.014000e+01
   endloop
 endfacet
 facet normal -6.339307e-01 -7.733898e-01 -5.491839e-15
   outer loop
     vertex  4.438439e+02  3.746642e+01 -2.814000e+01
     vertex  4.439585e+02  3.737251e+01 -3.014000e+01
     vertex  4.439585e+02  3.737251e+01 -2.814000e+01
   endloop
 endfacet
 facet normal -5.949783e-01 -8.037417e-01  8.343908e-15
   outer loop
     vertex  4.437249e+02  3.755456e+01 -2.814000e+01
     vertex  4.437249e+02  3.755456e+01 -3.014000e+01
     vertex  4.438439e+02  3.746642e+01 -3.014000e+01
   endloop
 endfacet
 facet normal -5.949783e-01 -8.037417e-01  1.120031e-14
   outer loop
     vertex  4.437249e+02  3.755456e+01 -2.814000e+01
     vertex  4.438439e+02  3.746642e+01 -3.014000e+01
     vertex  4.438439e+02  3.746642e+01 -2.814000e+01
   endloop
 endfacet
 facet normal -5.545750e-01 -8.321337e-01  9.803060e-16
   outer loop
     vertex  4.436016e+02  3.763672e+01 -2.814000e+01
     vertex  4.436016e+02  3.763672e+01 -3.014000e+01
     vertex  4.437249e+02  3.755456e+01 -3.014000e+01
   endloop
 endfacet
 facet normal -5.545750e-01 -8.321337e-01  6.897000e-15
   outer loop
     vertex  4.436016e+02  3.763672e+01 -2.814000e+01
     vertex  4.437249e+02  3.755456e+01 -3.014000e+01
     vertex  4.437249e+02  3.755456e+01 -2.814000e+01
   endloop
 endfacet
 facet normal -5.128194e-01 -8.584965e-01 -6.747580e-16
   outer loop
     vertex  4.434744e+02  3.771269e+01 -2.814000e+01
     vertex  4.434744e+02  3.771269e+01 -3.014000e+01
     vertex  4.436016e+02  3.763672e+01 -3.014000e+01
   endloop
 endfacet
 facet normal -5.128194e-01 -8.584965e-01 -6.733064e-16
   outer loop
     vertex  4.434744e+02  3.771269e+01 -2.814000e+01
     vertex  4.436016e+02  3.763672e+01 -3.014000e+01
     vertex  4.436016e+02  3.763672e+01 -2.814000e+01
   endloop
 endfacet
 facet normal -4.698132e-01 -8.827658e-01 -5.464391e-15
   outer loop
     vertex  4.433436e+02  3.778229e+01 -2.814000e+01
     vertex  4.433436e+02  3.778229e+01 -3.014000e+01
     vertex  4.434744e+02  3.771269e+01 -3.014000e+01
   endloop
 endfacet
 facet normal -4.698132e-01 -8.827658e-01 -2.330226e-15
   outer loop
     vertex  4.433436e+02  3.778229e+01 -2.814000e+01
     vertex  4.434744e+02  3.771269e+01 -3.014000e+01
     vertex  4.434744e+02  3.771269e+01 -2.814000e+01
   endloop
 endfacet
 facet normal -4.256614e-01 -9.048825e-01 -7.190706e-15
   outer loop
     vertex  4.432096e+02  3.784535e+01 -2.814000e+01
     vertex  4.432096e+02  3.784535e+01 -3.014000e+01
     vertex  4.433436e+02  3.778229e+01 -3.014000e+01
   endloop
 endfacet
 facet normal -4.256614e-01 -9.048825e-01 -7.195597e-15
   outer loop
     vertex  4.432096e+02  3.784535e+01 -2.814000e+01
     vertex  4.433436e+02  3.778229e+01 -3.014000e+01
     vertex  4.433436e+02  3.778229e+01 -2.814000e+01
   endloop
 endfacet
 facet normal -3.804716e-01 -9.247926e-01  5.199690e-15
   outer loop
     vertex  4.430726e+02  3.790171e+01 -2.814000e+01
     vertex  4.430726e+02  3.790171e+01 -3.014000e+01
     vertex  4.432096e+02  3.784535e+01 -3.014000e+01
   endloop
 endfacet
 facet normal -3.804716e-01 -9.247926e-01 -8.899355e-15
   outer loop
     vertex  4.430726e+02  3.790171e+01 -2.814000e+01
     vertex  4.432096e+02  3.784535e+01 -3.014000e+01
     vertex  4.432096e+02  3.784535e+01 -2.814000e+01
   endloop
 endfacet
 facet normal -3.343540e-01 -9.424476e-01 -1.083654e-15
   outer loop
     vertex  4.429329e+02  3.795125e+01 -2.814000e+01
     vertex  4.429329e+02  3.795125e+01 -3.014000e+01
     vertex  4.430726e+02  3.790171e+01 -3.014000e+01
   endloop
 endfacet
 facet normal -3.343540e-01 -9.424476e-01  2.265823e-15
   outer loop
     vertex  4.429329e+02  3.795125e+01 -2.814000e+01
     vertex  4.430726e+02  3.790171e+01 -3.014000e+01
     vertex  4.430726e+02  3.790171e+01 -2.814000e+01
   endloop
 endfacet
 facet normal -2.874211e-01 -9.578043e-01 -4.078831e-15
   outer loop
     vertex  4.427911e+02  3.799383e+01 -2.814000e+01
     vertex  4.427911e+02  3.799383e+01 -3.014000e+01
     vertex  4.429329e+02  3.795125e+01 -3.014000e+01
   endloop
 endfacet
 facet normal -2.874211e-01 -9.578043e-01 -4.077895e-15
   outer loop
     vertex  4.427911e+02  3.799383e+01 -2.814000e+01
     vertex  4.429329e+02  3.795125e+01 -3.014000e+01
     vertex  4.429329e+02  3.795125e+01 -2.814000e+01
   endloop
 endfacet
 facet normal -2.397873e-01 -9.708255e-01 -3.614997e-15
   outer loop
     vertex  4.426472e+02  3.802935e+01 -2.814000e+01
     vertex  4.426472e+02  3.802935e+01 -3.014000e+01
     vertex  4.427911e+02  3.799383e+01 -3.014000e+01
   endloop
 endfacet
 facet normal -2.397873e-01 -9.708255e-01 -7.063863e-15
   outer loop
     vertex  4.426472e+02  3.802935e+01 -2.814000e+01
     vertex  4.427911e+02  3.799383e+01 -3.014000e+01
     vertex  4.427911e+02  3.799383e+01 -2.814000e+01
   endloop
 endfacet
 facet normal -1.915687e-01 -9.814792e-01  2.386472e-15
   outer loop
     vertex  4.425018e+02  3.805773e+01 -2.814000e+01
     vertex  4.425018e+02  3.805773e+01 -3.014000e+01
     vertex  4.426472e+02  3.802935e+01 -3.014000e+01
   endloop
 endfacet
 facet normal -1.915687e-01 -9.814792e-01 -6.542782e-15
   outer loop
     vertex  4.425018e+02  3.805773e+01 -2.814000e+01
     vertex  4.426472e+02  3.802935e+01 -3.014000e+01
     vertex  4.426472e+02  3.802935e+01 -2.814000e+01
   endloop
 endfacet
 facet normal -1.428830e-01 -9.897396e-01  1.634155e-15
   outer loop
     vertex  4.423552e+02  3.807890e+01 -2.814000e+01
     vertex  4.423552e+02  3.807890e+01 -3.014000e+01
     vertex  4.425018e+02  3.805773e+01 -3.014000e+01
   endloop
 endfacet
 facet normal -9.384890e-02 -9.955865e-01 -2.609062e-15
   outer loop
     vertex  4.423552e+02  3.807890e+01 -2.814000e+01
     vertex  4.422077e+02  3.809280e+01 -3.014000e+01
     vertex  4.423552e+02  3.807890e+01 -3.014000e+01
   endloop
 endfacet
 facet normal -1.428830e-01 -9.897396e-01 -1.882331e-15
   outer loop
     vertex  4.423552e+02  3.807890e+01 -2.814000e+01
     vertex  4.425018e+02  3.805773e+01 -3.014000e+01
     vertex  4.425018e+02  3.805773e+01 -2.814000e+01
   endloop
 endfacet
 facet normal -9.384890e-02 -9.955865e-01  6.146324e-13
   outer loop
     vertex  4.422077e+02  3.809280e+01 -2.814000e+01
     vertex  4.422077e+02  3.809280e+01 -3.014000e+01
     vertex  4.423552e+02  3.807890e+01 -2.814000e+01
   endloop
 endfacet
 facet normal  0.000000e+00  0.000000e+00  1.000000e+00
   outer loop
     vertex  4.449789e+02  3.545521e+01 -3.014000e+01
     vertex  4.447739e+02  3.540140e+01 -3.014000e+01
     vertex  4.449928e+02  3.530772e+01 -3.014000e+01
   endloop
 endfacet
 facet normal  0.000000e+00  0.000000e+00  1.000000e+00
   outer loop
     vertex  4.423552e+02  3.807890e+01 -3.014000e+01
     vertex  4.422077e+02  3.809280e+01 -3.014000e+01
     vertex  4.423014e+02  3.787389e+01 -3.014000e+01
   endloop
 endfacet
 facet normal  0.000000e+00  0.000000e+00  1.000000e+00
   outer loop
     vertex  4.449577e+02  3.560183e+01 -3.014000e+01
     vertex  4.445597e+02  3.550540e+01 -3.014000e+01
     vertex  4.447739e+02  3.540140e+01 -3.014000e+01
   endloop
 endfacet
 facet normal  0.000000e+00  0.000000e+00  1.000000e+00
   outer loop
     vertex  4.449577e+02  3.560183e+01 -3.014000e+01
     vertex  4.447739e+02  3.540140e+01 -3.014000e+01
     vertex  4.449789e+02  3.545521e+01 -3.014000e+01
   endloop
 endfacet
 facet normal  0.000000e+00  0.000000e+00  1.000000e+00
   outer loop
     vertex  4.425018e+02  3.805773e+01 -3.014000e+01
     vertex  4.423014e+02  3.787389e+01 -3.014000e+01
     vertex  4.424054e+02  3.765968e+01 -3.014000e+01
   endloop
 endfacet
 facet normal  0.000000e+00  0.000000e+00  1.000000e+00
   outer loop
     vertex  4.425018e+02  3.805773e+01 -3.014000e+01
     vertex  4.423552e+02  3.807890e+01 -3.014000e+01
     vertex  4.423014e+02  3.787389e+01 -3.014000e+01
   endloop
 endfacet
 facet normal  0.000000e+00  0.000000e+00  1.000000e+00
   outer loop
     vertex  4.449294e+02  3.574723e+01 -3.014000e+01
     vertex  4.445597e+02  3.550540e+01 -3.014000e+01
     vertex  4.449577e+02  3.560183e+01 -3.014000e+01
   endloop
 endfacet
 facet normal  0.000000e+00  0.000000e+00  1.000000e+00
   outer loop
     vertex  4.426472e+02  3.802935e+01 -3.014000e+01
     vertex  4.425018e+02  3.805773e+01 -3.014000e+01
     vertex  4.424054e+02  3.765968e+01 -3.014000e+01
   endloop
 endfacet
 facet normal  0.000000e+00  0.000000e+00  1.000000e+00
   outer loop
     vertex  4.448938e+02  3.589105e+01 -3.014000e+01
     vertex  4.443507e+02  3.561949e+01 -3.014000e+01
     vertex  4.445597e+02  3.550540e+01 -3.014000e+01
   endloop
 endfacet
 facet normal  0.000000e+00  0.000000e+00  1.000000e+00
   outer loop
     vertex  4.448938e+02  3.589105e+01 -3.014000e+01
     vertex  4.445597e+02  3.550540e+01 -3.014000e+01
     vertex  4.449294e+02  3.574723e+01 -3.014000e+01
   endloop
 endfacet
 facet normal  0.000000e+00  0.000000e+00  1.000000e+00
   outer loop
     vertex  4.427911e+02  3.799383e+01 -3.014000e+01
     vertex  4.424054e+02  3.765968e+01 -3.014000e+01
     vertex  4.425195e+02  3.745067e+01 -3.014000e+01
   endloop
 endfacet
 facet normal  0.000000e+00  0.000000e+00  1.000000e+00
   outer loop
     vertex  4.427911e+02  3.799383e+01 -3.014000e+01
     vertex  4.426472e+02  3.802935e+01 -3.014000e+01
     vertex  4.424054e+02  3.765968e+01 -3.014000e+01
   endloop
 endfacet
 facet normal  0.000000e+00  0.000000e+00  1.000000e+00
   outer loop
     vertex  4.448512e+02  3.603295e+01 -3.014000e+01
     vertex  4.443507e+02  3.561949e+01 -3.014000e+01
     vertex  4.448938e+02  3.589105e+01 -3.014000e+01
   endloop
 endfacet
 facet normal  0.000000e+00  0.000000e+00  1.000000e+00
   outer loop
     vertex  4.429329e+02  3.795125e+01 -3.014000e+01
     vertex  4.427911e+02  3.799383e+01 -3.014000e+01
     vertex  4.425195e+02  3.745067e+01 -3.014000e+01
   endloop
 endfacet
 facet normal  0.000000e+00  0.000000e+00  1.000000e+00
   outer loop
     vertex  4.448017e+02  3.617257e+01 -3.014000e+01
     vertex  4.443507e+02  3.561949e+01 -3.014000e+01
     vertex  4.448512e+02  3.603295e+01 -3.014000e+01
   endloop
 endfacet
 facet normal  0.000000e+00  0.000000e+00  1.000000e+00
   outer loop
     vertex  4.448017e+02  3.617257e+01 -3.014000e+01
     vertex  4.441473e+02  3.574339e+01 -3.014000e+01
     vertex  4.443507e+02  3.561949e+01 -3.014000e+01
   endloop
 endfacet
 facet normal  0.000000e+00  0.000000e+00  1.000000e+00
   outer loop
     vertex  4.430726e+02  3.790171e+01 -3.014000e+01
     vertex  4.425195e+02  3.745067e+01 -3.014000e+01
     vertex  4.426434e+02  3.724733e+01 -3.014000e+01
   endloop
 endfacet
 facet normal  0.000000e+00  0.000000e+00  1.000000e+00
   outer loop
     vertex  4.430726e+02  3.790171e+01 -3.014000e+01
     vertex  4.429329e+02  3.795125e+01 -3.014000e+01
     vertex  4.425195e+02  3.745067e+01 -3.014000e+01
   endloop
 endfacet
 facet normal  0.000000e+00  0.000000e+00  1.000000e+00
   outer loop
     vertex  4.447453e+02  3.630957e+01 -3.014000e+01
     vertex  4.441473e+02  3.574339e+01 -3.014000e+01
     vertex  4.448017e+02  3.617257e+01 -3.014000e+01
   endloop
 endfacet
 facet normal  0.000000e+00  0.000000e+00  1.000000e+00
   outer loop
     vertex  4.447453e+02  3.630957e+01 -3.014000e+01
     vertex  4.439501e+02  3.587683e+01 -3.014000e+01
     vertex  4.441473e+02  3.574339e+01 -3.014000e+01
   endloop
 endfacet
 facet normal  0.000000e+00  0.000000e+00  1.000000e+00
   outer loop
     vertex  4.432096e+02  3.784535e+01 -3.014000e+01
     vertex  4.426434e+02  3.724733e+01 -3.014000e+01
     vertex  4.427768e+02  3.705012e+01 -3.014000e+01
   endloop
 endfacet
 facet normal  0.000000e+00  0.000000e+00  1.000000e+00
   outer loop
     vertex  4.432096e+02  3.784535e+01 -3.014000e+01
     vertex  4.430726e+02  3.790171e+01 -3.014000e+01
     vertex  4.426434e+02  3.724733e+01 -3.014000e+01
   endloop
 endfacet
 facet normal  0.000000e+00  0.000000e+00  1.000000e+00
   outer loop
     vertex  4.446823e+02  3.644362e+01 -3.014000e+01
     vertex  4.439501e+02  3.587683e+01 -3.014000e+01
     vertex  4.447453e+02  3.630957e+01 -3.014000e+01
   endloop
 endfacet
 facet normal  0.000000e+00  0.000000e+00  1.000000e+00
   outer loop
     vertex  4.433436e+02  3.778229e+01 -3.014000e+01
     vertex  4.432096e+02  3.784535e+01 -3.014000e+01
     vertex  4.427768e+02  3.705012e+01 -3.014000e+01
   endloop
 endfacet
 facet normal  0.000000e+00  0.000000e+00  1.000000e+00
   outer loop
     vertex  4.446127e+02  3.657440e+01 -3.014000e+01
     vertex  4.437595e+02  3.601952e+01 -3.014000e+01
     vertex  4.439501e+02  3.587683e+01 -3.014000e+01
   endloop
 endfacet
 facet normal  0.000000e+00  0.000000e+00  1.000000e+00
   outer loop
     vertex  4.446127e+02  3.657440e+01 -3.014000e+01
     vertex  4.439501e+02  3.587683e+01 -3.014000e+01
     vertex  4.446823e+02  3.644362e+01 -3.014000e+01
   endloop
 endfacet
 facet normal  0.000000e+00  0.000000e+00  1.000000e+00
   outer loop
     vertex  4.434744e+02  3.771269e+01 -3.014000e+01
     vertex  4.427768e+02  3.705012e+01 -3.014000e+01
     vertex  4.429195e+02  3.685948e+01 -3.014000e+01
   endloop
 endfacet
 facet normal  0.000000e+00  0.000000e+00  1.000000e+00
   outer loop
     vertex  4.434744e+02  3.771269e+01 -3.014000e+01
     vertex  4.433436e+02  3.778229e+01 -3.014000e+01
     vertex  4.427768e+02  3.705012e+01 -3.014000e+01
   endloop
 endfacet
 facet normal  0.000000e+00  0.000000e+00  1.000000e+00
   outer loop
     vertex  4.445367e+02  3.670158e+01 -3.014000e+01
     vertex  4.437595e+02  3.601952e+01 -3.014000e+01
     vertex  4.446127e+02  3.657440e+01 -3.014000e+01
   endloop
 endfacet
 facet normal  0.000000e+00  0.000000e+00  1.000000e+00
   outer loop
     vertex  4.436016e+02  3.763672e+01 -3.014000e+01
     vertex  4.434744e+02  3.771269e+01 -3.014000e+01
     vertex  4.429195e+02  3.685948e+01 -3.014000e+01
   endloop
 endfacet
 facet normal  0.000000e+00  0.000000e+00  1.000000e+00
   outer loop
     vertex  4.444546e+02  3.682486e+01 -3.014000e+01
     vertex  4.435759e+02  3.617111e+01 -3.014000e+01
     vertex  4.437595e+02  3.601952e+01 -3.014000e+01
   endloop
 endfacet
 facet normal  0.000000e+00  0.000000e+00  1.000000e+00
   outer loop
     vertex  4.444546e+02  3.682486e+01 -3.014000e+01
     vertex  4.437595e+02  3.601952e+01 -3.014000e+01
     vertex  4.445367e+02  3.670158e+01 -3.014000e+01
   endloop
 endfacet
 facet normal  0.000000e+00  0.000000e+00  1.000000e+00
   outer loop
     vertex  4.437249e+02  3.755456e+01 -3.014000e+01
     vertex  4.429195e+02  3.685948e+01 -3.014000e+01
     vertex  4.430711e+02  3.667586e+01 -3.014000e+01
   endloop
 endfacet
 facet normal  0.000000e+00  0.000000e+00  1.000000e+00
   outer loop
     vertex  4.437249e+02  3.755456e+01 -3.014000e+01
     vertex  4.436016e+02  3.763672e+01 -3.014000e+01
     vertex  4.429195e+02  3.685948e+01 -3.014000e+01
   endloop
 endfacet
 facet normal  0.000000e+00  0.000000e+00  1.000000e+00
   outer loop
     vertex  4.443664e+02  3.694393e+01 -3.014000e+01
     vertex  4.435759e+02  3.617111e+01 -3.014000e+01
     vertex  4.444546e+02  3.682486e+01 -3.014000e+01
   endloop
 endfacet
 facet normal  0.000000e+00  0.000000e+00  1.000000e+00
   outer loop
     vertex  4.438439e+02  3.746642e+01 -3.014000e+01
     vertex  4.437249e+02  3.755456e+01 -3.014000e+01
     vertex  4.430711e+02  3.667586e+01 -3.014000e+01
   endloop
 endfacet
 facet normal  0.000000e+00  0.000000e+00  1.000000e+00
   outer loop
     vertex  4.442725e+02  3.705850e+01 -3.014000e+01
     vertex  4.433997e+02  3.633128e+01 -3.014000e+01
     vertex  4.435759e+02  3.617111e+01 -3.014000e+01
   endloop
 endfacet
 facet normal  0.000000e+00  0.000000e+00  1.000000e+00
   outer loop
     vertex  4.442725e+02  3.705850e+01 -3.014000e+01
     vertex  4.435759e+02  3.617111e+01 -3.014000e+01
     vertex  4.443664e+02  3.694393e+01 -3.014000e+01
   endloop
 endfacet
 facet normal  0.000000e+00  0.000000e+00  1.000000e+00
   outer loop
     vertex  4.439585e+02  3.737251e+01 -3.014000e+01
     vertex  4.430711e+02  3.667586e+01 -3.014000e+01
     vertex  4.432313e+02  3.649966e+01 -3.014000e+01
   endloop
 endfacet
 facet normal  0.000000e+00  0.000000e+00  1.000000e+00
   outer loop
     vertex  4.439585e+02  3.737251e+01 -3.014000e+01
     vertex  4.438439e+02  3.746642e+01 -3.014000e+01
     vertex  4.430711e+02  3.667586e+01 -3.014000e+01
   endloop
 endfacet
 facet normal  0.000000e+00  0.000000e+00  1.000000e+00
   outer loop
     vertex  4.441731e+02  3.716830e+01 -3.014000e+01
     vertex  4.432313e+02  3.649966e+01 -3.014000e+01
     vertex  4.433997e+02  3.633128e+01 -3.014000e+01
   endloop
 endfacet
 facet normal  0.000000e+00  0.000000e+00  1.000000e+00
   outer loop
     vertex  4.441731e+02  3.716830e+01 -3.014000e+01
     vertex  4.433997e+02  3.633128e+01 -3.014000e+01
     vertex  4.442725e+02  3.705850e+01 -3.014000e+01
   endloop
 endfacet
 facet normal  0.000000e+00  0.000000e+00  1.000000e+00
   outer loop
     vertex  4.440683e+02  3.727305e+01 -3.014000e+01
     vertex  4.439585e+02  3.737251e+01 -3.014000e+01
     vertex  4.432313e+02  3.649966e+01 -3.014000e+01
   endloop
 endfacet
 facet normal  0.000000e+00  0.000000e+00  1.000000e+00
   outer loop
     vertex  4.440683e+02  3.727305e+01 -3.014000e+01
     vertex  4.432313e+02  3.649966e+01 -3.014000e+01
     vertex  4.441731e+02  3.716830e+01 -3.014000e+01
   endloop
 endfacet
 facet normal -8.660254e-01 -5.000000e-01 -0.000000e+00
   outer loop
     vertex  4.519000e+02  6.510000e+01 -2.417500e+01
     vertex  4.519000e+02  6.510000e+01 -3.020500e+01
     vertex  4.619500e+02  4.769289e+01 -3.020500e+01
   endloop
 endfacet
 facet normal -8.660254e-01 -5.000000e-01  0.000000e+00
   outer loop
     vertex  4.519000e+02  6.510000e+01 -2.417500e+01
     vertex  4.619500e+02  4.769289e+01 -3.020500e+01
     vertex  4.619500e+02  4.769289e+01 -2.417500e+01
   endloop
 endfacet
 facet normal -8.660254e-01  5.000000e-01  0.000000e+00
   outer loop
     vertex  4.619500e+02  8.250711e+01 -3.020500e+01
     vertex  4.519000e+02  6.510000e+01 -3.020500e+01
     vertex  4.519000e+02  6.510000e+01 -2.417500e+01
   endloop
 endfacet
 facet normal -8.660254e-01  5.000000e-01  0.000000e+00
   outer loop
     vertex  4.619500e+02  8.250711e+01 -2.417500e+01
     vertex  4.619500e+02  8.250711e+01 -3.020500e+01
     vertex  4.519000e+02  6.510000e+01 -2.417500e+01
   endloop
 endfacet
 facet normal  0.000000e+00 -0.000000e+00 -1.000000e+00
   outer loop
     vertex  4.619500e+02  8.250711e+01 -3.020500e+01
     vertex  4.619500e+02  4.769289e+01 -3.020500e+01
     vertex  4.519000e+02  6.510000e+01 -3.020500e+01
   endloop
 endfacet
 facet normal  0.000000e+00 -0.000000e+00 -1.000000e+00
   outer loop
     vertex  4.820500e+02  8.250711e+01 -3.020500e+01
     vertex  4.820500e+02  4.769289e+01 -3.020500e+01
     vertex  4.619500e+02  4.769289e+01 -3.020500e+01
   endloop
 endfacet
 facet normal  0.000000e+00  0.000000e+00 -1.000000e+00
   outer loop
     vertex  4.820500e+02  8.250711e+01 -3.020500e+01
     vertex  4.921000e+02  6.510000e+01 -3.020500e+01
     vertex  4.820500e+02  4.769289e+01 -3.020500e+01
   endloop
 endfacet
 facet normal -0.000000e+00  0.000000e+00 -1.000000e+00
   outer loop
     vertex  4.820500e+02  8.250711e+01 -3.020500e+01
     vertex  4.619500e+02  4.769289e+01 -3.020500e+01
     vertex  4.619500e+02  8.250711e+01 -3.020500e+01
   endloop
 endfacet
 facet normal  0.000000e+00  1.000000e+00  0.000000e+00
   outer loop
     vertex  4.820500e+02  8.250711e+01 -2.417500e+01
     vertex  4.619500e+02  8.250711e+01 -3.020500e+01
     vertex  4.619500e+02  8.250711e+01 -2.417500e+01
   endloop
 endfacet
 facet normal  0.000000e+00  1.000000e+00 -0.000000e+00
   outer loop
     vertex  4.820500e+02  8.250711e+01 -3.020500e+01
     vertex  4.619500e+02  8.250711e+01 -3.020500e+01
     vertex  4.820500e+02  8.250711e+01 -2.417500e+01
   endloop
 endfacet
 facet normal -8.164420e-01  4.713730e-01  3.335114e-01
   outer loop
     vertex  4.644625e+02  7.263750e+01 -4.075000e+00
     vertex  4.619500e+02  8.250711e+01 -2.417500e+01
     vertex  4.519000e+02  6.510000e+01 -2.417500e+01
   endloop
 endfacet
 facet normal -8.479983e-01  0.000000e+00  5.299989e-01
   outer loop
     vertex  4.644625e+02  5.756250e+01 -4.075000e+00
     vertex  4.644625e+02  7.263750e+01 -4.075000e+00
     vertex  4.519000e+02  6.510000e+01 -2.417500e+01
   endloop
 endfacet
 facet normal -8.164420e-01 -4.713730e-01  3.335114e-01
   outer loop
     vertex  4.644625e+02  5.756250e+01 -4.075000e+00
     vertex  4.519000e+02  6.510000e+01 -2.417500e+01
     vertex  4.619500e+02  4.769289e+01 -2.417500e+01
   endloop
 endfacet
 facet normal  0.000000e+00 -8.976263e-01  4.407573e-01
   outer loop
     vertex  4.795375e+02  5.756250e+01 -4.075000e+00
     vertex  4.619500e+02  4.769289e+01 -2.417500e+01
     vertex  4.820500e+02  4.769289e+01 -2.417500e+01
   endloop
 endfacet
 facet normal  0.000000e+00 -8.976263e-01  4.407573e-01
   outer loop
     vertex  4.795375e+02  5.756250e+01 -4.075000e+00
     vertex  4.644625e+02  5.756250e+01 -4.075000e+00
     vertex  4.619500e+02  4.769289e+01 -2.417500e+01
   endloop
 endfacet
 facet normal  8.164420e-01 -4.713730e-01  3.335114e-01
   outer loop
     vertex  4.795375e+02  5.756250e+01 -4.075000e+00
     vertex  4.820500e+02  4.769289e+01 -2.417500e+01
     vertex  4.921000e+02  6.510000e+01 -2.417500e+01
   endloop
 endfacet
 facet normal  8.479983e-01  0.000000e+00  5.299989e-01
   outer loop
     vertex  4.921000e+02  6.510000e+01 -2.417500e+01
     vertex  4.795375e+02  7.263750e+01 -4.075000e+00
     vertex  4.795375e+02  5.756250e+01 -4.075000e+00
   endloop
 endfacet
 facet normal  8.164420e-01  4.713730e-01  3.335114e-01
   outer loop
     vertex  4.795375e+02  7.263750e+01 -4.075000e+00
     vertex  4.921000e+02  6.510000e+01 -2.417500e+01
     vertex  4.820500e+02  8.250711e+01 -2.417500e+01
   endloop
 endfacet
 facet normal  8.660254e-01  5.000000e-01  0.000000e+00
   outer loop
     vertex  4.921000e+02  6.510000e+01 -2.417500e+01
     vertex  4.820500e+02  8.250711e+01 -3.020500e+01
     vertex  4.820500e+02  8.250711e+01 -2.417500e+01
   endloop
 endfacet
 facet normal  8.660254e-01  5.000000e-01  0.000000e+00
   outer loop
     vertex  4.921000e+02  6.510000e+01 -2.417500e+01
     vertex  4.921000e+02  6.510000e+01 -3.020500e+01
     vertex  4.820500e+02  8.250711e+01 -3.020500e+01
   endloop
 endfacet
 facet normal  8.660254e-01 -5.000000e-01  0.000000e+00
   outer loop
     vertex  4.820500e+02  4.769289e+01 -2.417500e+01
     vertex  4.820500e+02  4.769289e+01 -3.020500e+01
     vertex  4.921000e+02  6.510000e+01 -3.020500e+01
   endloop
 endfacet
 facet normal  8.660254e-01 -5.000000e-01  0.000000e+00
   outer loop
     vertex  4.820500e+02  4.769289e+01 -2.417500e+01
     vertex  4.921000e+02  6.510000e+01 -3.020500e+01
     vertex  4.921000e+02  6.510000e+01 -2.417500e+01
   endloop
 endfacet
 facet normal  0.000000e+00 -1.000000e+00  0.000000e+00
   outer loop
     vertex  4.820500e+02  4.769289e+01 -3.020500e+01
     vertex  4.619500e+02  4.769289e+01 -2.417500e+01
     vertex  4.619500e+02  4.769289e+01 -3.020500e+01
   endloop
 endfacet
 facet normal -0.000000e+00 -1.000000e+00 -0.000000e+00
   outer loop
     vertex  4.820500e+02  4.769289e+01 -2.417500e+01
     vertex  4.619500e+02  4.769289e+01 -2.417500e+01
     vertex  4.820500e+02  4.769289e+01 -3.020500e+01
   endloop
 endfacet
 facet normal  0.000000e+00  8.976263e-01  4.407573e-01
   outer loop
     vertex  4.820500e+02  8.250711e+01 -2.417500e+01
     vertex  4.644625e+02  7.263750e+01 -4.075000e+00
     vertex  4.795375e+02  7.263750e+01 -4.075000e+00
   endloop
 endfacet
 facet normal  0.000000e+00  8.976263e-01  4.407573e-01
   outer loop
     vertex  4.820500e+02  8.250711e+01 -2.417500e+01
     vertex  4.619500e+02  8.250711e+01 -2.417500e+01
     vertex  4.644625e+02  7.263750e+01 -4.075000e+00
   endloop
 endfacet
 facet normal -0.000000e+00  0.000000e+00  1.000000e+00
   outer loop
     vertex  4.644625e+02  7.263750e+01 -4.075000e+00
     vertex  4.795375e+02  5.756250e+01 -4.075000e+00
     vertex  4.795375e+02  7.263750e+01 -4.075000e+00
   endloop
 endfacet
 facet normal  0.000000e+00  0.000000e+00  1.000000e+00
   outer loop
     vertex  4.644625e+02  7.263750e+01 -4.075000e+00
     vertex  4.644625e+02  5.756250e+01 -4.075000e+00
     vertex  4.795375e+02  5.756250e+01 -4.075000e+00
   endloop
 endfacet
endsolid
