ISO-10303-21;
HEADER;
/* Generated by software containing ST-Developer
 * from STEP Tools, Inc. (www.steptools.com) 
 */

FILE_DESCRIPTION(
/* description */ (''),
/* implementation_level */ '2;1');

FILE_NAME(
/* name */ 'journal_screw_repeatability v0.step',
/* time_stamp */ '2026-09-14T16:45:38+01:00',
/* author */ (''),
/* organization */ (''),
/* preprocessor_version */ 'ST-DEVELOPER v20.2',
/* originating_system */ 'Autodesk Translation Framework v15.15.0.0',
/* authorisation */ '');

FILE_SCHEMA (('AUTOMOTIVE_DESIGN { 1 0 10303 214 3 1 1 }'));
ENDSEC;

DATA;
#10=MECHANICAL_DESIGN_GEOMETRIC_PRESENTATION_REPRESENTATION('',(#78,#79,
#80),#6811);
#11=ITEM_DEFINED_TRANSFORMATION($,$,#1316,#1399);
#12=ITEM_DEFINED_TRANSFORMATION($,$,#1359,#1400);
#13=ITEM_DEFINED_TRANSFORMATION($,$,#1359,#1401);
#14=(
REPRESENTATION_RELATIONSHIP($,$,#6826,#6825)
REPRESENTATION_RELATIONSHIP_WITH_TRANSFORMATION(#11)
SHAPE_REPRESENTATION_RELATIONSHIP()
);
#15=(
REPRESENTATION_RELATIONSHIP($,$,#6827,#6825)
REPRESENTATION_RELATIONSHIP_WITH_TRANSFORMATION(#12)
SHAPE_REPRESENTATION_RELATIONSHIP()
);
#16=(
REPRESENTATION_RELATIONSHIP($,$,#6827,#6825)
REPRESENTATION_RELATIONSHIP_WITH_TRANSFORMATION(#13)
SHAPE_REPRESENTATION_RELATIONSHIP()
);
#17=CONTEXT_DEPENDENT_SHAPE_REPRESENTATION(#14,#6822);
#18=CONTEXT_DEPENDENT_SHAPE_REPRESENTATION(#15,#6823);
#19=CONTEXT_DEPENDENT_SHAPE_REPRESENTATION(#16,#6824);
#20=NEXT_ASSEMBLY_USAGE_OCCURRENCE('clock_screw_internal v1:1',
'clock_screw_internal v1:1','clock_screw_internal v1:1',#6829,#6830,
'clock_screw_internal v1:1');
#21=NEXT_ASSEMBLY_USAGE_OCCURRENCE('Allen key bolt M2 v1:1',
'Allen key bolt M2 v1:1','Allen key bolt M2 v1:1',#6829,#6831,
'Allen key bolt M2 v1:1');
#22=NEXT_ASSEMBLY_USAGE_OCCURRENCE('Allen key bolt M2 v1:2',
'Allen key bolt M2 v1:2','Allen key bolt M2 v1:2',#6829,#6831,
'Allen key bolt M2 v1:2');
#23=B_SPLINE_SURFACE_WITH_KNOTS('',3,3,((#4099,#4100,#4101,#4102,#4103,
#4104,#4105,#4106,#4107,#4108,#4109,#4110,#4111,#4112,#4113,#4114,#4115,
#4116,#4117,#4118,#4119,#4120,#4121,#4122,#4123,#4124,#4125,#4126,#4127,
#4128,#4129,#4130,#4131,#4132,#4133),(#4134,#4135,#4136,#4137,#4138,#4139,
#4140,#4141,#4142,#4143,#4144,#4145,#4146,#4147,#4148,#4149,#4150,#4151,
#4152,#4153,#4154,#4155,#4156,#4157,#4158,#4159,#4160,#4161,#4162,#4163,
#4164,#4165,#4166,#4167,#4168),(#4169,#4170,#4171,#4172,#4173,#4174,#4175,
#4176,#4177,#4178,#4179,#4180,#4181,#4182,#4183,#4184,#4185,#4186,#4187,
#4188,#4189,#4190,#4191,#4192,#4193,#4194,#4195,#4196,#4197,#4198,#4199,
#4200,#4201,#4202,#4203),(#4204,#4205,#4206,#4207,#4208,#4209,#4210,#4211,
#4212,#4213,#4214,#4215,#4216,#4217,#4218,#4219,#4220,#4221,#4222,#4223,
#4224,#4225,#4226,#4227,#4228,#4229,#4230,#4231,#4232,#4233,#4234,#4235,
#4236,#4237,#4238)),.UNSPECIFIED.,.F.,.F.,.F.,(4,4),(4,1,1,1,1,1,1,1,1,
1,1,1,1,1,1,1,1,1,1,1,1,1,1,1,1,1,1,1,1,1,1,1,4),(-0.06453806970428,1.064538069704),
(-0.018,0.01125,0.0405,0.06975,0.099,0.12825,0.1575,0.18675,0.216,0.24525,
0.2745,0.30375,0.333,0.36225,0.3915,0.42075,0.45,0.47925,0.5085,0.53775,
0.567,0.59625,0.6255,0.65475,0.684,0.71325,0.7425,0.77175,0.801,0.83025,
0.8595,0.88875,0.918),.UNSPECIFIED.);
#24=B_SPLINE_SURFACE_WITH_KNOTS('',3,3,((#4491,#4492,#4493,#4494,#4495,
#4496,#4497,#4498,#4499,#4500,#4501,#4502,#4503,#4504,#4505,#4506,#4507,
#4508,#4509,#4510,#4511,#4512,#4513,#4514,#4515,#4516,#4517,#4518,#4519,
#4520,#4521,#4522,#4523,#4524,#4525,#4526,#4527,#4528,#4529,#4530,#4531,
#4532,#4533,#4534,#4535,#4536,#4537,#4538,#4539,#4540,#4541,#4542,#4543,
#4544,#4545,#4546,#4547,#4548,#4549,#4550,#4551,#4552,#4553,#4554,#4555,
#4556,#4557),(#4558,#4559,#4560,#4561,#4562,#4563,#4564,#4565,#4566,#4567,
#4568,#4569,#4570,#4571,#4572,#4573,#4574,#4575,#4576,#4577,#4578,#4579,
#4580,#4581,#4582,#4583,#4584,#4585,#4586,#4587,#4588,#4589,#4590,#4591,
#4592,#4593,#4594,#4595,#4596,#4597,#4598,#4599,#4600,#4601,#4602,#4603,
#4604,#4605,#4606,#4607,#4608,#4609,#4610,#4611,#4612,#4613,#4614,#4615,
#4616,#4617,#4618,#4619,#4620,#4621,#4622,#4623,#4624),(#4625,#4626,#4627,
#4628,#4629,#4630,#4631,#4632,#4633,#4634,#4635,#4636,#4637,#4638,#4639,
#4640,#4641,#4642,#4643,#4644,#4645,#4646,#4647,#4648,#4649,#4650,#4651,
#4652,#4653,#4654,#4655,#4656,#4657,#4658,#4659,#4660,#4661,#4662,#4663,
#4664,#4665,#4666,#4667,#4668,#4669,#4670,#4671,#4672,#4673,#4674,#4675,
#4676,#4677,#4678,#4679,#4680,#4681,#4682,#4683,#4684,#4685,#4686,#4687,
#4688,#4689,#4690,#4691),(#4692,#4693,#4694,#4695,#4696,#4697,#4698,#4699,
#4700,#4701,#4702,#4703,#4704,#4705,#4706,#4707,#4708,#4709,#4710,#4711,
#4712,#4713,#4714,#4715,#4716,#4717,#4718,#4719,#4720,#4721,#4722,#4723,
#4724,#4725,#4726,#4727,#4728,#4729,#4730,#4731,#4732,#4733,#4734,#4735,
#4736,#4737,#4738,#4739,#4740,#4741,#4742,#4743,#4744,#4745,#4746,#4747,
#4748,#4749,#4750,#4751,#4752,#4753,#4754,#4755,#4756,#4757,#4758)),
 .UNSPECIFIED.,.F.,.F.,.F.,(4,4),(4,1,1,1,1,1,1,1,1,1,1,1,1,1,1,1,1,1,1,
1,1,1,1,1,1,1,1,1,1,1,1,1,1,1,1,1,1,1,1,1,1,1,1,1,1,1,1,1,1,1,1,1,1,1,1,
1,1,1,1,1,1,1,1,1,4),(-0.06453806970428,1.064538069704),(-0.02,-0.00375,
0.0125,0.02875,0.045,0.06125,0.0775,0.09375,0.11,0.12625,0.1425,0.15875,
0.175,0.19125,0.2075,0.22375,0.24,0.25625,0.2725,0.28875,0.305,0.32125,
0.3375,0.35375,0.37,0.38625,0.4025,0.41875,0.435,0.45125,0.4675,0.48375,
0.5,0.51625,0.5325,0.54875,0.565,0.58125,0.5975,0.61375,0.63,0.64625,0.6625,
0.67875,0.695,0.71125,0.7275,0.74375,0.76,0.77625,0.7925,0.80875,0.825,
0.84125,0.8575,0.87375,0.89,0.90625,0.9225,0.93875,0.955,0.97125,0.9875,
1.00375,1.02),.UNSPECIFIED.);
#25=B_SPLINE_SURFACE_WITH_KNOTS('',3,3,((#4808,#4809,#4810,#4811,#4812,
#4813,#4814,#4815,#4816,#4817,#4818,#4819,#4820,#4821,#4822,#4823,#4824,
#4825,#4826,#4827,#4828,#4829,#4830,#4831,#4832,#4833,#4834,#4835,#4836,
#4837,#4838,#4839,#4840,#4841,#4842,#4843,#4844,#4845,#4846,#4847,#4848,
#4849,#4850,#4851,#4852,#4853,#4854,#4855,#4856,#4857,#4858,#4859,#4860,
#4861,#4862,#4863,#4864,#4865,#4866,#4867,#4868,#4869,#4870,#4871,#4872,
#4873,#4874),(#4875,#4876,#4877,#4878,#4879,#4880,#4881,#4882,#4883,#4884,
#4885,#4886,#4887,#4888,#4889,#4890,#4891,#4892,#4893,#4894,#4895,#4896,
#4897,#4898,#4899,#4900,#4901,#4902,#4903,#4904,#4905,#4906,#4907,#4908,
#4909,#4910,#4911,#4912,#4913,#4914,#4915,#4916,#4917,#4918,#4919,#4920,
#4921,#4922,#4923,#4924,#4925,#4926,#4927,#4928,#4929,#4930,#4931,#4932,
#4933,#4934,#4935,#4936,#4937,#4938,#4939,#4940,#4941),(#4942,#4943,#4944,
#4945,#4946,#4947,#4948,#4949,#4950,#4951,#4952,#4953,#4954,#4955,#4956,
#4957,#4958,#4959,#4960,#4961,#4962,#4963,#4964,#4965,#4966,#4967,#4968,
#4969,#4970,#4971,#4972,#4973,#4974,#4975,#4976,#4977,#4978,#4979,#4980,
#4981,#4982,#4983,#4984,#4985,#4986,#4987,#4988,#4989,#4990,#4991,#4992,
#4993,#4994,#4995,#4996,#4997,#4998,#4999,#5000,#5001,#5002,#5003,#5004,
#5005,#5006,#5007,#5008),(#5009,#5010,#5011,#5012,#5013,#5014,#5015,#5016,
#5017,#5018,#5019,#5020,#5021,#5022,#5023,#5024,#5025,#5026,#5027,#5028,
#5029,#5030,#5031,#5032,#5033,#5034,#5035,#5036,#5037,#5038,#5039,#5040,
#5041,#5042,#5043,#5044,#5045,#5046,#5047,#5048,#5049,#5050,#5051,#5052,
#5053,#5054,#5055,#5056,#5057,#5058,#5059,#5060,#5061,#5062,#5063,#5064,
#5065,#5066,#5067,#5068,#5069,#5070,#5071,#5072,#5073,#5074,#5075)),
 .UNSPECIFIED.,.F.,.F.,.F.,(4,4),(4,1,1,1,1,1,1,1,1,1,1,1,1,1,1,1,1,1,1,
1,1,1,1,1,1,1,1,1,1,1,1,1,1,1,1,1,1,1,1,1,1,1,1,1,1,1,1,1,1,1,1,1,1,1,1,
1,1,1,1,1,1,1,1,1,4),(-0.06453806970428,1.064538069704),(-0.02,-0.00375,
0.0125,0.02875,0.045,0.06125,0.0775,0.09375,0.11,0.12625,0.1425,0.15875,
0.175,0.19125,0.2075,0.22375,0.24,0.25625,0.2725,0.28875,0.305,0.32125,
0.3375,0.35375,0.37,0.38625,0.4025,0.41875,0.435,0.45125,0.4675,0.48375,
0.5,0.51625,0.5325,0.54875,0.565,0.58125,0.5975,0.61375,0.63,0.64625,0.6625,
0.67875,0.695,0.71125,0.7275,0.74375,0.76,0.77625,0.7925,0.80875,0.825,
0.84125,0.8575,0.87375,0.89,0.90625,0.9225,0.93875,0.955,0.97125,0.9875,
1.00375,1.02),.UNSPECIFIED.);
#26=B_SPLINE_SURFACE_WITH_KNOTS('',3,3,((#5204,#5205,#5206,#5207,#5208,
#5209,#5210,#5211,#5212,#5213,#5214,#5215,#5216,#5217,#5218,#5219,#5220,
#5221,#5222,#5223,#5224,#5225,#5226,#5227,#5228,#5229,#5230,#5231,#5232,
#5233,#5234,#5235,#5236,#5237,#5238,#5239,#5240,#5241,#5242,#5243,#5244,
#5245,#5246,#5247,#5248,#5249,#5250,#5251,#5252,#5253,#5254,#5255,#5256,
#5257,#5258,#5259,#5260,#5261,#5262,#5263,#5264,#5265,#5266,#5267,#5268,
#5269,#5270),(#5271,#5272,#5273,#5274,#5275,#5276,#5277,#5278,#5279,#5280,
#5281,#5282,#5283,#5284,#5285,#5286,#5287,#5288,#5289,#5290,#5291,#5292,
#5293,#5294,#5295,#5296,#5297,#5298,#5299,#5300,#5301,#5302,#5303,#5304,
#5305,#5306,#5307,#5308,#5309,#5310,#5311,#5312,#5313,#5314,#5315,#5316,
#5317,#5318,#5319,#5320,#5321,#5322,#5323,#5324,#5325,#5326,#5327,#5328,
#5329,#5330,#5331,#5332,#5333,#5334,#5335,#5336,#5337),(#5338,#5339,#5340,
#5341,#5342,#5343,#5344,#5345,#5346,#5347,#5348,#5349,#5350,#5351,#5352,
#5353,#5354,#5355,#5356,#5357,#5358,#5359,#5360,#5361,#5362,#5363,#5364,
#5365,#5366,#5367,#5368,#5369,#5370,#5371,#5372,#5373,#5374,#5375,#5376,
#5377,#5378,#5379,#5380,#5381,#5382,#5383,#5384,#5385,#5386,#5387,#5388,
#5389,#5390,#5391,#5392,#5393,#5394,#5395,#5396,#5397,#5398,#5399,#5400,
#5401,#5402,#5403,#5404),(#5405,#5406,#5407,#5408,#5409,#5410,#5411,#5412,
#5413,#5414,#5415,#5416,#5417,#5418,#5419,#5420,#5421,#5422,#5423,#5424,
#5425,#5426,#5427,#5428,#5429,#5430,#5431,#5432,#5433,#5434,#5435,#5436,
#5437,#5438,#5439,#5440,#5441,#5442,#5443,#5444,#5445,#5446,#5447,#5448,
#5449,#5450,#5451,#5452,#5453,#5454,#5455,#5456,#5457,#5458,#5459,#5460,
#5461,#5462,#5463,#5464,#5465,#5466,#5467,#5468,#5469,#5470,#5471)),
 .UNSPECIFIED.,.F.,.F.,.F.,(4,4),(4,1,1,1,1,1,1,1,1,1,1,1,1,1,1,1,1,1,1,
1,1,1,1,1,1,1,1,1,1,1,1,1,1,1,1,1,1,1,1,1,1,1,1,1,1,1,1,1,1,1,1,1,1,1,1,
1,1,1,1,1,1,1,1,1,4),(-0.06453806970428,1.064538069704),(-0.02,-0.00375,
0.0125,0.02875,0.045,0.06125,0.0775,0.09375,0.11,0.12625,0.1425,0.15875,
0.175,0.19125,0.2075,0.22375,0.24,0.25625,0.2725,0.28875,0.305,0.32125,
0.3375,0.35375,0.37,0.38625,0.4025,0.41875,0.435,0.45125,0.4675,0.48375,
0.5,0.51625,0.5325,0.54875,0.565,0.58125,0.5975,0.61375,0.63,0.64625,0.6625,
0.67875,0.695,0.71125,0.7275,0.74375,0.76,0.77625,0.7925,0.80875,0.825,
0.84125,0.8575,0.87375,0.89,0.90625,0.9225,0.93875,0.955,0.97125,0.9875,
1.00375,1.02),.UNSPECIFIED.);
#27=B_SPLINE_SURFACE_WITH_KNOTS('',3,3,((#5473,#5474,#5475,#5476,#5477,
#5478,#5479,#5480,#5481,#5482,#5483,#5484,#5485,#5486,#5487,#5488,#5489,
#5490,#5491,#5492,#5493,#5494,#5495,#5496,#5497,#5498,#5499,#5500,#5501,
#5502,#5503,#5504,#5505,#5506,#5507,#5508,#5509,#5510,#5511,#5512,#5513,
#5514,#5515,#5516,#5517,#5518,#5519,#5520,#5521,#5522,#5523,#5524,#5525,
#5526,#5527,#5528,#5529,#5530,#5531,#5532,#5533,#5534,#5535,#5536,#5537,
#5538,#5539),(#5540,#5541,#5542,#5543,#5544,#5545,#5546,#5547,#5548,#5549,
#5550,#5551,#5552,#5553,#5554,#5555,#5556,#5557,#5558,#5559,#5560,#5561,
#5562,#5563,#5564,#5565,#5566,#5567,#5568,#5569,#5570,#5571,#5572,#5573,
#5574,#5575,#5576,#5577,#5578,#5579,#5580,#5581,#5582,#5583,#5584,#5585,
#5586,#5587,#5588,#5589,#5590,#5591,#5592,#5593,#5594,#5595,#5596,#5597,
#5598,#5599,#5600,#5601,#5602,#5603,#5604,#5605,#5606),(#5607,#5608,#5609,
#5610,#5611,#5612,#5613,#5614,#5615,#5616,#5617,#5618,#5619,#5620,#5621,
#5622,#5623,#5624,#5625,#5626,#5627,#5628,#5629,#5630,#5631,#5632,#5633,
#5634,#5635,#5636,#5637,#5638,#5639,#5640,#5641,#5642,#5643,#5644,#5645,
#5646,#5647,#5648,#5649,#5650,#5651,#5652,#5653,#5654,#5655,#5656,#5657,
#5658,#5659,#5660,#5661,#5662,#5663,#5664,#5665,#5666,#5667,#5668,#5669,
#5670,#5671,#5672,#5673),(#5674,#5675,#5676,#5677,#5678,#5679,#5680,#5681,
#5682,#5683,#5684,#5685,#5686,#5687,#5688,#5689,#5690,#5691,#5692,#5693,
#5694,#5695,#5696,#5697,#5698,#5699,#5700,#5701,#5702,#5703,#5704,#5705,
#5706,#5707,#5708,#5709,#5710,#5711,#5712,#5713,#5714,#5715,#5716,#5717,
#5718,#5719,#5720,#5721,#5722,#5723,#5724,#5725,#5726,#5727,#5728,#5729,
#5730,#5731,#5732,#5733,#5734,#5735,#5736,#5737,#5738,#5739,#5740)),
 .UNSPECIFIED.,.F.,.F.,.F.,(4,4),(4,1,1,1,1,1,1,1,1,1,1,1,1,1,1,1,1,1,1,
1,1,1,1,1,1,1,1,1,1,1,1,1,1,1,1,1,1,1,1,1,1,1,1,1,1,1,1,1,1,1,1,1,1,1,1,
1,1,1,1,1,1,1,1,1,4),(-0.06453806970428,1.064538069704),(-0.02,-0.00375,
0.0125,0.02875,0.045,0.06125,0.0775,0.09375,0.11,0.12625,0.1425,0.15875,
0.175,0.19125,0.2075,0.22375,0.24,0.25625,0.2725,0.28875,0.305,0.32125,
0.3375,0.35375,0.37,0.38625,0.4025,0.41875,0.435,0.45125,0.4675,0.48375,
0.5,0.51625,0.5325,0.54875,0.565,0.58125,0.5975,0.61375,0.63,0.64625,0.6625,
0.67875,0.695,0.71125,0.7275,0.74375,0.76,0.77625,0.7925,0.80875,0.825,
0.84125,0.8575,0.87375,0.89,0.90625,0.9225,0.93875,0.955,0.97125,0.9875,
1.00375,1.02),.UNSPECIFIED.);
#28=B_SPLINE_SURFACE_WITH_KNOTS('',3,3,((#5869,#5870,#5871,#5872,#5873,
#5874,#5875,#5876,#5877,#5878,#5879,#5880,#5881,#5882,#5883,#5884,#5885,
#5886,#5887,#5888,#5889,#5890,#5891,#5892,#5893,#5894,#5895,#5896,#5897,
#5898,#5899,#5900,#5901,#5902,#5903,#5904,#5905,#5906,#5907,#5908,#5909,
#5910,#5911,#5912,#5913,#5914,#5915,#5916,#5917,#5918,#5919,#5920,#5921,
#5922,#5923,#5924,#5925,#5926,#5927,#5928,#5929,#5930,#5931,#5932,#5933,
#5934,#5935),(#5936,#5937,#5938,#5939,#5940,#5941,#5942,#5943,#5944,#5945,
#5946,#5947,#5948,#5949,#5950,#5951,#5952,#5953,#5954,#5955,#5956,#5957,
#5958,#5959,#5960,#5961,#5962,#5963,#5964,#5965,#5966,#5967,#5968,#5969,
#5970,#5971,#5972,#5973,#5974,#5975,#5976,#5977,#5978,#5979,#5980,#5981,
#5982,#5983,#5984,#5985,#5986,#5987,#5988,#5989,#5990,#5991,#5992,#5993,
#5994,#5995,#5996,#5997,#5998,#5999,#6000,#6001,#6002),(#6003,#6004,#6005,
#6006,#6007,#6008,#6009,#6010,#6011,#6012,#6013,#6014,#6015,#6016,#6017,
#6018,#6019,#6020,#6021,#6022,#6023,#6024,#6025,#6026,#6027,#6028,#6029,
#6030,#6031,#6032,#6033,#6034,#6035,#6036,#6037,#6038,#6039,#6040,#6041,
#6042,#6043,#6044,#6045,#6046,#6047,#6048,#6049,#6050,#6051,#6052,#6053,
#6054,#6055,#6056,#6057,#6058,#6059,#6060,#6061,#6062,#6063,#6064,#6065,
#6066,#6067,#6068,#6069),(#6070,#6071,#6072,#6073,#6074,#6075,#6076,#6077,
#6078,#6079,#6080,#6081,#6082,#6083,#6084,#6085,#6086,#6087,#6088,#6089,
#6090,#6091,#6092,#6093,#6094,#6095,#6096,#6097,#6098,#6099,#6100,#6101,
#6102,#6103,#6104,#6105,#6106,#6107,#6108,#6109,#6110,#6111,#6112,#6113,
#6114,#6115,#6116,#6117,#6118,#6119,#6120,#6121,#6122,#6123,#6124,#6125,
#6126,#6127,#6128,#6129,#6130,#6131,#6132,#6133,#6134,#6135,#6136)),
 .UNSPECIFIED.,.F.,.F.,.F.,(4,4),(4,1,1,1,1,1,1,1,1,1,1,1,1,1,1,1,1,1,1,
1,1,1,1,1,1,1,1,1,1,1,1,1,1,1,1,1,1,1,1,1,1,1,1,1,1,1,1,1,1,1,1,1,1,1,1,
1,1,1,1,1,1,1,1,1,4),(-0.06453806970428,1.064538069704),(-0.02,-0.00375,
0.0125,0.02875,0.045,0.06125,0.0775,0.09375,0.11,0.12625,0.1425,0.15875,
0.175,0.19125,0.2075,0.22375,0.24,0.25625,0.2725,0.28875,0.305,0.32125,
0.3375,0.35375,0.37,0.38625,0.4025,0.41875,0.435,0.45125,0.4675,0.48375,
0.5,0.51625,0.5325,0.54875,0.565,0.58125,0.5975,0.61375,0.63,0.64625,0.6625,
0.67875,0.695,0.71125,0.7275,0.74375,0.76,0.77625,0.7925,0.80875,0.825,
0.84125,0.8575,0.87375,0.89,0.90625,0.9225,0.93875,0.955,0.97125,0.9875,
1.00375,1.02),.UNSPECIFIED.);
#29=B_SPLINE_SURFACE_WITH_KNOTS('',3,3,((#6138,#6139,#6140,#6141,#6142,
#6143,#6144,#6145,#6146,#6147,#6148,#6149,#6150,#6151,#6152,#6153,#6154,
#6155,#6156,#6157,#6158,#6159,#6160,#6161,#6162,#6163,#6164,#6165,#6166,
#6167,#6168,#6169,#6170,#6171,#6172,#6173,#6174,#6175,#6176,#6177,#6178,
#6179,#6180,#6181,#6182,#6183,#6184,#6185,#6186,#6187,#6188,#6189,#6190,
#6191,#6192,#6193,#6194,#6195,#6196,#6197,#6198,#6199,#6200,#6201,#6202,
#6203,#6204),(#6205,#6206,#6207,#6208,#6209,#6210,#6211,#6212,#6213,#6214,
#6215,#6216,#6217,#6218,#6219,#6220,#6221,#6222,#6223,#6224,#6225,#6226,
#6227,#6228,#6229,#6230,#6231,#6232,#6233,#6234,#6235,#6236,#6237,#6238,
#6239,#6240,#6241,#6242,#6243,#6244,#6245,#6246,#6247,#6248,#6249,#6250,
#6251,#6252,#6253,#6254,#6255,#6256,#6257,#6258,#6259,#6260,#6261,#6262,
#6263,#6264,#6265,#6266,#6267,#6268,#6269,#6270,#6271),(#6272,#6273,#6274,
#6275,#6276,#6277,#6278,#6279,#6280,#6281,#6282,#6283,#6284,#6285,#6286,
#6287,#6288,#6289,#6290,#6291,#6292,#6293,#6294,#6295,#6296,#6297,#6298,
#6299,#6300,#6301,#6302,#6303,#6304,#6305,#6306,#6307,#6308,#6309,#6310,
#6311,#6312,#6313,#6314,#6315,#6316,#6317,#6318,#6319,#6320,#6321,#6322,
#6323,#6324,#6325,#6326,#6327,#6328,#6329,#6330,#6331,#6332,#6333,#6334,
#6335,#6336,#6337,#6338),(#6339,#6340,#6341,#6342,#6343,#6344,#6345,#6346,
#6347,#6348,#6349,#6350,#6351,#6352,#6353,#6354,#6355,#6356,#6357,#6358,
#6359,#6360,#6361,#6362,#6363,#6364,#6365,#6366,#6367,#6368,#6369,#6370,
#6371,#6372,#6373,#6374,#6375,#6376,#6377,#6378,#6379,#6380,#6381,#6382,
#6383,#6384,#6385,#6386,#6387,#6388,#6389,#6390,#6391,#6392,#6393,#6394,
#6395,#6396,#6397,#6398,#6399,#6400,#6401,#6402,#6403,#6404,#6405)),
 .UNSPECIFIED.,.F.,.F.,.F.,(4,4),(4,1,1,1,1,1,1,1,1,1,1,1,1,1,1,1,1,1,1,
1,1,1,1,1,1,1,1,1,1,1,1,1,1,1,1,1,1,1,1,1,1,1,1,1,1,1,1,1,1,1,1,1,1,1,1,
1,1,1,1,1,1,1,1,1,4),(-0.06453806970439,1.064538069704),(-0.02,-0.00375,
0.0125,0.02875,0.045,0.06125,0.0775,0.09375,0.11,0.12625,0.1425,0.15875,
0.175,0.19125,0.2075,0.22375,0.24,0.25625,0.2725,0.28875,0.305,0.32125,
0.3375,0.35375,0.37,0.38625,0.4025,0.41875,0.435,0.45125,0.4675,0.48375,
0.5,0.51625,0.5325,0.54875,0.565,0.58125,0.5975,0.61375,0.63,0.64625,0.6625,
0.67875,0.695,0.71125,0.7275,0.74375,0.76,0.77625,0.7925,0.80875,0.825,
0.84125,0.8575,0.87375,0.89,0.90625,0.9225,0.93875,0.955,0.97125,0.9875,
1.00375,1.02),.UNSPECIFIED.);
#30=B_SPLINE_SURFACE_WITH_KNOTS('',3,3,((#6532,#6533,#6534,#6535,#6536,
#6537,#6538,#6539,#6540,#6541,#6542,#6543,#6544,#6545,#6546,#6547,#6548,
#6549,#6550,#6551,#6552,#6553,#6554,#6555,#6556,#6557,#6558,#6559,#6560,
#6561,#6562,#6563,#6564,#6565,#6566,#6567,#6568,#6569,#6570,#6571,#6572,
#6573,#6574,#6575,#6576,#6577,#6578,#6579,#6580,#6581,#6582,#6583,#6584,
#6585,#6586,#6587,#6588,#6589,#6590,#6591,#6592,#6593,#6594,#6595,#6596,
#6597,#6598),(#6599,#6600,#6601,#6602,#6603,#6604,#6605,#6606,#6607,#6608,
#6609,#6610,#6611,#6612,#6613,#6614,#6615,#6616,#6617,#6618,#6619,#6620,
#6621,#6622,#6623,#6624,#6625,#6626,#6627,#6628,#6629,#6630,#6631,#6632,
#6633,#6634,#6635,#6636,#6637,#6638,#6639,#6640,#6641,#6642,#6643,#6644,
#6645,#6646,#6647,#6648,#6649,#6650,#6651,#6652,#6653,#6654,#6655,#6656,
#6657,#6658,#6659,#6660,#6661,#6662,#6663,#6664,#6665),(#6666,#6667,#6668,
#6669,#6670,#6671,#6672,#6673,#6674,#6675,#6676,#6677,#6678,#6679,#6680,
#6681,#6682,#6683,#6684,#6685,#6686,#6687,#6688,#6689,#6690,#6691,#6692,
#6693,#6694,#6695,#6696,#6697,#6698,#6699,#6700,#6701,#6702,#6703,#6704,
#6705,#6706,#6707,#6708,#6709,#6710,#6711,#6712,#6713,#6714,#6715,#6716,
#6717,#6718,#6719,#6720,#6721,#6722,#6723,#6724,#6725,#6726,#6727,#6728,
#6729,#6730,#6731,#6732),(#6733,#6734,#6735,#6736,#6737,#6738,#6739,#6740,
#6741,#6742,#6743,#6744,#6745,#6746,#6747,#6748,#6749,#6750,#6751,#6752,
#6753,#6754,#6755,#6756,#6757,#6758,#6759,#6760,#6761,#6762,#6763,#6764,
#6765,#6766,#6767,#6768,#6769,#6770,#6771,#6772,#6773,#6774,#6775,#6776,
#6777,#6778,#6779,#6780,#6781,#6782,#6783,#6784,#6785,#6786,#6787,#6788,
#6789,#6790,#6791,#6792,#6793,#6794,#6795,#6796,#6797,#6798,#6799)),
 .UNSPECIFIED.,.F.,.F.,.F.,(4,4),(4,1,1,1,1,1,1,1,1,1,1,1,1,1,1,1,1,1,1,
1,1,1,1,1,1,1,1,1,1,1,1,1,1,1,1,1,1,1,1,1,1,1,1,1,1,1,1,1,1,1,1,1,1,1,1,
1,1,1,1,1,1,1,1,1,4),(-0.06453806970428,1.064538069704),(-0.02,-0.00375,
0.0125,0.02875,0.045,0.06125,0.0775,0.09375,0.11,0.12625,0.1425,0.15875,
0.175,0.19125,0.2075,0.22375,0.24,0.25625,0.2725,0.28875,0.305,0.32125,
0.3375,0.35375,0.37,0.38625,0.4025,0.41875,0.435,0.45125,0.4675,0.48375,
0.5,0.51625,0.5325,0.54875,0.565,0.58125,0.5975,0.61375,0.63,0.64625,0.6625,
0.67875,0.695,0.71125,0.7275,0.74375,0.76,0.77625,0.7925,0.80875,0.825,
0.84125,0.8575,0.87375,0.89,0.90625,0.9225,0.93875,0.955,0.97125,0.9875,
1.00375,1.02),.UNSPECIFIED.);
#31=B_SPLINE_CURVE_WITH_KNOTS('',3,(#1879,#1880,#1881,#1882,#1883,#1884,
#1885,#1886,#1887,#1888,#1889,#1890,#1891,#1892,#1893,#1894,#1895,#1896,
#1897,#1898,#1899,#1900,#1901,#1902,#1903,#1904,#1905,#1906,#1907,#1908,
#1909,#1910,#1911,#1912,#1913,#1914,#1915,#1916,#1917,#1918,#1919,#1920,
#1921,#1922,#1923,#1924,#1925,#1926,#1927,#1928,#1929,#1930,#1931,#1932,
#1933,#1934,#1935,#1936,#1937,#1938,#1939,#1940,#1941,#1942,#1943,#1944,
#1945,#1946,#1947,#1948,#1949,#1950,#1951,#1952,#1953,#1954,#1955,#1956,
#1957,#1958,#1959,#1960),.UNSPECIFIED.,.F.,.F.,(4,2,2,2,2,2,2,2,2,2,2,2,
2,2,2,2,2,2,2,2,2,2,2,2,2,2,2,2,2,2,2,2,2,2,2,2,2,2,2,2,4),(-1.69938152003127,
-1.67839127064912,-1.66849975350822,-1.65082145446013,-1.64337579664966,
-1.6376428212674,-1.62798749989821,-1.61617373544516,-1.60628172705,-1.58860823457459,
-1.58116232593375,-1.57542995820399,-1.56576736862696,-1.55396090965231,
-1.5440731632566,-1.52640093874747,-1.51895782275957,-1.51322714954418,
-1.50356404237977,-1.49176101162161,-1.48187525050126,-1.46421277581862,
-1.45676900442129,-1.45103886382925,-1.44136740856653,-1.42957150453985,
-1.41968907483495,-1.40203851661771,-1.39459348890248,-1.38886382007506,
-1.37917465144787,-1.36739017210267,-1.35751216808042,-1.33988288036614,
-1.33243346438034,-1.32670344498303,-1.31697721532775,-1.3052129626235,
-1.29534174192319,-1.27775112607605,-1.27412480521378),.UNSPECIFIED.);
#32=B_SPLINE_CURVE_WITH_KNOTS('',3,(#1963,#1964,#1965,#1966,#1967,#1968,
#1969,#1970,#1971,#1972,#1973,#1974,#1975,#1976,#1977,#1978,#1979,#1980,
#1981,#1982,#1983,#1984,#1985,#1986,#1987,#1988,#1989,#1990,#1991,#1992,
#1993,#1994),.UNSPECIFIED.,.F.,.F.,(4,2,2,2,2,2,2,2,2,2,2,2,2,2,2,4),(-0.283652436346031,
-0.272963182177187,-0.255318989951687,-0.238413299284466,-0.220767231304562,
-0.203859688149046,-0.186211746294943,-0.169302387242969,-0.15165258971889,
-0.13474223222222,-0.11709043202319,-0.100173126014311,-0.0825200792797337,
-0.0656254655084691,-0.0330863624812766,-9.99999999973245E-7),
 .UNSPECIFIED.);
#33=B_SPLINE_CURVE_WITH_KNOTS('',3,(#1999,#2000,#2001,#2002,#2003,#2004,
#2005,#2006,#2007,#2008,#2009,#2010,#2011,#2012,#2013,#2014,#2015,#2016,
#2017,#2018,#2019,#2020,#2021,#2022,#2023,#2024,#2025,#2026,#2027,#2028,
#2029,#2030,#2031,#2032,#2033,#2034,#2035,#2036,#2037,#2038,#2039,#2040,
#2041,#2042,#2043,#2044,#2045,#2046,#2047,#2048,#2049,#2050,#2051,#2052,
#2053,#2054,#2055,#2056,#2057,#2058,#2059,#2060,#2061,#2062,#2063,#2064,
#2065,#2066,#2067,#2068,#2069,#2070,#2071,#2072,#2073,#2074,#2075,#2076,
#2077,#2078,#2079,#2080,#2081,#2082,#2083,#2084,#2085,#2086,#2087,#2088,
#2089,#2090,#2091,#2092,#2093,#2094,#2095,#2096,#2097,#2098,#2099,#2100,
#2101,#2102,#2103,#2104,#2105,#2106,#2107,#2108,#2109,#2110,#2111,#2112),
 .UNSPECIFIED.,.F.,.F.,(4,2,2,2,2,2,2,2,2,2,2,2,2,2,2,2,2,2,2,2,2,2,2,2,
2,2,2,2,2,2,2,2,2,2,2,2,2,2,2,2,2,2,2,2,2,2,2,2,2,2,2,2,2,2,2,2,4),(-1.27412480521378,
-1.27029148014852,-1.26455960617873,-1.254759845145,-1.24303228626794,-1.23317226475611,
-1.21565356754183,-1.20817246701478,-1.20243582630446,-1.19249797872357,
-1.18083574559474,-1.17099457919124,-1.15360824927193,-1.14608498955871,
-1.14033813390022,-1.13015729855139,-1.11860547513015,-1.10879517241794,
-1.09164458068056,-1.08404276389045,-1.0782758859421,-1.06769527226168,
-1.05631788583629,-1.04655530395287,-1.02981239869295,-1.02206823618988,
-1.01626352129461,-1.00504319087179,-0.993931999315549,-0.98424053203927,
-0.96823400211049,-0.96021377645625,-0.954332273029122,-0.945764267441579,
-0.933244328294881,-0.923180547115334,-0.910999946054963,-0.899972069130504,
-0.89321712237069,-0.885666904157642,-0.872027425501606,-0.861672528956854,
-0.849600239994529,-0.834953602758737,-0.829387362630907,-0.817252844421948,
-0.802441396959811,-0.792614781860288,-0.780973640844141,-0.771053357691503,
-0.76532364992703,-0.75784793247662,-0.740351267147649,-0.730506499644129,
-0.718802591588846,-0.709014720694408,-0.708125433444927),.UNSPECIFIED.);
#34=B_SPLINE_CURVE_WITH_KNOTS('',3,(#2113,#2114,#2115,#2116,#2117,#2118,
#2119,#2120,#2121,#2122,#2123,#2124,#2125,#2126,#2127,#2128,#2129,#2130,
#2131,#2132,#2133,#2134,#2135,#2136,#2137,#2138,#2139,#2140,#2141,#2142,
#2143,#2144,#2145,#2146,#2147,#2148,#2149,#2150,#2151,#2152,#2153,#2154,
#2155,#2156,#2157,#2158,#2159,#2160,#2161,#2162,#2163,#2164,#2165,#2166,
#2167,#2168,#2169,#2170,#2171,#2172,#2173,#2174,#2175,#2176,#2177,#2178,
#2179,#2180,#2181,#2182),.UNSPECIFIED.,.F.,.F.,(4,2,2,2,2,2,2,2,2,2,2,2,
2,2,2,2,2,2,2,2,2,2,2,2,2,2,2,2,2,2,2,2,2,2,4),(-0.850084146494721,-0.842149672268033,
-0.825258402636229,-0.807644539518474,-0.790777733864073,-0.773161286644229,
-0.756275838546949,-0.738657975911351,-0.721781540878817,-0.704161514070511,
-0.687276353404982,-0.669654642912984,-0.652772135958033,-0.63514843344511,
-0.618261280642097,-0.60063578365864,-0.583748667301942,-0.566121248833886,
-0.549231165095775,-0.531601906307443,-0.514710781770707,-0.497079630277049,
-0.480186228785604,-0.462553217866541,-0.445658332079918,-0.428023440060971,
-0.411126561165539,-0.393489801628313,-0.376591255860565,-0.35895261974832,
-0.342052196817192,-0.324411689684535,-0.307509526907116,-0.289867144621889,
-0.283652436346031),.UNSPECIFIED.);
#35=B_SPLINE_CURVE_WITH_KNOTS('',3,(#2187,#2188,#2189,#2190,#2191,#2192,
#2193,#2194,#2195,#2196,#2197,#2198,#2199,#2200,#2201,#2202,#2203,#2204,
#2205,#2206,#2207,#2208,#2209,#2210,#2211,#2212,#2213,#2214,#2215,#2216,
#2217,#2218,#2219,#2220,#2221,#2222,#2223,#2224,#2225,#2226,#2227,#2228,
#2229,#2230,#2231,#2232,#2233,#2234,#2235,#2236,#2237,#2238,#2239,#2240,
#2241,#2242,#2243,#2244,#2245,#2246,#2247,#2248,#2249,#2250,#2251,#2252,
#2253,#2254,#2255,#2256,#2257,#2258,#2259,#2260,#2261,#2262,#2263,#2264,
#2265,#2266,#2267,#2268,#2269,#2270,#2271,#2272,#2273,#2274,#2275,#2276,
#2277,#2278,#2279,#2280,#2281,#2282,#2283,#2284,#2285,#2286,#2287,#2288,
#2289,#2290,#2291,#2292,#2293,#2294,#2295,#2296,#2297,#2298,#2299,#2300),
 .UNSPECIFIED.,.F.,.F.,(4,2,2,2,2,2,2,2,2,2,2,2,2,2,2,2,2,2,2,2,2,2,2,2,
2,2,2,2,2,2,2,2,2,2,2,2,2,2,2,2,2,2,2,2,2,2,2,2,2,2,2,2,2,2,2,2,4),(-0.708125433444927,
-0.70328954378454,-0.695834341528148,-0.678268634976928,-0.668413086054232,
-0.656674003952368,-0.646956358344532,-0.64123290868839,-0.633787432349394,
-0.616184589388784,-0.606322468521926,-0.594563954160061,-0.584881645659582,
-0.579158480980145,-0.57171713671922,-0.554093820924841,-0.544227388963251,
-0.532457870391444,-0.522792394817571,-0.517068788091903,-0.509628744269541,
-0.491993395284341,-0.482123804567817,-0.470347591585904,-0.460689496172188,
-0.454965021988482,-0.447524693015596,-0.429882036452674,-0.420009748629143,
-0.408228782088605,-0.398573856552101,-0.392848652749485,-0.385408214378915,
-0.36775808727566,-0.357884126193847,-0.346100905444207,-0.336443932363406,
-0.33071693574627,-0.323273325353209,-0.305623049103003,-0.295744981791077,
-0.283955042786602,-0.274304053916382,-0.268576400439827,-0.2611328538842,
-0.243478309303219,-0.233600800489865,-0.221813400649498,-0.21215476194223,
-0.206433179497856,-0.199007737611837,-0.181288392507385,-0.171420874113401,
-0.15965386946153,-0.149934359644253,-0.144162600776718,-0.141814529770218),
 .UNSPECIFIED.);
#36=B_SPLINE_CURVE_WITH_KNOTS('',3,(#2301,#2302,#2303,#2304,#2305,#2306,
#2307,#2308,#2309,#2310,#2311,#2312,#2313,#2314,#2315,#2316,#2317,#2318,
#2319,#2320,#2321,#2322,#2323,#2324,#2325,#2326,#2327,#2328,#2329,#2330,
#2331,#2332,#2333,#2334,#2335,#2336,#2337,#2338,#2339,#2340,#2341,#2342,
#2343,#2344,#2345,#2346,#2347,#2348,#2349,#2350,#2351,#2352,#2353,#2354,
#2355,#2356,#2357,#2358,#2359,#2360,#2361,#2362,#2363,#2364,#2365,#2366,
#2367,#2368),.UNSPECIFIED.,.F.,.F.,(4,2,2,2,2,2,2,2,2,2,2,2,2,2,2,2,2,2,
2,2,2,2,2,2,2,2,2,2,2,2,2,2,2,4),(-1.41597626265305,-1.40277707903469,-1.38586420911872,
-1.36824325412488,-1.3514204115226,-1.33380510848836,-1.31684660847684,
-1.29922746592555,-1.2824862510903,-1.26487843976135,-1.24780391141318,
-1.2301843943789,-1.21364271517955,-1.19605004110457,-1.17847673546623,
-1.16084883653447,-1.1274241670354,-1.10959041801745,-1.09196824885629,
-1.07648913735271,-1.06216298876411,-1.04784887581193,-1.03251432660937,
-1.01489426961719,-0.997059160471178,-0.980117073758131,-0.963154795912946,
-0.945550659129874,-0.928741568735675,-0.911131285750743,-0.894220771051358,
-0.876611285516724,-0.859762769041939,-0.850084146494721),.UNSPECIFIED.);
#37=B_SPLINE_CURVE_WITH_KNOTS('',3,(#2374,#2375,#2376,#2377,#2378,#2379,
#2380,#2381,#2382,#2383,#2384,#2385,#2386,#2387,#2388,#2389,#2390,#2391,
#2392,#2393,#2394,#2395,#2396,#2397,#2398,#2399,#2400,#2401,#2402,#2403,
#2404,#2405,#2406,#2407,#2408,#2409,#2410,#2411,#2412,#2413,#2414,#2415,
#2416,#2417,#2418,#2419,#2420,#2421),.UNSPECIFIED.,.F.,.F.,(4,2,2,2,2,2,
2,2,2,2,2,2,2,2,2,2,2,2,2,2,2,2,2,4),(1.69958565015438,1.71381553181147,
1.73145874665106,1.7483598845925,1.76600496787966,1.78290797326279,1.80055491954085,
1.81745965774777,1.83510847108053,1.8520150377874,1.86966571520731,1.88657402444486,
1.90422656953927,1.92113672278654,1.93879113371859,1.95570309503597,1.97335935337086,
1.99027230492464,2.00793055882635,2.02485044964383,2.04250993797668,2.05940713603212,
2.09201703474769,2.12510950441096),.UNSPECIFIED.);
#38=B_SPLINE_CURVE_WITH_KNOTS('',3,(#2422,#2423,#2424,#2425,#2426,#2427,
#2428,#2429,#2430,#2431,#2432,#2433,#2434,#2435,#2436,#2437,#2438,#2439,
#2440,#2441,#2442,#2443,#2444,#2445,#2446,#2447,#2448,#2449),
 .UNSPECIFIED.,.F.,.F.,(4,2,2,2,2,2,2,2,2,2,2,2,2,4),(-0.141814529770218,
-0.136600611314056,-0.119233710576235,-0.109256485256378,-0.0972762713034686,
-0.0872062889278748,-0.0811868328013948,-0.0726135991124026,-0.0581035284695032,
-0.0488759036287485,-0.0389527783140509,-0.0250010766060975,-0.0189170550062236,
-5.35364496220141E-5),.UNSPECIFIED.);
#39=B_SPLINE_CURVE_WITH_KNOTS('',3,(#2450,#2451,#2452,#2453,#2454,#2455,
#2456,#2457,#2458,#2459,#2460,#2461,#2462,#2463,#2464,#2465,#2466,#2467,
#2468,#2469,#2470,#2471,#2472,#2473,#2474,#2475,#2476,#2477,#2478,#2479,
#2480,#2481,#2482,#2483,#2484,#2485,#2486,#2487,#2488,#2489,#2490,#2491,
#2492,#2493,#2494,#2495,#2496,#2497,#2498,#2499,#2500,#2501,#2502,#2503,
#2504,#2505,#2506,#2507,#2508,#2509,#2510,#2511,#2512,#2513,#2514,#2515,
#2516,#2517,#2518,#2519),.UNSPECIFIED.,.F.,.F.,(4,2,2,2,2,2,2,2,2,2,2,2,
2,2,2,2,2,2,2,2,2,2,2,2,2,2,2,2,2,2,2,2,2,2,4),(-1.98264062898842,-1.97287910209701,
-1.95522789546659,-1.93832074091445,-1.92067137899294,-1.90376611182272,
-1.88611861858427,-1.86921507031198,-1.8515694389402,-1.83466782713205,
-1.81702406754467,-1.80012398027569,-1.78248207436489,-1.76558419298495,
-1.74794416957911,-1.73104741605421,-1.71340922928022,-1.69651528983564,
-1.67887901090002,-1.6619852523782,-1.64435076963746,-1.62746130127877,
-1.60982878851298,-1.59293719689069,-1.57530638249015,-1.55842267657734,
-1.5407939841792,-1.52390254395476,-1.50627531252565,-1.48940051711528,
-1.47177577931342,-1.45487958625187,-1.43725573359676,-1.42039752762273,
-1.41597626265305),.UNSPECIFIED.);
#40=B_SPLINE_CURVE_WITH_KNOTS('',3,(#2524,#2525,#2526,#2527,#2528,#2529,
#2530,#2531,#2532,#2533,#2534,#2535,#2536,#2537,#2538,#2539,#2540,#2541,
#2542,#2543,#2544,#2545,#2546,#2547,#2548,#2549,#2550,#2551,#2552,#2553,
#2554,#2555,#2556,#2557,#2558,#2559,#2560,#2561,#2562,#2563,#2564,#2565,
#2566,#2567,#2568,#2569,#2570,#2571,#2572,#2573,#2574,#2575,#2576,#2577,
#2578,#2579,#2580,#2581,#2582,#2583,#2584,#2585,#2586,#2587,#2588,#2589,
#2590,#2591,#2592,#2593),.UNSPECIFIED.,.F.,.F.,(4,2,2,2,2,2,2,2,2,2,2,2,
2,2,2,2,2,2,2,2,2,2,2,2,2,2,2,2,2,2,2,2,2,2,4),(1.13324968708644,1.14467536038266,
1.16164031224144,1.1792510311076,1.19606294360029,1.21367980228245,1.23059292144797,
1.24820897659834,1.26506029480981,1.28267994992441,1.2995738361374,1.31719425280243,
1.33406380953617,1.35168679935109,1.36857488032492,1.38619927985792,1.4030784222132,
1.42070497602835,1.43759277532583,1.45522100615621,1.47210618741445,1.48973640118949,
1.50662618898223,1.52425818991236,1.54114795519315,1.55878186902115,1.57567457816454,
1.59331032462821,1.61020407718475,1.62784170803028,1.64473772203315,1.66237720442449,
1.67927469971035,1.69691605501054,1.69958565015438),.UNSPECIFIED.);
#41=B_SPLINE_CURVE_WITH_KNOTS('',3,(#2595,#2596,#2597,#2598,#2599,#2600,
#2601,#2602,#2603,#2604,#2605,#2606,#2607,#2608,#2609,#2610),
 .UNSPECIFIED.,.F.,.F.,(4,2,2,2,2,2,2,4),(-2.12458701495374,-2.09147204116574,
-2.05890225422737,-2.04200989807702,-2.0243554618776,-2.00744039846491,
-1.989787195452,-1.98264062898842),.UNSPECIFIED.);
#42=B_SPLINE_CURVE_WITH_KNOTS('',3,(#2611,#2612,#2613,#2614,#2615,#2616,
#2617,#2618,#2619,#2620,#2621,#2622,#2623,#2624,#2625,#2626,#2627,#2628,
#2629,#2630,#2631,#2632,#2633,#2634,#2635,#2636,#2637,#2638,#2639,#2640,
#2641,#2642,#2643,#2644,#2645,#2646,#2647,#2648,#2649,#2650,#2651,#2652,
#2653,#2654,#2655,#2656,#2657,#2658),.UNSPECIFIED.,.F.,.F.,(4,2,2,2,2,2,
2,2,2,2,2,2,2,2,2,2,2,2,2,2,2,2,2,4),(4.7163847528168E-6,0.0331171663211889,
0.0656859748405779,0.0825806131342986,0.100233692568471,0.117151041230258,
0.134802874892801,0.15171324682172,0.169363076615381,0.186272494057638,
0.203920470034222,0.220828003054688,0.238474102260359,0.255379889603815,
0.273024117561702,0.289927988255185,0.307570337040884,0.32447262996573,
0.342113114562331,0.359013262979463,0.376651859471062,0.393550761561564,
0.411187508116239,0.425414128652429),.UNSPECIFIED.);
#43=B_SPLINE_CURVE_WITH_KNOTS('',3,(#2663,#2664,#2665,#2666,#2667,#2668,
#2669,#2670,#2671,#2672,#2673,#2674,#2675,#2676,#2677,#2678,#2679,#2680,
#2681,#2682,#2683,#2684,#2685,#2686,#2687,#2688,#2689,#2690,#2691,#2692,
#2693,#2694,#2695,#2696,#2697,#2698,#2699,#2700,#2701,#2702,#2703,#2704,
#2705,#2706,#2707,#2708,#2709,#2710,#2711,#2712,#2713,#2714,#2715,#2716,
#2717,#2718,#2719,#2720,#2721,#2722,#2723,#2724,#2725,#2726),
 .UNSPECIFIED.,.F.,.F.,(4,2,2,2,2,2,2,2,2,2,2,2,2,2,2,2,2,2,2,2,2,2,2,2,
2,2,2,2,2,2,2,4),(0.567051157927503,0.583803998948101,0.600703547096552,
0.618329536867607,0.635197211466377,0.652820053322061,0.669732791468403,
0.687355726206679,0.704193526676842,0.721811464793518,0.738761305315151,
0.75638209856545,0.773152034215681,0.790763204744777,0.807808100437897,
0.825428653145436,0.84203530465812,0.859633961588167,0.876916972802215,
0.894540354127823,0.912148434937515,0.929771039841033,0.965227082811713,
1.00074385320311,1.01838561668671,1.04774702950354,1.06234048156793,1.07696629355604,
1.0922625786588,1.10988926325147,1.12772731848479,1.13324968708644),
 .UNSPECIFIED.);
#44=B_SPLINE_CURVE_WITH_KNOTS('',3,(#2727,#2728,#2729,#2730,#2731,#2732,
#2733,#2734,#2735,#2736,#2737,#2738,#2739,#2740,#2741,#2742,#2743,#2744,
#2745,#2746,#2747,#2748,#2749,#2750,#2751,#2752,#2753,#2754,#2755,#2756,
#2757,#2758,#2759,#2760,#2761,#2762,#2763,#2764,#2765,#2766,#2767,#2768,
#2769,#2770,#2771,#2772,#2773,#2774,#2775,#2776,#2777,#2778,#2779,#2780,
#2781,#2782,#2783,#2784,#2785,#2786,#2787,#2788,#2789,#2790,#2791,#2792,
#2793,#2794),.UNSPECIFIED.,.F.,.F.,(4,2,2,2,2,2,2,2,2,2,2,2,2,2,2,2,2,2,
2,2,2,2,2,2,2,2,2,2,2,2,2,2,2,4),(0.425414128652429,0.428083759909103,0.445718597418678,
0.462614389150402,0.480247410284326,0.497139327779068,0.514770388547658,
0.531663754616313,0.549293079924763,0.566179597016189,0.583806836592294,
0.60069943970348,0.618325139677703,0.63520366324948,0.652826971728934,0.66972284900756,
0.687345092056175,0.704209312307695,0.721828417051421,0.738737364768424,
0.756356548781746,0.773191085185109,0.790805295713419,0.807751055107309,
0.825368087747672,0.842135227094246,0.859742695072666,0.876782802687655,
0.894399574767457,0.911004629521914,0.928599666513367,0.946177922802002,
0.963804659722557,0.991664850778716),.UNSPECIFIED.);
#45=B_SPLINE_CURVE_WITH_KNOTS('',3,(#2799,#2800,#2801,#2802,#2803,#2804,
#2805,#2806,#2807,#2808,#2809,#2810,#2811,#2812,#2813,#2814,#2815,#2816,
#2817,#2818,#2819,#2820,#2821,#2822,#2823,#2824,#2825,#2826,#2827,#2828,
#2829,#2830,#2831,#2832,#2833,#2834,#2835,#2836,#2837,#2838,#2839,#2840,
#2841,#2842,#2843,#2844,#2845,#2846,#2847,#2848,#2849,#2850,#2851,#2852,
#2853,#2854,#2855,#2856,#2857,#2858,#2859,#2860,#2861,#2862,#2863,#2864),
 .UNSPECIFIED.,.F.,.F.,(4,2,2,2,2,2,2,2,2,2,2,2,2,2,2,2,2,2,2,2,2,2,2,2,
2,2,2,2,2,2,2,2,4),(4.71514062793524E-6,0.0331171667854045,0.0656859780827747,
0.0825806074893614,0.100233686544439,0.117151049090211,0.134802883338278,
0.151713233629129,0.169363062509484,0.186272513693113,0.203920491095127,
0.220827971513676,0.238474068498719,0.25537993784188,0.273024169262388,
0.289927912126837,0.307570255514492,0.324472747704796,0.342113240713162,
0.359013078479535,0.376651661847692,0.393551048171691,0.411187815156876,
0.428083311967529,0.445718117557727,0.462615085986706,0.480248156707711,
0.497138239207121,0.51476922225132,0.531665447396034,0.549294892842061,
0.56617694916275,0.567051157927503),.UNSPECIFIED.);
#46=B_SPLINE_CURVE_WITH_KNOTS('',3,(#2865,#2866,#2867,#2868,#2869,#2870,
#2871,#2872,#2873,#2874,#2875,#2876,#2877,#2878,#2879,#2880,#2881,#2882,
#2883,#2884,#2885,#2886,#2887,#2888,#2889,#2890,#2891,#2892,#2893,#2894,
#2895,#2896,#2897,#2898,#2899,#2900,#2901,#2902,#2903,#2904,#2905,#2906,
#2907,#2908,#2909,#2910,#2911,#2912,#2913,#2914,#2915,#2916,#2917,#2918,
#2919,#2920,#2921,#2922,#2923,#2924,#2925,#2926,#2927,#2928,#2929,#2930,
#2931,#2932),.UNSPECIFIED.,.F.,.F.,(4,2,2,2,2,2,2,2,2,2,2,2,2,2,2,2,2,2,
2,2,2,2,2,2,2,2,2,2,2,2,2,2,2,4),(0.991664850778716,0.997177550014341,1.01501344959586,
1.03263387626748,1.04816782071458,1.06241129951563,1.07664778221723,1.09209960930707,
1.10972230131324,1.12755650780899,1.16100414134591,1.17863226172516,1.19620468155297,
1.21379612050033,1.23031268349996,1.24793315087869,1.26502325947461,1.28263104632346,
1.29936279485584,1.31698265331987,1.33394782010303,1.35156342341427,1.36838270717503,
1.38600424950624,1.40292013732817,1.42054099868344,1.43739802393307,1.45502240488201,
1.4719201125061,1.4895453061893,1.50641989158427,1.5240476259901,1.54093996220192,
1.55769616148993),.UNSPECIFIED.);
#47=B_SPLINE_CURVE_WITH_KNOTS('',3,(#2937,#2938,#2939,#2940,#2941,#2942,
#2943,#2944,#2945,#2946,#2947,#2948,#2949,#2950,#2951,#2952,#2953,#2954,
#2955,#2956,#2957,#2958,#2959,#2960,#2961,#2962,#2963,#2964,#2965,#2966,
#2967,#2968,#2969,#2970,#2971,#2972,#2973,#2974,#2975,#2976,#2977,#2978,
#2979,#2980,#2981,#2982,#2983,#2984,#2985,#2986,#2987,#2988,#2989,#2990,
#2991,#2992,#2993,#2994,#2995,#2996,#2997,#2998,#2999,#3000,#3001,#3002),
 .UNSPECIFIED.,.F.,.F.,(4,2,2,2,2,2,2,2,2,2,2,2,2,2,2,2,2,2,2,2,2,2,2,2,
2,2,2,2,2,2,2,2,4),(1.55763829945639,1.55850866078245,1.57539757659596,
1.59302936076864,1.60991931653032,1.62755298474914,1.64444520351912,1.66208072281162,
1.67897442120541,1.69661181302195,1.71350749333551,1.73114674425061,1.74804408478695,
1.76568520374459,1.78258441165196,1.80022739317249,1.81712833329073,1.83477318145255,
1.85167594980324,1.86932266162951,1.88622717202686,1.9038757511106,1.92078210516479,
1.93843254966519,1.9553407113419,1.97299300283122,1.98990215454838,2.0075564411555,
2.02447253056121,2.04212805132256,2.05902145307453,2.09159329780507,2.12471024462894),
 .UNSPECIFIED.);
#48=B_SPLINE_CURVE_WITH_KNOTS('',3,(#3003,#3004,#3005,#3006,#3007,#3008,
#3009,#3010,#3011,#3012,#3013,#3014,#3015,#3016,#3017,#3018,#3019,#3020,
#3021,#3022,#3023,#3024,#3025,#3026,#3027,#3028,#3029,#3030,#3031,#3032,
#3033,#3034,#3035,#3036,#3037,#3038,#3039,#3040,#3041,#3042,#3043,#3044,
#3045,#3046,#3047,#3048,#3049,#3050,#3051,#3052,#3053,#3054,#3055,#3056,
#3057,#3058,#3059,#3060,#3061,#3062,#3063,#3064,#3065,#3066,#3067,#3068),
 .UNSPECIFIED.,.F.,.F.,(4,2,2,2,2,2,2,2,2,2,2,2,2,2,2,2,2,2,2,2,2,2,2,2,
2,2,2,2,2,2,2,2,4),(1.55769616148993,1.55856912773908,1.57545302141878,
1.59308432826514,1.60997656168958,1.62760955465706,1.64449937403306,1.66213434492271,
1.67902864089222,1.69666540297582,1.71355976050196,1.73119843371543,1.74809568189222,
1.76573618971382,1.78263451676408,1.80027690847206,1.81717747287921,1.83482171746295,
1.85172378632631,1.86936990329184,1.88627392156744,1.90392190010119,1.92082762906167,
1.93847747655381,1.95538509823904,1.97303679034733,1.98994534747113,2.00759903610877,
2.0245145656555,2.04216948745444,2.05906230772193,2.09163305105895,2.12474887574847),
 .UNSPECIFIED.);
#49=B_SPLINE_CURVE_WITH_KNOTS('',3,(#3073,#3074,#3075,#3076,#3077,#3078,
#3079,#3080,#3081,#3082,#3083,#3084,#3085,#3086,#3087,#3088,#3089,#3090,
#3091,#3092,#3093,#3094,#3095,#3096,#3097,#3098,#3099,#3100,#3101,#3102,
#3103,#3104,#3105,#3106,#3107,#3108,#3109,#3110,#3111,#3112,#3113,#3114,
#3115,#3116,#3117,#3118,#3119,#3120,#3121,#3122,#3123,#3124,#3125,#3126,
#3127,#3128,#3129,#3130,#3131,#3132,#3133,#3134,#3135,#3136,#3137,#3138,
#3139,#3140,#3141,#3142),.UNSPECIFIED.,.F.,.F.,(4,2,2,2,2,2,2,2,2,2,2,2,
2,2,2,2,2,2,2,2,2,2,2,2,2,2,2,2,2,2,2,2,2,2,4),(0.991665191410253,0.997183535142564,
1.01501934582528,1.03263988520511,1.04810695795206,1.06245279812201,1.07678475124828,
1.09209423948114,1.10971696243302,1.12755101042532,1.14449495426653,1.16145650336494,
1.17906325337156,1.19587112333519,1.21348403075905,1.2303935183383,1.24800561091759,
1.2648530346626,1.28246873401862,1.29935889388947,1.31697534985121,1.33384107202566,
1.35146010366169,1.36834441881576,1.38596485788389,1.40284018975088,1.42046278388618,
1.4373468006653,1.45497107062901,1.47185245079407,1.48947870377724,1.50636470172282,
1.52399274112667,1.54087870869698,1.55763829945639),.UNSPECIFIED.);
#50=B_SPLINE_CURVE_WITH_KNOTS('',3,(#3143,#3144,#3145,#3146,#3147,#3148,
#3149,#3150,#3151,#3152,#3153,#3154,#3155,#3156,#3157,#3158,#3159,#3160,
#3161,#3162,#3163,#3164,#3165,#3166,#3167,#3168,#3169,#3170,#3171,#3172,
#3173,#3174,#3175,#3176,#3177,#3178,#3179,#3180,#3181,#3182,#3183,#3184,
#3185,#3186,#3187,#3188,#3189,#3190,#3191,#3192,#3193,#3194,#3195,#3196,
#3197,#3198,#3199,#3200,#3201,#3202,#3203,#3204,#3205,#3206,#3207,#3208),
 .UNSPECIFIED.,.F.,.F.,(4,2,2,2,2,2,2,2,2,2,2,2,2,2,2,2,2,2,2,2,2,2,2,2,
2,2,2,2,2,2,2,2,4),(4.71514062647537E-6,0.033117165805387,0.065685972738923,
0.082580615219937,0.100233694833046,0.117151036953132,0.134802870340018,
0.151713252461066,0.169363082685141,0.18627248423922,0.203920459544881,
0.220828017333696,0.238474117585167,0.25537986631737,0.273024092644924,
0.289928023530422,0.307570374857879,0.324472573950157,0.342113054585155,
0.359013349281885,0.376651951951328,0.393550626012998,0.411187362942178,
0.428083970230282,0.445718822757943,0.462614060351284,0.480247058104675,
0.497139839563634,0.514770936856596,0.531662956357604,0.549292224913236,
0.566180841849902,0.567051165766756),.UNSPECIFIED.);
#51=B_SPLINE_CURVE_WITH_KNOTS('',3,(#3213,#3214,#3215,#3216,#3217,#3218,
#3219,#3220,#3221,#3222,#3223,#3224,#3225,#3226,#3227,#3228,#3229,#3230,
#3231,#3232,#3233,#3234,#3235,#3236,#3237,#3238,#3239,#3240,#3241,#3242,
#3243,#3244,#3245,#3246,#3247,#3248,#3249,#3250,#3251,#3252,#3253,#3254,
#3255,#3256,#3257,#3258,#3259,#3260,#3261,#3262,#3263,#3264,#3265,#3266,
#3267,#3268,#3269,#3270,#3271,#3272,#3273,#3274,#3275,#3276,#3277,#3278,
#3279,#3280),.UNSPECIFIED.,.F.,.F.,(4,2,2,2,2,2,2,2,2,2,2,2,2,2,2,2,2,2,
2,2,2,2,2,2,2,2,2,2,2,2,2,2,2,4),(0.425414128141822,0.428083677106303,0.445718508740288,
0.462614517190177,0.48024754746321,0.497139127038694,0.514770173509602,
0.531664066180285,0.549293413653549,0.566179109370361,0.583806314090684,
0.600700196568397,0.618325950144513,0.63520247662062,0.652825699744274,
0.669724683987097,0.687347055761794,0.704206416443469,0.72182530986444,
0.738741796775146,0.756361284740684,0.773183969242941,0.790797642367977,
0.80776167543351,0.825379396980968,0.842117403439611,0.859723410629182,
0.87680790453449,0.894426089571967,0.910957009239339,0.928547308845225,
0.946121687727149,0.963747839938821,0.991665191410253),.UNSPECIFIED.);
#52=B_SPLINE_CURVE_WITH_KNOTS('',3,(#3281,#3282,#3283,#3284,#3285,#3286,
#3287,#3288,#3289,#3290,#3291,#3292,#3293,#3294,#3295,#3296,#3297,#3298,
#3299,#3300,#3301,#3302,#3303,#3304,#3305,#3306,#3307,#3308,#3309,#3310,
#3311,#3312,#3313,#3314,#3315,#3316,#3317,#3318,#3319,#3320,#3321,#3322,
#3323,#3324,#3325,#3326,#3327,#3328,#3329,#3330,#3331,#3332,#3333,#3334,
#3335,#3336,#3337,#3338,#3339,#3340,#3341,#3342,#3343,#3344),
 .UNSPECIFIED.,.F.,.F.,(4,2,2,2,2,2,2,2,2,2,2,2,2,2,2,2,2,2,2,2,2,2,2,2,
2,2,2,2,2,2,2,4),(0.567051165766756,0.583808170349625,0.60069750160715,
0.618323064052309,0.635206692114913,0.652830217657737,0.669718146970414,
0.687340058094872,0.704216692191991,0.721836330174887,0.738725980888874,
0.756344371647802,0.773209133853683,0.79082467490799,0.807723627850279,
0.825338809188386,0.842179817973018,0.859790736299309,0.876717371020809,
0.894330062141786,0.91192490358248,0.929552724309451,0.96497574423356,1.00048427103815,
1.01813267080676,1.04804538581886,1.06242889580439,1.07682927880857,1.09226575365584,
1.10989170594989,1.12772917084474,1.13325083347251),.UNSPECIFIED.);
#53=B_SPLINE_CURVE_WITH_KNOTS('',3,(#3350,#3351,#3352,#3353,#3354,#3355,
#3356,#3357,#3358,#3359,#3360,#3361,#3362,#3363,#3364,#3365),
 .UNSPECIFIED.,.F.,.F.,(4,2,2,2,2,2,2,4),(1.98311999861976,1.99026861719523,
2.00792686863304,2.02484675708965,2.04250624295844,2.05940343865612,2.09198259842958,
2.12510698271534),.UNSPECIFIED.);
#54=B_SPLINE_CURVE_WITH_KNOTS('',3,(#3366,#3367,#3368,#3369,#3370,#3371,
#3372,#3373,#3374,#3375,#3376,#3377,#3378,#3379,#3380,#3381,#3382,#3383,
#3384,#3385,#3386,#3387,#3388,#3389,#3390,#3391,#3392,#3393,#3394,#3395,
#3396,#3397,#3398,#3399,#3400,#3401,#3402,#3403,#3404,#3405,#3406,#3407,
#3408,#3409,#3410,#3411,#3412,#3413),.UNSPECIFIED.,.F.,.F.,(4,2,2,2,2,2,
2,2,2,2,2,2,2,2,2,2,2,2,2,2,2,2,2,4),(4.71514062682908E-6,0.0331171662419308,
0.0656859751194471,0.0825806117764752,0.100233691141014,0.117151042359369,
0.134802876129853,0.151713244073762,0.169363073699346,0.186272497355982,
0.203920473595234,0.220827996928619,0.238474095725513,0.255379898170705,
0.273024126766481,0.289927973918003,0.307570321709778,0.324472651333883,
0.342113137480032,0.359013228685651,0.376651822760939,0.393550814033567,
0.411187564352165,0.425414128141822),.UNSPECIFIED.);
#55=B_SPLINE_CURVE_WITH_KNOTS('',3,(#3414,#3415,#3416,#3417,#3418,#3419,
#3420,#3421,#3422,#3423,#3424,#3425,#3426,#3427,#3428,#3429,#3430,#3431,
#3432,#3433,#3434,#3435,#3436,#3437,#3438,#3439,#3440,#3441,#3442,#3443,
#3444,#3445,#3446,#3447,#3448,#3449,#3450,#3451,#3452,#3453,#3454,#3455,
#3456,#3457,#3458,#3459,#3460,#3461,#3462,#3463,#3464,#3465,#3466,#3467,
#3468,#3469,#3470,#3471,#3472,#3473,#3474,#3475,#3476,#3477,#3478,#3479,
#3480,#3481),.UNSPECIFIED.,.F.,.F.,(4,2,2,2,2,2,2,2,2,2,2,2,2,2,2,2,2,2,
2,2,2,2,2,2,2,2,2,2,2,2,2,2,2,4),(1.13325083347251,1.16119564528628,1.17882683510863,
1.19640169256698,1.21399535792614,1.23050037052616,1.24812433493929,1.26522614491862,
1.28283687597358,1.2995660700615,1.31718929654301,1.33416109111349,1.35177982684346,
1.36859992348729,1.38622476210634,1.40314520374529,1.42076926252471,1.43762845439705,
1.45525609882543,1.47215750614107,1.4897859224565,1.50666322718024,1.52429421132002,
1.5411898961019,1.55882229472213,1.57570913454818,1.59334368577089,1.61023912382835,
1.62787535452353,1.64476821348096,1.66240642693102,1.6793038687945,1.69694387090829,
1.69961280669911),.UNSPECIFIED.);
#56=B_SPLINE_CURVE_WITH_KNOTS('',3,(#3486,#3487,#3488,#3489,#3490,#3491,
#3492,#3493,#3494,#3495,#3496,#3497,#3498,#3499,#3500,#3501,#3502,#3503,
#3504,#3505,#3506,#3507,#3508,#3509,#3510,#3511,#3512,#3513,#3514,#3515,
#3516,#3517,#3518,#3519,#3520,#3521,#3522,#3523,#3524,#3525,#3526,#3527,
#3528,#3529,#3530,#3531,#3532,#3533,#3534,#3535,#3536,#3537,#3538,#3539,
#3540,#3541,#3542,#3543,#3544,#3545,#3546,#3547,#3548,#3549,#3550,#3551,
#3552,#3553,#3554,#3555),.UNSPECIFIED.,.F.,.F.,(4,2,2,2,2,2,2,2,2,2,2,2,
2,2,2,2,2,2,2,2,2,2,2,2,2,2,2,2,2,2,2,2,2,2,4),(1.41629354413912,1.42070136781577,
1.43758916468308,1.45521739305575,1.47210257200507,1.48973278331884,1.50662256872474,
1.52425456719546,1.54114433013895,1.55877824150593,1.5756709482798,1.59330669228305,
1.61020044249035,1.62783807087466,1.64473408251486,1.66237356244507,1.67927105537647,
1.69691240821504,1.71381188265583,1.73145509503368,1.74835623061825,1.76600131144331,
1.78290431446705,1.80055125828282,1.81745599413152,1.83510480500169,1.85201136934922,
1.86966204430629,1.88657035118412,1.9042228938155,1.92113304470501,1.93878745317361,
1.95569941212953,1.97335566800081,1.98311999861976),.UNSPECIFIED.);
#57=B_SPLINE_CURVE_WITH_KNOTS('',3,(#3557,#3558,#3559,#3560,#3561,#3562,
#3563,#3564,#3565,#3566,#3567,#3568,#3569,#3570,#3571,#3572,#3573,#3574,
#3575,#3576,#3577,#3578,#3579,#3580,#3581,#3582,#3583,#3584,#3585,#3586,
#3587,#3588,#3589,#3590,#3591,#3592,#3593,#3594,#3595,#3596,#3597,#3598,
#3599,#3600,#3601,#3602,#3603,#3604),.UNSPECIFIED.,.F.,.F.,(4,2,2,2,2,2,
2,2,2,2,2,2,2,2,2,2,2,2,2,2,2,2,2,4),(1.69961280669911,1.71384130675227,
1.7314832221811,1.74838359251688,1.76602734171659,1.78292876337449,1.80057439755954,
1.81747807476584,1.83512556168498,1.85203073223183,1.86968009218586,1.88658721980276,
1.90423844146914,1.92114727540804,1.93880036650314,1.95571109651164,1.97336603248059,
1.99027769617923,2.00793462909649,2.02485326772998,2.0425114340017,2.05940735839452,
2.09198408743523,2.1251059979197),.UNSPECIFIED.);
#58=B_SPLINE_CURVE_WITH_KNOTS('',3,(#3605,#3606,#3607,#3608,#3609,#3610,
#3611,#3612,#3613,#3614,#3615,#3616,#3617,#3618,#3619,#3620),
 .UNSPECIFIED.,.F.,.F.,(4,2,2,2,2,2,2,4),(4.71514062695403E-6,0.0331171661194255,
0.0656859744514424,0.082580612742862,0.100233692177167,0.11715104084221,
0.134802874505044,0.141950023625515),.UNSPECIFIED.);
#59=B_SPLINE_CURVE_WITH_KNOTS('',3,(#3625,#3626,#3627,#3628,#3629,#3630,
#3631,#3632,#3633,#3634,#3635,#3636,#3637,#3638,#3639,#3640,#3641,#3642,
#3643,#3644,#3645,#3646,#3647,#3648,#3649,#3650,#3651,#3652,#3653,#3654,
#3655,#3656,#3657,#3658,#3659,#3660,#3661,#3662,#3663,#3664,#3665,#3666,
#3667,#3668,#3669,#3670,#3671,#3672,#3673,#3674,#3675,#3676,#3677,#3678,
#3679,#3680,#3681,#3682,#3683,#3684,#3685,#3686,#3687,#3688),
 .UNSPECIFIED.,.F.,.F.,(4,2,2,2,2,2,2,2,2,2,2,2,2,2,2,2,2,2,2,2,2,2,2,2,
2,2,2,2,2,2,2,4),(0.850140363820336,0.859631541889152,0.876912052020532,
0.894535380152709,0.912143379508795,0.929766034044995,0.965221890786153,
1.00073863185944,1.01838044674088,1.04774570754031,1.06233758115692,1.07696169679226,
1.09225901591002,1.10988569805166,1.12772375079336,1.14467179203049,1.16163673912288,
1.17924745560364,1.19605936730827,1.21367622349277,1.23058933931048,1.24820539203076,
1.26505670852747,1.28267636116676,1.29957024461665,1.31719065883424,1.33406021347598,
1.35168320082478,1.36857127927059,1.38619567634928,1.4030748164632,1.41629354413912),
 .UNSPECIFIED.);
#60=B_SPLINE_CURVE_WITH_KNOTS('',3,(#3689,#3690,#3691,#3692,#3693,#3694,
#3695,#3696,#3697,#3698,#3699,#3700,#3701,#3702,#3703,#3704,#3705,#3706,
#3707,#3708,#3709,#3710,#3711,#3712,#3713,#3714,#3715,#3716,#3717,#3718,
#3719,#3720,#3721,#3722,#3723,#3724,#3725,#3726,#3727,#3728,#3729,#3730,
#3731,#3732,#3733,#3734,#3735,#3736,#3737,#3738,#3739,#3740,#3741,#3742,
#3743,#3744,#3745,#3746,#3747,#3748,#3749,#3750,#3751,#3752,#3753,#3754,
#3755,#3756,#3757,#3758),.UNSPECIFIED.,.F.,.F.,(4,2,2,2,2,2,2,2,2,2,2,2,
2,2,2,2,2,2,2,2,2,2,2,2,2,2,2,2,2,2,2,2,2,2,4),(0.141950023625515,0.151713246427523,
0.169363076221064,0.18627249367501,0.20392046965227,0.220828002654988,0.238474101860095,
0.25537988923168,0.27302411719094,0.289927987841044,0.307570336625097,0.324472629618039,
0.342113114217699,0.359013262529154,0.376651859016473,0.393550761272138,
0.411187507833969,0.428083759369856,0.445718596868758,0.462614389001485,
0.480247410152508,0.497139327022479,0.514770387764824,0.531663754807615,
0.549293080157267,0.566179595729846,0.58380683524172,0.600699440719348,
0.618325140792992,0.635203660671811,0.652826968993837,0.669722852019535,
0.687345095306976,0.704209306573815,0.708627629274191),.UNSPECIFIED.);
#61=B_SPLINE_CURVE_WITH_KNOTS('',3,(#3763,#3764,#3765,#3766,#3767,#3768,
#3769,#3770,#3771,#3772,#3773,#3774,#3775,#3776,#3777,#3778,#3779,#3780,
#3781,#3782,#3783,#3784,#3785,#3786,#3787,#3788,#3789,#3790,#3791,#3792,
#3793,#3794,#3795,#3796,#3797,#3798,#3799,#3800,#3801,#3802,#3803,#3804,
#3805,#3806,#3807,#3808,#3809,#3810,#3811,#3812,#3813,#3814,#3815,#3816,
#3817,#3818,#3819,#3820,#3821,#3822,#3823,#3824,#3825,#3826,#3827,#3828,
#3829,#3830,#3831,#3832),.UNSPECIFIED.,.F.,.F.,(4,2,2,2,2,2,2,2,2,2,2,2,
2,2,2,2,2,2,2,2,2,2,2,2,2,2,2,2,2,2,2,2,2,2,4),(0.283709713927401,0.289924277501986,
0.307566622696881,0.324469114542523,0.342109609217668,0.359009451815072,
0.376648037068392,0.393547420157979,0.411184188687748,0.428079694838672,
0.445714502504577,0.462611460666365,0.480244532635765,0.497134635447871,
0.514765621033691,0.531661818827131,0.549291264806897,0.566173368112667,
0.583800421582654,0.60069990090533,0.618325889499672,0.635193676007175,
0.652816524390829,0.669729093106292,0.687352022659754,0.704190093525805,
0.721808045479013,0.738757472885312,0.756378252042147,0.773148848714706,
0.79076005341717,0.807803944247089,0.825424465571833,0.842032781873943,
0.850140363820336),.UNSPECIFIED.);
#62=B_SPLINE_CURVE_WITH_KNOTS('',3,(#3833,#3834,#3835,#3836,#3837,#3838,
#3839,#3840,#3841,#3842,#3843,#3844,#3845,#3846,#3847,#3848,#3849,#3850,
#3851,#3852,#3853,#3854,#3855,#3856,#3857,#3858,#3859,#3860,#3861,#3862,
#3863,#3864,#3865,#3866,#3867,#3868,#3869,#3870,#3871,#3872,#3873,#3874,
#3875,#3876,#3877,#3878,#3879,#3880,#3881,#3882,#3883,#3884,#3885,#3886,
#3887,#3888,#3889,#3890,#3891,#3892,#3893,#3894,#3895,#3896,#3897,#3898),
 .UNSPECIFIED.,.F.,.F.,(4,2,2,2,2,2,2,2,2,2,2,2,2,2,2,2,2,2,2,2,2,2,2,2,
2,2,2,2,2,2,2,2,4),(0.708627629274191,0.721828410928364,0.738737372593475,
0.756356557172381,0.773191071668037,0.790805281211348,0.80775107442721,
0.825368108360162,0.842135193947661,0.859742659284137,0.876782848971741,
0.894399623755947,0.911004542941376,0.928599571683851,0.946177821056548,
0.963804557217172,0.997177560409732,1.01501345983143,1.03263388670938,1.04816772587825,
1.06241136426885,1.07664799586695,1.0920995935759,1.10972228580097,1.12755649197139,
1.1610042942537,1.17863241238704,1.19620482162686,1.2137962471932,1.23031261541632,
1.24793308621181,1.26502330930122,1.27460076903508),.UNSPECIFIED.);
#63=B_SPLINE_CURVE_WITH_KNOTS('',3,(#3907,#3908,#3909,#3910,#3911,#3912,
#3913,#3914,#3915,#3916,#3917,#3918,#3919,#3920,#3921,#3922,#3923,#3924,
#3925,#3926,#3927,#3928,#3929,#3930,#3931,#3932,#3933,#3934,#3935,#3936,
#3937,#3938),.UNSPECIFIED.,.F.,.F.,(4,2,2,2,2,2,2,2,2,2,2,2,2,2,2,4),(1.00000025054763E-6,
0.0331161587660112,0.0656830888671548,0.0825776604895864,0.100230679079417,
0.11714798354067,0.134799757318374,0.151710049899905,0.169359818331573,
0.186269211250924,0.203917128186926,0.220824551227626,0.238470587790387,
0.255376398388686,0.273020569335335,0.283709713927401),.UNSPECIFIED.);
#64=B_SPLINE_CURVE_WITH_KNOTS('',3,(#3939,#3940,#3941,#3942,#3943,#3944,
#3945,#3946,#3947,#3948,#3949,#3950,#3951,#3952,#3953,#3954,#3955,#3956,
#3957,#3958,#3959,#3960,#3961,#3962,#3963,#3964,#3965,#3966,#3967,#3968,
#3969,#3970,#3971,#3972,#3973,#3974,#3975,#3976,#3977,#3978,#3979,#3980,
#3981,#3982,#3983,#3984,#3985,#3986,#3987,#3988,#3989,#3990,#3991,#3992,
#3993,#3994,#3995,#3996,#3997,#3998,#3999,#4000,#4001,#4002,#4003,#4004,
#4005,#4006,#4007,#4008),.UNSPECIFIED.,.F.,.F.,(4,2,2,2,2,2,2,2,2,2,2,2,
2,2,2,2,2,2,2,2,2,2,2,2,2,2,2,2,2,2,2,2,2,2,4),(1.27460076903508,1.28263109219246,
1.29936276534951,1.31698262548673,1.33394783918779,1.35156344102689,1.36838269423053,
1.386004237267,1.40292014436731,1.42054100510559,1.43739801782178,1.45502239902906,
1.47192011454133,1.489545307934,1.5064198881507,1.52404762262249,1.54093996203537,
1.55856912741207,1.5754530189267,1.59308432575848,1.60997656045744,1.62760955331719,
1.64449937176425,1.66213434260598,1.67902863905863,1.69666540105602,1.71355975816056,
1.73119843131237,1.74809567964718,1.7657361873914,1.78263451422891,1.80027690586953,
1.81717747030051,1.83482171481049,1.84103502980861),.UNSPECIFIED.);
#65=B_SPLINE_CURVE_WITH_KNOTS('',3,(#4067,#4068,#4069,#4070,#4071,#4072,
#4073,#4074,#4075,#4076,#4077,#4078,#4079,#4080,#4081,#4082),
 .UNSPECIFIED.,.F.,.F.,(4,2,2,2,2,2,2,4),(-0.170675597236865,-0.160472253093754,
-0.150290880562263,-0.130884098794235,-0.106999145709402,-0.0752690233702554,
-0.039778139399336,-2.3785502840298E-6),.UNSPECIFIED.);
#66=B_SPLINE_CURVE_WITH_KNOTS('',3,(#4083,#4084,#4085,#4086,#4087,#4088,
#4089,#4090,#4091,#4092,#4093,#4094,#4095,#4096,#4097,#4098),
 .UNSPECIFIED.,.F.,.F.,(4,2,2,2,2,2,2,4),(-0.473050801550329,-0.409089960468911,
-0.34412995683496,-0.237213183319063,-0.156154571205349,-0.0933232396642727,
-0.0424516992908992,-5.66778246539339E-5),.UNSPECIFIED.);
#67=B_SPLINE_CURVE_WITH_KNOTS('',3,(#4241,#4242,#4243,#4244,#4245,#4246,
#4247,#4248,#4249,#4250,#4251,#4252,#4253,#4254,#4255,#4256,#4257,#4258,
#4259,#4260,#4261,#4262,#4263,#4264,#4265,#4266,#4267,#4268,#4269,#4270,
#4271,#4272,#4273,#4274,#4275,#4276,#4277,#4278,#4279,#4280,#4281,#4282,
#4283,#4284,#4285,#4286,#4287,#4288,#4289,#4290,#4291,#4292,#4293,#4294,
#4295,#4296,#4297,#4298,#4299,#4300,#4301,#4302,#4303,#4304,#4305,#4306,
#4307,#4308,#4309,#4310,#4311,#4312,#4313,#4314,#4315,#4316,#4317,#4318,
#4319,#4320,#4321,#4322,#4323,#4324,#4325,#4326,#4327,#4328,#4329,#4330,
#4331,#4332,#4333,#4334,#4335,#4336,#4337,#4338,#4339,#4340,#4341,#4342,
#4343,#4344,#4345,#4346,#4347,#4348,#4349,#4350,#4351,#4352,#4353,#4354,
#4355,#4356,#4357,#4358,#4359,#4360,#4361,#4362,#4363,#4364,#4365,#4366,
#4367,#4368,#4369,#4370,#4371,#4372,#4373,#4374,#4375,#4376,#4377,#4378,
#4379,#4380,#4381,#4382,#4383,#4384,#4385,#4386,#4387,#4388,#4389,#4390,
#4391,#4392,#4393,#4394,#4395,#4396,#4397,#4398,#4399,#4400,#4401,#4402,
#4403,#4404,#4405,#4406,#4407,#4408,#4409,#4410,#4411,#4412,#4413,#4414,
#4415,#4416,#4417,#4418,#4419,#4420,#4421,#4422,#4423,#4424,#4425,#4426,
#4427,#4428,#4429,#4430,#4431,#4432,#4433,#4434,#4435,#4436,#4437,#4438,
#4439,#4440,#4441,#4442,#4443,#4444,#4445,#4446,#4447,#4448,#4449,#4450,
#4451,#4452,#4453,#4454,#4455,#4456,#4457,#4458,#4459,#4460,#4461,#4462,
#4463,#4464,#4465,#4466,#4467,#4468,#4469,#4470,#4471,#4472,#4473,#4474,
#4475,#4476,#4477,#4478,#4479,#4480,#4481,#4482,#4483,#4484,#4485,#4486,
#4487,#4488,#4489,#4490),.UNSPECIFIED.,.F.,.F.,(4,2,2,2,2,2,2,2,2,2,2,2,
2,2,2,2,2,2,2,2,2,2,2,2,2,2,2,2,2,2,2,2,2,2,2,2,2,2,2,2,2,2,2,2,2,2,2,2,
2,2,2,2,2,2,2,2,2,2,2,2,2,2,2,2,2,2,2,2,2,2,2,2,2,2,2,2,2,2,2,2,2,2,2,2,
2,2,2,2,2,2,2,2,2,2,2,2,2,2,2,2,2,2,2,2,2,2,2,2,2,2,2,2,2,2,2,2,2,2,2,2,
2,2,2,2,4),(2.63086752881789E-5,0.0140664765590236,0.0275432831157833,0.0425358787218015,
0.059569999418458,0.0779157505201776,0.090396045267273,0.112679339914448,
0.140547511644304,0.153799377992138,0.163073002180927,0.181951530364491,
0.192688133979234,0.225335859399651,0.234140496525464,0.249121798894569,
0.262766596840162,0.286875741466334,0.301696117105366,0.3212956714062,0.334951759958361,
0.351375205202871,0.367710841032893,0.39129460473862,0.4082774389721,0.426900251610084,
0.439182192883296,0.452343525010047,0.477009978427837,0.498715250321886,
0.510367890587734,0.521222795628891,0.542660046344851,0.575739556384993,
0.58467963660967,0.599867918114303,0.613667509494937,0.638049950909764,
0.653046378438221,0.672887995625021,0.686693236153899,0.703303536766222,
0.719824296292955,0.743675744738926,0.760854942646249,0.779690882371582,
0.792114807791359,0.805426409909788,0.830376894770203,0.853700858245213,
0.864760471278149,0.875252955276236,0.896986389252702,0.930378764273115,
0.939378530909261,0.954601996013,0.968510523498323,0.991458911954077,1.00802912700932,
1.02348849403833,1.04025856547992,1.07064996448872,1.08225773185108,1.10312806970727,
1.12409130977364,1.13729423622578,1.153999364636,1.16310196919156,1.1975228940973,
1.21755562951579,1.2286201430752,1.23908562114292,1.26428353098602,1.29017461332087,
1.30219622377628,1.31408550045254,1.33352473249322,1.35192392858352,1.37578512876496,
1.39187326544797,1.4079975984218,1.42244593059959,1.44354708024123,1.46289527609045,
1.48254553213281,1.49537525078155,1.51140424819948,1.52036097642975,1.55424085684382,
1.57405362862367,1.58494430743603,1.59511106845528,1.62037779789241,1.64597195989359,
1.65774981578808,1.66953644474391,1.68858220445914,1.7067134408034,1.73031130706384,
1.74618969293229,1.76209565260537,1.77635476635172,1.79716993780278,1.8162664741967,
1.83565568951575,1.84831337981145,1.86412192388584,1.87296026655821,1.90638856086058,
1.92594045562369,1.93667713956624,1.94669503807595,1.97164206314012,1.99411493107542,
2.00796056086356,2.01905815775738,2.0393546746073,2.05778375990499,2.07961904249566,
2.09458774678271,2.11157089039438,2.1254412871138,2.13943192026394,2.16192316793214,
2.17002817923966),.UNSPECIFIED.);
#68=B_SPLINE_CURVE_WITH_KNOTS('',3,(#4761,#4762,#4763,#4764,#4765,#4766,
#4767,#4768,#4769,#4770,#4771,#4772,#4773,#4774,#4775,#4776,#4777,#4778,
#4779,#4780,#4781,#4782,#4783,#4784,#4785,#4786,#4787,#4788,#4789,#4790,
#4791,#4792),.UNSPECIFIED.,.F.,.F.,(4,2,2,2,2,2,2,2,2,2,2,2,2,2,2,4),(1.84103502980861,
1.85172378354674,1.86936990044259,1.88627391868763,1.90392189714908,1.92082762601711,
1.93847747343862,1.95538509507106,1.97303678710764,1.98994534415321,2.00759903271982,
2.02451456220454,2.04216948393201,2.05906230412717,2.09163293923908,2.12474907778973),
 .UNSPECIFIED.);
#69=B_SPLINE_CURVE_WITH_KNOTS('',3,(#4796,#4797,#4798,#4799,#4800,#4801),
 .UNSPECIFIED.,.F.,.F.,(4,2,4),(-0.0180282733526702,-0.00901601563200488,
-3.73715333104852E-6),.UNSPECIFIED.);
#70=B_SPLINE_CURVE_WITH_KNOTS('',3,(#4802,#4803,#4804,#4805,#4806,#4807),
 .UNSPECIFIED.,.F.,.F.,(4,2,4),(-0.0180284312611806,-0.00901787830893334,
-5.70747997681066E-6),.UNSPECIFIED.);
#71=B_SPLINE_CURVE_WITH_KNOTS('',3,(#5077,#5078,#5079,#5080,#5081,#5082,
#5083,#5084,#5085,#5086,#5087,#5088,#5089,#5090,#5091,#5092,#5093,#5094,
#5095,#5096,#5097,#5098,#5099,#5100,#5101,#5102,#5103,#5104,#5105,#5106,
#5107,#5108,#5109,#5110,#5111,#5112,#5113,#5114,#5115,#5116,#5117,#5118,
#5119,#5120,#5121,#5122,#5123,#5124,#5125,#5126,#5127,#5128,#5129,#5130,
#5131,#5132,#5133,#5134,#5135,#5136,#5137,#5138,#5139,#5140,#5141,#5142,
#5143,#5144,#5145,#5146,#5147,#5148,#5149,#5150,#5151,#5152,#5153,#5154,
#5155,#5156,#5157,#5158,#5159,#5160,#5161,#5162,#5163,#5164,#5165,#5166,
#5167,#5168,#5169,#5170,#5171,#5172,#5173,#5174,#5175,#5176,#5177,#5178,
#5179,#5180,#5181,#5182,#5183,#5184,#5185,#5186,#5187,#5188,#5189,#5190,
#5191,#5192,#5193,#5194,#5195,#5196,#5197,#5198,#5199,#5200,#5201,#5202),
 .UNSPECIFIED.,.F.,.F.,(4,2,2,2,2,2,2,2,2,2,2,2,2,2,2,2,2,2,2,2,2,2,2,2,
2,2,2,2,2,2,2,2,2,2,2,2,2,2,2,2,2,2,2,2,2,2,2,2,2,2,2,2,2,2,2,2,2,2,2,2,
2,2,4),(4.00438106378868E-6,0.0249800068171966,0.0500614581780429,0.0899155600921063,
0.129891873093585,0.172610172418733,0.222300853983452,0.282029700352756,
0.356586904703585,0.454078501572436,0.584961666927612,0.764122837407388,
1.01216655750302,1.35658050201656,1.83249665194992,2.48278581384409,3.35731174118982,
4.49700633062873,5.92638094878122,7.70489656750387,9.90139583631615,12.5597159379508,
15.7133100046918,19.3704614034107,23.5105655107014,28.1240294607156,32.9927803962758,
37.8770179534295,42.7732399995523,47.6779528597557,52.5877018089102,57.4990976874892,
62.4104935660685,67.3202425152237,72.2249553754279,77.1211774215527,82.0054149787025,
86.8741659142647,91.487629864279,95.6277339715697,99.2848853702883,102.438479437029,
105.096799538665,107.293298807476,109.071814426202,110.501189044355,111.640883633793,
112.515409561138,113.165698723032,113.641614872965,113.986028817476,114.234072537573,
114.413233708054,114.54411687341,114.64160847028,114.716165674632,114.775894521002,
114.825585202567,114.868303501893,114.908279814895,114.948133916809,114.973215367787,
114.998191374486),.UNSPECIFIED.);
#72=B_SPLINE_CURVE_WITH_KNOTS('',3,(#5743,#5744,#5745,#5746,#5747,#5748,
#5749,#5750,#5751,#5752,#5753,#5754,#5755,#5756,#5757,#5758,#5759,#5760,
#5761,#5762,#5763,#5764,#5765,#5766,#5767,#5768,#5769,#5770,#5771,#5772,
#5773,#5774,#5775,#5776,#5777,#5778,#5779,#5780,#5781,#5782,#5783,#5784,
#5785,#5786,#5787,#5788,#5789,#5790,#5791,#5792,#5793,#5794,#5795,#5796,
#5797,#5798,#5799,#5800,#5801,#5802,#5803,#5804,#5805,#5806,#5807,#5808,
#5809,#5810,#5811,#5812,#5813,#5814,#5815,#5816,#5817,#5818,#5819,#5820,
#5821,#5822,#5823,#5824,#5825,#5826,#5827,#5828,#5829,#5830,#5831,#5832,
#5833,#5834,#5835,#5836,#5837,#5838,#5839,#5840,#5841,#5842,#5843,#5844,
#5845,#5846,#5847,#5848,#5849,#5850,#5851,#5852,#5853,#5854,#5855,#5856,
#5857,#5858,#5859,#5860,#5861,#5862,#5863,#5864,#5865,#5866,#5867,#5868),
 .UNSPECIFIED.,.F.,.F.,(4,2,2,2,2,2,2,2,2,2,2,2,2,2,2,2,2,2,2,2,2,2,2,2,
2,2,2,2,2,2,2,2,2,2,2,2,2,2,2,2,2,2,2,2,2,2,2,2,2,2,2,2,2,2,2,2,2,2,2,2,
2,2,4),(-114.9981913483,-114.973215341606,-114.948133890634,-114.908279788728,
-114.868303475735,-114.825585176419,-114.775894494865,-114.716165648508,
-114.641608444173,-114.544116847325,-114.413233681997,-114.234072511555,
-113.986028791512,-113.641614847076,-113.165698697247,-112.515409535494,
-111.64088360834,-110.50118901915,-109.071814401308,-107.293298782973,-105.09679951464,
-102.43847941359,-99.2848853475437,-95.62773394963,-91.4876298432523,-86.8741658942587,
-82.0054149597776,-77.1211774037061,-72.2249553586679,-67.3202424995503,
-62.4104935514827,-57.4990976739906,-52.5877017964985,-47.6779528484305,
-42.7732399893127,-37.8770179442725,-32.9927803882048,-28.1240294537209,
-23.5105655047294,-19.3704613983577,-15.7133100004465,-12.5597159344013,
-9.90139583335218,-7.7048965650222,-5.92638094669556,-4.49700632886069,
-3.35731173967286,-2.48278581252017,-1.83249665076878,-1.35658050094024,
-1.01216655650566,-0.764122836462902,-0.584961666020837,-0.454078500693471,
-0.356586903845222,-0.282029699510178,-0.222300853153464,-0.172610171599218,
-0.129891872283065,-0.0899155592900006,-0.0500614573843259,-0.0249800064236705,
-3.99971821735435E-6),.UNSPECIFIED.);
#73=B_SPLINE_CURVE_WITH_KNOTS('',3,(#6406,#6407,#6408,#6409,#6410,#6411,
#6412,#6413,#6414,#6415,#6416,#6417,#6418,#6419,#6420,#6421,#6422,#6423,
#6424,#6425,#6426,#6427,#6428,#6429,#6430,#6431,#6432,#6433,#6434,#6435,
#6436,#6437,#6438,#6439,#6440,#6441,#6442,#6443,#6444,#6445,#6446,#6447,
#6448,#6449,#6450,#6451,#6452,#6453,#6454,#6455,#6456,#6457,#6458,#6459,
#6460,#6461,#6462,#6463,#6464,#6465,#6466,#6467,#6468,#6469,#6470,#6471,
#6472,#6473,#6474,#6475,#6476,#6477,#6478,#6479,#6480,#6481,#6482,#6483,
#6484,#6485,#6486,#6487,#6488,#6489,#6490,#6491,#6492,#6493,#6494,#6495,
#6496,#6497,#6498,#6499,#6500,#6501,#6502,#6503,#6504,#6505,#6506,#6507,
#6508,#6509,#6510,#6511,#6512,#6513,#6514,#6515,#6516,#6517,#6518,#6519,
#6520,#6521,#6522,#6523,#6524,#6525,#6526,#6527,#6528,#6529,#6530,#6531),
 .UNSPECIFIED.,.F.,.F.,(4,2,2,2,2,2,2,2,2,2,2,2,2,2,2,2,2,2,2,2,2,2,2,2,
2,2,2,2,2,2,2,2,2,2,2,2,2,2,2,2,2,2,2,2,2,2,2,2,2,2,2,2,2,2,2,2,2,2,2,2,
2,2,4),(3.99971821790968E-6,0.024980006423685,0.050061457384352,0.0899155592900147,
0.129891872283102,0.172610171599202,0.22230085315336,0.282029699510041,
0.356586903845101,0.45407850069344,0.58496166602204,0.764122836463541,1.0121665565018,
1.35658050094132,1.83249665076958,2.48278581251994,3.35731173967071,4.49700632885517,
5.92638094668839,7.70489656501296,9.90139583333234,12.5597159343665,15.7133100004007,
19.3704613982948,23.5105655046456,28.1240294536109,32.9927803880619,37.877017944103,
42.7732399891106,47.677952848197,52.5877017962342,57.4990976736945,62.4104935511549,
67.3202424991923,72.2249553582793,77.121177403289,82.0054149593264,86.8741658937801,
91.4876298427446,95.6277339490939,99.2848853469864,102.438479413016,105.096799514054,
107.293298782374,109.071814400699,110.501189018532,111.640883607716,112.515409534866,
113.165698696615,113.641614846442,113.986028790877,114.23407251092,114.413233681362,
114.544116846689,114.641608443538,114.716165647873,114.775894494229,114.825585175784,
114.8683034751,114.908279788093,114.948133889999,114.97322648101,114.998191353706),
 .UNSPECIFIED.);
#74=SHAPE_REPRESENTATION_RELATIONSHIP('SRR','None',#6826,#76);
#75=SHAPE_REPRESENTATION_RELATIONSHIP('SRR','None',#6827,#77);
#76=ADVANCED_BREP_SHAPE_REPRESENTATION('',(#81,#82),#6809);
#77=ADVANCED_BREP_SHAPE_REPRESENTATION('',(#83),#6810);
#78=STYLED_ITEM('',(#6844),#81);
#79=STYLED_ITEM('',(#6844),#82);
#80=STYLED_ITEM('',(#6844),#83);
#81=MANIFOLD_SOLID_BREP('Body1',#1289);
#82=MANIFOLD_SOLID_BREP('Body31',#1290);
#83=MANIFOLD_SOLID_BREP('Body1',#1291);
#84=CYLINDRICAL_SURFACE('',#1326,1.05);
#85=CYLINDRICAL_SURFACE('',#1354,1.05);
#86=CYLINDRICAL_SURFACE('',#1360,0.9);
#87=CYLINDRICAL_SURFACE('',#1362,0.9);
#88=CYLINDRICAL_SURFACE('',#1363,0.9);
#89=CYLINDRICAL_SURFACE('',#1364,0.9);
#90=CYLINDRICAL_SURFACE('',#1365,0.9);
#91=CYLINDRICAL_SURFACE('',#1366,0.9);
#92=CYLINDRICAL_SURFACE('',#1367,0.9);
#93=CYLINDRICAL_SURFACE('',#1368,0.9);
#94=CYLINDRICAL_SURFACE('',#1369,0.9);
#95=CYLINDRICAL_SURFACE('',#1370,0.9);
#96=CYLINDRICAL_SURFACE('',#1371,0.9);
#97=CYLINDRICAL_SURFACE('',#1372,0.9);
#98=CYLINDRICAL_SURFACE('',#1373,0.9);
#99=CYLINDRICAL_SURFACE('',#1374,0.9);
#100=CYLINDRICAL_SURFACE('',#1375,0.9);
#101=CYLINDRICAL_SURFACE('',#1389,1.9);
#102=CYLINDRICAL_SURFACE('',#1395,0.9);
#103=CONICAL_SURFACE('',#1324,1.27499999999999,0.11202896242598);
#104=CONICAL_SURFACE('',#1356,1.275,0.112028962425994);
#105=CONICAL_SURFACE('',#1386,1.79999999998,0.785398163397448);
#106=CONICAL_SURFACE('',#1392,1.79999999998,0.785398163397448);
#107=FACE_BOUND('',#206,.T.);
#108=FACE_BOUND('',#237,.T.);
#109=FACE_BOUND('',#254,.T.);
#110=FACE_BOUND('',#266,.T.);
#111=CIRCLE('',#1323,1.49999999999999);
#112=CIRCLE('',#1325,1.05);
#113=CIRCLE('',#1327,1.05);
#114=CIRCLE('',#1353,1.05);
#115=CIRCLE('',#1355,1.05);
#116=CIRCLE('',#1357,1.5);
#117=CIRCLE('',#1361,0.9);
#118=CIRCLE('',#1376,0.9);
#119=CIRCLE('',#1378,1.7);
#120=CIRCLE('',#1387,1.9);
#121=CIRCLE('',#1388,1.9);
#122=CIRCLE('',#1390,1.9);
#123=CIRCLE('',#1391,1.9);
#124=CIRCLE('',#1393,1.7);
#125=CIRCLE('',#1396,0.9);
#126=FACE_OUTER_BOUND('',#200,.T.);
#127=FACE_OUTER_BOUND('',#201,.T.);
#128=FACE_OUTER_BOUND('',#202,.T.);
#129=FACE_OUTER_BOUND('',#203,.T.);
#130=FACE_OUTER_BOUND('',#204,.T.);
#131=FACE_OUTER_BOUND('',#205,.T.);
#132=FACE_OUTER_BOUND('',#207,.T.);
#133=FACE_OUTER_BOUND('',#208,.T.);
#134=FACE_OUTER_BOUND('',#209,.T.);
#135=FACE_OUTER_BOUND('',#210,.T.);
#136=FACE_OUTER_BOUND('',#211,.T.);
#137=FACE_OUTER_BOUND('',#212,.T.);
#138=FACE_OUTER_BOUND('',#213,.T.);
#139=FACE_OUTER_BOUND('',#214,.T.);
#140=FACE_OUTER_BOUND('',#215,.T.);
#141=FACE_OUTER_BOUND('',#216,.T.);
#142=FACE_OUTER_BOUND('',#217,.T.);
#143=FACE_OUTER_BOUND('',#218,.T.);
#144=FACE_OUTER_BOUND('',#219,.T.);
#145=FACE_OUTER_BOUND('',#220,.T.);
#146=FACE_OUTER_BOUND('',#221,.T.);
#147=FACE_OUTER_BOUND('',#222,.T.);
#148=FACE_OUTER_BOUND('',#223,.T.);
#149=FACE_OUTER_BOUND('',#224,.T.);
#150=FACE_OUTER_BOUND('',#225,.T.);
#151=FACE_OUTER_BOUND('',#226,.T.);
#152=FACE_OUTER_BOUND('',#227,.T.);
#153=FACE_OUTER_BOUND('',#228,.T.);
#154=FACE_OUTER_BOUND('',#229,.T.);
#155=FACE_OUTER_BOUND('',#230,.T.);
#156=FACE_OUTER_BOUND('',#231,.T.);
#157=FACE_OUTER_BOUND('',#232,.T.);
#158=FACE_OUTER_BOUND('',#233,.T.);
#159=FACE_OUTER_BOUND('',#234,.T.);
#160=FACE_OUTER_BOUND('',#235,.T.);
#161=FACE_OUTER_BOUND('',#236,.T.);
#162=FACE_OUTER_BOUND('',#238,.T.);
#163=FACE_OUTER_BOUND('',#239,.T.);
#164=FACE_OUTER_BOUND('',#240,.T.);
#165=FACE_OUTER_BOUND('',#241,.T.);
#166=FACE_OUTER_BOUND('',#242,.T.);
#167=FACE_OUTER_BOUND('',#243,.T.);
#168=FACE_OUTER_BOUND('',#244,.T.);
#169=FACE_OUTER_BOUND('',#245,.T.);
#170=FACE_OUTER_BOUND('',#246,.T.);
#171=FACE_OUTER_BOUND('',#247,.T.);
#172=FACE_OUTER_BOUND('',#248,.T.);
#173=FACE_OUTER_BOUND('',#249,.T.);
#174=FACE_OUTER_BOUND('',#250,.T.);
#175=FACE_OUTER_BOUND('',#251,.T.);
#176=FACE_OUTER_BOUND('',#252,.T.);
#177=FACE_OUTER_BOUND('',#253,.T.);
#178=FACE_OUTER_BOUND('',#255,.T.);
#179=FACE_OUTER_BOUND('',#256,.T.);
#180=FACE_OUTER_BOUND('',#257,.T.);
#181=FACE_OUTER_BOUND('',#258,.T.);
#182=FACE_OUTER_BOUND('',#259,.T.);
#183=FACE_OUTER_BOUND('',#260,.T.);
#184=FACE_OUTER_BOUND('',#261,.T.);
#185=FACE_OUTER_BOUND('',#262,.T.);
#186=FACE_OUTER_BOUND('',#263,.T.);
#187=FACE_OUTER_BOUND('',#264,.T.);
#188=FACE_OUTER_BOUND('',#265,.T.);
#189=FACE_OUTER_BOUND('',#267,.T.);
#190=FACE_OUTER_BOUND('',#268,.T.);
#191=FACE_OUTER_BOUND('',#269,.T.);
#192=FACE_OUTER_BOUND('',#270,.T.);
#193=FACE_OUTER_BOUND('',#271,.T.);
#194=FACE_OUTER_BOUND('',#272,.T.);
#195=FACE_OUTER_BOUND('',#273,.T.);
#196=FACE_OUTER_BOUND('',#274,.T.);
#197=FACE_OUTER_BOUND('',#275,.T.);
#198=FACE_OUTER_BOUND('',#276,.T.);
#199=FACE_OUTER_BOUND('',#277,.T.);
#200=EDGE_LOOP('',(#814,#815,#816,#817,#818));
#201=EDGE_LOOP('',(#819,#820,#821,#822,#823));
#202=EDGE_LOOP('',(#824,#825,#826,#827,#828,#829,#830,#831));
#203=EDGE_LOOP('',(#832,#833,#834,#835));
#204=EDGE_LOOP('',(#836,#837,#838,#839,#840));
#205=EDGE_LOOP('',(#841,#842,#843,#844));
#206=EDGE_LOOP('',(#845));
#207=EDGE_LOOP('',(#846,#847,#848,#849));
#208=EDGE_LOOP('',(#850,#851,#852,#853));
#209=EDGE_LOOP('',(#854));
#210=EDGE_LOOP('',(#855,#856,#857,#858,#859));
#211=EDGE_LOOP('',(#860,#861,#862,#863,#864,#865,#866,#867));
#212=EDGE_LOOP('',(#868,#869,#870,#871));
#213=EDGE_LOOP('',(#872,#873,#874,#875));
#214=EDGE_LOOP('',(#876,#877,#878,#879));
#215=EDGE_LOOP('',(#880,#881,#882,#883,#884));
#216=EDGE_LOOP('',(#885,#886,#887,#888));
#217=EDGE_LOOP('',(#889,#890,#891,#892,#893));
#218=EDGE_LOOP('',(#894,#895,#896,#897));
#219=EDGE_LOOP('',(#898,#899,#900,#901,#902));
#220=EDGE_LOOP('',(#903,#904,#905,#906,#907));
#221=EDGE_LOOP('',(#908,#909,#910,#911,#912,#913,#914,#915));
#222=EDGE_LOOP('',(#916,#917,#918,#919));
#223=EDGE_LOOP('',(#920,#921,#922,#923,#924));
#224=EDGE_LOOP('',(#925,#926,#927,#928));
#225=EDGE_LOOP('',(#929,#930,#931,#932,#933));
#226=EDGE_LOOP('',(#934,#935,#936,#937));
#227=EDGE_LOOP('',(#938,#939,#940,#941));
#228=EDGE_LOOP('',(#942,#943,#944,#945));
#229=EDGE_LOOP('',(#946,#947,#948,#949));
#230=EDGE_LOOP('',(#950,#951,#952,#953,#954));
#231=EDGE_LOOP('',(#955,#956,#957,#958,#959,#960,#961,#962));
#232=EDGE_LOOP('',(#963,#964,#965,#966,#967));
#233=EDGE_LOOP('',(#968));
#234=EDGE_LOOP('',(#969,#970,#971,#972));
#235=EDGE_LOOP('',(#973,#974,#975,#976));
#236=EDGE_LOOP('',(#977,#978,#979,#980));
#237=EDGE_LOOP('',(#981));
#238=EDGE_LOOP('',(#982,#983,#984,#985));
#239=EDGE_LOOP('',(#986,#987,#988,#989));
#240=EDGE_LOOP('',(#990,#991,#992,#993));
#241=EDGE_LOOP('',(#994,#995,#996,#997,#998));
#242=EDGE_LOOP('',(#999,#1000,#1001,#1002,#1003));
#243=EDGE_LOOP('',(#1004,#1005,#1006,#1007));
#244=EDGE_LOOP('',(#1008,#1009,#1010,#1011));
#245=EDGE_LOOP('',(#1012,#1013,#1014,#1015));
#246=EDGE_LOOP('',(#1016,#1017,#1018,#1019));
#247=EDGE_LOOP('',(#1020,#1021,#1022,#1023));
#248=EDGE_LOOP('',(#1024,#1025,#1026,#1027,#1028));
#249=EDGE_LOOP('',(#1029,#1030,#1031,#1032,#1033));
#250=EDGE_LOOP('',(#1034,#1035,#1036,#1037));
#251=EDGE_LOOP('',(#1038,#1039,#1040,#1041));
#252=EDGE_LOOP('',(#1042,#1043,#1044,#1045,#1046,#1047));
#253=EDGE_LOOP('',(#1048));
#254=EDGE_LOOP('',(#1049,#1050,#1051,#1052,#1053,#1054));
#255=EDGE_LOOP('',(#1055,#1056,#1057,#1058));
#256=EDGE_LOOP('',(#1059,#1060,#1061,#1062));
#257=EDGE_LOOP('',(#1063,#1064,#1065,#1066));
#258=EDGE_LOOP('',(#1067,#1068,#1069,#1070));
#259=EDGE_LOOP('',(#1071,#1072,#1073,#1074));
#260=EDGE_LOOP('',(#1075,#1076,#1077,#1078));
#261=EDGE_LOOP('',(#1079,#1080,#1081,#1082,#1083,#1084));
#262=EDGE_LOOP('',(#1085,#1086,#1087,#1088,#1089));
#263=EDGE_LOOP('',(#1090,#1091,#1092,#1093,#1094,#1095));
#264=EDGE_LOOP('',(#1096,#1097,#1098,#1099,#1100));
#265=EDGE_LOOP('',(#1101));
#266=EDGE_LOOP('',(#1102,#1103,#1104));
#267=EDGE_LOOP('',(#1105,#1106,#1107,#1108,#1109,#1110,#1111));
#268=EDGE_LOOP('',(#1112,#1113,#1114,#1115,#1116,#1117,#1118,#1119));
#269=EDGE_LOOP('',(#1120,#1121,#1122));
#270=EDGE_LOOP('',(#1123,#1124,#1125));
#271=EDGE_LOOP('',(#1126,#1127,#1128,#1129,#1130,#1131,#1132,#1133));
#272=EDGE_LOOP('',(#1134,#1135,#1136,#1137,#1138,#1139,#1140,#1141));
#273=EDGE_LOOP('',(#1142,#1143,#1144,#1145,#1146,#1147,#1148));
#274=EDGE_LOOP('',(#1149,#1150,#1151,#1152,#1153,#1154,#1155));
#275=EDGE_LOOP('',(#1156,#1157,#1158,#1159,#1160,#1161,#1162));
#276=EDGE_LOOP('',(#1163,#1164,#1165,#1166,#1167,#1168,#1169));
#277=EDGE_LOOP('',(#1170,#1171));
#278=LINE('',#1702,#399);
#279=LINE('',#1704,#400);
#280=LINE('',#1706,#401);
#281=LINE('',#1708,#402);
#282=LINE('',#1709,#403);
#283=LINE('',#1713,#404);
#284=LINE('',#1715,#405);
#285=LINE('',#1717,#406);
#286=LINE('',#1719,#407);
#287=LINE('',#1720,#408);
#288=LINE('',#1723,#409);
#289=LINE('',#1724,#410);
#290=LINE('',#1726,#411);
#291=LINE('',#1728,#412);
#292=LINE('',#1730,#413);
#293=LINE('',#1731,#414);
#294=LINE('',#1734,#415);
#295=LINE('',#1735,#416);
#296=LINE('',#1738,#417);
#297=LINE('',#1739,#418);
#298=LINE('',#1742,#419);
#299=LINE('',#1744,#420);
#300=LINE('',#1745,#421);
#301=LINE('',#1751,#422);
#302=LINE('',#1755,#423);
#303=LINE('',#1759,#424);
#304=LINE('',#1761,#425);
#305=LINE('',#1762,#426);
#306=LINE('',#1764,#427);
#307=LINE('',#1766,#428);
#308=LINE('',#1768,#429);
#309=LINE('',#1769,#430);
#310=LINE('',#1772,#431);
#311=LINE('',#1773,#432);
#312=LINE('',#1776,#433);
#313=LINE('',#1777,#434);
#314=LINE('',#1779,#435);
#315=LINE('',#1781,#436);
#316=LINE('',#1783,#437);
#317=LINE('',#1789,#438);
#318=LINE('',#1791,#439);
#319=LINE('',#1793,#440);
#320=LINE('',#1795,#441);
#321=LINE('',#1796,#442);
#322=LINE('',#1800,#443);
#323=LINE('',#1802,#444);
#324=LINE('',#1804,#445);
#325=LINE('',#1806,#446);
#326=LINE('',#1807,#447);
#327=LINE('',#1811,#448);
#328=LINE('',#1812,#449);
#329=LINE('',#1814,#450);
#330=LINE('',#1816,#451);
#331=LINE('',#1817,#452);
#332=LINE('',#1818,#453);
#333=LINE('',#1821,#454);
#334=LINE('',#1822,#455);
#335=LINE('',#1825,#456);
#336=LINE('',#1827,#457);
#337=LINE('',#1828,#458);
#338=LINE('',#1830,#459);
#339=LINE('',#1833,#460);
#340=LINE('',#1835,#461);
#341=LINE('',#1837,#462);
#342=LINE('',#1838,#463);
#343=LINE('',#1840,#464);
#344=LINE('',#1841,#465);
#345=LINE('',#1844,#466);
#346=LINE('',#1846,#467);
#347=LINE('',#1847,#468);
#348=LINE('',#1850,#469);
#349=LINE('',#1851,#470);
#350=LINE('',#1854,#471);
#351=LINE('',#1855,#472);
#352=LINE('',#1857,#473);
#353=LINE('',#1859,#474);
#354=LINE('',#1866,#475);
#355=LINE('',#1871,#476);
#356=LINE('',#1877,#477);
#357=LINE('',#1998,#478);
#358=LINE('',#2186,#479);
#359=LINE('',#2372,#480);
#360=LINE('',#2523,#481);
#361=LINE('',#2662,#482);
#362=LINE('',#2798,#483);
#363=LINE('',#2936,#484);
#364=LINE('',#3072,#485);
#365=LINE('',#3212,#486);
#366=LINE('',#3348,#487);
#367=LINE('',#3485,#488);
#368=LINE('',#3624,#489);
#369=LINE('',#3762,#490);
#370=LINE('',#3902,#491);
#371=LINE('',#3906,#492);
#372=LINE('',#4014,#493);
#373=LINE('',#4016,#494);
#374=LINE('',#4018,#495);
#375=LINE('',#4020,#496);
#376=LINE('',#4022,#497);
#377=LINE('',#4023,#498);
#378=LINE('',#4026,#499);
#379=LINE('',#4028,#500);
#380=LINE('',#4029,#501);
#381=LINE('',#4032,#502);
#382=LINE('',#4033,#503);
#383=LINE('',#4036,#504);
#384=LINE('',#4037,#505);
#385=LINE('',#4040,#506);
#386=LINE('',#4041,#507);
#387=LINE('',#4044,#508);
#388=LINE('',#4045,#509);
#389=LINE('',#4047,#510);
#390=LINE('',#4053,#511);
#391=LINE('',#4059,#512);
#392=LINE('',#4063,#513);
#393=LINE('',#4240,#514);
#394=LINE('',#4759,#515);
#395=LINE('',#5203,#516);
#396=LINE('',#5472,#517);
#397=LINE('',#5742,#518);
#398=LINE('',#6137,#519);
#399=VECTOR('',#1408,10.);
#400=VECTOR('',#1409,10.);
#401=VECTOR('',#1410,10.);
#402=VECTOR('',#1411,10.);
#403=VECTOR('',#1412,10.);
#404=VECTOR('',#1415,10.);
#405=VECTOR('',#1416,10.);
#406=VECTOR('',#1417,10.);
#407=VECTOR('',#1418,10.);
#408=VECTOR('',#1419,10.);
#409=VECTOR('',#1422,10.);
#410=VECTOR('',#1423,10.);
#411=VECTOR('',#1424,10.);
#412=VECTOR('',#1425,10.);
#413=VECTOR('',#1426,10.);
#414=VECTOR('',#1427,10.);
#415=VECTOR('',#1430,10.);
#416=VECTOR('',#1431,10.);
#417=VECTOR('',#1434,10.);
#418=VECTOR('',#1435,10.);
#419=VECTOR('',#1438,10.);
#420=VECTOR('',#1439,10.);
#421=VECTOR('',#1440,10.);
#422=VECTOR('',#1447,1.27499999999999);
#423=VECTOR('',#1452,1.05);
#424=VECTOR('',#1457,10.);
#425=VECTOR('',#1458,10.);
#426=VECTOR('',#1459,10.);
#427=VECTOR('',#1462,10.);
#428=VECTOR('',#1463,10.);
#429=VECTOR('',#1464,10.);
#430=VECTOR('',#1465,10.);
#431=VECTOR('',#1468,10.);
#432=VECTOR('',#1469,10.);
#433=VECTOR('',#1472,10.);
#434=VECTOR('',#1473,10.);
#435=VECTOR('',#1476,10.);
#436=VECTOR('',#1479,10.);
#437=VECTOR('',#1482,10.);
#438=VECTOR('',#1489,10.);
#439=VECTOR('',#1490,10.);
#440=VECTOR('',#1491,10.);
#441=VECTOR('',#1492,10.);
#442=VECTOR('',#1493,10.);
#443=VECTOR('',#1496,10.);
#444=VECTOR('',#1497,10.);
#445=VECTOR('',#1498,10.);
#446=VECTOR('',#1499,10.);
#447=VECTOR('',#1500,10.);
#448=VECTOR('',#1503,10.);
#449=VECTOR('',#1504,10.);
#450=VECTOR('',#1505,10.);
#451=VECTOR('',#1506,10.);
#452=VECTOR('',#1507,10.);
#453=VECTOR('',#1508,10.);
#454=VECTOR('',#1511,10.);
#455=VECTOR('',#1512,10.);
#456=VECTOR('',#1515,10.);
#457=VECTOR('',#1516,10.);
#458=VECTOR('',#1517,10.);
#459=VECTOR('',#1520,10.);
#460=VECTOR('',#1523,10.);
#461=VECTOR('',#1524,10.);
#462=VECTOR('',#1525,10.);
#463=VECTOR('',#1526,10.);
#464=VECTOR('',#1529,10.);
#465=VECTOR('',#1530,10.);
#466=VECTOR('',#1533,10.);
#467=VECTOR('',#1534,10.);
#468=VECTOR('',#1535,10.);
#469=VECTOR('',#1538,10.);
#470=VECTOR('',#1539,10.);
#471=VECTOR('',#1542,10.);
#472=VECTOR('',#1543,10.);
#473=VECTOR('',#1546,10.);
#474=VECTOR('',#1549,10.);
#475=VECTOR('',#1558,1.05);
#476=VECTOR('',#1565,1.275);
#477=VECTOR('',#1572,0.9);
#478=VECTOR('',#1577,0.9);
#479=VECTOR('',#1580,0.9);
#480=VECTOR('',#1583,0.9);
#481=VECTOR('',#1586,0.9);
#482=VECTOR('',#1589,0.9);
#483=VECTOR('',#1592,0.9);
#484=VECTOR('',#1595,0.9);
#485=VECTOR('',#1598,0.9);
#486=VECTOR('',#1601,0.9);
#487=VECTOR('',#1604,0.9);
#488=VECTOR('',#1607,0.9);
#489=VECTOR('',#1610,0.9);
#490=VECTOR('',#1613,0.9);
#491=VECTOR('',#1616,0.9);
#492=VECTOR('',#1619,0.3);
#493=VECTOR('',#1624,0.8660254037844);
#494=VECTOR('',#1625,0.866025403784371);
#495=VECTOR('',#1626,0.866025403784371);
#496=VECTOR('',#1627,0.8660254037844);
#497=VECTOR('',#1628,0.866025403784371);
#498=VECTOR('',#1629,0.866025403784371);
#499=VECTOR('',#1632,1.);
#500=VECTOR('',#1633,0.8660254037844);
#501=VECTOR('',#1634,1.);
#502=VECTOR('',#1637,0.866025403784371);
#503=VECTOR('',#1638,1.);
#504=VECTOR('',#1641,0.866025403784371);
#505=VECTOR('',#1642,1.);
#506=VECTOR('',#1645,0.8660254037844);
#507=VECTOR('',#1646,1.);
#508=VECTOR('',#1649,0.866025403784371);
#509=VECTOR('',#1650,1.);
#510=VECTOR('',#1653,0.866025403784371);
#511=VECTOR('',#1660,1.79999999998);
#512=VECTOR('',#1667,1.9);
#513=VECTOR('',#1672,1.79999999998);
#514=VECTOR('',#1677,0.180277563773191);
#515=VECTOR('',#1678,0.180277563773191);
#516=VECTOR('',#1685,0.180277563773191);
#517=VECTOR('',#1686,0.180277563773191);
#518=VECTOR('',#1687,0.180277563773191);
#519=VECTOR('',#1688,0.180277563773191);
#520=VERTEX_POINT('',#1700);
#521=VERTEX_POINT('',#1701);
#522=VERTEX_POINT('',#1703);
#523=VERTEX_POINT('',#1705);
#524=VERTEX_POINT('',#1707);
#525=VERTEX_POINT('',#1711);
#526=VERTEX_POINT('',#1712);
#527=VERTEX_POINT('',#1714);
#528=VERTEX_POINT('',#1716);
#529=VERTEX_POINT('',#1718);
#530=VERTEX_POINT('',#1722);
#531=VERTEX_POINT('',#1725);
#532=VERTEX_POINT('',#1727);
#533=VERTEX_POINT('',#1729);
#534=VERTEX_POINT('',#1733);
#535=VERTEX_POINT('',#1737);
#536=VERTEX_POINT('',#1741);
#537=VERTEX_POINT('',#1743);
#538=VERTEX_POINT('',#1746);
#539=VERTEX_POINT('',#1749);
#540=VERTEX_POINT('',#1753);
#541=VERTEX_POINT('',#1758);
#542=VERTEX_POINT('',#1760);
#543=VERTEX_POINT('',#1765);
#544=VERTEX_POINT('',#1767);
#545=VERTEX_POINT('',#1771);
#546=VERTEX_POINT('',#1775);
#547=VERTEX_POINT('',#1787);
#548=VERTEX_POINT('',#1788);
#549=VERTEX_POINT('',#1790);
#550=VERTEX_POINT('',#1792);
#551=VERTEX_POINT('',#1794);
#552=VERTEX_POINT('',#1798);
#553=VERTEX_POINT('',#1799);
#554=VERTEX_POINT('',#1801);
#555=VERTEX_POINT('',#1803);
#556=VERTEX_POINT('',#1805);
#557=VERTEX_POINT('',#1809);
#558=VERTEX_POINT('',#1810);
#559=VERTEX_POINT('',#1813);
#560=VERTEX_POINT('',#1815);
#561=VERTEX_POINT('',#1820);
#562=VERTEX_POINT('',#1824);
#563=VERTEX_POINT('',#1826);
#564=VERTEX_POINT('',#1832);
#565=VERTEX_POINT('',#1834);
#566=VERTEX_POINT('',#1836);
#567=VERTEX_POINT('',#1843);
#568=VERTEX_POINT('',#1845);
#569=VERTEX_POINT('',#1849);
#570=VERTEX_POINT('',#1853);
#571=VERTEX_POINT('',#1862);
#572=VERTEX_POINT('',#1865);
#573=VERTEX_POINT('',#1869);
#574=VERTEX_POINT('',#1875);
#575=VERTEX_POINT('',#1876);
#576=VERTEX_POINT('',#1878);
#577=VERTEX_POINT('',#1961);
#578=VERTEX_POINT('',#1996);
#579=VERTEX_POINT('',#1997);
#580=VERTEX_POINT('',#2184);
#581=VERTEX_POINT('',#2185);
#582=VERTEX_POINT('',#2370);
#583=VERTEX_POINT('',#2371);
#584=VERTEX_POINT('',#2373);
#585=VERTEX_POINT('',#2521);
#586=VERTEX_POINT('',#2522);
#587=VERTEX_POINT('',#2594);
#588=VERTEX_POINT('',#2660);
#589=VERTEX_POINT('',#2661);
#590=VERTEX_POINT('',#2796);
#591=VERTEX_POINT('',#2797);
#592=VERTEX_POINT('',#2934);
#593=VERTEX_POINT('',#2935);
#594=VERTEX_POINT('',#3070);
#595=VERTEX_POINT('',#3071);
#596=VERTEX_POINT('',#3210);
#597=VERTEX_POINT('',#3211);
#598=VERTEX_POINT('',#3346);
#599=VERTEX_POINT('',#3347);
#600=VERTEX_POINT('',#3349);
#601=VERTEX_POINT('',#3483);
#602=VERTEX_POINT('',#3484);
#603=VERTEX_POINT('',#3556);
#604=VERTEX_POINT('',#3622);
#605=VERTEX_POINT('',#3623);
#606=VERTEX_POINT('',#3760);
#607=VERTEX_POINT('',#3761);
#608=VERTEX_POINT('',#3900);
#609=VERTEX_POINT('',#3901);
#610=VERTEX_POINT('',#3903);
#611=VERTEX_POINT('',#3905);
#612=VERTEX_POINT('',#4010);
#613=VERTEX_POINT('',#4012);
#614=VERTEX_POINT('',#4013);
#615=VERTEX_POINT('',#4015);
#616=VERTEX_POINT('',#4017);
#617=VERTEX_POINT('',#4019);
#618=VERTEX_POINT('',#4021);
#619=VERTEX_POINT('',#4025);
#620=VERTEX_POINT('',#4027);
#621=VERTEX_POINT('',#4031);
#622=VERTEX_POINT('',#4035);
#623=VERTEX_POINT('',#4039);
#624=VERTEX_POINT('',#4043);
#625=VERTEX_POINT('',#4050);
#626=VERTEX_POINT('',#4051);
#627=VERTEX_POINT('',#4056);
#628=VERTEX_POINT('',#4057);
#629=VERTEX_POINT('',#4062);
#630=VERTEX_POINT('',#4066);
#631=VERTEX_POINT('',#4239);
#632=VERTEX_POINT('',#4795);
#633=VERTEX_POINT('',#5076);
#634=VERTEX_POINT('',#5741);
#635=EDGE_CURVE('',#520,#521,#278,.T.);
#636=EDGE_CURVE('',#522,#521,#279,.T.);
#637=EDGE_CURVE('',#523,#522,#280,.T.);
#638=EDGE_CURVE('',#523,#524,#281,.T.);
#639=EDGE_CURVE('',#524,#520,#282,.T.);
#640=EDGE_CURVE('',#525,#526,#283,.T.);
#641=EDGE_CURVE('',#527,#526,#284,.T.);
#642=EDGE_CURVE('',#528,#527,#285,.T.);
#643=EDGE_CURVE('',#529,#528,#286,.T.);
#644=EDGE_CURVE('',#525,#529,#287,.T.);
#645=EDGE_CURVE('',#530,#525,#288,.T.);
#646=EDGE_CURVE('',#521,#530,#289,.T.);
#647=EDGE_CURVE('',#531,#520,#290,.T.);
#648=EDGE_CURVE('',#532,#531,#291,.T.);
#649=EDGE_CURVE('',#533,#532,#292,.T.);
#650=EDGE_CURVE('',#526,#533,#293,.T.);
#651=EDGE_CURVE('',#530,#534,#294,.T.);
#652=EDGE_CURVE('',#534,#522,#295,.T.);
#653=EDGE_CURVE('',#529,#535,#296,.T.);
#654=EDGE_CURVE('',#535,#534,#297,.T.);
#655=EDGE_CURVE('',#536,#532,#298,.T.);
#656=EDGE_CURVE('',#537,#536,#299,.T.);
#657=EDGE_CURVE('',#533,#537,#300,.T.);
#658=EDGE_CURVE('',#538,#538,#111,.T.);
#659=EDGE_CURVE('',#539,#539,#112,.T.);
#660=EDGE_CURVE('',#539,#538,#301,.T.);
#661=EDGE_CURVE('',#540,#540,#113,.T.);
#662=EDGE_CURVE('',#540,#539,#302,.T.);
#663=EDGE_CURVE('',#541,#524,#303,.T.);
#664=EDGE_CURVE('',#542,#541,#304,.T.);
#665=EDGE_CURVE('',#531,#542,#305,.T.);
#666=EDGE_CURVE('',#535,#523,#306,.T.);
#667=EDGE_CURVE('',#528,#543,#307,.T.);
#668=EDGE_CURVE('',#543,#544,#308,.T.);
#669=EDGE_CURVE('',#544,#541,#309,.T.);
#670=EDGE_CURVE('',#545,#527,#310,.T.);
#671=EDGE_CURVE('',#543,#545,#311,.T.);
#672=EDGE_CURVE('',#546,#545,#312,.T.);
#673=EDGE_CURVE('',#544,#546,#313,.T.);
#674=EDGE_CURVE('',#542,#546,#314,.T.);
#675=EDGE_CURVE('',#537,#545,#315,.T.);
#676=EDGE_CURVE('',#536,#546,#316,.T.);
#677=EDGE_CURVE('',#547,#548,#317,.T.);
#678=EDGE_CURVE('',#549,#548,#318,.T.);
#679=EDGE_CURVE('',#550,#549,#319,.T.);
#680=EDGE_CURVE('',#550,#551,#320,.T.);
#681=EDGE_CURVE('',#551,#547,#321,.T.);
#682=EDGE_CURVE('',#552,#553,#322,.T.);
#683=EDGE_CURVE('',#553,#554,#323,.T.);
#684=EDGE_CURVE('',#554,#555,#324,.T.);
#685=EDGE_CURVE('',#555,#556,#325,.T.);
#686=EDGE_CURVE('',#556,#552,#326,.T.);
#687=EDGE_CURVE('',#557,#558,#327,.T.);
#688=EDGE_CURVE('',#548,#557,#328,.T.);
#689=EDGE_CURVE('',#559,#547,#329,.T.);
#690=EDGE_CURVE('',#560,#559,#330,.T.);
#691=EDGE_CURVE('',#553,#560,#331,.T.);
#692=EDGE_CURVE('',#558,#552,#332,.T.);
#693=EDGE_CURVE('',#557,#561,#333,.T.);
#694=EDGE_CURVE('',#561,#549,#334,.T.);
#695=EDGE_CURVE('',#558,#562,#335,.T.);
#696=EDGE_CURVE('',#562,#563,#336,.T.);
#697=EDGE_CURVE('',#561,#563,#337,.T.);
#698=EDGE_CURVE('',#563,#550,#338,.T.);
#699=EDGE_CURVE('',#559,#564,#339,.T.);
#700=EDGE_CURVE('',#564,#565,#340,.T.);
#701=EDGE_CURVE('',#566,#565,#341,.T.);
#702=EDGE_CURVE('',#566,#560,#342,.T.);
#703=EDGE_CURVE('',#565,#555,#343,.T.);
#704=EDGE_CURVE('',#554,#566,#344,.T.);
#705=EDGE_CURVE('',#564,#567,#345,.T.);
#706=EDGE_CURVE('',#568,#567,#346,.T.);
#707=EDGE_CURVE('',#568,#565,#347,.T.);
#708=EDGE_CURVE('',#569,#568,#348,.T.);
#709=EDGE_CURVE('',#569,#555,#349,.T.);
#710=EDGE_CURVE('',#570,#556,#350,.T.);
#711=EDGE_CURVE('',#570,#569,#351,.T.);
#712=EDGE_CURVE('',#562,#570,#352,.T.);
#713=EDGE_CURVE('',#567,#551,#353,.T.);
#714=EDGE_CURVE('',#571,#571,#114,.T.);
#715=EDGE_CURVE('',#571,#572,#354,.T.);
#716=EDGE_CURVE('',#572,#572,#115,.T.);
#717=EDGE_CURVE('',#573,#573,#116,.T.);
#718=EDGE_CURVE('',#573,#572,#355,.T.);
#719=EDGE_CURVE('',#574,#575,#356,.T.);
#720=EDGE_CURVE('',#576,#574,#31,.T.);
#721=EDGE_CURVE('',#576,#577,#117,.T.);
#722=EDGE_CURVE('',#575,#577,#32,.T.);
#723=EDGE_CURVE('',#578,#579,#357,.T.);
#724=EDGE_CURVE('',#574,#578,#33,.T.);
#725=EDGE_CURVE('',#579,#575,#34,.T.);
#726=EDGE_CURVE('',#580,#581,#358,.T.);
#727=EDGE_CURVE('',#578,#580,#35,.T.);
#728=EDGE_CURVE('',#581,#579,#36,.T.);
#729=EDGE_CURVE('',#582,#583,#359,.T.);
#730=EDGE_CURVE('',#584,#582,#37,.F.);
#731=EDGE_CURVE('',#580,#584,#38,.T.);
#732=EDGE_CURVE('',#583,#581,#39,.T.);
#733=EDGE_CURVE('',#585,#586,#360,.T.);
#734=EDGE_CURVE('',#582,#585,#40,.F.);
#735=EDGE_CURVE('',#587,#583,#41,.T.);
#736=EDGE_CURVE('',#586,#587,#42,.F.);
#737=EDGE_CURVE('',#588,#589,#361,.T.);
#738=EDGE_CURVE('',#585,#588,#43,.F.);
#739=EDGE_CURVE('',#589,#586,#44,.F.);
#740=EDGE_CURVE('',#590,#591,#362,.T.);
#741=EDGE_CURVE('',#588,#590,#45,.F.);
#742=EDGE_CURVE('',#591,#589,#46,.F.);
#743=EDGE_CURVE('',#592,#593,#363,.T.);
#744=EDGE_CURVE('',#590,#592,#47,.F.);
#745=EDGE_CURVE('',#593,#591,#48,.F.);
#746=EDGE_CURVE('',#594,#595,#364,.T.);
#747=EDGE_CURVE('',#592,#594,#49,.F.);
#748=EDGE_CURVE('',#595,#593,#50,.F.);
#749=EDGE_CURVE('',#596,#597,#365,.T.);
#750=EDGE_CURVE('',#594,#596,#51,.F.);
#751=EDGE_CURVE('',#597,#595,#52,.F.);
#752=EDGE_CURVE('',#598,#599,#366,.T.);
#753=EDGE_CURVE('',#600,#598,#53,.F.);
#754=EDGE_CURVE('',#596,#600,#54,.F.);
#755=EDGE_CURVE('',#599,#597,#55,.F.);
#756=EDGE_CURVE('',#601,#602,#367,.T.);
#757=EDGE_CURVE('',#598,#601,#56,.F.);
#758=EDGE_CURVE('',#603,#599,#57,.F.);
#759=EDGE_CURVE('',#602,#603,#58,.F.);
#760=EDGE_CURVE('',#604,#605,#368,.T.);
#761=EDGE_CURVE('',#601,#604,#59,.F.);
#762=EDGE_CURVE('',#605,#602,#60,.F.);
#763=EDGE_CURVE('',#606,#607,#369,.T.);
#764=EDGE_CURVE('',#604,#606,#61,.F.);
#765=EDGE_CURVE('',#607,#605,#62,.F.);
#766=EDGE_CURVE('',#608,#609,#370,.T.);
#767=EDGE_CURVE('',#610,#608,#118,.T.);
#768=EDGE_CURVE('',#611,#610,#371,.T.);
#769=EDGE_CURVE('',#606,#611,#63,.F.);
#770=EDGE_CURVE('',#609,#607,#64,.F.);
#771=EDGE_CURVE('',#612,#612,#119,.T.);
#772=EDGE_CURVE('',#613,#614,#372,.T.);
#773=EDGE_CURVE('',#615,#613,#373,.T.);
#774=EDGE_CURVE('',#616,#615,#374,.T.);
#775=EDGE_CURVE('',#617,#616,#375,.T.);
#776=EDGE_CURVE('',#618,#617,#376,.T.);
#777=EDGE_CURVE('',#614,#618,#377,.T.);
#778=EDGE_CURVE('',#614,#619,#378,.T.);
#779=EDGE_CURVE('',#620,#619,#379,.T.);
#780=EDGE_CURVE('',#613,#620,#380,.T.);
#781=EDGE_CURVE('',#621,#620,#381,.T.);
#782=EDGE_CURVE('',#615,#621,#382,.T.);
#783=EDGE_CURVE('',#622,#621,#383,.T.);
#784=EDGE_CURVE('',#616,#622,#384,.T.);
#785=EDGE_CURVE('',#623,#622,#385,.T.);
#786=EDGE_CURVE('',#617,#623,#386,.T.);
#787=EDGE_CURVE('',#624,#623,#387,.T.);
#788=EDGE_CURVE('',#618,#624,#388,.T.);
#789=EDGE_CURVE('',#619,#624,#389,.T.);
#790=EDGE_CURVE('',#625,#626,#120,.T.);
#791=EDGE_CURVE('',#626,#612,#390,.T.);
#792=EDGE_CURVE('',#626,#625,#121,.T.);
#793=EDGE_CURVE('',#627,#628,#122,.T.);
#794=EDGE_CURVE('',#627,#625,#391,.T.);
#795=EDGE_CURVE('',#628,#627,#123,.T.);
#796=EDGE_CURVE('',#628,#629,#392,.T.);
#797=EDGE_CURVE('',#629,#629,#124,.T.);
#798=EDGE_CURVE('',#630,#576,#65,.T.);
#799=EDGE_CURVE('',#577,#630,#66,.T.);
#800=EDGE_CURVE('',#584,#631,#393,.T.);
#801=EDGE_CURVE('',#631,#630,#67,.T.);
#802=EDGE_CURVE('',#631,#587,#394,.T.);
#803=EDGE_CURVE('',#610,#609,#68,.F.);
#804=EDGE_CURVE('',#608,#610,#125,.T.);
#805=EDGE_CURVE('',#632,#610,#69,.T.);
#806=EDGE_CURVE('',#611,#632,#70,.T.);
#807=EDGE_CURVE('',#632,#633,#71,.T.);
#808=EDGE_CURVE('',#600,#633,#395,.T.);
#809=EDGE_CURVE('',#633,#603,#396,.T.);
#810=EDGE_CURVE('',#634,#593,#397,.T.);
#811=EDGE_CURVE('',#633,#634,#72,.T.);
#812=EDGE_CURVE('',#590,#634,#398,.T.);
#813=EDGE_CURVE('',#634,#631,#73,.T.);
#814=ORIENTED_EDGE('',*,*,#635,.T.);
#815=ORIENTED_EDGE('',*,*,#636,.F.);
#816=ORIENTED_EDGE('',*,*,#637,.F.);
#817=ORIENTED_EDGE('',*,*,#638,.T.);
#818=ORIENTED_EDGE('',*,*,#639,.T.);
#819=ORIENTED_EDGE('',*,*,#640,.T.);
#820=ORIENTED_EDGE('',*,*,#641,.F.);
#821=ORIENTED_EDGE('',*,*,#642,.F.);
#822=ORIENTED_EDGE('',*,*,#643,.F.);
#823=ORIENTED_EDGE('',*,*,#644,.F.);
#824=ORIENTED_EDGE('',*,*,#645,.F.);
#825=ORIENTED_EDGE('',*,*,#646,.F.);
#826=ORIENTED_EDGE('',*,*,#635,.F.);
#827=ORIENTED_EDGE('',*,*,#647,.F.);
#828=ORIENTED_EDGE('',*,*,#648,.F.);
#829=ORIENTED_EDGE('',*,*,#649,.F.);
#830=ORIENTED_EDGE('',*,*,#650,.F.);
#831=ORIENTED_EDGE('',*,*,#640,.F.);
#832=ORIENTED_EDGE('',*,*,#646,.T.);
#833=ORIENTED_EDGE('',*,*,#651,.T.);
#834=ORIENTED_EDGE('',*,*,#652,.T.);
#835=ORIENTED_EDGE('',*,*,#636,.T.);
#836=ORIENTED_EDGE('',*,*,#645,.T.);
#837=ORIENTED_EDGE('',*,*,#644,.T.);
#838=ORIENTED_EDGE('',*,*,#653,.T.);
#839=ORIENTED_EDGE('',*,*,#654,.T.);
#840=ORIENTED_EDGE('',*,*,#651,.F.);
#841=ORIENTED_EDGE('',*,*,#649,.T.);
#842=ORIENTED_EDGE('',*,*,#655,.F.);
#843=ORIENTED_EDGE('',*,*,#656,.F.);
#844=ORIENTED_EDGE('',*,*,#657,.F.);
#845=ORIENTED_EDGE('',*,*,#658,.T.);
#846=ORIENTED_EDGE('',*,*,#659,.F.);
#847=ORIENTED_EDGE('',*,*,#660,.T.);
#848=ORIENTED_EDGE('',*,*,#658,.F.);
#849=ORIENTED_EDGE('',*,*,#660,.F.);
#850=ORIENTED_EDGE('',*,*,#661,.F.);
#851=ORIENTED_EDGE('',*,*,#662,.T.);
#852=ORIENTED_EDGE('',*,*,#659,.T.);
#853=ORIENTED_EDGE('',*,*,#662,.F.);
#854=ORIENTED_EDGE('',*,*,#661,.T.);
#855=ORIENTED_EDGE('',*,*,#647,.T.);
#856=ORIENTED_EDGE('',*,*,#639,.F.);
#857=ORIENTED_EDGE('',*,*,#663,.F.);
#858=ORIENTED_EDGE('',*,*,#664,.F.);
#859=ORIENTED_EDGE('',*,*,#665,.F.);
#860=ORIENTED_EDGE('',*,*,#663,.T.);
#861=ORIENTED_EDGE('',*,*,#638,.F.);
#862=ORIENTED_EDGE('',*,*,#666,.F.);
#863=ORIENTED_EDGE('',*,*,#653,.F.);
#864=ORIENTED_EDGE('',*,*,#643,.T.);
#865=ORIENTED_EDGE('',*,*,#667,.T.);
#866=ORIENTED_EDGE('',*,*,#668,.T.);
#867=ORIENTED_EDGE('',*,*,#669,.T.);
#868=ORIENTED_EDGE('',*,*,#642,.T.);
#869=ORIENTED_EDGE('',*,*,#670,.F.);
#870=ORIENTED_EDGE('',*,*,#671,.F.);
#871=ORIENTED_EDGE('',*,*,#667,.F.);
#872=ORIENTED_EDGE('',*,*,#668,.F.);
#873=ORIENTED_EDGE('',*,*,#671,.T.);
#874=ORIENTED_EDGE('',*,*,#672,.F.);
#875=ORIENTED_EDGE('',*,*,#673,.F.);
#876=ORIENTED_EDGE('',*,*,#664,.T.);
#877=ORIENTED_EDGE('',*,*,#669,.F.);
#878=ORIENTED_EDGE('',*,*,#673,.T.);
#879=ORIENTED_EDGE('',*,*,#674,.F.);
#880=ORIENTED_EDGE('',*,*,#650,.T.);
#881=ORIENTED_EDGE('',*,*,#657,.T.);
#882=ORIENTED_EDGE('',*,*,#675,.T.);
#883=ORIENTED_EDGE('',*,*,#670,.T.);
#884=ORIENTED_EDGE('',*,*,#641,.T.);
#885=ORIENTED_EDGE('',*,*,#672,.T.);
#886=ORIENTED_EDGE('',*,*,#675,.F.);
#887=ORIENTED_EDGE('',*,*,#656,.T.);
#888=ORIENTED_EDGE('',*,*,#676,.T.);
#889=ORIENTED_EDGE('',*,*,#648,.T.);
#890=ORIENTED_EDGE('',*,*,#665,.T.);
#891=ORIENTED_EDGE('',*,*,#674,.T.);
#892=ORIENTED_EDGE('',*,*,#676,.F.);
#893=ORIENTED_EDGE('',*,*,#655,.T.);
#894=ORIENTED_EDGE('',*,*,#637,.T.);
#895=ORIENTED_EDGE('',*,*,#652,.F.);
#896=ORIENTED_EDGE('',*,*,#654,.F.);
#897=ORIENTED_EDGE('',*,*,#666,.T.);
#898=ORIENTED_EDGE('',*,*,#677,.T.);
#899=ORIENTED_EDGE('',*,*,#678,.F.);
#900=ORIENTED_EDGE('',*,*,#679,.F.);
#901=ORIENTED_EDGE('',*,*,#680,.T.);
#902=ORIENTED_EDGE('',*,*,#681,.T.);
#903=ORIENTED_EDGE('',*,*,#682,.T.);
#904=ORIENTED_EDGE('',*,*,#683,.T.);
#905=ORIENTED_EDGE('',*,*,#684,.T.);
#906=ORIENTED_EDGE('',*,*,#685,.T.);
#907=ORIENTED_EDGE('',*,*,#686,.T.);
#908=ORIENTED_EDGE('',*,*,#687,.F.);
#909=ORIENTED_EDGE('',*,*,#688,.F.);
#910=ORIENTED_EDGE('',*,*,#677,.F.);
#911=ORIENTED_EDGE('',*,*,#689,.F.);
#912=ORIENTED_EDGE('',*,*,#690,.F.);
#913=ORIENTED_EDGE('',*,*,#691,.F.);
#914=ORIENTED_EDGE('',*,*,#682,.F.);
#915=ORIENTED_EDGE('',*,*,#692,.F.);
#916=ORIENTED_EDGE('',*,*,#688,.T.);
#917=ORIENTED_EDGE('',*,*,#693,.T.);
#918=ORIENTED_EDGE('',*,*,#694,.T.);
#919=ORIENTED_EDGE('',*,*,#678,.T.);
#920=ORIENTED_EDGE('',*,*,#687,.T.);
#921=ORIENTED_EDGE('',*,*,#695,.T.);
#922=ORIENTED_EDGE('',*,*,#696,.T.);
#923=ORIENTED_EDGE('',*,*,#697,.F.);
#924=ORIENTED_EDGE('',*,*,#693,.F.);
#925=ORIENTED_EDGE('',*,*,#697,.T.);
#926=ORIENTED_EDGE('',*,*,#698,.T.);
#927=ORIENTED_EDGE('',*,*,#679,.T.);
#928=ORIENTED_EDGE('',*,*,#694,.F.);
#929=ORIENTED_EDGE('',*,*,#690,.T.);
#930=ORIENTED_EDGE('',*,*,#699,.T.);
#931=ORIENTED_EDGE('',*,*,#700,.T.);
#932=ORIENTED_EDGE('',*,*,#701,.F.);
#933=ORIENTED_EDGE('',*,*,#702,.T.);
#934=ORIENTED_EDGE('',*,*,#703,.T.);
#935=ORIENTED_EDGE('',*,*,#684,.F.);
#936=ORIENTED_EDGE('',*,*,#704,.T.);
#937=ORIENTED_EDGE('',*,*,#701,.T.);
#938=ORIENTED_EDGE('',*,*,#705,.T.);
#939=ORIENTED_EDGE('',*,*,#706,.F.);
#940=ORIENTED_EDGE('',*,*,#707,.T.);
#941=ORIENTED_EDGE('',*,*,#700,.F.);
#942=ORIENTED_EDGE('',*,*,#708,.F.);
#943=ORIENTED_EDGE('',*,*,#709,.T.);
#944=ORIENTED_EDGE('',*,*,#703,.F.);
#945=ORIENTED_EDGE('',*,*,#707,.F.);
#946=ORIENTED_EDGE('',*,*,#710,.T.);
#947=ORIENTED_EDGE('',*,*,#685,.F.);
#948=ORIENTED_EDGE('',*,*,#709,.F.);
#949=ORIENTED_EDGE('',*,*,#711,.F.);
#950=ORIENTED_EDGE('',*,*,#692,.T.);
#951=ORIENTED_EDGE('',*,*,#686,.F.);
#952=ORIENTED_EDGE('',*,*,#710,.F.);
#953=ORIENTED_EDGE('',*,*,#712,.F.);
#954=ORIENTED_EDGE('',*,*,#695,.F.);
#955=ORIENTED_EDGE('',*,*,#713,.T.);
#956=ORIENTED_EDGE('',*,*,#680,.F.);
#957=ORIENTED_EDGE('',*,*,#698,.F.);
#958=ORIENTED_EDGE('',*,*,#696,.F.);
#959=ORIENTED_EDGE('',*,*,#712,.T.);
#960=ORIENTED_EDGE('',*,*,#711,.T.);
#961=ORIENTED_EDGE('',*,*,#708,.T.);
#962=ORIENTED_EDGE('',*,*,#706,.T.);
#963=ORIENTED_EDGE('',*,*,#689,.T.);
#964=ORIENTED_EDGE('',*,*,#681,.F.);
#965=ORIENTED_EDGE('',*,*,#713,.F.);
#966=ORIENTED_EDGE('',*,*,#705,.F.);
#967=ORIENTED_EDGE('',*,*,#699,.F.);
#968=ORIENTED_EDGE('',*,*,#714,.T.);
#969=ORIENTED_EDGE('',*,*,#714,.F.);
#970=ORIENTED_EDGE('',*,*,#715,.T.);
#971=ORIENTED_EDGE('',*,*,#716,.T.);
#972=ORIENTED_EDGE('',*,*,#715,.F.);
#973=ORIENTED_EDGE('',*,*,#717,.F.);
#974=ORIENTED_EDGE('',*,*,#718,.T.);
#975=ORIENTED_EDGE('',*,*,#716,.F.);
#976=ORIENTED_EDGE('',*,*,#718,.F.);
#977=ORIENTED_EDGE('',*,*,#691,.T.);
#978=ORIENTED_EDGE('',*,*,#702,.F.);
#979=ORIENTED_EDGE('',*,*,#704,.F.);
#980=ORIENTED_EDGE('',*,*,#683,.F.);
#981=ORIENTED_EDGE('',*,*,#717,.T.);
#982=ORIENTED_EDGE('',*,*,#719,.F.);
#983=ORIENTED_EDGE('',*,*,#720,.F.);
#984=ORIENTED_EDGE('',*,*,#721,.T.);
#985=ORIENTED_EDGE('',*,*,#722,.F.);
#986=ORIENTED_EDGE('',*,*,#723,.F.);
#987=ORIENTED_EDGE('',*,*,#724,.F.);
#988=ORIENTED_EDGE('',*,*,#719,.T.);
#989=ORIENTED_EDGE('',*,*,#725,.F.);
#990=ORIENTED_EDGE('',*,*,#726,.F.);
#991=ORIENTED_EDGE('',*,*,#727,.F.);
#992=ORIENTED_EDGE('',*,*,#723,.T.);
#993=ORIENTED_EDGE('',*,*,#728,.F.);
#994=ORIENTED_EDGE('',*,*,#729,.F.);
#995=ORIENTED_EDGE('',*,*,#730,.F.);
#996=ORIENTED_EDGE('',*,*,#731,.F.);
#997=ORIENTED_EDGE('',*,*,#726,.T.);
#998=ORIENTED_EDGE('',*,*,#732,.F.);
#999=ORIENTED_EDGE('',*,*,#733,.F.);
#1000=ORIENTED_EDGE('',*,*,#734,.F.);
#1001=ORIENTED_EDGE('',*,*,#729,.T.);
#1002=ORIENTED_EDGE('',*,*,#735,.F.);
#1003=ORIENTED_EDGE('',*,*,#736,.F.);
#1004=ORIENTED_EDGE('',*,*,#737,.F.);
#1005=ORIENTED_EDGE('',*,*,#738,.F.);
#1006=ORIENTED_EDGE('',*,*,#733,.T.);
#1007=ORIENTED_EDGE('',*,*,#739,.F.);
#1008=ORIENTED_EDGE('',*,*,#740,.F.);
#1009=ORIENTED_EDGE('',*,*,#741,.F.);
#1010=ORIENTED_EDGE('',*,*,#737,.T.);
#1011=ORIENTED_EDGE('',*,*,#742,.F.);
#1012=ORIENTED_EDGE('',*,*,#743,.F.);
#1013=ORIENTED_EDGE('',*,*,#744,.F.);
#1014=ORIENTED_EDGE('',*,*,#740,.T.);
#1015=ORIENTED_EDGE('',*,*,#745,.F.);
#1016=ORIENTED_EDGE('',*,*,#746,.F.);
#1017=ORIENTED_EDGE('',*,*,#747,.F.);
#1018=ORIENTED_EDGE('',*,*,#743,.T.);
#1019=ORIENTED_EDGE('',*,*,#748,.F.);
#1020=ORIENTED_EDGE('',*,*,#749,.F.);
#1021=ORIENTED_EDGE('',*,*,#750,.F.);
#1022=ORIENTED_EDGE('',*,*,#746,.T.);
#1023=ORIENTED_EDGE('',*,*,#751,.F.);
#1024=ORIENTED_EDGE('',*,*,#752,.F.);
#1025=ORIENTED_EDGE('',*,*,#753,.F.);
#1026=ORIENTED_EDGE('',*,*,#754,.F.);
#1027=ORIENTED_EDGE('',*,*,#749,.T.);
#1028=ORIENTED_EDGE('',*,*,#755,.F.);
#1029=ORIENTED_EDGE('',*,*,#756,.F.);
#1030=ORIENTED_EDGE('',*,*,#757,.F.);
#1031=ORIENTED_EDGE('',*,*,#752,.T.);
#1032=ORIENTED_EDGE('',*,*,#758,.F.);
#1033=ORIENTED_EDGE('',*,*,#759,.F.);
#1034=ORIENTED_EDGE('',*,*,#760,.F.);
#1035=ORIENTED_EDGE('',*,*,#761,.F.);
#1036=ORIENTED_EDGE('',*,*,#756,.T.);
#1037=ORIENTED_EDGE('',*,*,#762,.F.);
#1038=ORIENTED_EDGE('',*,*,#763,.F.);
#1039=ORIENTED_EDGE('',*,*,#764,.F.);
#1040=ORIENTED_EDGE('',*,*,#760,.T.);
#1041=ORIENTED_EDGE('',*,*,#765,.F.);
#1042=ORIENTED_EDGE('',*,*,#766,.F.);
#1043=ORIENTED_EDGE('',*,*,#767,.F.);
#1044=ORIENTED_EDGE('',*,*,#768,.F.);
#1045=ORIENTED_EDGE('',*,*,#769,.F.);
#1046=ORIENTED_EDGE('',*,*,#763,.T.);
#1047=ORIENTED_EDGE('',*,*,#770,.F.);
#1048=ORIENTED_EDGE('',*,*,#771,.T.);
#1049=ORIENTED_EDGE('',*,*,#772,.F.);
#1050=ORIENTED_EDGE('',*,*,#773,.F.);
#1051=ORIENTED_EDGE('',*,*,#774,.F.);
#1052=ORIENTED_EDGE('',*,*,#775,.F.);
#1053=ORIENTED_EDGE('',*,*,#776,.F.);
#1054=ORIENTED_EDGE('',*,*,#777,.F.);
#1055=ORIENTED_EDGE('',*,*,#772,.T.);
#1056=ORIENTED_EDGE('',*,*,#778,.T.);
#1057=ORIENTED_EDGE('',*,*,#779,.F.);
#1058=ORIENTED_EDGE('',*,*,#780,.F.);
#1059=ORIENTED_EDGE('',*,*,#773,.T.);
#1060=ORIENTED_EDGE('',*,*,#780,.T.);
#1061=ORIENTED_EDGE('',*,*,#781,.F.);
#1062=ORIENTED_EDGE('',*,*,#782,.F.);
#1063=ORIENTED_EDGE('',*,*,#774,.T.);
#1064=ORIENTED_EDGE('',*,*,#782,.T.);
#1065=ORIENTED_EDGE('',*,*,#783,.F.);
#1066=ORIENTED_EDGE('',*,*,#784,.F.);
#1067=ORIENTED_EDGE('',*,*,#775,.T.);
#1068=ORIENTED_EDGE('',*,*,#784,.T.);
#1069=ORIENTED_EDGE('',*,*,#785,.F.);
#1070=ORIENTED_EDGE('',*,*,#786,.F.);
#1071=ORIENTED_EDGE('',*,*,#776,.T.);
#1072=ORIENTED_EDGE('',*,*,#786,.T.);
#1073=ORIENTED_EDGE('',*,*,#787,.F.);
#1074=ORIENTED_EDGE('',*,*,#788,.F.);
#1075=ORIENTED_EDGE('',*,*,#777,.T.);
#1076=ORIENTED_EDGE('',*,*,#788,.T.);
#1077=ORIENTED_EDGE('',*,*,#789,.F.);
#1078=ORIENTED_EDGE('',*,*,#778,.F.);
#1079=ORIENTED_EDGE('',*,*,#779,.T.);
#1080=ORIENTED_EDGE('',*,*,#789,.T.);
#1081=ORIENTED_EDGE('',*,*,#787,.T.);
#1082=ORIENTED_EDGE('',*,*,#785,.T.);
#1083=ORIENTED_EDGE('',*,*,#783,.T.);
#1084=ORIENTED_EDGE('',*,*,#781,.T.);
#1085=ORIENTED_EDGE('',*,*,#790,.T.);
#1086=ORIENTED_EDGE('',*,*,#791,.T.);
#1087=ORIENTED_EDGE('',*,*,#771,.F.);
#1088=ORIENTED_EDGE('',*,*,#791,.F.);
#1089=ORIENTED_EDGE('',*,*,#792,.T.);
#1090=ORIENTED_EDGE('',*,*,#793,.F.);
#1091=ORIENTED_EDGE('',*,*,#794,.T.);
#1092=ORIENTED_EDGE('',*,*,#792,.F.);
#1093=ORIENTED_EDGE('',*,*,#790,.F.);
#1094=ORIENTED_EDGE('',*,*,#794,.F.);
#1095=ORIENTED_EDGE('',*,*,#795,.F.);
#1096=ORIENTED_EDGE('',*,*,#793,.T.);
#1097=ORIENTED_EDGE('',*,*,#796,.T.);
#1098=ORIENTED_EDGE('',*,*,#797,.F.);
#1099=ORIENTED_EDGE('',*,*,#796,.F.);
#1100=ORIENTED_EDGE('',*,*,#795,.T.);
#1101=ORIENTED_EDGE('',*,*,#797,.T.);
#1102=ORIENTED_EDGE('',*,*,#798,.F.);
#1103=ORIENTED_EDGE('',*,*,#799,.F.);
#1104=ORIENTED_EDGE('',*,*,#721,.F.);
#1105=ORIENTED_EDGE('',*,*,#798,.T.);
#1106=ORIENTED_EDGE('',*,*,#720,.T.);
#1107=ORIENTED_EDGE('',*,*,#724,.T.);
#1108=ORIENTED_EDGE('',*,*,#727,.T.);
#1109=ORIENTED_EDGE('',*,*,#731,.T.);
#1110=ORIENTED_EDGE('',*,*,#800,.T.);
#1111=ORIENTED_EDGE('',*,*,#801,.T.);
#1112=ORIENTED_EDGE('',*,*,#799,.T.);
#1113=ORIENTED_EDGE('',*,*,#801,.F.);
#1114=ORIENTED_EDGE('',*,*,#802,.T.);
#1115=ORIENTED_EDGE('',*,*,#735,.T.);
#1116=ORIENTED_EDGE('',*,*,#732,.T.);
#1117=ORIENTED_EDGE('',*,*,#728,.T.);
#1118=ORIENTED_EDGE('',*,*,#725,.T.);
#1119=ORIENTED_EDGE('',*,*,#722,.T.);
#1120=ORIENTED_EDGE('',*,*,#766,.T.);
#1121=ORIENTED_EDGE('',*,*,#803,.F.);
#1122=ORIENTED_EDGE('',*,*,#804,.F.);
#1123=ORIENTED_EDGE('',*,*,#768,.T.);
#1124=ORIENTED_EDGE('',*,*,#805,.F.);
#1125=ORIENTED_EDGE('',*,*,#806,.F.);
#1126=ORIENTED_EDGE('',*,*,#753,.T.);
#1127=ORIENTED_EDGE('',*,*,#757,.T.);
#1128=ORIENTED_EDGE('',*,*,#761,.T.);
#1129=ORIENTED_EDGE('',*,*,#764,.T.);
#1130=ORIENTED_EDGE('',*,*,#769,.T.);
#1131=ORIENTED_EDGE('',*,*,#806,.T.);
#1132=ORIENTED_EDGE('',*,*,#807,.T.);
#1133=ORIENTED_EDGE('',*,*,#808,.F.);
#1134=ORIENTED_EDGE('',*,*,#803,.T.);
#1135=ORIENTED_EDGE('',*,*,#770,.T.);
#1136=ORIENTED_EDGE('',*,*,#765,.T.);
#1137=ORIENTED_EDGE('',*,*,#762,.T.);
#1138=ORIENTED_EDGE('',*,*,#759,.T.);
#1139=ORIENTED_EDGE('',*,*,#809,.F.);
#1140=ORIENTED_EDGE('',*,*,#807,.F.);
#1141=ORIENTED_EDGE('',*,*,#805,.T.);
#1142=ORIENTED_EDGE('',*,*,#758,.T.);
#1143=ORIENTED_EDGE('',*,*,#755,.T.);
#1144=ORIENTED_EDGE('',*,*,#751,.T.);
#1145=ORIENTED_EDGE('',*,*,#748,.T.);
#1146=ORIENTED_EDGE('',*,*,#810,.F.);
#1147=ORIENTED_EDGE('',*,*,#811,.F.);
#1148=ORIENTED_EDGE('',*,*,#809,.T.);
#1149=ORIENTED_EDGE('',*,*,#744,.T.);
#1150=ORIENTED_EDGE('',*,*,#747,.T.);
#1151=ORIENTED_EDGE('',*,*,#750,.T.);
#1152=ORIENTED_EDGE('',*,*,#754,.T.);
#1153=ORIENTED_EDGE('',*,*,#808,.T.);
#1154=ORIENTED_EDGE('',*,*,#811,.T.);
#1155=ORIENTED_EDGE('',*,*,#812,.F.);
#1156=ORIENTED_EDGE('',*,*,#730,.T.);
#1157=ORIENTED_EDGE('',*,*,#734,.T.);
#1158=ORIENTED_EDGE('',*,*,#738,.T.);
#1159=ORIENTED_EDGE('',*,*,#741,.T.);
#1160=ORIENTED_EDGE('',*,*,#812,.T.);
#1161=ORIENTED_EDGE('',*,*,#813,.T.);
#1162=ORIENTED_EDGE('',*,*,#800,.F.);
#1163=ORIENTED_EDGE('',*,*,#745,.T.);
#1164=ORIENTED_EDGE('',*,*,#742,.T.);
#1165=ORIENTED_EDGE('',*,*,#739,.T.);
#1166=ORIENTED_EDGE('',*,*,#736,.T.);
#1167=ORIENTED_EDGE('',*,*,#802,.F.);
#1168=ORIENTED_EDGE('',*,*,#813,.F.);
#1169=ORIENTED_EDGE('',*,*,#810,.T.);
#1170=ORIENTED_EDGE('',*,*,#767,.T.);
#1171=ORIENTED_EDGE('',*,*,#804,.T.);
#1172=PLANE('',#1317);
#1173=PLANE('',#1318);
#1174=PLANE('',#1319);
#1175=PLANE('',#1320);
#1176=PLANE('',#1321);
#1177=PLANE('',#1322);
#1178=PLANE('',#1328);
#1179=PLANE('',#1329);
#1180=PLANE('',#1330);
#1181=PLANE('',#1331);
#1182=PLANE('',#1332);
#1183=PLANE('',#1333);
#1184=PLANE('',#1334);
#1185=PLANE('',#1335);
#1186=PLANE('',#1336);
#1187=PLANE('',#1337);
#1188=PLANE('',#1338);
#1189=PLANE('',#1339);
#1190=PLANE('',#1340);
#1191=PLANE('',#1341);
#1192=PLANE('',#1342);
#1193=PLANE('',#1343);
#1194=PLANE('',#1344);
#1195=PLANE('',#1345);
#1196=PLANE('',#1346);
#1197=PLANE('',#1347);
#1198=PLANE('',#1348);
#1199=PLANE('',#1349);
#1200=PLANE('',#1350);
#1201=PLANE('',#1351);
#1202=PLANE('',#1352);
#1203=PLANE('',#1358);
#1204=PLANE('',#1377);
#1205=PLANE('',#1379);
#1206=PLANE('',#1380);
#1207=PLANE('',#1381);
#1208=PLANE('',#1382);
#1209=PLANE('',#1383);
#1210=PLANE('',#1384);
#1211=PLANE('',#1385);
#1212=PLANE('',#1394);
#1213=PLANE('',#1397);
#1214=PLANE('',#1398);
#1215=ADVANCED_FACE('',(#126),#1172,.T.);
#1216=ADVANCED_FACE('',(#127),#1173,.F.);
#1217=ADVANCED_FACE('',(#128),#1174,.F.);
#1218=ADVANCED_FACE('',(#129),#1175,.T.);
#1219=ADVANCED_FACE('',(#130),#1176,.T.);
#1220=ADVANCED_FACE('',(#131,#107),#1177,.F.);
#1221=ADVANCED_FACE('',(#132),#103,.F.);
#1222=ADVANCED_FACE('',(#133),#84,.F.);
#1223=ADVANCED_FACE('',(#134),#1178,.F.);
#1224=ADVANCED_FACE('',(#135),#1179,.F.);
#1225=ADVANCED_FACE('',(#136),#1180,.F.);
#1226=ADVANCED_FACE('',(#137),#1181,.F.);
#1227=ADVANCED_FACE('',(#138),#1182,.F.);
#1228=ADVANCED_FACE('',(#139),#1183,.F.);
#1229=ADVANCED_FACE('',(#140),#1184,.F.);
#1230=ADVANCED_FACE('',(#141),#1185,.F.);
#1231=ADVANCED_FACE('',(#142),#1186,.F.);
#1232=ADVANCED_FACE('',(#143),#1187,.T.);
#1233=ADVANCED_FACE('',(#144),#1188,.T.);
#1234=ADVANCED_FACE('',(#145),#1189,.F.);
#1235=ADVANCED_FACE('',(#146),#1190,.F.);
#1236=ADVANCED_FACE('',(#147),#1191,.T.);
#1237=ADVANCED_FACE('',(#148),#1192,.T.);
#1238=ADVANCED_FACE('',(#149),#1193,.F.);
#1239=ADVANCED_FACE('',(#150),#1194,.F.);
#1240=ADVANCED_FACE('',(#151),#1195,.F.);
#1241=ADVANCED_FACE('',(#152),#1196,.F.);
#1242=ADVANCED_FACE('',(#153),#1197,.F.);
#1243=ADVANCED_FACE('',(#154),#1198,.F.);
#1244=ADVANCED_FACE('',(#155),#1199,.F.);
#1245=ADVANCED_FACE('',(#156),#1200,.F.);
#1246=ADVANCED_FACE('',(#157),#1201,.F.);
#1247=ADVANCED_FACE('',(#158),#1202,.F.);
#1248=ADVANCED_FACE('',(#159),#85,.F.);
#1249=ADVANCED_FACE('',(#160),#104,.F.);
#1250=ADVANCED_FACE('',(#161,#108),#1203,.F.);
#1251=ADVANCED_FACE('',(#162),#86,.T.);
#1252=ADVANCED_FACE('',(#163),#87,.T.);
#1253=ADVANCED_FACE('',(#164),#88,.T.);
#1254=ADVANCED_FACE('',(#165),#89,.T.);
#1255=ADVANCED_FACE('',(#166),#90,.T.);
#1256=ADVANCED_FACE('',(#167),#91,.T.);
#1257=ADVANCED_FACE('',(#168),#92,.T.);
#1258=ADVANCED_FACE('',(#169),#93,.T.);
#1259=ADVANCED_FACE('',(#170),#94,.T.);
#1260=ADVANCED_FACE('',(#171),#95,.T.);
#1261=ADVANCED_FACE('',(#172),#96,.T.);
#1262=ADVANCED_FACE('',(#173),#97,.T.);
#1263=ADVANCED_FACE('',(#174),#98,.T.);
#1264=ADVANCED_FACE('',(#175),#99,.T.);
#1265=ADVANCED_FACE('',(#176),#100,.T.);
#1266=ADVANCED_FACE('',(#177,#109),#1204,.F.);
#1267=ADVANCED_FACE('',(#178),#1205,.F.);
#1268=ADVANCED_FACE('',(#179),#1206,.F.);
#1269=ADVANCED_FACE('',(#180),#1207,.F.);
#1270=ADVANCED_FACE('',(#181),#1208,.F.);
#1271=ADVANCED_FACE('',(#182),#1209,.F.);
#1272=ADVANCED_FACE('',(#183),#1210,.F.);
#1273=ADVANCED_FACE('',(#184),#1211,.T.);
#1274=ADVANCED_FACE('',(#185),#105,.T.);
#1275=ADVANCED_FACE('',(#186),#101,.T.);
#1276=ADVANCED_FACE('',(#187),#106,.T.);
#1277=ADVANCED_FACE('',(#188,#110),#1212,.T.);
#1278=ADVANCED_FACE('',(#189),#23,.T.);
#1279=ADVANCED_FACE('',(#190),#24,.T.);
#1280=ADVANCED_FACE('',(#191),#102,.T.);
#1281=ADVANCED_FACE('',(#192),#1213,.F.);
#1282=ADVANCED_FACE('',(#193),#25,.T.);
#1283=ADVANCED_FACE('',(#194),#26,.T.);
#1284=ADVANCED_FACE('',(#195),#27,.T.);
#1285=ADVANCED_FACE('',(#196),#28,.T.);
#1286=ADVANCED_FACE('',(#197),#29,.T.);
#1287=ADVANCED_FACE('',(#198),#30,.T.);
#1288=ADVANCED_FACE('',(#199),#1214,.T.);
#1289=CLOSED_SHELL('',(#1215,#1216,#1217,#1218,#1219,#1220,#1221,#1222,
#1223,#1224,#1225,#1226,#1227,#1228,#1229,#1230,#1231,#1232));
#1290=CLOSED_SHELL('',(#1233,#1234,#1235,#1236,#1237,#1238,#1239,#1240,
#1241,#1242,#1243,#1244,#1245,#1246,#1247,#1248,#1249,#1250));
#1291=CLOSED_SHELL('',(#1251,#1252,#1253,#1254,#1255,#1256,#1257,#1258,
#1259,#1260,#1261,#1262,#1263,#1264,#1265,#1266,#1267,#1268,#1269,#1270,
#1271,#1272,#1273,#1274,#1275,#1276,#1277,#1278,#1279,#1280,#1281,#1282,
#1283,#1284,#1285,#1286,#1287,#1288));
#1292=DERIVED_UNIT_ELEMENT(#1296,1.);
#1293=DERIVED_UNIT_ELEMENT(#6813,-3.);
#1294=DERIVED_UNIT_ELEMENT(#1296,1.);
#1295=DERIVED_UNIT_ELEMENT(#6813,-3.);
#1296=(
MASS_UNIT()
NAMED_UNIT(*)
SI_UNIT(.KILO.,.GRAM.)
);
#1297=DERIVED_UNIT((#1292,#1293));
#1298=DERIVED_UNIT((#1294,#1295));
#1299=MEASURE_REPRESENTATION_ITEM('density measure',
POSITIVE_RATIO_MEASURE(7850.),#1297);
#1300=MEASURE_REPRESENTATION_ITEM('density measure',
POSITIVE_RATIO_MEASURE(7850.),#1298);
#1301=PROPERTY_DEFINITION_REPRESENTATION(#1311,#1305);
#1302=PROPERTY_DEFINITION_REPRESENTATION(#1312,#1306);
#1303=PROPERTY_DEFINITION_REPRESENTATION(#1313,#1307);
#1304=PROPERTY_DEFINITION_REPRESENTATION(#1314,#1308);
#1305=REPRESENTATION('material name',(#1309),#6809);
#1306=REPRESENTATION('density',(#1299),#6809);
#1307=REPRESENTATION('material name',(#1310),#6810);
#1308=REPRESENTATION('density',(#1300),#6810);
#1309=DESCRIPTIVE_REPRESENTATION_ITEM('Steel','Steel');
#1310=DESCRIPTIVE_REPRESENTATION_ITEM('Steel','Steel');
#1311=PROPERTY_DEFINITION('material property','material name',#6830);
#1312=PROPERTY_DEFINITION('material property','density of part',#6830);
#1313=PROPERTY_DEFINITION('material property','material name',#6831);
#1314=PROPERTY_DEFINITION('material property','density of part',#6831);
#1315=AXIS2_PLACEMENT_3D('',#1697,#1402,#1403);
#1316=AXIS2_PLACEMENT_3D('',#1698,#1404,#1405);
#1317=AXIS2_PLACEMENT_3D('',#1699,#1406,#1407);
#1318=AXIS2_PLACEMENT_3D('',#1710,#1413,#1414);
#1319=AXIS2_PLACEMENT_3D('',#1721,#1420,#1421);
#1320=AXIS2_PLACEMENT_3D('',#1732,#1428,#1429);
#1321=AXIS2_PLACEMENT_3D('',#1736,#1432,#1433);
#1322=AXIS2_PLACEMENT_3D('',#1740,#1436,#1437);
#1323=AXIS2_PLACEMENT_3D('',#1747,#1441,#1442);
#1324=AXIS2_PLACEMENT_3D('',#1748,#1443,#1444);
#1325=AXIS2_PLACEMENT_3D('',#1750,#1445,#1446);
#1326=AXIS2_PLACEMENT_3D('',#1752,#1448,#1449);
#1327=AXIS2_PLACEMENT_3D('',#1754,#1450,#1451);
#1328=AXIS2_PLACEMENT_3D('',#1756,#1453,#1454);
#1329=AXIS2_PLACEMENT_3D('',#1757,#1455,#1456);
#1330=AXIS2_PLACEMENT_3D('',#1763,#1460,#1461);
#1331=AXIS2_PLACEMENT_3D('',#1770,#1466,#1467);
#1332=AXIS2_PLACEMENT_3D('',#1774,#1470,#1471);
#1333=AXIS2_PLACEMENT_3D('',#1778,#1474,#1475);
#1334=AXIS2_PLACEMENT_3D('',#1780,#1477,#1478);
#1335=AXIS2_PLACEMENT_3D('',#1782,#1480,#1481);
#1336=AXIS2_PLACEMENT_3D('',#1784,#1483,#1484);
#1337=AXIS2_PLACEMENT_3D('',#1785,#1485,#1486);
#1338=AXIS2_PLACEMENT_3D('',#1786,#1487,#1488);
#1339=AXIS2_PLACEMENT_3D('',#1797,#1494,#1495);
#1340=AXIS2_PLACEMENT_3D('',#1808,#1501,#1502);
#1341=AXIS2_PLACEMENT_3D('',#1819,#1509,#1510);
#1342=AXIS2_PLACEMENT_3D('',#1823,#1513,#1514);
#1343=AXIS2_PLACEMENT_3D('',#1829,#1518,#1519);
#1344=AXIS2_PLACEMENT_3D('',#1831,#1521,#1522);
#1345=AXIS2_PLACEMENT_3D('',#1839,#1527,#1528);
#1346=AXIS2_PLACEMENT_3D('',#1842,#1531,#1532);
#1347=AXIS2_PLACEMENT_3D('',#1848,#1536,#1537);
#1348=AXIS2_PLACEMENT_3D('',#1852,#1540,#1541);
#1349=AXIS2_PLACEMENT_3D('',#1856,#1544,#1545);
#1350=AXIS2_PLACEMENT_3D('',#1858,#1547,#1548);
#1351=AXIS2_PLACEMENT_3D('',#1860,#1550,#1551);
#1352=AXIS2_PLACEMENT_3D('',#1861,#1552,#1553);
#1353=AXIS2_PLACEMENT_3D('',#1863,#1554,#1555);
#1354=AXIS2_PLACEMENT_3D('',#1864,#1556,#1557);
#1355=AXIS2_PLACEMENT_3D('',#1867,#1559,#1560);
#1356=AXIS2_PLACEMENT_3D('',#1868,#1561,#1562);
#1357=AXIS2_PLACEMENT_3D('',#1870,#1563,#1564);
#1358=AXIS2_PLACEMENT_3D('',#1872,#1566,#1567);
#1359=AXIS2_PLACEMENT_3D('',#1873,#1568,#1569);
#1360=AXIS2_PLACEMENT_3D('',#1874,#1570,#1571);
#1361=AXIS2_PLACEMENT_3D('',#1962,#1573,#1574);
#1362=AXIS2_PLACEMENT_3D('',#1995,#1575,#1576);
#1363=AXIS2_PLACEMENT_3D('',#2183,#1578,#1579);
#1364=AXIS2_PLACEMENT_3D('',#2369,#1581,#1582);
#1365=AXIS2_PLACEMENT_3D('',#2520,#1584,#1585);
#1366=AXIS2_PLACEMENT_3D('',#2659,#1587,#1588);
#1367=AXIS2_PLACEMENT_3D('',#2795,#1590,#1591);
#1368=AXIS2_PLACEMENT_3D('',#2933,#1593,#1594);
#1369=AXIS2_PLACEMENT_3D('',#3069,#1596,#1597);
#1370=AXIS2_PLACEMENT_3D('',#3209,#1599,#1600);
#1371=AXIS2_PLACEMENT_3D('',#3345,#1602,#1603);
#1372=AXIS2_PLACEMENT_3D('',#3482,#1605,#1606);
#1373=AXIS2_PLACEMENT_3D('',#3621,#1608,#1609);
#1374=AXIS2_PLACEMENT_3D('',#3759,#1611,#1612);
#1375=AXIS2_PLACEMENT_3D('',#3899,#1614,#1615);
#1376=AXIS2_PLACEMENT_3D('',#3904,#1617,#1618);
#1377=AXIS2_PLACEMENT_3D('',#4009,#1620,#1621);
#1378=AXIS2_PLACEMENT_3D('',#4011,#1622,#1623);
#1379=AXIS2_PLACEMENT_3D('',#4024,#1630,#1631);
#1380=AXIS2_PLACEMENT_3D('',#4030,#1635,#1636);
#1381=AXIS2_PLACEMENT_3D('',#4034,#1639,#1640);
#1382=AXIS2_PLACEMENT_3D('',#4038,#1643,#1644);
#1383=AXIS2_PLACEMENT_3D('',#4042,#1647,#1648);
#1384=AXIS2_PLACEMENT_3D('',#4046,#1651,#1652);
#1385=AXIS2_PLACEMENT_3D('',#4048,#1654,#1655);
#1386=AXIS2_PLACEMENT_3D('',#4049,#1656,#1657);
#1387=AXIS2_PLACEMENT_3D('',#4052,#1658,#1659);
#1388=AXIS2_PLACEMENT_3D('',#4054,#1661,#1662);
#1389=AXIS2_PLACEMENT_3D('',#4055,#1663,#1664);
#1390=AXIS2_PLACEMENT_3D('',#4058,#1665,#1666);
#1391=AXIS2_PLACEMENT_3D('',#4060,#1668,#1669);
#1392=AXIS2_PLACEMENT_3D('',#4061,#1670,#1671);
#1393=AXIS2_PLACEMENT_3D('',#4064,#1673,#1674);
#1394=AXIS2_PLACEMENT_3D('',#4065,#1675,#1676);
#1395=AXIS2_PLACEMENT_3D('',#4760,#1679,#1680);
#1396=AXIS2_PLACEMENT_3D('',#4793,#1681,#1682);
#1397=AXIS2_PLACEMENT_3D('',#4794,#1683,#1684);
#1398=AXIS2_PLACEMENT_3D('',#6800,#1689,#1690);
#1399=AXIS2_PLACEMENT_3D('',#6801,#1691,#1692);
#1400=AXIS2_PLACEMENT_3D('',#6802,#1693,#1694);
#1401=AXIS2_PLACEMENT_3D('',#6803,#1695,#1696);
#1402=DIRECTION('axis',(0.,0.,1.));
#1403=DIRECTION('refdir',(1.,0.,0.));
#1404=DIRECTION('axis',(0.,0.,1.));
#1405=DIRECTION('refdir',(1.,0.,0.));
#1406=DIRECTION('center_axis',(1.06116362116053E-13,1.,0.));
#1407=DIRECTION('ref_axis',(1.,-1.06116362116053E-13,0.));
#1408=DIRECTION('',(0.,0.,-1.));
#1409=DIRECTION('',(1.,-4.81264859614036E-14,0.));
#1410=DIRECTION('',(0.,0.,-1.));
#1411=DIRECTION('',(1.,-1.64187182368401E-13,0.));
#1412=DIRECTION('',(0.707106781186548,-7.50355992471082E-14,-0.707106781186547));
#1413=DIRECTION('center_axis',(-0.707106781186548,5.4225201959116E-14,-0.707106781186547));
#1414=DIRECTION('ref_axis',(0.707106781186547,-1.17102729210166E-13,-0.707106781186548));
#1415=DIRECTION('',(1.64350670077513E-13,1.,-8.7664654044511E-14));
#1416=DIRECTION('',(0.707106781186547,-7.52335969786049E-14,-0.707106781186548));
#1417=DIRECTION('',(0.577350269189676,0.577350269189569,-0.577350269189632));
#1418=DIRECTION('',(7.66860160330019E-14,1.,0.));
#1419=DIRECTION('',(-0.707106781186547,7.50355992471081E-14,0.707106781186548));
#1420=DIRECTION('center_axis',(-1.,1.64313007644523E-13,0.));
#1421=DIRECTION('ref_axis',(0.,0.,1.));
#1422=DIRECTION('',(0.,0.,1.));
#1423=DIRECTION('',(-1.64313007644523E-13,-1.,0.));
#1424=DIRECTION('',(1.64350670077513E-13,1.,-8.77598671562706E-14));
#1425=DIRECTION('',(0.,0.,1.));
#1426=DIRECTION('',(1.64313007644523E-13,1.,1.91737025574681E-30));
#1427=DIRECTION('',(0.,0.,-1.));
#1428=DIRECTION('center_axis',(0.,0.,-1.));
#1429=DIRECTION('ref_axis',(-1.,0.,0.));
#1430=DIRECTION('',(-1.,1.06116362116053E-13,0.));
#1431=DIRECTION('',(-1.11433751575387E-14,1.,0.));
#1432=DIRECTION('center_axis',(-1.06116362116053E-13,-1.,0.));
#1433=DIRECTION('ref_axis',(-1.,1.06116362116053E-13,0.));
#1434=DIRECTION('',(-1.,1.641871823684E-13,0.));
#1435=DIRECTION('',(0.,0.,-1.));
#1436=DIRECTION('center_axis',(-1.48029736616688E-15,2.45149482698892E-28,
-1.));
#1437=DIRECTION('ref_axis',(1.,-1.6560826783992E-13,-1.48029736616688E-15));
#1438=DIRECTION('',(1.,-1.6560826783992E-13,-1.48029736616688E-15));
#1439=DIRECTION('',(-9.4897634723901E-15,1.,2.59197154572618E-28));
#1440=DIRECTION('',(-1.,1.06396373193255E-13,1.48029736616688E-15));
#1441=DIRECTION('center_axis',(-1.48029736616688E-15,2.45149482698892E-28,
-1.));
#1442=DIRECTION('ref_axis',(1.,1.13654197624638E-14,-1.48029736616688E-15));
#1443=DIRECTION('center_axis',(0.,0.,1.));
#1444=DIRECTION('ref_axis',(1.,1.13654197624638E-14,-8.70763156568749E-16));
#1445=DIRECTION('center_axis',(1.48029736616688E-15,-2.45149482698892E-28,
1.));
#1446=DIRECTION('ref_axis',(1.,1.13654197624638E-14,0.));
#1447=DIRECTION('',(-0.111794773067858,-1.28428543426548E-15,0.993731316158803));
#1448=DIRECTION('center_axis',(0.,0.,-1.));
#1449=DIRECTION('ref_axis',(1.,1.13654197624638E-14,0.));
#1450=DIRECTION('center_axis',(0.,0.,1.));
#1451=DIRECTION('ref_axis',(1.,1.13654197624638E-14,0.));
#1452=DIRECTION('',(0.,0.,1.));
#1453=DIRECTION('center_axis',(0.,0.,-1.));
#1454=DIRECTION('ref_axis',(1.,-1.6560826783992E-13,0.));
#1455=DIRECTION('center_axis',(-0.707106781186547,5.41578761221327E-14,
-0.707106781186548));
#1456=DIRECTION('ref_axis',(0.707106781186548,-1.17102729210166E-13,-0.707106781186547));
#1457=DIRECTION('',(7.65908029212421E-14,1.,0.));
#1458=DIRECTION('',(-0.577350269189565,0.577350269189705,0.577350269189608));
#1459=DIRECTION('',(-0.707106781186548,1.17102729210166E-13,0.707106781186547));
#1460=DIRECTION('center_axis',(0.,0.,-1.));
#1461=DIRECTION('ref_axis',(1.,-1.6560826783992E-13,0.));
#1462=DIRECTION('',(-1.11392376804048E-14,1.,0.));
#1463=DIRECTION('',(-1.,1.06396373193255E-13,0.));
#1464=DIRECTION('',(-9.4897634723901E-15,1.,0.));
#1465=DIRECTION('',(1.,-1.6560826783992E-13,0.));
#1466=DIRECTION('center_axis',(-7.52335969786051E-14,-0.707106781186549,
-0.707106781186546));
#1467=DIRECTION('ref_axis',(1.,-1.6560826783992E-13,5.92118946466658E-14));
#1468=DIRECTION('',(1.,-1.06396373193255E-13,0.));
#1469=DIRECTION('',(0.577350269189643,0.577350269189585,-0.577350269189649));
#1470=DIRECTION('center_axis',(-0.707106781186551,-6.71027610318347E-15,
-0.707106781186544));
#1471=DIRECTION('ref_axis',(0.707106781186544,-1.17102729210165E-13,-0.707106781186551));
#1472=DIRECTION('',(9.4897634723901E-15,-1.,0.));
#1473=DIRECTION('',(0.577350269189512,-0.577350269189854,-0.577350269189511));
#1474=DIRECTION('center_axis',(1.17102729210165E-13,0.707106781186547,-0.707106781186548));
#1475=DIRECTION('ref_axis',(1.,-1.6560826783992E-13,0.));
#1476=DIRECTION('',(-1.,1.6560826783992E-13,0.));
#1477=DIRECTION('center_axis',(-1.06396373193255E-13,-1.,0.));
#1478=DIRECTION('ref_axis',(1.,-1.06396373193255E-13,0.));
#1479=DIRECTION('',(0.,0.,1.));
#1480=DIRECTION('center_axis',(-1.,-9.4897634723901E-15,0.));
#1481=DIRECTION('ref_axis',(9.4897634723901E-15,-1.,0.));
#1482=DIRECTION('',(0.,0.,1.));
#1483=DIRECTION('center_axis',(1.6560826783992E-13,1.,0.));
#1484=DIRECTION('ref_axis',(-1.,1.6560826783992E-13,0.));
#1485=DIRECTION('center_axis',(-1.,-1.11433751575387E-14,0.));
#1486=DIRECTION('ref_axis',(-1.11433751575387E-14,1.,0.));
#1487=DIRECTION('center_axis',(-1.06116362116053E-13,-1.,0.));
#1488=DIRECTION('ref_axis',(-1.,1.06116362116053E-13,0.));
#1489=DIRECTION('',(0.,0.,-1.));
#1490=DIRECTION('',(-1.,1.06116362116053E-13,0.));
#1491=DIRECTION('',(0.,0.,-1.));
#1492=DIRECTION('',(-1.,4.83123241589045E-14,0.));
#1493=DIRECTION('',(-0.707106781186546,3.40305645779876E-14,-0.707106781186549));
#1494=DIRECTION('center_axis',(4.83123241589157E-14,1.,0.));
#1495=DIRECTION('ref_axis',(-1.,4.83123241589157E-14,0.));
#1496=DIRECTION('',(0.,0.,-1.));
#1497=DIRECTION('',(1.,-4.83123241589157E-14,-1.48029736616688E-15));
#1498=DIRECTION('',(0.,0.,1.));
#1499=DIRECTION('',(-1.,4.83123241589157E-14,0.));
#1500=DIRECTION('',(-0.707106781186547,3.4161972027652E-14,-0.707106781186548));
#1501=DIRECTION('center_axis',(1.,-1.64313007644523E-13,0.));
#1502=DIRECTION('ref_axis',(0.,0.,-1.));
#1503=DIRECTION('',(0.,0.,1.));
#1504=DIRECTION('',(1.64313007644523E-13,1.,0.));
#1505=DIRECTION('',(-1.64350670077513E-13,-1.,-8.68707053676634E-14));
#1506=DIRECTION('',(0.,0.,1.));
#1507=DIRECTION('',(-1.64313007644523E-13,-1.,-1.91737025574681E-30));
#1508=DIRECTION('',(-1.64350670077513E-13,-1.,-8.7100478527244E-14));
#1509=DIRECTION('center_axis',(0.,0.,-1.));
#1510=DIRECTION('ref_axis',(-1.,0.,0.));
#1511=DIRECTION('',(1.,-4.81264859614036E-14,0.));
#1512=DIRECTION('',(-1.65386223234995E-13,-1.,0.));
#1513=DIRECTION('center_axis',(1.06116362116053E-13,1.,0.));
#1514=DIRECTION('ref_axis',(1.,-1.06116362116053E-13,0.));
#1515=DIRECTION('',(0.707106781186547,-3.40305645779877E-14,0.707106781186548));
#1516=DIRECTION('',(1.,-1.64187182368399E-13,0.));
#1517=DIRECTION('',(0.,0.,1.));
#1518=DIRECTION('center_axis',(-1.,1.65386223234995E-13,0.));
#1519=DIRECTION('ref_axis',(1.65386223234995E-13,1.,0.));
#1520=DIRECTION('',(-1.6516417863007E-13,-1.,0.));
#1521=DIRECTION('center_axis',(-1.64143871762336E-13,-1.,0.));
#1522=DIRECTION('ref_axis',(1.,-1.64143871762336E-13,0.));
#1523=DIRECTION('',(0.707106781186546,-1.16067244813362E-13,0.707106781186549));
#1524=DIRECTION('',(1.,-1.64143871762336E-13,0.));
#1525=DIRECTION('',(0.,0.,1.));
#1526=DIRECTION('',(-1.,1.64143871762336E-13,1.48029736616688E-15));
#1527=DIRECTION('center_axis',(1.,-1.64973854682991E-13,0.));
#1528=DIRECTION('ref_axis',(1.64973854682991E-13,1.,0.));
#1529=DIRECTION('',(1.64973854682991E-13,1.,0.));
#1530=DIRECTION('',(-1.64973854682991E-13,-1.,-9.39120125263108E-31));
#1531=DIRECTION('center_axis',(-1.16067244813362E-13,-0.707106781186547,
-0.707106781186548));
#1532=DIRECTION('ref_axis',(1.,-1.6560826783992E-13,1.4643960775846E-15));
#1533=DIRECTION('',(0.577350269189563,-0.577350269189705,0.577350269189609));
#1534=DIRECTION('',(-1.,1.64143871762336E-13,0.));
#1535=DIRECTION('',(-0.57735026918934,0.577350269190102,-0.577350269189435));
#1536=DIRECTION('center_axis',(0.707106781186547,-1.16654131364827E-13,
-0.707106781186548));
#1537=DIRECTION('ref_axis',(0.707106781186548,-1.17102729210166E-13,0.707106781186547));
#1538=DIRECTION('',(-1.64973854682991E-13,-1.,0.));
#1539=DIRECTION('',(-0.577350269189698,-0.577350269189577,-0.577350269189603));
#1540=DIRECTION('center_axis',(3.41619720276519E-14,0.707106781186547,-0.707106781186548));
#1541=DIRECTION('ref_axis',(1.,-1.6560826783992E-13,-1.17295943681004E-13));
#1542=DIRECTION('',(-0.577350269189664,-0.577350269189593,-0.57735026918962));
#1543=DIRECTION('',(1.,-4.83123241589157E-14,0.));
#1544=DIRECTION('center_axis',(0.707106781186548,-5.46241342931549E-14,
-0.707106781186547));
#1545=DIRECTION('ref_axis',(0.707106781186547,-1.17102729210166E-13,0.707106781186548));
#1546=DIRECTION('',(-7.72501915502689E-14,-1.,0.));
#1547=DIRECTION('center_axis',(0.,0.,-1.));
#1548=DIRECTION('ref_axis',(1.,-1.6560826783992E-13,0.));
#1549=DIRECTION('',(-7.74799647098498E-14,-1.,0.));
#1550=DIRECTION('center_axis',(0.707106781186549,-5.47866084524293E-14,
-0.707106781186546));
#1551=DIRECTION('ref_axis',(0.707106781186546,-1.17102729210165E-13,0.707106781186549));
#1552=DIRECTION('center_axis',(0.,0.,-1.));
#1553=DIRECTION('ref_axis',(1.,-1.6560826783992E-13,0.));
#1554=DIRECTION('center_axis',(0.,0.,1.));
#1555=DIRECTION('ref_axis',(-1.,1.6560826783992E-13,0.));
#1556=DIRECTION('center_axis',(0.,0.,1.));
#1557=DIRECTION('ref_axis',(-1.,1.6560826783992E-13,0.));
#1558=DIRECTION('',(0.,0.,1.));
#1559=DIRECTION('center_axis',(1.48029736616688E-15,-2.45149482698892E-28,
1.));
#1560=DIRECTION('ref_axis',(-1.,1.6560826783992E-13,0.));
#1561=DIRECTION('center_axis',(2.22044604925035E-15,-3.67724224048344E-28,
1.));
#1562=DIRECTION('ref_axis',(-1.,1.6560826783992E-13,8.70763156568752E-16));
#1563=DIRECTION('center_axis',(-1.48029736616688E-15,2.45149482698892E-28,
-1.));
#1564=DIRECTION('ref_axis',(-1.,1.6560826783992E-13,1.48029736616688E-15));
#1565=DIRECTION('',(-0.111794773067873,1.85278296324273E-14,-0.993731316158801));
#1566=DIRECTION('center_axis',(-1.48029736616688E-15,2.45149482698892E-28,
-1.));
#1567=DIRECTION('ref_axis',(1.,-1.6560826783992E-13,-1.48029736616688E-15));
#1568=DIRECTION('axis',(0.,0.,1.));
#1569=DIRECTION('refdir',(1.,0.,0.));
#1570=DIRECTION('center_axis',(0.,1.,0.));
#1571=DIRECTION('ref_axis',(0.,0.,1.));
#1572=DIRECTION('',(0.,-1.,0.));
#1573=DIRECTION('center_axis',(0.,1.,0.));
#1574=DIRECTION('ref_axis',(-1.,0.,2.289263044934E-14));
#1575=DIRECTION('center_axis',(0.,1.,0.));
#1576=DIRECTION('ref_axis',(0.,0.,1.));
#1577=DIRECTION('',(0.,-1.,0.));
#1578=DIRECTION('center_axis',(0.,1.,0.));
#1579=DIRECTION('ref_axis',(0.,0.,1.));
#1580=DIRECTION('',(0.,-1.,0.));
#1581=DIRECTION('center_axis',(0.,1.,0.));
#1582=DIRECTION('ref_axis',(0.,0.,1.));
#1583=DIRECTION('',(0.,-1.,0.));
#1584=DIRECTION('center_axis',(0.,1.,0.));
#1585=DIRECTION('ref_axis',(0.,0.,1.));
#1586=DIRECTION('',(0.,-1.,0.));
#1587=DIRECTION('center_axis',(0.,1.,0.));
#1588=DIRECTION('ref_axis',(0.,0.,1.));
#1589=DIRECTION('',(0.,-1.,0.));
#1590=DIRECTION('center_axis',(0.,1.,0.));
#1591=DIRECTION('ref_axis',(0.,0.,1.));
#1592=DIRECTION('',(0.,-1.,0.));
#1593=DIRECTION('center_axis',(0.,1.,0.));
#1594=DIRECTION('ref_axis',(0.,0.,1.));
#1595=DIRECTION('',(0.,-1.,0.));
#1596=DIRECTION('center_axis',(0.,1.,0.));
#1597=DIRECTION('ref_axis',(0.,0.,1.));
#1598=DIRECTION('',(0.,-1.,0.));
#1599=DIRECTION('center_axis',(0.,1.,0.));
#1600=DIRECTION('ref_axis',(0.,0.,1.));
#1601=DIRECTION('',(0.,-1.,0.));
#1602=DIRECTION('center_axis',(0.,1.,0.));
#1603=DIRECTION('ref_axis',(0.,0.,1.));
#1604=DIRECTION('',(0.,-1.,0.));
#1605=DIRECTION('center_axis',(0.,1.,0.));
#1606=DIRECTION('ref_axis',(0.,0.,1.));
#1607=DIRECTION('',(0.,-1.,0.));
#1608=DIRECTION('center_axis',(0.,1.,0.));
#1609=DIRECTION('ref_axis',(0.,0.,1.));
#1610=DIRECTION('',(0.,-1.,0.));
#1611=DIRECTION('center_axis',(0.,1.,0.));
#1612=DIRECTION('ref_axis',(0.,0.,1.));
#1613=DIRECTION('',(0.,-1.,0.));
#1614=DIRECTION('center_axis',(0.,1.,0.));
#1615=DIRECTION('ref_axis',(0.,0.,1.));
#1616=DIRECTION('',(0.,-1.,0.));
#1617=DIRECTION('center_axis',(0.,1.,0.));
#1618=DIRECTION('ref_axis',(0.,0.,1.));
#1619=DIRECTION('',(0.,1.,0.));
#1620=DIRECTION('center_axis',(0.,1.,0.));
#1621=DIRECTION('ref_axis',(1.,0.,0.));
#1622=DIRECTION('center_axis',(0.,-1.,0.));
#1623=DIRECTION('ref_axis',(1.,0.,0.));
#1624=DIRECTION('',(0.,0.,1.));
#1625=DIRECTION('',(0.866025403784429,0.,0.500000000000017));
#1626=DIRECTION('',(0.866025403784429,0.,-0.500000000000017));
#1627=DIRECTION('',(0.,0.,-1.));
#1628=DIRECTION('',(-0.866025403784429,0.,-0.500000000000017));
#1629=DIRECTION('',(-0.866025403784429,0.,0.500000000000017));
#1630=DIRECTION('center_axis',(1.,0.,0.));
#1631=DIRECTION('ref_axis',(0.,0.,1.));
#1632=DIRECTION('',(0.,1.,0.));
#1633=DIRECTION('',(0.,0.,1.));
#1634=DIRECTION('',(0.,1.,0.));
#1635=DIRECTION('center_axis',(0.500000000000017,0.,-0.866025403784429));
#1636=DIRECTION('ref_axis',(0.866025403784429,0.,0.500000000000017));
#1637=DIRECTION('',(0.866025403784429,0.,0.500000000000017));
#1638=DIRECTION('',(0.,1.,0.));
#1639=DIRECTION('center_axis',(-0.500000000000017,0.,-0.866025403784429));
#1640=DIRECTION('ref_axis',(0.866025403784429,0.,-0.500000000000017));
#1641=DIRECTION('',(0.866025403784429,0.,-0.500000000000017));
#1642=DIRECTION('',(0.,1.,0.));
#1643=DIRECTION('center_axis',(-1.,0.,0.));
#1644=DIRECTION('ref_axis',(0.,0.,-1.));
#1645=DIRECTION('',(0.,0.,-1.));
#1646=DIRECTION('',(0.,1.,0.));
#1647=DIRECTION('center_axis',(-0.500000000000017,0.,0.866025403784429));
#1648=DIRECTION('ref_axis',(-0.866025403784429,0.,-0.500000000000017));
#1649=DIRECTION('',(-0.866025403784429,0.,-0.500000000000017));
#1650=DIRECTION('',(0.,1.,0.));
#1651=DIRECTION('center_axis',(0.500000000000017,0.,0.866025403784429));
#1652=DIRECTION('ref_axis',(-0.866025403784429,0.,0.500000000000017));
#1653=DIRECTION('',(-0.866025403784429,0.,0.500000000000017));
#1654=DIRECTION('center_axis',(0.,-1.,0.));
#1655=DIRECTION('ref_axis',(0.,0.,1.));
#1656=DIRECTION('center_axis',(0.,1.,0.));
#1657=DIRECTION('ref_axis',(0.,0.,-1.));
#1658=DIRECTION('center_axis',(0.,-1.,0.));
#1659=DIRECTION('ref_axis',(1.,0.,0.));
#1660=DIRECTION('',(-8.65956056235493E-17,-0.707106781186548,-0.707106781186548));
#1661=DIRECTION('center_axis',(0.,-1.,0.));
#1662=DIRECTION('ref_axis',(1.,0.,0.));
#1663=DIRECTION('center_axis',(0.,1.,0.));
#1664=DIRECTION('ref_axis',(1.,0.,0.));
#1665=DIRECTION('center_axis',(0.,1.,0.));
#1666=DIRECTION('ref_axis',(1.,0.,0.));
#1667=DIRECTION('',(0.,-1.,0.));
#1668=DIRECTION('center_axis',(0.,1.,0.));
#1669=DIRECTION('ref_axis',(1.,0.,0.));
#1670=DIRECTION('center_axis',(0.,-1.,0.));
#1671=DIRECTION('ref_axis',(0.,0.,-1.));
#1672=DIRECTION('',(8.65956056235493E-17,0.707106781186548,-0.707106781186548));
#1673=DIRECTION('center_axis',(0.,1.,0.));
#1674=DIRECTION('ref_axis',(1.,0.,0.));
#1675=DIRECTION('center_axis',(0.,1.,0.));
#1676=DIRECTION('ref_axis',(1.,0.,0.));
#1677=DIRECTION('',(-0.554700196225229,0.832050294337844,-2.24823560189512E-14));
#1678=DIRECTION('',(0.554700196225229,0.832050294337844,0.));
#1679=DIRECTION('center_axis',(0.,1.,0.));
#1680=DIRECTION('ref_axis',(0.,0.,1.));
#1681=DIRECTION('center_axis',(0.,1.,0.));
#1682=DIRECTION('ref_axis',(0.,0.,1.));
#1683=DIRECTION('center_axis',(-1.,0.,0.));
#1684=DIRECTION('ref_axis',(0.,0.,-1.));
#1685=DIRECTION('',(0.554700196225229,0.832050294337844,0.));
#1686=DIRECTION('',(-0.554700196225229,0.832050294337844,0.));
#1687=DIRECTION('',(0.,0.832050294337844,0.554700196225229));
#1688=DIRECTION('',(0.,0.832050294337844,-0.554700196225229));
#1689=DIRECTION('center_axis',(0.,1.,0.));
#1690=DIRECTION('ref_axis',(0.,0.,1.));
#1691=DIRECTION('',(0.,0.,1.));
#1692=DIRECTION('',(1.,0.,0.));
#1693=DIRECTION('',(-4.44089209917435E-16,1.,6.90243270596412E-31));
#1694=DIRECTION('',(0.999999999999999,4.44089209850062E-16,-1.48029736616687E-15));
#1695=DIRECTION('',(-6.73715809266558E-26,1.,2.13912782132431E-28));
#1696=DIRECTION('',(0.999999999999999,-8.99263827001786E-42,-1.48029736616689E-15));
#1697=CARTESIAN_POINT('',(0.,0.,0.));
#1698=CARTESIAN_POINT('',(0.,0.,0.));
#1699=CARTESIAN_POINT('Origin',(-94.8651523415912,76.1310957786597,3.89886827810902));
#1700=CARTESIAN_POINT('',(-76.8651523415833,76.1310957786578,4.64886827810512));
#1701=CARTESIAN_POINT('',(-76.8651523415833,76.1310957786577,-10.9999999999994));
#1702=CARTESIAN_POINT('',(-76.8651523415833,76.1310957786578,3.89886827810902));
#1703=CARTESIAN_POINT('',(-94.8651523415912,76.1310957786597,-10.9999999999994));
#1704=CARTESIAN_POINT('',(-25.0247340411891,76.1310957786546,-10.9999999999994));
#1705=CARTESIAN_POINT('',(-94.8651523415912,76.1310957786597,6.89886827810902));
#1706=CARTESIAN_POINT('',(-94.8651523415912,76.1310957786597,-2.99999999999943));
#1707=CARTESIAN_POINT('',(-79.1151523415872,76.131095778658,6.89886827810902));
#1708=CARTESIAN_POINT('',(-79.1151523415872,76.131095778658,6.89886827810902));
#1709=CARTESIAN_POINT('',(-81.0526523415882,76.1310957786582,8.83636827810998));
#1710=CARTESIAN_POINT('Origin',(-77.6151523415882,62.6310957786579,5.39886827810902));
#1711=CARTESIAN_POINT('',(-76.8651523415866,56.1310957786581,4.64886827810688));
#1712=CARTESIAN_POINT('',(-76.8651523415861,59.1310957786578,4.64886827810662));
#1713=CARTESIAN_POINT('',(-76.8651523415858,60.8810957786578,4.64886827810646));
#1714=CARTESIAN_POINT('',(-77.6151523415885,59.1310957786578,5.39886827810902));
#1715=CARTESIAN_POINT('',(-80.3026523415892,59.1310957786581,8.08636827810968));
#1716=CARTESIAN_POINT('',(-79.1151523415886,57.631095778658,6.89886827810902));
#1717=CARTESIAN_POINT('',(-79.1255690082557,57.620679111991,6.90928494477607));
#1718=CARTESIAN_POINT('',(-79.1151523415887,56.131095778658,6.89886827810902));
#1719=CARTESIAN_POINT('',(-79.1151523415882,62.631095778658,6.89886827810902));
#1720=CARTESIAN_POINT('',(-75.5526523415894,56.1310957786576,3.33636827810963));
#1721=CARTESIAN_POINT('Origin',(-76.8651523415801,95.3205478893324,3.89886827810896));
#1722=CARTESIAN_POINT('',(-76.8651523415866,56.1310957786581,-10.9999999999994));
#1723=CARTESIAN_POINT('',(-76.8651523415866,56.1310957786578,3.89886827810902));
#1724=CARTESIAN_POINT('',(-76.8651523415842,70.6602739446706,-10.9999999999994));
#1725=CARTESIAN_POINT('',(-76.8651523415838,73.1310957786575,4.64886827810539));
#1726=CARTESIAN_POINT('',(-76.8651523415837,73.6310957786579,4.64886827810534));
#1727=CARTESIAN_POINT('',(-76.8651523415838,73.1310957786575,3.89886827810902));
#1728=CARTESIAN_POINT('',(-76.8651523415838,73.1310957786575,2.89886827810902));
#1729=CARTESIAN_POINT('',(-76.8651523415861,59.1310957786578,3.89886827810902));
#1730=CARTESIAN_POINT('',(-76.8651523415832,76.6930478893316,3.89886827810903));
#1731=CARTESIAN_POINT('',(-76.8651523415861,59.1310957786578,2.89886827810902));
#1732=CARTESIAN_POINT('Origin',(-23.0000003427267,46.,-10.9999999999994));
#1733=CARTESIAN_POINT('',(-94.865152341591,56.1310957786597,-10.9999999999994));
#1734=CARTESIAN_POINT('',(-25.0247340411872,56.1310957786523,-10.9999999999994));
#1735=CARTESIAN_POINT('',(-94.8651523415911,63.1310957786547,-10.9999999999994));
#1736=CARTESIAN_POINT('Origin',(-72.865152341591,56.1310957786573,3.89886827810902));
#1737=CARTESIAN_POINT('',(-94.865152341591,56.1310957786597,6.89886827810902));
#1738=CARTESIAN_POINT('',(-79.1151523415887,56.131095778658,6.89886827810902));
#1739=CARTESIAN_POINT('',(-94.865152341591,56.1310957786597,-2.99999999999943));
#1740=CARTESIAN_POINT('Origin',(-64.7151523415891,58.0655478893288,3.89886827810901));
#1741=CARTESIAN_POINT('',(-91.8651523415912,73.13109577866,3.89886827810905));
#1742=CARTESIAN_POINT('',(-70.415152341587,73.1310957786564,3.89886827810902));
#1743=CARTESIAN_POINT('',(-91.865152341591,59.1310957786594,3.89886827810905));
#1744=CARTESIAN_POINT('',(-91.8651523415911,65.5983218339939,3.89886827810905));
#1745=CARTESIAN_POINT('',(-78.29015234159,59.1310957786579,3.89886827810903));
#1746=CARTESIAN_POINT('',(-85.3651523415911,66.1310957786589,3.89886827810904));
#1747=CARTESIAN_POINT('Origin',(-83.8651523415911,66.1310957786589,3.89886827810904));
#1748=CARTESIAN_POINT('Origin',(-83.8651523415911,66.1310957786589,1.89886827810902));
#1749=CARTESIAN_POINT('',(-84.9151523415911,66.1310957786589,-0.101131721891005));
#1750=CARTESIAN_POINT('Origin',(-83.8651523415911,66.1310957786589,-0.101131721891005));
#1751=CARTESIAN_POINT('',(-85.1401523415911,66.1310957786589,1.89886827810902));
#1752=CARTESIAN_POINT('Origin',(-83.8651523415911,66.1310957786589,3.89886827810902));
#1753=CARTESIAN_POINT('',(-84.9151523415911,66.1310957786589,-2.99999999999943));
#1754=CARTESIAN_POINT('Origin',(-83.8651523415911,66.1310957786589,-2.99999999999943));
#1755=CARTESIAN_POINT('',(-84.9151523415911,66.1310957786589,3.89886827810902));
#1756=CARTESIAN_POINT('Origin',(-64.7151523415903,58.0655478893288,-2.99999999999943));
#1757=CARTESIAN_POINT('Origin',(-77.6151523415876,71.1310957786578,5.39886827810902));
#1758=CARTESIAN_POINT('',(-79.1151523415873,74.6310957786579,6.89886827810902));
#1759=CARTESIAN_POINT('',(-79.1151523415876,71.1310957786579,6.89886827810902));
#1760=CARTESIAN_POINT('',(-77.6151523415874,73.1310957786576,5.39886827810902));
#1761=CARTESIAN_POINT('',(-78.0630690082542,73.5790124453245,5.84678494477582));
#1762=CARTESIAN_POINT('',(-76.3651523415874,73.1310957786574,4.14886827810898));
#1763=CARTESIAN_POINT('Origin',(-85.49015234159,66.1310957786586,6.89886827810902));
#1764=CARTESIAN_POINT('',(-94.8651523415912,76.1310957786597,6.89886827810902));
#1765=CARTESIAN_POINT('',(-93.365152341591,57.6310957786595,6.89886827810902));
#1766=CARTESIAN_POINT('',(-88.6776523415911,57.631095778659,6.89886827810902));
#1767=CARTESIAN_POINT('',(-93.3651523415912,74.6310957786603,6.89886827810902));
#1768=CARTESIAN_POINT('',(-93.3651523415911,69.6310957786589,6.89886827810902));
#1769=CARTESIAN_POINT('',(-80.8026523415879,74.6310957786582,6.89886827810902));
#1770=CARTESIAN_POINT('Origin',(-88.6776523415909,58.381095778659,6.14886827810902));
#1771=CARTESIAN_POINT('',(-91.865152341591,59.1310957786594,5.39886827810902));
#1772=CARTESIAN_POINT('',(-88.6776523415909,59.131095778659,5.39886827810902));
#1773=CARTESIAN_POINT('',(-93.365152341591,57.6310957786595,6.89886827810902));
#1774=CARTESIAN_POINT('Origin',(-92.6151523415911,69.6310957786589,6.14886827810902));
#1775=CARTESIAN_POINT('',(-91.8651523415912,73.1310957786594,5.39886827810902));
#1776=CARTESIAN_POINT('',(-91.8651523415911,69.6310957786589,5.39886827810902));
#1777=CARTESIAN_POINT('',(-93.3651523415912,74.6310957786603,6.89886827810902));
#1778=CARTESIAN_POINT('Origin',(-80.802652341588,73.8810957786582,6.14886827810902));
#1779=CARTESIAN_POINT('',(-80.8026523415881,73.1310957786582,5.39886827810902));
#1780=CARTESIAN_POINT('Origin',(-91.865152341591,59.1310957786594,1.89886827810902));
#1781=CARTESIAN_POINT('',(-91.865152341591,59.1310957786594,1.89886827810902));
#1782=CARTESIAN_POINT('Origin',(-91.8651523415912,73.1310957786594,1.89886827810902));
#1783=CARTESIAN_POINT('',(-91.8651523415912,73.1310957786594,1.89886827810902));
#1784=CARTESIAN_POINT('Origin',(-76.1151523415874,73.1310957786574,1.89886827810902));
#1785=CARTESIAN_POINT('Origin',(-94.865152341591,56.1310957786597,3.89886827810902));
#1786=CARTESIAN_POINT('Origin',(-72.865152341591,56.1310957786573,3.89886827810902));
#1787=CARTESIAN_POINT('',(-52.5651523415867,56.1310957786559,4.64886827811129));
#1788=CARTESIAN_POINT('',(-52.5651523415867,56.1310957786548,-10.9999999999994));
#1789=CARTESIAN_POINT('',(-52.5651523415867,56.1310957786552,3.89886827810901));
#1790=CARTESIAN_POINT('',(-34.5651523415867,56.131095778655,-10.9999999999994));
#1791=CARTESIAN_POINT('',(-25.0247340411872,56.1310957786523,-10.9999999999994));
#1792=CARTESIAN_POINT('',(-34.5651523415867,56.131095778655,6.89886827810902));
#1793=CARTESIAN_POINT('',(-34.5651523415867,56.131095778655,-5.99999999999943));
#1794=CARTESIAN_POINT('',(-50.3151523415889,56.1310957786558,6.89886827810902));
#1795=CARTESIAN_POINT('',(-34.5651523415867,56.131095778655,6.89886827810902));
#1796=CARTESIAN_POINT('',(-53.8776523415883,56.1310957786559,3.33636827810962));
#1797=CARTESIAN_POINT('Origin',(-37.5651523415839,73.1310957786552,1.89886827810902));
#1798=CARTESIAN_POINT('',(-52.5651523415839,73.1310957786559,4.64886827811278));
#1799=CARTESIAN_POINT('',(-52.5651523415839,73.1310957786559,3.898868278109));
#1800=CARTESIAN_POINT('',(-52.5651523415839,73.1310957786559,2.89886827810901));
#1801=CARTESIAN_POINT('',(-37.5651523415839,73.1310957786552,3.89886827810897));
#1802=CARTESIAN_POINT('',(-51.1401523415861,73.1310957786558,3.89886827810899));
#1803=CARTESIAN_POINT('',(-37.5651523415839,73.1310957786552,5.39886827810902));
#1804=CARTESIAN_POINT('',(-37.5651523415839,73.1310957786552,1.89886827810902));
#1805=CARTESIAN_POINT('',(-51.8151523415876,73.1310957786558,5.39886827810902));
#1806=CARTESIAN_POINT('',(-40.7526523415853,73.1310957786553,5.39886827810902));
#1807=CARTESIAN_POINT('',(-49.1276523415867,73.1310957786557,8.08636827810993));
#1808=CARTESIAN_POINT('Origin',(-52.5651523415895,38.8205478893298,3.89886827810896));
#1809=CARTESIAN_POINT('',(-52.5651523415834,76.1310957786552,-10.9999999999994));
#1810=CARTESIAN_POINT('',(-52.5651523415834,76.1310957786548,4.64886827811304));
#1811=CARTESIAN_POINT('',(-52.5651523415834,76.1310957786552,3.89886827810901));
#1812=CARTESIAN_POINT('',(-52.5651523415889,42.4102739446673,-10.9999999999994));
#1813=CARTESIAN_POINT('',(-52.5651523415862,59.1310957786561,4.64886827811155));
#1814=CARTESIAN_POINT('',(-52.5651523415862,58.6310957786556,4.64886827811151));
#1815=CARTESIAN_POINT('',(-52.5651523415862,59.1310957786561,3.898868278109));
#1816=CARTESIAN_POINT('',(-52.5651523415862,59.1310957786561,2.89886827810901));
#1817=CARTESIAN_POINT('',(-52.5651523415879,48.4430478893283,3.89886827810899));
#1818=CARTESIAN_POINT('',(-52.5651523415841,71.381095778656,4.64886827811264));
#1819=CARTESIAN_POINT('Origin',(-23.0000003427267,46.,-10.9999999999994));
#1820=CARTESIAN_POINT('',(-34.5651523415834,76.131095778655,-10.9999999999994));
#1821=CARTESIAN_POINT('',(-25.0247340411891,76.1310957786546,-10.9999999999994));
#1822=CARTESIAN_POINT('',(-34.5651523415867,56.0655478893281,-10.9999999999994));
#1823=CARTESIAN_POINT('Origin',(-94.8651523415912,76.1310957786597,3.89886827810902));
#1824=CARTESIAN_POINT('',(-50.3151523415874,76.1310957786558,6.89886827810902));
#1825=CARTESIAN_POINT('',(-48.3776523415864,76.1310957786557,8.83636827810998));
#1826=CARTESIAN_POINT('',(-34.5651523415834,76.131095778655,6.89886827810902));
#1827=CARTESIAN_POINT('',(-50.3151523415874,76.1310957786558,6.89886827810902));
#1828=CARTESIAN_POINT('',(-34.5651523415834,76.131095778655,3.89886827810902));
#1829=CARTESIAN_POINT('Origin',(-34.5651523415867,56.131095778655,3.89886827810902));
#1830=CARTESIAN_POINT('',(-34.5651523415834,76.131095778655,6.89886827810902));
#1831=CARTESIAN_POINT('Origin',(-53.3151523415887,59.1310957786562,1.89886827810902));
#1832=CARTESIAN_POINT('',(-51.8151523415887,59.131095778656,5.39886827810902));
#1833=CARTESIAN_POINT('',(-53.0651523415887,59.1310957786562,4.14886827810898));
#1834=CARTESIAN_POINT('',(-37.5651523415862,59.1310957786551,5.39886827810902));
#1835=CARTESIAN_POINT('',(-48.6276523415884,59.1310957786555,5.39886827810902));
#1836=CARTESIAN_POINT('',(-37.5651523415862,59.1310957786537,3.89886827810897));
#1837=CARTESIAN_POINT('',(-37.5651523415862,59.1310957786551,1.89886827810902));
#1838=CARTESIAN_POINT('',(-59.0151523415888,59.1310957786572,3.898868278109));
#1839=CARTESIAN_POINT('Origin',(-37.5651523415862,59.1310957786551,1.89886827810902));
#1840=CARTESIAN_POINT('',(-37.5651523415856,62.6310957786549,5.39886827810902));
#1841=CARTESIAN_POINT('',(-37.5651523415863,58.5983218339897,3.89886827810897));
#1842=CARTESIAN_POINT('Origin',(-48.6276523415885,58.3810957786555,6.14886827810902));
#1843=CARTESIAN_POINT('',(-50.3151523415888,57.6310957786557,6.89886827810902));
#1844=CARTESIAN_POINT('',(-51.367235674922,58.6831791119893,5.84678494477569));
#1845=CARTESIAN_POINT('',(-36.0651523415864,57.6310957786534,6.89886827810902));
#1846=CARTESIAN_POINT('',(-48.6276523415887,57.6310957786555,6.89886827810902));
#1847=CARTESIAN_POINT('',(-36.0651523415864,57.6310957786534,6.89886827810902));
#1848=CARTESIAN_POINT('Origin',(-36.8151523415856,62.6310957786547,6.14886827810902));
#1849=CARTESIAN_POINT('',(-36.0651523415836,74.6310957786551,6.89886827810902));
#1850=CARTESIAN_POINT('',(-36.0651523415856,62.6310957786546,6.89886827810902));
#1851=CARTESIAN_POINT('',(-36.0651523415836,74.6310957786551,6.89886827810902));
#1852=CARTESIAN_POINT('Origin',(-40.7526523415852,73.8810957786553,6.14886827810902));
#1853=CARTESIAN_POINT('',(-50.3151523415875,74.6310957786558,6.89886827810902));
#1854=CARTESIAN_POINT('',(-50.3047356749204,74.6415124453229,6.90928494477611));
#1855=CARTESIAN_POINT('',(-40.7526523415852,74.6310957786553,6.89886827810902));
#1856=CARTESIAN_POINT('Origin',(-51.8151523415879,69.631095778656,5.39886827810902));
#1857=CARTESIAN_POINT('',(-50.3151523415879,69.6310957786559,6.89886827810902));
#1858=CARTESIAN_POINT('Origin',(-43.940152341587,66.1310957786556,6.89886827810902));
#1859=CARTESIAN_POINT('',(-50.3151523415885,61.1310957786561,6.89886827810902));
#1860=CARTESIAN_POINT('Origin',(-51.8151523415885,61.1310957786562,5.39886827810902));
#1861=CARTESIAN_POINT('Origin',(-64.7151523415903,58.0655478893288,-2.99999999999943));
#1862=CARTESIAN_POINT('',(-44.515152341585,66.1310957786558,-2.99999999999943));
#1863=CARTESIAN_POINT('Origin',(-45.565152341585,66.1310957786559,-2.99999999999943));
#1864=CARTESIAN_POINT('Origin',(-45.565152341585,66.1310957786559,3.89886827810902));
#1865=CARTESIAN_POINT('',(-44.515152341585,66.1310957786558,-0.101131721890953));
#1866=CARTESIAN_POINT('',(-44.515152341585,66.1310957786558,3.89886827810902));
#1867=CARTESIAN_POINT('Origin',(-45.565152341585,66.1310957786559,-0.101131721890953));
#1868=CARTESIAN_POINT('Origin',(-45.565152341585,66.1310957786559,1.89886827810901));
#1869=CARTESIAN_POINT('',(-44.065152341585,66.1310957786557,3.89886827810898));
#1870=CARTESIAN_POINT('Origin',(-45.565152341585,66.1310957786559,3.89886827810898));
#1871=CARTESIAN_POINT('',(-44.290152341585,66.1310957786557,1.89886827810901));
#1872=CARTESIAN_POINT('Origin',(-64.7151523415891,58.0655478893288,3.89886827810901));
#1873=CARTESIAN_POINT('',(0.,0.,0.));
#1874=CARTESIAN_POINT('Origin',(0.,2.,0.));
#1875=CARTESIAN_POINT('',(4.57793090172741E-9,2.30016834527485,-0.9));
#1876=CARTESIAN_POINT('',(-2.25162097417657E-16,2.19992436994969,-0.9));
#1877=CARTESIAN_POINT('',(-1.10218211923262E-16,2.,-0.9));
#1878=CARTESIAN_POINT('',(-0.899996742168635,2.00000418166416,-9.13412044511295E-6));
#1879=CARTESIAN_POINT('Ctrl Pts',(-0.899999999945806,2.0000162772889,-9.87665064085578E-6));
#1880=CARTESIAN_POINT('Ctrl Pts',(-0.900000765277454,2.00505143203023,0.0697302111258709));
#1881=CARTESIAN_POINT('Ctrl Pts',(-0.891896918636078,2.01043868725109,0.139235862108178));
#1882=CARTESIAN_POINT('Ctrl Pts',(-0.868276140155117,2.0179806343626,0.239117759532197));
#1883=CARTESIAN_POINT('Ctrl Pts',(-0.858962479341675,2.02034226870871,0.270674670870329));
#1884=CARTESIAN_POINT('Ctrl Pts',(-0.828242763830928,2.02675372752746,0.357026351785222));
#1885=CARTESIAN_POINT('Ctrl Pts',(-0.803171242497476,2.03063166763051,0.410329595848669));
#1886=CARTESIAN_POINT('Ctrl Pts',(-0.760403174189528,2.03617835458356,0.482078610853258));
#1887=CARTESIAN_POINT('Ctrl Pts',(-0.746857596205249,2.03782848445035,0.502808432284617));
#1888=CARTESIAN_POINT('Ctrl Pts',(-0.721402717705044,2.04082518411257,0.538461976104954));
#1889=CARTESIAN_POINT('Ctrl Pts',(-0.709840602001724,2.042155970064,0.553614956854954));
#1890=CARTESIAN_POINT('Ctrl Pts',(-0.677534194211084,2.04583390293746,0.593277011180572));
#1891=CARTESIAN_POINT('Ctrl Pts',(-0.655948701787995,2.04823214166222,0.617058430745357));
#1892=CARTESIAN_POINT('Ctrl Pts',(-0.605236374508143,2.05359109938895,0.667256042932654));
#1893=CARTESIAN_POINT('Ctrl Pts',(-0.575550327838863,2.05655002035378,0.693025305083197));
#1894=CARTESIAN_POINT('Ctrl Pts',(-0.518085120784346,2.06185209854032,0.73666078506511));
#1895=CARTESIAN_POINT('Ctrl Pts',(-0.490823812448509,2.06421434266887,0.755098569679607));
#1896=CARTESIAN_POINT('Ctrl Pts',(-0.412201527302584,2.07062612862624,0.802211515804689));
#1897=CARTESIAN_POINT('Ctrl Pts',(-0.358960896690079,2.07450389124882,0.827406200569262));
#1898=CARTESIAN_POINT('Ctrl Pts',(-0.280327793601871,2.08005076116198,0.855587162527968));
#1899=CARTESIAN_POINT('Ctrl Pts',(-0.256686192447877,2.08170129190442,0.862974551952029));
#1900=CARTESIAN_POINT('Ctrl Pts',(-0.214361478525306,2.0846985360784,0.874306815628857));
#1901=CARTESIAN_POINT('Ctrl Pts',(-0.195800629792443,2.08602945072489,0.87864975090159));
#1902=CARTESIAN_POINT('Ctrl Pts',(-0.145614545866149,2.08970974161338,0.888723000441794));
#1903=CARTESIAN_POINT('Ctrl Pts',(-0.113802244532609,2.09211038046442,0.893353695889126));
#1904=CARTESIAN_POINT('Ctrl Pts',(-0.0427283238774859,2.0974705400288,0.899841489571025));
#1905=CARTESIAN_POINT('Ctrl Pts',(-0.00344709078148807,2.10042820992147,
0.900849094374388));
#1906=CARTESIAN_POINT('Ctrl Pts',(0.0686268418252547,2.10572851189461,0.897981719875152));
#1907=CARTESIAN_POINT('Ctrl Pts',(0.101383380519633,2.10809020095042,0.894875847639896));
#1908=CARTESIAN_POINT('Ctrl Pts',(0.192020996459362,2.11450197032843,0.881239048984655));
#1909=CARTESIAN_POINT('Ctrl Pts',(0.24913905614055,2.11838014951112,0.866824426128533));
#1910=CARTESIAN_POINT('Ctrl Pts',(0.327748263473586,2.12392718505872,0.83856659228725));
#1911=CARTESIAN_POINT('Ctrl Pts',(0.350687566881701,2.12557742133044,0.829235128627707));
#1912=CARTESIAN_POINT('Ctrl Pts',(0.390552821552918,2.12857423612367,0.811068232528341));
#1913=CARTESIAN_POINT('Ctrl Pts',(0.407637454287643,2.12990502375032,0.802617536619981));
#1914=CARTESIAN_POINT('Ctrl Pts',(0.452780465589302,2.13358576143551,0.778474500324571));
#1915=CARTESIAN_POINT('Ctrl Pts',(0.480283464286746,2.13598702600365,0.761813691646757));
#1916=CARTESIAN_POINT('Ctrl Pts',(0.539263966513536,2.14134753714071,0.721619374632686));
#1917=CARTESIAN_POINT('Ctrl Pts',(0.570217126598656,2.14430491888226,0.697418907941377));
#1918=CARTESIAN_POINT('Ctrl Pts',(0.624014152499816,2.14960492765529,0.649374433887107));
#1919=CARTESIAN_POINT('Ctrl Pts',(0.647318910949922,2.15196659867852,0.626146632423117));
#1920=CARTESIAN_POINT('Ctrl Pts',(0.708582691270422,2.15837688685187,0.557998643740191));
#1921=CARTESIAN_POINT('Ctrl Pts',(0.743486201032465,2.16225380102017,0.510569012757889));
#1922=CARTESIAN_POINT('Ctrl Pts',(0.786180903626229,2.16779995444305,0.43878559454791));
#1923=CARTESIAN_POINT('Ctrl Pts',(0.797954794391097,2.16945065558253,0.4169906131362));
#1924=CARTESIAN_POINT('Ctrl Pts',(0.817173731779361,2.17244808193195,0.377611382987173));
#1925=CARTESIAN_POINT('Ctrl Pts',(0.824986308940981,2.173778999151,0.360223367730966));
#1926=CARTESIAN_POINT('Ctrl Pts',(0.844487747463791,2.17746232727594,0.31285036108883));
#1927=CARTESIAN_POINT('Ctrl Pts',(0.855128828089533,2.1798662385978,0.282469821126029));
#1928=CARTESIAN_POINT('Ctrl Pts',(0.875086161208617,2.18522820514573,0.213923175765161));
#1929=CARTESIAN_POINT('Ctrl Pts',(0.88357909656216,2.18818433856916,0.175577480686348));
#1930=CARTESIAN_POINT('Ctrl Pts',(0.894539219265969,2.19348277474461,0.104307789012179));
#1931=CARTESIAN_POINT('Ctrl Pts',(0.897752418832927,2.19584408097197,0.0715659401022312));
#1932=CARTESIAN_POINT('Ctrl Pts',(0.901693119720026,2.20225201768467,-0.0199545161441849));
#1933=CARTESIAN_POINT('Ctrl Pts',(0.898471651320796,2.20612718632474,-0.0787266700321315));
#1934=CARTESIAN_POINT('Ctrl Pts',(0.885781695163959,2.21167207206087,-0.161258974505912));
#1935=CARTESIAN_POINT('Ctrl Pts',(0.881007973957311,2.21332335552658,-0.185575947234942));
#1936=CARTESIAN_POINT('Ctrl Pts',(0.870797292097674,2.21632151841147,-0.228200413796718));
#1937=CARTESIAN_POINT('Ctrl Pts',(0.865769366002156,2.21765256615208,-0.246590303944697));
#1938=CARTESIAN_POINT('Ctrl Pts',(0.85067591784653,2.2213407126961,-0.295617329240048));
#1939=CARTESIAN_POINT('Ctrl Pts',(0.839543681461667,2.22374967359131,-0.325891295500691));
#1940=CARTESIAN_POINT('Ctrl Pts',(0.811329504829917,2.22911440842597,-0.391511171247343));
#1941=CARTESIAN_POINT('Ctrl Pts',(0.793508109751834,2.23206815270758,-0.426476258215611));
#1942=CARTESIAN_POINT('Ctrl Pts',(0.75665896074234,2.2373636031153,-0.488412961016881));
#1943=CARTESIAN_POINT('Ctrl Pts',(0.738320077410587,2.23972423397519,-0.515717001761092));
#1944=CARTESIAN_POINT('Ctrl Pts',(0.683197582666046,2.24612727958889,-0.588797780997017));
#1945=CARTESIAN_POINT('Ctrl Pts',(0.643378777472544,2.24999875111076,-0.632064906641085));
#1946=CARTESIAN_POINT('Ctrl Pts',(0.581138061359984,2.25554096218447,-0.687672303632362));
#1947=CARTESIAN_POINT('Ctrl Pts',(0.561976685950221,2.25719349072879,-0.703417842959924));
#1948=CARTESIAN_POINT('Ctrl Pts',(0.526972923142283,2.26019323869047,-0.729837710973925));
#1949=CARTESIAN_POINT('Ctrl Pts',(0.511394631346585,2.26152457660999,-0.740836755197213));
#1950=CARTESIAN_POINT('Ctrl Pts',(0.468457736195794,2.26522231403831,-0.769152043775202));
#1951=CARTESIAN_POINT('Ctrl Pts',(0.44049950567854,2.26764129400436,-0.785498126513198));
#1952=CARTESIAN_POINT('Ctrl Pts',(0.376920856314396,2.27301153737953,-0.818206935916675));
#1953=CARTESIAN_POINT('Ctrl Pts',(0.340982245679183,2.27596056222644,-0.833824673121585));
#1954=CARTESIAN_POINT('Ctrl Pts',(0.273223166781157,2.28125011441823,-0.858153870532075));
#1955=CARTESIAN_POINT('Ctrl Pts',(0.24172058858854,2.28360941099661,-0.867554424745044));
#1956=CARTESIAN_POINT('Ctrl Pts',(0.152832083818513,2.29000275742901,-0.888859068719073));
#1957=CARTESIAN_POINT('Ctrl Pts',(0.0947041321574479,2.29386689106868,-0.896916804514338));
#1958=CARTESIAN_POINT('Ctrl Pts',(0.0241357412064592,2.29855651572111,-0.899757287500624));
#1959=CARTESIAN_POINT('Ctrl Pts',(0.0120676233759348,2.29935964363049,-0.899999999877234));
#1960=CARTESIAN_POINT('Ctrl Pts',(9.15586191367304E-9,2.30016834527485,
-0.9));
#1961=CARTESIAN_POINT('',(0.000570663923879675,2.,0.899999819079249));
#1962=CARTESIAN_POINT('Origin',(0.,2.,0.));
#1963=CARTESIAN_POINT('Ctrl Pts',(-3.40105982912064E-16,2.19992436994969,
-0.9));
#1964=CARTESIAN_POINT('Ctrl Pts',(0.0355306807084131,2.19741953336409,-0.9));
#1965=CARTESIAN_POINT('Ctrl Pts',(0.0710489647990829,2.19493835193947,-0.897895940883973));
#1966=CARTESIAN_POINT('Ctrl Pts',(0.164666203416466,2.18832543881356,-0.886753582062744));
#1967=CARTESIAN_POINT('Ctrl Pts',(0.222142619026136,2.18411555526791,-0.874127372889661));
#1968=CARTESIAN_POINT('Ctrl Pts',(0.331470847068042,2.17593922906094,-0.838624263244328));
#1969=CARTESIAN_POINT('Ctrl Pts',(0.38321954156537,2.17201384257699,-0.816275985121709));
#1970=CARTESIAN_POINT('Ctrl Pts',(0.484029504602764,2.16395045684246,-0.76102714357099));
#1971=CARTESIAN_POINT('Ctrl Pts',(0.532627090416025,2.15974057305868,-0.727842284085529));
#1972=CARTESIAN_POINT('Ctrl Pts',(0.62077545997455,2.15156423239223,-0.654065307894193));
#1973=CARTESIAN_POINT('Ctrl Pts',(0.66042805985146,2.14763883269646,-0.614002035849101));
#1974=CARTESIAN_POINT('Ctrl Pts',(0.733297966950568,2.13957543391564,-0.525091388387805));
#1975=CARTESIAN_POINT('Ctrl Pts',(0.765978981049215,2.13536555091717,-0.47615355555848));
#1976=CARTESIAN_POINT('Ctrl Pts',(0.820181985708075,2.12718920781999,-0.374786761514307));
#1977=CARTESIAN_POINT('Ctrl Pts',(0.84199598235469,2.12326380468377,-0.322810308871927));
#1978=CARTESIAN_POINT('Ctrl Pts',(0.876372887388683,2.1152004013773,-0.213113653817928));
#1979=CARTESIAN_POINT('Ctrl Pts',(0.888404563815197,2.11099051578334,-0.155509908057006));
#1980=CARTESIAN_POINT('Ctrl Pts',(0.900812373419988,2.1028143562501,-0.0412356126765304));
#1981=CARTESIAN_POINT('Ctrl Pts',(0.901628908474994,2.0988891294477,0.0151242528181253));
#1982=CARTESIAN_POINT('Ctrl Pts',(0.892535673416538,2.09082590760343,0.129718884916836));
#1983=CARTESIAN_POINT('Ctrl Pts',(0.88217606177075,2.08661602936757,0.187647134338482));
#1984=CARTESIAN_POINT('Ctrl Pts',(0.850989154444478,2.07843865479022,0.298299673257069));
#1985=CARTESIAN_POINT('Ctrl Pts',(0.830683462466747,2.0745122750416,0.3508993359001));
#1986=CARTESIAN_POINT('Ctrl Pts',(0.779424828636133,2.06644788035689,0.453810101060631));
#1987=CARTESIAN_POINT('Ctrl Pts',(0.748172439934601,2.0622379877037,0.503670332936991));
#1988=CARTESIAN_POINT('Ctrl Pts',(0.677951641781741,2.054066449648,0.594590320991116));
#1989=CARTESIAN_POINT('Ctrl Pts',(0.639525025410278,2.05014557841578,0.635738898486858));
#1990=CARTESIAN_POINT('Ctrl Pts',(0.516596106726628,2.03861581447085,0.744873402133059));
#1991=CARTESIAN_POINT('Ctrl Pts',(0.423387678851462,2.03087218949014,0.801529772845581));
#1992=CARTESIAN_POINT('Ctrl Pts',(0.219651026971088,2.01558613083008,0.879691367344978));
#1993=CARTESIAN_POINT('Ctrl Pts',(0.110586119686411,2.00770457666759,0.899930061452564));
#1994=CARTESIAN_POINT('Ctrl Pts',(0.000570663921384785,1.99999999999981,
0.899999819079253));
#1995=CARTESIAN_POINT('Origin',(0.,2.,0.));
#1996=CARTESIAN_POINT('',(-1.00538167344356E-8,2.70000108859691,-0.9));
#1997=CARTESIAN_POINT('',(1.68472538819596E-16,2.59997850096253,-0.9));
#1998=CARTESIAN_POINT('',(-1.10218211923262E-16,2.,-0.9));
#1999=CARTESIAN_POINT('Ctrl Pts',(9.15586191367304E-9,2.30016834527485,
-0.9));
#2000=CARTESIAN_POINT('Ctrl Pts',(-0.012756470434487,2.30102321068841,-0.900000000129774));
#2001=CARTESIAN_POINT('Ctrl Pts',(-0.0255123873553421,2.30188430317532,
-0.899728786600408));
#2002=CARTESIAN_POINT('Ctrl Pts',(-0.0573187918121623,2.3040617158969,-0.898375471523823));
#2003=CARTESIAN_POINT('Ctrl Pts',(-0.0763462064160557,2.30539363294528,
-0.896958867530592));
#2004=CARTESIAN_POINT('Ctrl Pts',(-0.127749861579066,2.30910994371223,-0.891484060468685));
#2005=CARTESIAN_POINT('Ctrl Pts',(-0.159968642617274,2.31154831704549,-0.886269422575616));
#2006=CARTESIAN_POINT('Ctrl Pts',(-0.229958968442073,2.31692925935622,-0.871000508904732));
#2007=CARTESIAN_POINT('Ctrl Pts',(-0.267510520665747,2.31986920410377,-0.860210258362821));
#2008=CARTESIAN_POINT('Ctrl Pts',(-0.335130625336792,2.32514740530339,-0.835921306259117));
#2009=CARTESIAN_POINT('Ctrl Pts',(-0.36538880451587,2.32750413214136,-0.823145518598514));
#2010=CARTESIAN_POINT('Ctrl Pts',(-0.447294958738147,2.33387861844858,-0.783153083197157));
#2011=CARTESIAN_POINT('Ctrl Pts',(-0.49708831085181,2.33772845387062,-0.752532581581837));
#2012=CARTESIAN_POINT('Ctrl Pts',(-0.563427119804839,2.34325507252901,-0.70226083467895));
#2013=CARTESIAN_POINT('Ctrl Pts',(-0.582644288112402,2.34491492965321,-0.686400644878024));
#2014=CARTESIAN_POINT('Ctrl Pts',(-0.615389056808085,2.34792401845504,-0.657009131708275));
#2015=CARTESIAN_POINT('Ctrl Pts',(-0.629189834169528,2.34925707607829,-0.643804990703515));
#2016=CARTESIAN_POINT('Ctrl Pts',(-0.665726337819941,2.35300790481782,-0.606550044729942));
#2017=CARTESIAN_POINT('Ctrl Pts',(-0.687568945497555,2.35548228314037,-0.581672629290959));
#2018=CARTESIAN_POINT('Ctrl Pts',(-0.731955618744274,2.36088321582102,-0.52511685065394));
#2019=CARTESIAN_POINT('Ctrl Pts',(-0.753922566176926,2.36380649465849,-0.493059883734321));
#2020=CARTESIAN_POINT('Ctrl Pts',(-0.790485259225625,2.36906385922611,-0.431516354904645));
#2021=CARTESIAN_POINT('Ctrl Pts',(-0.805669646562129,2.3714158675584,-0.402455319761025));
#2022=CARTESIAN_POINT('Ctrl Pts',(-0.843207246438895,2.37775494394233,-0.319927009796756));
#2023=CARTESIAN_POINT('Ctrl Pts',(-0.862035189915102,2.38157781463918,-0.265042709643224));
#2024=CARTESIAN_POINT('Ctrl Pts',(-0.881273039769088,2.38708513593374,-0.184351598463178));
#2025=CARTESIAN_POINT('Ctrl Pts',(-0.886062736417327,2.38875421900106,-0.159750807453991));
#2026=CARTESIAN_POINT('Ctrl Pts',(-0.892689692284053,2.39177509773723,-0.116065766160303));
#2027=CARTESIAN_POINT('Ctrl Pts',(-0.894955380443519,2.3931103531647,-0.0970620507114207));
#2028=CARTESIAN_POINT('Ctrl Pts',(-0.899551693808831,2.39692173641072,-0.0442260934930382));
#2029=CARTESIAN_POINT('Ctrl Pts',(-0.90057887639386,2.39945916718565,-0.0103177643658135));
#2030=CARTESIAN_POINT('Ctrl Pts',(-0.898684552239154,2.40489547481455,0.0620086387061413));
#2031=CARTESIAN_POINT('Ctrl Pts',(-0.895214394291762,2.40779013471475,0.10035301671391));
#2032=CARTESIAN_POINT('Ctrl Pts',(-0.884279187607053,2.41301171137512,0.170638161317675));
#2033=CARTESIAN_POINT('Ctrl Pts',(-0.877503366573523,2.41535561218731,0.202621457018311));
#2034=CARTESIAN_POINT('Ctrl Pts',(-0.85413930252441,2.42163129595998,0.289325039866752));
#2035=CARTESIAN_POINT('Ctrl Pts',(-0.834061610153466,2.42540550616553,0.34293546042842));
#2036=CARTESIAN_POINT('Ctrl Pts',(-0.797941277228607,2.43087839674304,0.417050199398413));
#2037=CARTESIAN_POINT('Ctrl Pts',(-0.785893355116622,2.43256440351981,0.439331984930304));
#2038=CARTESIAN_POINT('Ctrl Pts',(-0.763083887534239,2.43560699246818,0.477568689765459));
#2039=CARTESIAN_POINT('Ctrl Pts',(-0.752719846451971,2.43694636852118,0.493742580881601));
#2040=CARTESIAN_POINT('Ctrl Pts',(-0.721892816951226,2.44085751344581,0.538620983921814));
#2041=CARTESIAN_POINT('Ctrl Pts',(-0.700253564811351,2.44349856441103,0.566468263026802));
#2042=CARTESIAN_POINT('Ctrl Pts',(-0.652078655820183,2.4489938855611,0.621473067395367));
#2043=CARTESIAN_POINT('Ctrl Pts',(-0.625339938590334,2.45184292850287,0.648371685203527));
#2044=CARTESIAN_POINT('Ctrl Pts',(-0.572650880167465,2.45700746008606,0.695074228546116));
#2045=CARTESIAN_POINT('Ctrl Pts',(-0.547165619619733,2.45933844123287,0.7153094018789));
#2046=CARTESIAN_POINT('Ctrl Pts',(-0.475139428781773,2.46550511737636,0.766390011348055));
#2047=CARTESIAN_POINT('Ctrl Pts',(-0.426744585273115,2.4691944829454,0.794355577590856));
#2048=CARTESIAN_POINT('Ctrl Pts',(-0.352623947779107,2.47460861646383,0.828445572508122));
#2049=CARTESIAN_POINT('Ctrl Pts',(-0.328731795636667,2.47632504759262,0.838212934878432));
#2050=CARTESIAN_POINT('Ctrl Pts',(-0.286258231770299,2.47940690643228,0.853481188646006));
#2051=CARTESIAN_POINT('Ctrl Pts',(-0.267856355211454,2.48075394856627,0.859434072583351));
#2052=CARTESIAN_POINT('Ctrl Pts',(-0.213357973545003,2.48482535086298,0.87514318685851));
#2053=CARTESIAN_POINT('Ctrl Pts',(-0.176833889557876,2.48763245434986,0.883247702086431));
#2054=CARTESIAN_POINT('Ctrl Pts',(-0.103356111724621,2.49322405153693,0.894811266375789));
#2055=CARTESIAN_POINT('Ctrl Pts',(-0.06647310194857,2.49600305303815,0.898304810965192));
#2056=CARTESIAN_POINT('Ctrl Pts',(0.00279259328908323,2.50108007000838,
0.900574607775707));
#2057=CARTESIAN_POINT('Ctrl Pts',(0.0350983198058582,2.5033912937094,0.899895027937872));
#2058=CARTESIAN_POINT('Ctrl Pts',(0.120491749600494,2.50936447843828,0.893491312061305));
#2059=CARTESIAN_POINT('Ctrl Pts',(0.173218350246836,2.51289956646118,0.884783034045021));
#2060=CARTESIAN_POINT('Ctrl Pts',(0.250751640963985,2.51821143717112,0.864776292772325));
#2061=CARTESIAN_POINT('Ctrl Pts',(0.276320386106621,2.51998660884462,0.856948807338028));
#2062=CARTESIAN_POINT('Ctrl Pts',(0.319966717715879,2.52314498336021,0.841430560812527));
#2063=CARTESIAN_POINT('Ctrl Pts',(0.338212496485899,2.5245075791446,0.834264012444923));
#2064=CARTESIAN_POINT('Ctrl Pts',(0.382431679749228,2.52795966809221,0.815206241077192));
#2065=CARTESIAN_POINT('Ctrl Pts',(0.408096914884846,2.53008135183022,0.802665421098341));
#2066=CARTESIAN_POINT('Ctrl Pts',(0.469684546378013,2.5353467903894,0.768853928444084));
#2067=CARTESIAN_POINT('Ctrl Pts',(0.504813468918775,2.53850048999408,0.746259936428525));
#2068=CARTESIAN_POINT('Ctrl Pts',(0.565126778856495,2.5440452005609,0.701253397914494));
#2069=CARTESIAN_POINT('Ctrl Pts',(0.590864341243803,2.54646181963933,0.679709149044718));
#2070=CARTESIAN_POINT('Ctrl Pts',(0.644970578808829,2.55166129604739,0.62901612104504));
#2071=CARTESIAN_POINT('Ctrl Pts',(0.672687052971,2.55440572412239,0.599283829212915));
#2072=CARTESIAN_POINT('Ctrl Pts',(0.721498368368801,2.55955987853385,0.539251097416776));
#2073=CARTESIAN_POINT('Ctrl Pts',(0.742920491624792,2.56197303066977,0.509333364893093));
#2074=CARTESIAN_POINT('Ctrl Pts',(0.774416025977364,2.56597274961018,0.459115275034411));
#2075=CARTESIAN_POINT('Ctrl Pts',(0.785659252488494,2.56751707283789,0.439598063302977));
#2076=CARTESIAN_POINT('Ctrl Pts',(0.807893205829231,2.57090571716968,0.397419014695088));
#2077=CARTESIAN_POINT('Ctrl Pts',(0.818688093767517,2.57275837321905,0.374676950591324));
#2078=CARTESIAN_POINT('Ctrl Pts',(0.846266767277656,2.5780230639591,0.309674603675876));
#2079=CARTESIAN_POINT('Ctrl Pts',(0.860825768827564,2.58147354414172,0.266543495918467));
#2080=CARTESIAN_POINT('Ctrl Pts',(0.880595626063285,2.58738444044297,0.189056505664656));
#2081=CARTESIAN_POINT('Ctrl Pts',(0.887197876077513,2.58988083772541,0.155150218658673));
#2082=CARTESIAN_POINT('Ctrl Pts',(0.897245035076393,2.59513915760753,0.0810621353716892));
#2083=CARTESIAN_POINT('Ctrl Pts',(0.899972610994198,2.59786839097791,0.0408619449115053));
#2084=CARTESIAN_POINT('Ctrl Pts',(0.900032775365982,2.60381224455834,-0.0482303761322809));
#2085=CARTESIAN_POINT('Ctrl Pts',(0.896090603117434,2.60699294568452,-0.096982059317368));
#2086=CARTESIAN_POINT('Ctrl Pts',(0.885222317166155,2.61162386409058,-0.163480111368292));
#2087=CARTESIAN_POINT('Ctrl Pts',(0.881665232050212,2.6129276301093,-0.181688367104028));
#2088=CARTESIAN_POINT('Ctrl Pts',(0.868568250976313,2.61718766804237,-0.23921791366254));
#2089=CARTESIAN_POINT('Ctrl Pts',(0.85694199109032,2.62024117484221,-0.278003641372782));
#2090=CARTESIAN_POINT('Ctrl Pts',(0.825422401426689,2.62699028709605,-0.362097639282013));
#2091=CARTESIAN_POINT('Ctrl Pts',(0.80432041555977,2.63066167900836,-0.406825829215188));
#2092=CARTESIAN_POINT('Ctrl Pts',(0.763284303702772,2.63652600966202,-0.477985821484905));
#2093=CARTESIAN_POINT('Ctrl Pts',(0.745378887080486,2.63880005904159,-0.505454434288313));
#2094=CARTESIAN_POINT('Ctrl Pts',(0.70306943412198,2.64366166013206,-0.563205510109118));
#2095=CARTESIAN_POINT('Ctrl Pts',(0.678123620811004,2.6462228144977,-0.59300553159151));
#2096=CARTESIAN_POINT('Ctrl Pts',(0.628500017681202,2.65099792172217,-0.645044387989607));
#2097=CARTESIAN_POINT('Ctrl Pts',(0.604368540760636,2.65320499420769,-0.667706982554553));
#2098=CARTESIAN_POINT('Ctrl Pts',(0.564424061910798,2.65684570512964,-0.701277699274707));
#2099=CARTESIAN_POINT('Ctrl Pts',(0.549417523910041,2.6582172246741,-0.713095317880151));
#2100=CARTESIAN_POINT('Ctrl Pts',(0.51399755715551,2.66144058779079,-0.739207067045484));
#2101=CARTESIAN_POINT('Ctrl Pts',(0.493341990202839,2.66330614902304,-0.753149461515591));
#2102=CARTESIAN_POINT('Ctrl Pts',(0.42250458759693,2.6695575093965,-0.796798881772783));
#2103=CARTESIAN_POINT('Ctrl Pts',(0.370006869031554,2.67393106615556,-0.822494024669904));
#2104=CARTESIAN_POINT('Ctrl Pts',(0.284647475417711,2.68043596959099,-0.854431217044434));
#2105=CARTESIAN_POINT('Ctrl Pts',(0.253304180810816,2.68271304771188,-0.864242084024073));
#2106=CARTESIAN_POINT('Ctrl Pts',(0.183668078538735,2.68759066498923,-0.881923333986303));
#2107=CARTESIAN_POINT('Ctrl Pts',(0.145260198577893,2.69016420698107,-0.889056987303164));
#2108=CARTESIAN_POINT('Ctrl Pts',(0.074104852802241,2.69492364976274,-0.897537479195507));
#2109=CARTESIAN_POINT('Ctrl Pts',(0.0415169584728153,2.69710197366269,-0.899633721535586));
#2110=CARTESIAN_POINT('Ctrl Pts',(0.0059278429986122,2.69958501255223,-0.899985359802163));
#2111=CARTESIAN_POINT('Ctrl Pts',(0.00296380021930171,2.69979261593714,
-0.900000000033272));
#2112=CARTESIAN_POINT('Ctrl Pts',(-1.01033495934504E-8,2.70000108789322,
-0.9));
#2113=CARTESIAN_POINT('Ctrl Pts',(4.47163289562431E-16,2.59997850096253,
-0.9));
#2114=CARTESIAN_POINT('Ctrl Pts',(0.0264159562335326,2.59809256262173,-0.9));
#2115=CARTESIAN_POINT('Ctrl Pts',(0.0528340244162398,2.59620285004766,-0.898836996999618));
#2116=CARTESIAN_POINT('Ctrl Pts',(0.135258077386928,2.59031710270129,-0.891557534197105));
#2117=CARTESIAN_POINT('Ctrl Pts',(0.190749636134926,2.58638803127665,-0.881353665554272));
#2118=CARTESIAN_POINT('Ctrl Pts',(0.301417756805865,2.57832094980093,-0.850055315032415));
#2119=CARTESIAN_POINT('Ctrl Pts',(0.356208499512944,2.57411110258342,-0.828589971829318));
#2120=CARTESIAN_POINT('Ctrl Pts',(0.458601573460056,2.56593737055291,-0.776430508905899));
#2121=CARTESIAN_POINT('Ctrl Pts',(0.50618776929475,2.5620143412003,-0.74627997719193));
#2122=CARTESIAN_POINT('Ctrl Pts',(0.597090742085269,2.5539533199687,-0.675965700645053));
#2123=CARTESIAN_POINT('Ctrl Pts',(0.639901230652445,2.54974341378855,-0.635588334410503));
#2124=CARTESIAN_POINT('Ctrl Pts',(0.71544176001864,2.54156541551887,-0.54891633478971));
#2125=CARTESIAN_POINT('Ctrl Pts',(0.748352023737627,2.53763850891831,-0.503125656826316));
#2126=CARTESIAN_POINT('Ctrl Pts',(0.80642387891141,2.5295735985286,-0.403890246834299));
#2127=CARTESIAN_POINT('Ctrl Pts',(0.831045191720324,2.52536372971259,-0.350442330257995));
#2128=CARTESIAN_POINT('Ctrl Pts',(0.868715747718982,2.51718846651156,-0.241857299732958));
#2129=CARTESIAN_POINT('Ctrl Pts',(0.882126644979958,2.51326404601397,-0.187122178397164));
#2130=CARTESIAN_POINT('Ctrl Pts',(0.898920212826837,2.50520162926242,-0.073412328238029));
#2131=CARTESIAN_POINT('Ctrl Pts',(0.901793691768082,2.50099173629494,-0.0146352216415577));
#2132=CARTESIAN_POINT('Ctrl Pts',(0.896173825578962,2.49281471827118,0.10018521101459));
#2133=CARTESIAN_POINT('Ctrl Pts',(0.888161993247492,2.48888870285729,0.155990382432916));
#2134=CARTESIAN_POINT('Ctrl Pts',(0.861249387171698,2.48082468631334,0.267761719520424));
#2135=CARTESIAN_POINT('Ctrl Pts',(0.841954498045515,2.47661480875997,0.323355225737348));
#2136=CARTESIAN_POINT('Ctrl Pts',(0.793848632821648,2.46843891606889,0.427746751919963));
#2137=CARTESIAN_POINT('Ctrl Pts',(0.765575647520846,2.464513923513,0.476504970739184));
#2138=CARTESIAN_POINT('Ctrl Pts',(0.698864764121747,2.45645093293698,0.57011835095185));
#2139=CARTESIAN_POINT('Ctrl Pts',(0.660198119958354,2.45224104546538,0.614479021898023));
#2140=CARTESIAN_POINT('Ctrl Pts',(0.576569630014751,2.44406443088777,0.693348012415829));
#2141=CARTESIAN_POINT('Ctrl Pts',(0.532120571595237,2.44013878221032,0.728019110601237));
#2142=CARTESIAN_POINT('Ctrl Pts',(0.435258020574479,2.43207513351074,0.789935008622403));
#2143=CARTESIAN_POINT('Ctrl Pts',(0.382818129574386,2.42786525238778,0.816637174878936));
#2144=CARTESIAN_POINT('Ctrl Pts',(0.275785370033733,2.41968910079494,0.858548629154904));
#2145=CARTESIAN_POINT('Ctrl Pts',(0.221607701074954,2.41576387293549,0.874101521194331));
#2146=CARTESIAN_POINT('Ctrl Pts',(0.108633313906214,2.40770064633502,0.895346684182475));
#2147=CARTESIAN_POINT('Ctrl Pts',(0.0500145737961368,2.40349076113467,0.90052460129011));
#2148=CARTESIAN_POINT('Ctrl Pts',(-0.0649301422236943,2.39531431256581,
0.89941527413616));
#2149=CARTESIAN_POINT('Ctrl Pts',(-0.120999314030284,2.39138881478258,0.893601168462292));
#2150=CARTESIAN_POINT('Ctrl Pts',(-0.233734140667951,2.3833253174354,0.871100006190355));
#2151=CARTESIAN_POINT('Ctrl Pts',(-0.290042664999367,2.37911543484811,0.854003076788562));
#2152=CARTESIAN_POINT('Ctrl Pts',(-0.396247385590275,2.37093917675472,0.810031780896886));
#2153=CARTESIAN_POINT('Ctrl Pts',(-0.446082324942591,2.36701385209812,0.783692643576379));
#2154=CARTESIAN_POINT('Ctrl Pts',(-0.542246093477137,2.35895052840488,0.720705245857286));
#2155=CARTESIAN_POINT('Ctrl Pts',(-0.588090274394054,2.35474064414065,0.683809797989066));
#2156=CARTESIAN_POINT('Ctrl Pts',(-0.67017891390777,2.34656426387234,0.603343915959343));
#2157=CARTESIAN_POINT('Ctrl Pts',(-0.706566298803336,2.34263882816954,0.560292643649484));
#2158=CARTESIAN_POINT('Ctrl Pts',(-0.772235948152171,2.33457539309166,0.465938314102913));
#2159=CARTESIAN_POINT('Ctrl Pts',(-0.800976557238258,2.33036550990266,0.414587216759804));
#2160=CARTESIAN_POINT('Ctrl Pts',(-0.8470590232684,2.32218920799833,0.309280701993158));
#2161=CARTESIAN_POINT('Ctrl Pts',(-0.864727586788481,2.31826384352184,0.255753525372705));
#2162=CARTESIAN_POINT('Ctrl Pts',(-0.890391853563146,2.3102004798873,0.143698373570513));
#2163=CARTESIAN_POINT('Ctrl Pts',(-0.897866981530374,2.30599059600852,0.0853281448640236));
#2164=CARTESIAN_POINT('Ctrl Pts',(-0.901270891433559,2.29781424383444,-0.0295701914585708));
#2165=CARTESIAN_POINT('Ctrl Pts',(-0.897662593342365,2.29388883366684,-0.0858231206924289));
#2166=CARTESIAN_POINT('Ctrl Pts',(-0.879605116238588,2.28582542420183,-0.199353236325216));
#2167=CARTESIAN_POINT('Ctrl Pts',(-0.864732116054814,2.28161554076529,-0.256289629491984));
#2168=CARTESIAN_POINT('Ctrl Pts',(-0.824964177868637,2.27343922086561,-0.36413963448754));
#2169=CARTESIAN_POINT('Ctrl Pts',(-0.800601516463609,2.26951384003402,-0.414970967145337));
#2170=CARTESIAN_POINT('Ctrl Pts',(-0.741437535683548,2.26145045999484,-0.513534083957867));
#2171=CARTESIAN_POINT('Ctrl Pts',(-0.706370329916662,2.25724057627482,-0.56079137394603));
#2172=CARTESIAN_POINT('Ctrl Pts',(-0.629189545567337,2.24906423553658,-0.645975320575406));
#2173=CARTESIAN_POINT('Ctrl Pts',(-0.587600406421436,2.2451388357591,-0.684024476887534));
#2174=CARTESIAN_POINT('Ctrl Pts',(-0.495897451496219,2.237075436715,-0.753347590035102));
#2175=CARTESIAN_POINT('Ctrl Pts',(-0.445714303821035,2.23286555317728,-0.784082117227243));
#2176=CARTESIAN_POINT('Ctrl Pts',(-0.342297890842676,2.22468922632544,-0.834263586858642));
#2177=CARTESIAN_POINT('Ctrl Pts',(-0.289505339181655,2.22076383918857,-0.854020117201366));
#2178=CARTESIAN_POINT('Ctrl Pts',(-0.178543830690427,2.21270045282655,-0.884063897566992));
#2179=CARTESIAN_POINT('Ctrl Pts',(-0.120512079819549,2.20849056916568,-0.893824841033851));
#2180=CARTESIAN_POINT('Ctrl Pts',(-0.0413190182688947,2.20284414226609,
-0.899288799132039));
#2181=CARTESIAN_POINT('Ctrl Pts',(-0.0206573848366765,2.20138067115952,
-0.9));
#2182=CARTESIAN_POINT('Ctrl Pts',(-3.40105982912064E-16,2.19992436994969,
-0.9));
#2183=CARTESIAN_POINT('Origin',(0.,2.,0.));
#2184=CARTESIAN_POINT('',(4.3988598502809E-9,3.1001270113143,-0.9));
#2185=CARTESIAN_POINT('',(4.43488920408951E-8,2.99995497445651,-0.899999999999996));
#2186=CARTESIAN_POINT('',(-1.10218211923262E-16,2.,-0.9));
#2187=CARTESIAN_POINT('Ctrl Pts',(-1.01033495934504E-8,2.70000108789322,
-0.9));
#2188=CARTESIAN_POINT('Ctrl Pts',(-0.0161170293263597,2.7011347456371,-0.899999999819071));
#2189=CARTESIAN_POINT('Ctrl Pts',(-0.0322270026903738,2.70229653318814,
-0.899567114968358));
#2190=CARTESIAN_POINT('Ctrl Pts',(-0.0731170869377413,2.70529572287838,
-0.897368825765606));
#2191=CARTESIAN_POINT('Ctrl Pts',(-0.0978518953725693,2.7071555493053,-0.895009373395125));
#2192=CARTESIAN_POINT('Ctrl Pts',(-0.180426830276174,2.71341751996531,-0.883668594089802));
#2193=CARTESIAN_POINT('Ctrl Pts',(-0.237497312088227,2.71780794129667,-0.870070117093656));
#2194=CARTESIAN_POINT('Ctrl Pts',(-0.323909635773067,2.72432967497974,-0.840334071064816));
#2195=CARTESIAN_POINT('Ctrl Pts',(-0.354361262892334,2.72660840360383,-0.827953740907758));
#2196=CARTESIAN_POINT('Ctrl Pts',(-0.41946157222634,2.73149472390621,-0.797234753040619));
#2197=CARTESIAN_POINT('Ctrl Pts',(-0.45372524242398,2.73407499226874,-0.778244681230696));
#2198=CARTESIAN_POINT('Ctrl Pts',(-0.513894251748568,2.73882611848871,-0.739568852358106));
#2199=CARTESIAN_POINT('Ctrl Pts',(-0.540175536621569,2.74098899143858,-0.72059643740003));
#2200=CARTESIAN_POINT('Ctrl Pts',(-0.580214483665806,2.74457894517303,-0.688269558524573));
#2201=CARTESIAN_POINT('Ctrl Pts',(-0.594665405221486,2.74594803200711,-0.675822836412314));
#2202=CARTESIAN_POINT('Ctrl Pts',(-0.626975589121628,2.7491605621256,-0.64615529576096));
#2203=CARTESIAN_POINT('Ctrl Pts',(-0.644541051402404,2.75101746295625,-0.628634824627981));
#2204=CARTESIAN_POINT('Ctrl Pts',(-0.701122331147795,2.75728488076556,-0.567331098472486));
#2205=CARTESIAN_POINT('Ctrl Pts',(-0.736590055100267,2.76168394495105,-0.520456689103841));
#2206=CARTESIAN_POINT('Ctrl Pts',(-0.784426229874963,2.76821431504633,-0.442442412903182));
#2207=CARTESIAN_POINT('Ctrl Pts',(-0.800057472166842,2.77049390344995,-0.413507362720146));
#2208=CARTESIAN_POINT('Ctrl Pts',(-0.830783533915087,2.77538474886803,-0.348330912530352));
#2209=CARTESIAN_POINT('Ctrl Pts',(-0.845161634011968,2.77796851295724,-0.311829492455016));
#2210=CARTESIAN_POINT('Ctrl Pts',(-0.866957323417132,2.78271537035309,-0.243775185393301));
#2211=CARTESIAN_POINT('Ctrl Pts',(-0.875138659652269,2.78487025859791,-0.212539691697431));
#2212=CARTESIAN_POINT('Ctrl Pts',(-0.885458275094425,2.78845108226292,-0.162256863157813));
#2213=CARTESIAN_POINT('Ctrl Pts',(-0.888696041106138,2.78981975785406,-0.143466413524245));
#2214=CARTESIAN_POINT('Ctrl Pts',(-0.894765115467467,2.79303045177834,-0.10004753625167));
#2215=CARTESIAN_POINT('Ctrl Pts',(-0.897180367947838,2.79488588333252,-0.0753748157247532));
#2216=CARTESIAN_POINT('Ctrl Pts',(-0.901876051567025,2.80115604390349,0.00795443767781476));
#2217=CARTESIAN_POINT('Ctrl Pts',(-0.89943997788296,2.80555945709827,0.0667412720922012));
#2218=CARTESIAN_POINT('Ctrl Pts',(-0.886733084671998,2.8120941729982,0.157431692342974));
#2219=CARTESIAN_POINT('Ctrl Pts',(-0.880392528814922,2.8143741950134,0.18970976658155));
#2220=CARTESIAN_POINT('Ctrl Pts',(-0.862643943954897,2.81926732546125,0.259583083749029));
#2221=CARTESIAN_POINT('Ctrl Pts',(-0.850514661835094,2.82185285521038,0.296922338926087));
#2222=CARTESIAN_POINT('Ctrl Pts',(-0.824059431839651,2.82659756785233,0.363267603189284));
#2223=CARTESIAN_POINT('Ctrl Pts',(-0.810534412350074,2.82874843234608,0.39251843347659));
#2224=CARTESIAN_POINT('Ctrl Pts',(-0.786554709138558,2.83232465866188,0.437830153750001));
#2225=CARTESIAN_POINT('Ctrl Pts',(-0.777106063108171,2.83369312923106,0.454388973987116));
#2226=CARTESIAN_POINT('Ctrl Pts',(-0.75418667335169,2.83690290794901,0.49174802258743));
#2227=CARTESIAN_POINT('Ctrl Pts',(-0.740367187042207,2.83875760723904,0.512318200391968));
#2228=CARTESIAN_POINT('Ctrl Pts',(-0.690994175300745,2.84502914127744,0.57963266847726));
#2229=CARTESIAN_POINT('Ctrl Pts',(-0.651712637396753,2.84943472888649,0.623474626236305));
#2230=CARTESIAN_POINT('Ctrl Pts',(-0.584209346303034,2.85597161699098,0.685404983673652));
#2231=CARTESIAN_POINT('Ctrl Pts',(-0.558786187748319,2.85825185542113,0.706285386758449));
#2232=CARTESIAN_POINT('Ctrl Pts',(-0.500638735108069,2.86314612617688,0.748932527052232));
#2233=CARTESIAN_POINT('Ctrl Pts',(-0.467519807272752,2.86573253700924,0.770041827645187));
#2234=CARTESIAN_POINT('Ctrl Pts',(-0.404924559861287,2.87047618754844,0.8044074794481));
#2235=CARTESIAN_POINT('Ctrl Pts',(-0.37591309454437,2.87262505185272,0.818366723714581));
#2236=CARTESIAN_POINT('Ctrl Pts',(-0.328622127291218,2.87619900754343,0.838075780137654));
#2237=CARTESIAN_POINT('Ctrl Pts',(-0.310801102386033,2.87756739136008,0.84484661902746));
#2238=CARTESIAN_POINT('Ctrl Pts',(-0.269360772008373,2.88077677158874,0.85910315284147));
#2239=CARTESIAN_POINT('Ctrl Pts',(-0.245618693485695,2.88263114916308,0.866189796902333));
#2240=CARTESIAN_POINT('Ctrl Pts',(-0.16470102571165,2.88890328327487,0.886747992828316));
#2241=CARTESIAN_POINT('Ctrl Pts',(-0.106493187473153,2.8933098223394,0.895606288751084));
#2242=CARTESIAN_POINT('Ctrl Pts',(-0.014999804842008,2.89984770363206,0.900475267687505));
#2243=CARTESIAN_POINT('Ctrl Pts',(0.0179011952131566,2.90212807634582,0.900422538779426));
#2244=CARTESIAN_POINT('Ctrl Pts',(0.0899070120498408,2.90702299007762,0.896357304407833));
#2245=CARTESIAN_POINT('Ctrl Pts',(0.128898230074338,2.90960988679939,0.891585692622491));
#2246=CARTESIAN_POINT('Ctrl Pts',(0.199050628929603,2.91435295755302,0.87830122269202));
#2247=CARTESIAN_POINT('Ctrl Pts',(0.230300621182826,2.91650072487436,0.870629239293973));
#2248=CARTESIAN_POINT('Ctrl Pts',(0.279313591157435,2.92007337225439,0.855772971075031));
#2249=CARTESIAN_POINT('Ctrl Pts',(0.297371531782753,2.92144164228013,0.849666553172418));
#2250=CARTESIAN_POINT('Ctrl Pts',(0.338413984457202,2.9246505616907,0.834319600578967));
#2251=CARTESIAN_POINT('Ctrl Pts',(0.361239599235963,2.9265045824523,0.824693292602048));
#2252=CARTESIAN_POINT('Ctrl Pts',(0.436770500317681,2.93277734610653,0.789101688688143));
#2253=CARTESIAN_POINT('Ctrl Pts',(0.48733763579517,2.93718490693048,0.758916971027351));
#2254=CARTESIAN_POINT('Ctrl Pts',(0.561053818675502,2.94372360250365,0.704485088922146));
#2255=CARTESIAN_POINT('Ctrl Pts',(0.586410949191439,2.94600388654946,0.683522732516506));
#2256=CARTESIAN_POINT('Ctrl Pts',(0.639395588521955,2.9508986686821,0.634596668248609));
#2257=CARTESIAN_POINT('Ctrl Pts',(0.666452659999668,2.95348552049689,0.606119307542326));
#2258=CARTESIAN_POINT('Ctrl Pts',(0.712145367959186,2.9582285537987,0.551256004858408));
#2259=CARTESIAN_POINT('Ctrl Pts',(0.731384201180505,2.960376329003,0.525462478209226));
#2260=CARTESIAN_POINT('Ctrl Pts',(0.759764261927874,2.9639491301319,0.482826890378628));
#2261=CARTESIAN_POINT('Ctrl Pts',(0.769818476303963,2.96531755079846,0.466629052261608));
#2262=CARTESIAN_POINT('Ctrl Pts',(0.791737426220943,2.96852701661575,0.428678599389398));
#2263=CARTESIAN_POINT('Ctrl Pts',(0.80323392902049,2.97038144325455,0.406729151954739));
#2264=CARTESIAN_POINT('Ctrl Pts',(0.838887675112767,2.97665370039093,0.331234156336363));
#2265=CARTESIAN_POINT('Ctrl Pts',(0.85871400314266,2.98106030749019,0.275793131395042));
#2266=CARTESIAN_POINT('Ctrl Pts',(0.88099086929201,2.9875986668686,0.186912209754155));
#2267=CARTESIAN_POINT('Ctrl Pts',(0.887231457823491,2.98987942309317,0.154602476082401));
#2268=CARTESIAN_POINT('Ctrl Pts',(0.897011959426234,2.99477563973618,0.0831283480132172));
#2269=CARTESIAN_POINT('Ctrl Pts',(0.899783877844171,2.99736342163132,0.0439302094437798));
#2270=CARTESIAN_POINT('Ctrl Pts',(0.900154816770431,3.00210576396161,-0.0274556169035347));
#2271=CARTESIAN_POINT('Ctrl Pts',(0.898600807232294,3.00425186752262,-0.0595697350786665));
#2272=CARTESIAN_POINT('Ctrl Pts',(0.893395012878466,3.00782271125995,-0.110493555767732));
#2273=CARTESIAN_POINT('Ctrl Pts',(0.890854788642748,3.00919100495894,-0.129386397195632));
#2274=CARTESIAN_POINT('Ctrl Pts',(0.883640236005989,3.01239996744216,-0.172606971344621));
#2275=CARTESIAN_POINT('Ctrl Pts',(0.878556870546436,3.01425400444309,-0.196852514889388));
#2276=CARTESIAN_POINT('Ctrl Pts',(0.858069383272974,3.02052606994896,-0.277787317678935));
#2277=CARTESIAN_POINT('Ctrl Pts',(0.838116566612983,3.02493290411353,-0.333185346280723));
#2278=CARTESIAN_POINT('Ctrl Pts',(0.798794480186258,3.03147082575755,-0.41594218591992));
#2279=CARTESIAN_POINT('Ctrl Pts',(0.783070213215241,3.0337510010382,-0.444839368702636));
#2280=CARTESIAN_POINT('Ctrl Pts',(0.745184443385452,3.03864554069699,-0.506201177717734));
#2281=CARTESIAN_POINT('Ctrl Pts',(0.722409735963636,3.04123226155907,-0.53820421149886));
#2282=CARTESIAN_POINT('Ctrl Pts',(0.677306094945411,3.04597467968842,-0.59354037399962));
#2283=CARTESIAN_POINT('Ctrl Pts',(0.655674422657841,3.04812196570169,-0.617352598882844));
#2284=CARTESIAN_POINT('Ctrl Pts',(0.619279524889501,3.05169243556576,-0.653341738414396));
#2285=CARTESIAN_POINT('Ctrl Pts',(0.605323850045645,3.0530589532972,-0.666292139098948));
#2286=CARTESIAN_POINT('Ctrl Pts',(0.572342809281959,3.05626137364436,-0.695006269833826));
#2287=CARTESIAN_POINT('Ctrl Pts',(0.553056462565684,3.05811053552498,-0.710449442084452));
#2288=CARTESIAN_POINT('Ctrl Pts',(0.485683795659388,3.06439354402817,-0.759989514762423));
#2289=CARTESIAN_POINT('Ctrl Pts',(0.434880828783077,3.06881674887626,-0.790161064406085));
#2290=CARTESIAN_POINT('Ctrl Pts',(0.351746536008337,3.07536627117072,-0.829067114254673));
#2291=CARTESIAN_POINT('Ctrl Pts',(0.321269000323187,3.07764366484424,-0.841346916016406));
#2292=CARTESIAN_POINT('Ctrl Pts',(0.253114575658551,3.08253024715022,-0.864561483861442));
#2293=CARTESIAN_POINT('Ctrl Pts',(0.215259566703136,3.08511195097496,-0.874755384701047));
#2294=CARTESIAN_POINT('Ctrl Pts',(0.14514417474856,3.0898614126669,-0.888807933696266));
#2295=CARTESIAN_POINT('Ctrl Pts',(0.113111477323907,3.09202107597357,-0.893449280456287));
#2296=CARTESIAN_POINT('Ctrl Pts',(0.0617769096659731,3.09561651440454,-0.898082629342203));
#2297=CARTESIAN_POINT('Ctrl Pts',(0.0426071739170052,3.09699505502792,-0.899195770227317));
#2298=CARTESIAN_POINT('Ctrl Pts',(0.0156139906601695,3.09897244358029,-0.899898425029779));
#2299=CARTESIAN_POINT('Ctrl Pts',(0.0078067310644762,3.09954829639772,-0.899999999923688));
#2300=CARTESIAN_POINT('Ctrl Pts',(8.79771981078002E-9,3.1001270113143,-0.9));
#2301=CARTESIAN_POINT('Ctrl Pts',(4.45656972912067E-8,2.9999549775483,-0.899999999999999));
#2302=CARTESIAN_POINT('Ctrl Pts',(0.0439382909362728,2.99687676615202,-0.89999999782429));
#2303=CARTESIAN_POINT('Ctrl Pts',(0.0878359279079233,2.9937979420925,-0.896782531877998));
#2304=CARTESIAN_POINT('Ctrl Pts',(0.187091200401952,2.98664061110548,-0.882140787995321));
#2305=CARTESIAN_POINT('Ctrl Pts',(0.241948516818952,2.98261963543314,-0.868698545042767));
#2306=CARTESIAN_POINT('Ctrl Pts',(0.350658671415497,2.97452666057906,-0.83095503372808));
#2307=CARTESIAN_POINT('Ctrl Pts',(0.404107458714402,2.97044907174675,-0.80631559438851));
#2308=CARTESIAN_POINT('Ctrl Pts',(0.503150765236352,2.96226097476606,-0.748319278481483));
#2309=CARTESIAN_POINT('Ctrl Pts',(0.548776645785525,2.95826101227485,-0.715532930803662));
#2310=CARTESIAN_POINT('Ctrl Pts',(0.635327120359189,2.95018908407351,-0.640160709259791));
#2311=CARTESIAN_POINT('Ctrl Pts',(0.675717630821327,2.94611297328919,-0.597370803112936));
#2312=CARTESIAN_POINT('Ctrl Pts',(0.746251526449904,2.93789355957674,-0.506263423797268));
#2313=CARTESIAN_POINT('Ctrl Pts',(0.776565143071815,2.93386086034025,-0.458411758877293));
#2314=CARTESIAN_POINT('Ctrl Pts',(0.828814282416792,2.92575618992586,-0.355690045935028));
#2315=CARTESIAN_POINT('Ctrl Pts',(0.850250051137989,2.9216778261683,-0.300870861093328));
#2316=CARTESIAN_POINT('Ctrl Pts',(0.881342798300436,2.91350759416781,-0.19065204340371));
#2317=CARTESIAN_POINT('Ctrl Pts',(0.891466278802838,2.90952621824973,-0.135653747230266));
#2318=CARTESIAN_POINT('Ctrl Pts',(0.901652785969058,2.90147300257123,-0.0216115185088566));
#2319=CARTESIAN_POINT('Ctrl Pts',(0.90114356656768,2.89739830143903,0.0372154660831683));
#2320=CARTESIAN_POINT('Ctrl Pts',(0.888866825969026,2.88915176787975,0.152167622924591));
#2321=CARTESIAN_POINT('Ctrl Pts',(0.877467603572162,2.88509054983118,0.208063955167493));
#2322=CARTESIAN_POINT('Ctrl Pts',(0.843732488766463,2.87695755689774,0.318693619969065));
#2323=CARTESIAN_POINT('Ctrl Pts',(0.821142245564311,2.87287744495271,0.373062249821184));
#2324=CARTESIAN_POINT('Ctrl Pts',(0.767385050236266,2.86475229025926,0.473456468787847));
#2325=CARTESIAN_POINT('Ctrl Pts',(0.736939488152469,2.86081754656059,0.519578426871113));
#2326=CARTESIAN_POINT('Ctrl Pts',(0.665795964750442,2.85281173159173,0.608404519558852));
#2327=CARTESIAN_POINT('Ctrl Pts',(0.624743828985271,2.84874104513642,0.650488586139274));
#2328=CARTESIAN_POINT('Ctrl Pts',(0.535081736272045,2.84037892735214,0.726030451994726));
#2329=CARTESIAN_POINT('Ctrl Pts',(0.486691930594895,2.83619868949514,0.759318450322742));
#2330=CARTESIAN_POINT('Ctrl Pts',(0.383967114621243,2.82794869633068,0.816103036175582));
#2331=CARTESIAN_POINT('Ctrl Pts',(0.329865846347836,2.82386131732641,0.839430334414903));
#2332=CARTESIAN_POINT('Ctrl Pts',(0.167712872521992,2.81171203942637,0.891231308060111));
#2333=CARTESIAN_POINT('Ctrl Pts',(0.0561572004885191,2.80403456414307,0.905134823333394));
#2334=CARTESIAN_POINT('Ctrl Pts',(-0.114447330699793,2.79184919293583,0.894672146026306));
#2335=CARTESIAN_POINT('Ctrl Pts',(-0.173302719791868,2.78760322479954,0.885157339550811));
#2336=CARTESIAN_POINT('Ctrl Pts',(-0.287594433041029,2.77929073175986,0.854835278942182));
#2337=CARTESIAN_POINT('Ctrl Pts',(-0.342783638368344,2.77520556290187,0.8342380695414));
#2338=CARTESIAN_POINT('Ctrl Pts',(-0.441940022727127,2.76732768508307,0.785718675207277));
#2339=CARTESIAN_POINT('Ctrl Pts',(-0.486273620695359,2.76364323048544,0.759080597581289));
#2340=CARTESIAN_POINT('Ctrl Pts',(-0.566771746523225,2.75664259917988,0.700751667517969));
#2341=CARTESIAN_POINT('Ctrl Pts',(-0.603167510642019,2.75332794833737,0.669680299706829));
#2342=CARTESIAN_POINT('Ctrl Pts',(-0.670651580931207,2.74656926389712,0.602084190718499));
#2343=CARTESIAN_POINT('Ctrl Pts',(-0.701638241629702,2.74313832343932,0.565670318564804));
#2344=CARTESIAN_POINT('Ctrl Pts',(-0.7595368597651,2.73611537133961,0.485509449994742));
#2345=CARTESIAN_POINT('Ctrl Pts',(-0.785893822241829,2.73254450641776,0.441572968797817));
#2346=CARTESIAN_POINT('Ctrl Pts',(-0.834210646883452,2.7248377828737,0.342850141361167));
#2347=CARTESIAN_POINT('Ctrl Pts',(-0.854810916063703,2.72062796752108,0.287664794927088));
#2348=CARTESIAN_POINT('Ctrl Pts',(-0.88514150630907,2.71221395651597,0.173384098579107));
#2349=CARTESIAN_POINT('Ctrl Pts',(-0.894662521237779,2.70806776905125,0.11452755948062));
#2350=CARTESIAN_POINT('Ctrl Pts',(-0.901770857640949,2.69992709354455,-0.00123155615038817));
#2351=CARTESIAN_POINT('Ctrl Pts',(-0.899915548678841,2.69587277833115,-0.0578221456194746));
#2352=CARTESIAN_POINT('Ctrl Pts',(-0.885613105432755,2.68783077243551,-0.169965979354697));
#2353=CARTESIAN_POINT('Ctrl Pts',(-0.873185014336555,2.68388370843907,-0.225271078058399));
#2354=CARTESIAN_POINT('Ctrl Pts',(-0.837448096010194,2.67579859362356,-0.334852964093972));
#2355=CARTESIAN_POINT('Ctrl Pts',(-0.813832524530232,2.67158894703787,-0.38874359044881));
#2356=CARTESIAN_POINT('Ctrl Pts',(-0.757745780090767,2.66342804774168,-0.488837550499663));
#2357=CARTESIAN_POINT('Ctrl Pts',(-0.725844074394389,2.65951665892325,-0.535061980148404));
#2358=CARTESIAN_POINT('Ctrl Pts',(-0.652140427913823,2.65146731915115,-0.623025169959219));
#2359=CARTESIAN_POINT('Ctrl Pts',(-0.610119263191586,2.6472573107109,-0.664229716720593));
#2360=CARTESIAN_POINT('Ctrl Pts',(-0.520476421195107,2.63907115961358,-0.736398299777415));
#2361=CARTESIAN_POINT('Ctrl Pts',(-0.473339736949785,2.63513683364763,-0.767546595977503));
#2362=CARTESIAN_POINT('Ctrl Pts',(-0.371800817917217,2.62706448361404,-0.821711996097738));
#2363=CARTESIAN_POINT('Ctrl Pts',(-0.317427077513067,2.62285469105176,-0.844207105891184));
#2364=CARTESIAN_POINT('Ctrl Pts',(-0.207511305716172,2.61468468735202,-0.877549592411793));
#2365=CARTESIAN_POINT('Ctrl Pts',(-0.152359847641472,2.61076504341231,-0.888786155440084));
#2366=CARTESIAN_POINT('Ctrl Pts',(-0.0644430337698594,2.60456261379406,
-0.898269451562681));
#2367=CARTESIAN_POINT('Ctrl Pts',(-0.0322226857512803,2.60227900441447,
-0.9));
#2368=CARTESIAN_POINT('Ctrl Pts',(4.47163289562431E-16,2.59997850096253,
-0.9));
#2369=CARTESIAN_POINT('Origin',(0.,2.,0.));
#2370=CARTESIAN_POINT('',(4.52853802930094E-8,3.5000773266108,-0.899999999999995));
#2371=CARTESIAN_POINT('',(-3.91034651125951E-16,3.39993778589041,-0.9));
#2372=CARTESIAN_POINT('',(-1.10218211923262E-16,2.,-0.9));
#2373=CARTESIAN_POINT('',(-0.900224663334747,3.20033661944836,-4.66374051425678E-6));
#2374=CARTESIAN_POINT('Ctrl Pts',(4.55101529558784E-8,3.50007732979155,
-0.899999999999999));
#2375=CARTESIAN_POINT('Ctrl Pts',(0.0473311609841754,3.49673630786924,-0.899999997606614));
#2376=CARTESIAN_POINT('Ctrl Pts',(0.0946001794953184,3.4933525311996,-0.896266230830474));
#2377=CARTESIAN_POINT('Ctrl Pts',(0.199349223532058,3.48578588179686,-0.879606165720084));
#2378=CARTESIAN_POINT('Ctrl Pts',(0.256288680768364,3.48170885552192,-0.864733095040866));
#2379=CARTESIAN_POINT('Ctrl Pts',(0.364145951112595,3.4736240770587,-0.82496124592372));
#2380=CARTESIAN_POINT('Ctrl Pts',(0.414973940848789,3.46961129785975,-0.80059927843));
#2381=CARTESIAN_POINT('Ctrl Pts',(0.513530761823649,3.46141091706819,-0.741440002757709));
#2382=CARTESIAN_POINT('Ctrl Pts',(0.560790867152893,3.45733388945589,-0.706371586493059));
#2383=CARTESIAN_POINT('Ctrl Pts',(0.645980087042414,3.44924909174495,-0.629184462934673));
#2384=CARTESIAN_POINT('Ctrl Pts',(0.684026398020396,3.44523629331843,-0.587597220272237));
#2385=CARTESIAN_POINT('Ctrl Pts',(0.753345426515843,3.43703589414573,-0.495900986589004));
#2386=CARTESIAN_POINT('Ctrl Pts',(0.784082113388668,3.43295886741713,-0.445715664377261));
#2387=CARTESIAN_POINT('Ctrl Pts',(0.834266108522957,3.42487408256226,-0.342291398115084));
#2388=CARTESIAN_POINT('Ctrl Pts',(0.854020709408629,3.42086129697651,-0.289501665227126));
#2389=CARTESIAN_POINT('Ctrl Pts',(0.884063212272124,3.41266091001599,-0.17854791371992));
#2390=CARTESIAN_POINT('Ctrl Pts',(0.89382534634967,3.40858388263653,-0.120513338958544));
#2391=CARTESIAN_POINT('Ctrl Pts',(0.901736866880587,3.4004990878711,-0.00582919412675103));
#2392=CARTESIAN_POINT('Ctrl Pts',(0.900339093605215,3.39648629238778,0.0505184949366887));
#2393=CARTESIAN_POINT('Ctrl Pts',(0.886754472347167,3.38828589615915,0.164662157028245));
#2394=CARTESIAN_POINT('Ctrl Pts',(0.874128312761298,3.38420886940916,0.222141636955007));
#2395=CARTESIAN_POINT('Ctrl Pts',(0.838621580703683,3.37612408528714,0.331477275646789));
#2396=CARTESIAN_POINT('Ctrl Pts',(0.816273865674806,3.37211130045012,0.383222600224763));
#2397=CARTESIAN_POINT('Ctrl Pts',(0.761029479966385,3.36391091409618,0.484026085587416));
#2398=CARTESIAN_POINT('Ctrl Pts',(0.727843521573563,3.35983388665085,0.532626532261114));
#2399=CARTESIAN_POINT('Ctrl Pts',(0.654060417262796,3.35174908928856,0.620780421455983));
#2400=CARTESIAN_POINT('Ctrl Pts',(0.613998927395016,3.34773629108746,0.660430104899299));
#2401=CARTESIAN_POINT('Ctrl Pts',(0.525094834220976,3.3395358912563,0.733295667455337));
#2402=CARTESIAN_POINT('Ctrl Pts',(0.47615491322935,3.33545886331942,0.765978924839636));
#2403=CARTESIAN_POINT('Ctrl Pts',(0.374780372135675,3.32737405909728,0.820184760545645));
#2404=CARTESIAN_POINT('Ctrl Pts',(0.322806661171088,3.32336125480396,0.841996718215135));
#2405=CARTESIAN_POINT('Ctrl Pts',(0.21311770806713,3.31516085828923,0.876372042001088));
#2406=CARTESIAN_POINT('Ctrl Pts',(0.155511187786071,3.31108384122279,0.888405019008255));
#2407=CARTESIAN_POINT('Ctrl Pts',(0.0412286477568991,3.30299923704764,0.900812560443339));
#2408=CARTESIAN_POINT('Ctrl Pts',(-0.0151279115932172,3.29898662924169,
0.901628228265855));
#2409=CARTESIAN_POINT('Ctrl Pts',(-0.129714808889645,3.29078636703217,0.892536403871958));
#2410=CARTESIAN_POINT('Ctrl Pts',(-0.187646120592174,3.28670928299028,0.88217696145524));
#2411=CARTESIAN_POINT('Ctrl Pts',(-0.298306198555208,3.27862340950291,0.85098672693414));
#2412=CARTESIAN_POINT('Ctrl Pts',(-0.350902470966187,3.27460954628294,0.830681466151727));
#2413=CARTESIAN_POINT('Ctrl Pts',(-0.453806583723187,3.2664083279418,0.779427034311613));
#2414=CARTESIAN_POINT('Ctrl Pts',(-0.503669709408424,3.26233155583231,0.748173665780376));
#2415=CARTESIAN_POINT('Ctrl Pts',(-0.594595483188086,3.25425166608534,0.677946942573325));
#2416=CARTESIAN_POINT('Ctrl Pts',(-0.635741082771811,3.25024373908269,0.639521984270377));
#2417=CARTESIAN_POINT('Ctrl Pts',(-0.745002454746243,3.23850268197924,0.516451862808136));
#2418=CARTESIAN_POINT('Ctrl Pts',(-0.801736463382382,3.23104992056231,0.423046992181343));
#2419=CARTESIAN_POINT('Ctrl Pts',(-0.879830418795067,3.21545081598506,0.219086478303241));
#2420=CARTESIAN_POINT('Ctrl Pts',(-0.899998003076313,3.20790068435612,0.110014043692254));
#2421=CARTESIAN_POINT('Ctrl Pts',(-0.899999999851713,3.2000422088031,1.63375939682507E-5));
#2422=CARTESIAN_POINT('Ctrl Pts',(8.79771981078002E-9,3.1001270113143,-0.9));
#2423=CARTESIAN_POINT('Ctrl Pts',(-0.0173349070528202,3.1014120543884,-0.900000000169453));
#2424=CARTESIAN_POINT('Ctrl Pts',(-0.03466718548959,3.10271104795763,-0.899499166290503));
#2425=CARTESIAN_POINT('Ctrl Pts',(-0.109625266833725,3.10834884394184,-0.89516309795776));
#2426=CARTESIAN_POINT('Ctrl Pts',(-0.166834286760741,3.11267623502229,-0.886286524072732));
#2427=CARTESIAN_POINT('Ctrl Pts',(-0.254963009806984,3.11916691007783,-0.863768132854101));
#2428=CARTESIAN_POINT('Ctrl Pts',(-0.286642309662302,3.1214689603151,-0.853778787539432));
#2429=CARTESIAN_POINT('Ctrl Pts',(-0.354997201947919,3.12642760091778,-0.827989077633812));
#2430=CARTESIAN_POINT('Ctrl Pts',(-0.391315268744899,3.12905502544788,-0.811456329833031));
#2431=CARTESIAN_POINT('Ctrl Pts',(-0.455926306320973,3.13393518923814,-0.7766942022324));
#2432=CARTESIAN_POINT('Ctrl Pts',(-0.484519510247636,3.13617855951462,-0.75918565586532));
#2433=CARTESIAN_POINT('Ctrl Pts',(-0.528531972168868,3.1399391647491,-0.728735118468501));
#2434=CARTESIAN_POINT('Ctrl Pts',(-0.544608212536572,3.1413900888063,-0.716800087548113));
#2435=CARTESIAN_POINT('Ctrl Pts',(-0.582575077448474,3.14496938897276,-0.686599325318388));
#2436=CARTESIAN_POINT('Ctrl Pts',(-0.604024273236556,3.14711953743348,-0.667807528021944));
#2437=CARTESIAN_POINT('Ctrl Pts',(-0.659275566201087,3.15290107810422,-0.614558645413052));
#2438=CARTESIAN_POINT('Ctrl Pts',(-0.691265107178172,3.15650873801797,-0.578343106054218));
#2439=CARTESIAN_POINT('Ctrl Pts',(-0.738603539283089,3.16218126303093,-0.515176085249309));
#2440=CARTESIAN_POINT('Ctrl Pts',(-0.755739233094644,3.16432930596782,-0.489694030566103));
#2441=CARTESIAN_POINT('Ctrl Pts',(-0.788535589646225,3.16868668359656,-0.435087361662433));
#2442=CARTESIAN_POINT('Ctrl Pts',(-0.803960827342918,3.17088461090966,-0.405877604505107));
#2443=CARTESIAN_POINT('Ctrl Pts',(-0.837130849791882,3.17614290731333,-0.333715324395189));
#2444=CARTESIAN_POINT('Ctrl Pts',(-0.853219820504816,3.17917889624103,-0.290117842059346));
#2445=CARTESIAN_POINT('Ctrl Pts',(-0.871392555604699,3.18383128698652,-0.226018420843446));
#2446=CARTESIAN_POINT('Ctrl Pts',(-0.876251329009108,3.18528793156073,-0.206379448836678));
#2447=CARTESIAN_POINT('Ctrl Pts',(-0.893442048137538,3.19136638722676,-0.125266932670873));
#2448=CARTESIAN_POINT('Ctrl Pts',(-0.89999762093184,3.19615358961204,-0.0627439310596656));
#2449=CARTESIAN_POINT('Ctrl Pts',(-0.89999999935268,3.2007417521735,-3.41346787512792E-5));
#2450=CARTESIAN_POINT('Ctrl Pts',(-6.71851090328766E-16,3.39993778589041,
-0.9));
#2451=CARTESIAN_POINT('Ctrl Pts',(0.0324329595275028,3.39762620665568,-0.9));
#2452=CARTESIAN_POINT('Ctrl Pts',(0.0648612297670718,3.39532894089624,-0.898246790295639));
#2453=CARTESIAN_POINT('Ctrl Pts',(0.155511068564193,3.38891616720903,-0.888405039690862));
#2454=CARTESIAN_POINT('Ctrl Pts',(0.213117587689258,3.38483915047359,-0.8763720710863));
#2455=CARTESIAN_POINT('Ctrl Pts',(0.322806641886425,3.37663874686448,-0.841996732534424));
#2456=CARTESIAN_POINT('Ctrl Pts',(0.374780448424008,3.37262593516007,-0.820184732798829));
#2457=CARTESIAN_POINT('Ctrl Pts',(0.476155073785558,3.36454112351946,-0.765978825370931));
#2458=CARTESIAN_POINT('Ctrl Pts',(0.525094991549949,3.36046409506601,-0.733295555147438));
#2459=CARTESIAN_POINT('Ctrl Pts',(0.613998946969676,3.35226370630803,-0.660430072918865));
#2460=CARTESIAN_POINT('Ctrl Pts',(0.654060322995522,3.34825091967432,-0.620780506108951));
#2461=CARTESIAN_POINT('Ctrl Pts',(0.727843347124385,3.34016613389091,-0.532626769890772));
#2462=CARTESIAN_POINT('Ctrl Pts',(0.761029317676092,3.33608910725186,-0.484026339923604));
#2463=CARTESIAN_POINT('Ctrl Pts',(0.816273855982867,3.327888703615,-0.383222657939614));
#2464=CARTESIAN_POINT('Ctrl Pts',(0.838621667820154,3.32387590072369,-0.331477098120728));
#2465=CARTESIAN_POINT('Ctrl Pts',(0.874128426761944,3.31579109852946,-0.22214119119857));
#2466=CARTESIAN_POINT('Ctrl Pts',(0.886754559002792,3.31171407052107,-0.164661694174611));
#2467=CARTESIAN_POINT('Ctrl Pts',(0.900339073982317,3.30351370126805,-0.0505184057359234));
#2468=CARTESIAN_POINT('Ctrl Pts',(0.901736844271056,3.29950093396428,0.0058288862935925));
#2469=CARTESIAN_POINT('Ctrl Pts',(0.893825441227529,3.29141616740646,0.120512627101546));
#2470=CARTESIAN_POINT('Ctrl Pts',(0.884063356711012,3.28733914199126,0.178547193053425));
#2471=CARTESIAN_POINT('Ctrl Pts',(0.854020789841812,3.27913871292767,0.289501547496668));
#2472=CARTESIAN_POINT('Ctrl Pts',(0.834265961770172,3.27512588335957,0.3422918569427));
#2473=CARTESIAN_POINT('Ctrl Pts',(0.784081560957779,3.26704105447884,0.445716639630758));
#2474=CARTESIAN_POINT('Ctrl Pts',(0.753344797199243,3.26296402468477,0.495901945695056));
#2475=CARTESIAN_POINT('Ctrl Pts',(0.684026212969448,3.25476369122854,0.587597343761864));
#2476=CARTESIAN_POINT('Ctrl Pts',(0.645980567121947,3.25075096145119,0.62918388415246));
#2477=CARTESIAN_POINT('Ctrl Pts',(0.560792235733013,3.24266623245809,0.706370496577189));
#2478=CARTESIAN_POINT('Ctrl Pts',(0.51353223231696,3.23858920963128,0.741438981052515));
#2479=CARTESIAN_POINT('Ctrl Pts',(0.41497428093825,3.23038872627291,0.800599207460424));
#2480=CARTESIAN_POINT('Ctrl Pts',(0.364144918771634,3.22637583992856,0.824961803847141));
#2481=CARTESIAN_POINT('Ctrl Pts',(0.256286064091029,3.2182909542146,0.864733874888916));
#2482=CARTESIAN_POINT('Ctrl Pts',(0.199346499112597,3.21421392047257,0.879606787398863));
#2483=CARTESIAN_POINT('Ctrl Pts',(0.0858261798463812,3.20601367126501,0.897661532402419));
#2484=CARTESIAN_POINT('Ctrl Pts',(0.0295789724815097,3.2020010295139,0.901270325144412));
#2485=CARTESIAN_POINT('Ctrl Pts',(-0.0853251327371775,3.19391638863749,
0.897867933312235));
#2486=CARTESIAN_POINT('Ctrl Pts',(-0.143698166000475,3.18983937194652,0.890392018841916));
#2487=CARTESIAN_POINT('Ctrl Pts',(-0.255749112315033,3.18163875724991,0.864728484736988));
#2488=CARTESIAN_POINT('Ctrl Pts',(-0.309276873632382,3.1776257336958,0.847060523890437));
#2489=CARTESIAN_POINT('Ctrl Pts',(-0.414594496262655,3.16954071064113,0.800973554036399));
#2490=CARTESIAN_POINT('Ctrl Pts',(-0.465947773226364,3.16546366734173,0.772230412057031));
#2491=CARTESIAN_POINT('Ctrl Pts',(-0.560290160181891,3.15726362314439,0.706567023931469));
#2492=CARTESIAN_POINT('Ctrl Pts',(-0.603335100085582,3.15325119554448,0.670186193884835));
#2493=CARTESIAN_POINT('Ctrl Pts',(-0.683804280706275,3.14516676904573,0.588097691425884));
#2494=CARTESIAN_POINT('Ctrl Pts',(-0.720701429942133,3.141089767296,0.542251366148389));
#2495=CARTESIAN_POINT('Ctrl Pts',(-0.783689787905275,3.13288883274226,0.446087214592354));
#2496=CARTESIAN_POINT('Ctrl Pts',(-0.810032154818581,3.12887547502984,0.396247586727511));
#2497=CARTESIAN_POINT('Ctrl Pts',(-0.85400933119594,3.12079011751802,0.290026405869011));
#2498=CARTESIAN_POINT('Ctrl Pts',(-0.871105537529898,3.11671305096228,0.23371414666775));
#2499=CARTESIAN_POINT('Ctrl Pts',(-0.893599618532914,3.10851350628994,0.120999684569238));
#2500=CARTESIAN_POINT('Ctrl Pts',(-0.899412993318516,3.1045016004487,0.0649478529429883));
#2501=CARTESIAN_POINT('Ctrl Pts',(-0.900526570475677,3.09641769630799,-0.049990481847672));
#2502=CARTESIAN_POINT('Ctrl Pts',(-0.895349407335224,3.09234073101222,-0.108611682453664));
#2503=CARTESIAN_POINT('Ctrl Pts',(-0.874104331424106,3.08413901749712,-0.221599606459641));
#2504=CARTESIAN_POINT('Ctrl Pts',(-0.858546752402226,3.08012484590782,-0.275795209124247));
#2505=CARTESIAN_POINT('Ctrl Pts',(-0.816620569144732,3.07203867390702,-0.382855268230367));
#2506=CARTESIAN_POINT('Ctrl Pts',(-0.789913676702055,3.06796155083124,-0.435297139328022));
#2507=CARTESIAN_POINT('Ctrl Pts',(-0.728014643921623,3.05976322369674,-0.532122053474559));
#2508=CARTESIAN_POINT('Ctrl Pts',(-0.693367683550247,3.05575258937162,-0.576542461947524));
#2509=CARTESIAN_POINT('Ctrl Pts',(-0.614523774515102,3.04766995849231,-0.660157248976121));
#2510=CARTESIAN_POINT('Ctrl Pts',(-0.570164173333056,3.04359308233696,-0.698827435759202));
#2511=CARTESIAN_POINT('Ctrl Pts',(-0.476519636513764,3.03538947262035,-0.765569672971579));
#2512=CARTESIAN_POINT('Ctrl Pts',(-0.427718224140195,3.03137331931365,-0.793867599638334));
#2513=CARTESIAN_POINT('Ctrl Pts',(-0.323264741163464,3.02328516478807,-0.841990115072492));
#2514=CARTESIAN_POINT('Ctrl Pts',(-0.26766398642922,3.01920790481788,-0.861280060375951));
#2515=CARTESIAN_POINT('Ctrl Pts',(-0.155975205805752,3.01101254763896,-0.888158804289562));
#2516=CARTESIAN_POINT('Ctrl Pts',(-0.100255942890483,3.00700501367259,-0.896160601642239));
#2517=CARTESIAN_POINT('Ctrl Pts',(-0.0294399651337613,3.00201850795401,
-0.899638982491497));
#2518=CARTESIAN_POINT('Ctrl Pts',(-0.0147177315577648,3.0009860707287,-0.900000000728786));
#2519=CARTESIAN_POINT('Ctrl Pts',(4.45656972912067E-8,2.9999549775483,-0.899999999999999));
#2520=CARTESIAN_POINT('Origin',(0.,2.,0.));
#2521=CARTESIAN_POINT('',(-5.75080884060994E-16,3.90000279147265,-0.9));
#2522=CARTESIAN_POINT('',(-4.47943773830246E-8,3.79992247534177,-0.899999999999996));
#2523=CARTESIAN_POINT('',(-1.10218211923262E-16,2.,-0.9));
#2524=CARTESIAN_POINT('Ctrl Pts',(-1.03994355619872E-15,3.90000279147265,
-0.9));
#2525=CARTESIAN_POINT('Ctrl Pts',(0.0380525265532102,3.89732281171136,-0.9));
#2526=CARTESIAN_POINT('Ctrl Pts',(0.076085218700655,3.8946720468004,-0.897586731668418));
#2527=CARTESIAN_POINT('Ctrl Pts',(0.169972750711437,3.88801599112219,-0.885611657842879));
#2528=CARTESIAN_POINT('Ctrl Pts',(0.225274256175723,3.88398077430025,-0.873183534728874));
#2529=CARTESIAN_POINT('Ctrl Pts',(0.334848740045831,3.87575896031733,-0.837449933532701));
#2530=CARTESIAN_POINT('Ctrl Pts',(0.388742381773543,3.87168296932719,-0.813833840905354));
#2531=CARTESIAN_POINT('Ctrl Pts',(0.488843213035932,3.86361268024939,-0.757741996933212));
#2532=CARTESIAN_POINT('Ctrl Pts',(0.535064728701671,3.85961434956411,-0.725841312564368));
#2533=CARTESIAN_POINT('Ctrl Pts',(0.623022670739005,3.85142781862909,-0.652143002751343));
#2534=CARTESIAN_POINT('Ctrl Pts',(0.664229786702372,3.84735015992791,-0.610120177499151));
#2535=CARTESIAN_POINT('Ctrl Pts',(0.736402309360952,3.83925615026701,-0.520470479367948));
#2536=CARTESIAN_POINT('Ctrl Pts',(0.767547889571792,3.83523413861812,-0.473336410876525));
#2537=CARTESIAN_POINT('Ctrl Pts',(0.821710193974269,3.82702492752209,-0.371805134623846));
#2538=CARTESIAN_POINT('Ctrl Pts',(0.844207128256746,3.82294831803072,-0.317428917925573));
#2539=CARTESIAN_POINT('Ctrl Pts',(0.877551039228203,3.8148694622294,-0.207504704869284));
#2540=CARTESIAN_POINT('Ctrl Pts',(0.888786207223967,3.81086259542251,-0.152356016270571));
#2541=CARTESIAN_POINT('Ctrl Pts',(0.901105958889959,3.80266787756619,-0.0381501229058585));
#2542=CARTESIAN_POINT('Ctrl Pts',(0.901675671278548,3.79859058830806,0.0206992677699659));
#2543=CARTESIAN_POINT('Ctrl Pts',(0.891556316136091,3.79050200781669,0.1352651147112));
#2544=CARTESIAN_POINT('Ctrl Pts',(0.881352286307459,3.7864854285919,0.190752998397926));
#2545=CARTESIAN_POINT('Ctrl Pts',(0.850056948430143,3.77828141142919,0.301413560844611));
#2546=CARTESIAN_POINT('Ctrl Pts',(0.828591194121083,3.7742045545023,0.356207350411508));
#2547=CARTESIAN_POINT('Ctrl Pts',(0.776426938046714,3.76612219752784,0.458607386081595));
#2548=CARTESIAN_POINT('Ctrl Pts',(0.746277380524278,3.76211183667934,0.506190520177036));
#2549=CARTESIAN_POINT('Ctrl Pts',(0.675968361138556,3.75391377144968,0.597087935693313));
#2550=CARTESIAN_POINT('Ctrl Pts',(0.635589452085032,3.74983663624626,0.639901063343617));
#2551=CARTESIAN_POINT('Ctrl Pts',(0.548910635037858,3.7417502891719,0.715445954439129));
#2552=CARTESIAN_POINT('Ctrl Pts',(0.503122300638893,3.73773594261923,0.74835352196284));
#2553=CARTESIAN_POINT('Ctrl Pts',(0.403894193801082,3.72953406166241,0.806422055220394));
#2554=CARTESIAN_POINT('Ctrl Pts',(0.350443866417599,3.72545710421522,0.831045270139012));
#2555=CARTESIAN_POINT('Ctrl Pts',(0.241850636824612,3.71737331241232,0.86871747364403));
#2556=CARTESIAN_POINT('Ctrl Pts',(0.187118429165176,3.71336151877115,0.882126815621579));
#2557=CARTESIAN_POINT('Ctrl Pts',(0.0734163154609462,3.70516208152408,0.898920023957204));
#2558=CARTESIAN_POINT('Ctrl Pts',(0.0146362665678107,3.7010850099721,0.901794343833331));
#2559=CARTESIAN_POINT('Ctrl Pts',(-0.100192178314977,3.69299958055572,0.896172908737428));
#2560=CARTESIAN_POINT('Ctrl Pts',(-0.155993864576299,3.68898615099936,0.888160747828391));
#2561=CARTESIAN_POINT('Ctrl Pts',(-0.267757703487595,3.68078514767901,0.861250778939003));
#2562=CARTESIAN_POINT('Ctrl Pts',(-0.323354262583896,3.67670814914359,0.8419555847069));
#2563=CARTESIAN_POINT('Ctrl Pts',(-0.427752783954191,3.66862376874218,0.79384523731038));
#2564=CARTESIAN_POINT('Ctrl Pts',(-0.476507775247562,3.66461138718944,0.765573177803919));
#2565=CARTESIAN_POINT('Ctrl Pts',(-0.570115289218819,3.65641138707507,0.698867437879251));
#2566=CARTESIAN_POINT('Ctrl Pts',(-0.61447866782978,3.6523343417217,0.660199363401201));
#2567=CARTESIAN_POINT('Ctrl Pts',(-0.693352382531086,3.64424928914374,0.576564164490943));
#2568=CARTESIAN_POINT('Ctrl Pts',(-0.728020767084999,3.64023623609384,0.532117252003331));
#2569=CARTESIAN_POINT('Ctrl Pts',(-0.789933104276638,3.6320355931632,0.435261759842287));
#2570=CARTESIAN_POINT('Ctrl Pts',(-0.816637256299904,3.62795857779072,0.382819532219711));
#2571=CARTESIAN_POINT('Ctrl Pts',(-0.858550628873002,3.61987395583987,0.275778720167808));
#2572=CARTESIAN_POINT('Ctrl Pts',(-0.874101827018872,3.61586133299473,0.221603984965596));
#2573=CARTESIAN_POINT('Ctrl Pts',(-0.895346325635653,3.60766110188466,0.108637402216163));
#2574=CARTESIAN_POINT('Ctrl Pts',(-0.900525205770682,3.60358406729739,0.0500157539723822));
#2575=CARTESIAN_POINT('Ctrl Pts',(-0.899414638782325,3.59549916943294,-0.0649370951584937));
#2576=CARTESIAN_POINT('Ctrl Pts',(-0.893600062373243,3.5914862709501,-0.121002861351221));
#2577=CARTESIAN_POINT('Ctrl Pts',(-0.871101217763026,3.58328577597744,-0.233730152353166));
#2578=CARTESIAN_POINT('Ctrl Pts',(-0.854004098765758,3.57920875369839,-0.290041736370855));
#2579=CARTESIAN_POINT('Ctrl Pts',(-0.810028607560747,3.57112403260424,-0.396253574989077));
#2580=CARTESIAN_POINT('Ctrl Pts',(-0.783690289670901,3.56711131071713,-0.446085211464972));
#2581=CARTESIAN_POINT('Ctrl Pts',(-0.720707832871307,3.55891098479456,-0.542242882125678));
#2582=CARTESIAN_POINT('Ctrl Pts',(-0.683811064370794,3.55483395462869,-0.588089827908865));
#2583=CARTESIAN_POINT('Ctrl Pts',(-0.603338645441603,3.54674912027697,-0.67018348070097));
#2584=CARTESIAN_POINT('Ctrl Pts',(-0.560289385838408,3.54273628524503,-0.706568091685957));
#2585=CARTESIAN_POINT('Ctrl Pts',(-0.465941939842458,3.53453585101152,-0.772233920021488));
#2586=CARTESIAN_POINT('Ctrl Pts',(-0.41458858499092,3.5304588258983,-0.80097660239244));
#2587=CARTESIAN_POINT('Ctrl Pts',(-0.309274119188076,3.52237406410963,-0.847061287016146));
#2588=CARTESIAN_POINT('Ctrl Pts',(-0.255749829753558,3.51836130156883,-0.864728035032284));
#2589=CARTESIAN_POINT('Ctrl Pts',(-0.143702473691285,3.51016093672893,-0.890391330158733));
#2590=CARTESIAN_POINT('Ctrl Pts',(-0.0853293766068958,3.50608390837804,
-0.897867536508446));
#2591=CARTESIAN_POINT('Ctrl Pts',(-0.0177612068257793,3.50132982081132,
-0.899868589968813));
#2592=CARTESIAN_POINT('Ctrl Pts',(-0.00887950240648656,3.50070412178562,
-0.900000000449009));
#2593=CARTESIAN_POINT('Ctrl Pts',(4.55101529558784E-8,3.50007732979155,
-0.899999999999999));
#2594=CARTESIAN_POINT('',(-0.900018652632047,3.49997202105193,0.));
#2595=CARTESIAN_POINT('Ctrl Pts',(-0.899999999999521,3.49995902472213,9.28467203176688E-7));
#2596=CARTESIAN_POINT('Ctrl Pts',(-0.900000113590161,3.49209267351225,-0.110106973578771));
#2597=CARTESIAN_POINT('Ctrl Pts',(-0.879794275396415,3.48453508663834,-0.219284962420917));
#2598=CARTESIAN_POINT('Ctrl Pts',(-0.801629833215291,3.46893556375789,-0.4232228220419));
#2599=CARTESIAN_POINT('Ctrl Pts',(-0.744934478304076,3.46149001308295,-0.516528436298032));
#2600=CARTESIAN_POINT('Ctrl Pts',(-0.635741077324991,3.44975626048505,-0.639521987293671));
#2601=CARTESIAN_POINT('Ctrl Pts',(-0.594595498101855,3.44574833542805,-0.677946927236489));
#2602=CARTESIAN_POINT('Ctrl Pts',(-0.503669750579796,3.43766844762969,-0.748173637971978));
#2603=CARTESIAN_POINT('Ctrl Pts',(-0.453806627637775,3.43359167565686,-0.779427008655311));
#2604=CARTESIAN_POINT('Ctrl Pts',(-0.350902480767259,3.42539045440355,-0.830681464894907));
#2605=CARTESIAN_POINT('Ctrl Pts',(-0.298306168095155,3.42137658814034,-0.850986740427375));
#2606=CARTESIAN_POINT('Ctrl Pts',(-0.187646044781145,3.41329071160702,-0.882176977700998));
#2607=CARTESIAN_POINT('Ctrl Pts',(-0.129714730384299,3.40921362735332,-0.892536415399667));
#2608=CARTESIAN_POINT('Ctrl Pts',(-0.0474919158789389,3.40332945861291,
-0.899060324810988));
#2609=CARTESIAN_POINT('Ctrl Pts',(-0.0237446767757206,3.40163012919086,
-0.9));
#2610=CARTESIAN_POINT('Ctrl Pts',(-6.71851090328766E-16,3.39993778589041,
-0.9));
#2611=CARTESIAN_POINT('Ctrl Pts',(-0.899999999999606,3.49996009459156,8.42049469004867E-7));
#2612=CARTESIAN_POINT('Ctrl Pts',(-0.899999896984297,3.50767085087931,0.110105748607914));
#2613=CARTESIAN_POINT('Ctrl Pts',(-0.879795030319126,3.51555922829305,0.219280522216322));
#2614=CARTESIAN_POINT('Ctrl Pts',(-0.801632431378411,3.53085861541703,0.423218473030245));
#2615=CARTESIAN_POINT('Ctrl Pts',(-0.744938831952733,3.53860890228201,0.516522411866807));
#2616=CARTESIAN_POINT('Ctrl Pts',(-0.635738893776877,3.55014557876086,0.639525028029877));
#2617=CARTESIAN_POINT('Ctrl Pts',(-0.594590333833864,3.55406644837169,0.677951628572435));
#2618=CARTESIAN_POINT('Ctrl Pts',(-0.503670368412396,3.56223798464279,0.74817241597376));
#2619=CARTESIAN_POINT('Ctrl Pts',(-0.45381013889726,3.56644787727073,0.77942480653044));
#2620=CARTESIAN_POINT('Ctrl Pts',(-0.350899344361878,3.57451227449464,0.830683461375894));
#2621=CARTESIAN_POINT('Ctrl Pts',(-0.298299647056091,3.57843865677522,0.850989166053263));
#2622=CARTESIAN_POINT('Ctrl Pts',(-0.18764706909864,3.58661603413807,0.882176075750736));
#2623=CARTESIAN_POINT('Ctrl Pts',(-0.129718817362579,3.59082591241192,0.892535683336628));
#2624=CARTESIAN_POINT('Ctrl Pts',(-0.0151242399751518,3.59888913029853,
0.901628905126049));
#2625=CARTESIAN_POINT('Ctrl Pts',(0.0412355680255767,3.60281435315544,0.900812371896101));
#2626=CARTESIAN_POINT('Ctrl Pts',(0.155509805592913,3.61099050834777,0.888404581591341));
#2627=CARTESIAN_POINT('Ctrl Pts',(0.21311355036611,3.61520039388211,0.87637291238359));
#2628=CARTESIAN_POINT('Ctrl Pts',(0.322810292253938,3.6232638033577,0.84199599467595));
#2629=CARTESIAN_POINT('Ctrl Pts',(0.374786826968478,3.62718921264432,0.820181961907192));
#2630=CARTESIAN_POINT('Ctrl Pts',(0.4761536933677,3.63536556250826,0.765978895671623));
#2631=CARTESIAN_POINT('Ctrl Pts',(0.525091523420101,3.6395754455996,0.733297870560251));
#2632=CARTESIAN_POINT('Ctrl Pts',(0.614002052695817,3.64763883476311,0.660428032362996));
#2633=CARTESIAN_POINT('Ctrl Pts',(0.654065227098354,3.65156422487078,0.620775532520961));
#2634=CARTESIAN_POINT('Ctrl Pts',(0.727842134524145,3.65974055498826,0.532627294147051));
#2635=CARTESIAN_POINT('Ctrl Pts',(0.761027004439698,3.66395043862729,0.484029722641899));
#2636=CARTESIAN_POINT('Ctrl Pts',(0.816275976773064,3.67201383935568,0.383219591122716));
#2637=CARTESIAN_POINT('Ctrl Pts',(0.838624337836516,3.67593924078796,0.331470695086248));
#2638=CARTESIAN_POINT('Ctrl Pts',(0.874127470518089,3.68411558344127,0.222142237276784));
#2639=CARTESIAN_POINT('Ctrl Pts',(0.886753656273235,3.6883254672126,0.164665807049928));
#2640=CARTESIAN_POINT('Ctrl Pts',(0.900339900179293,3.69638883991645,0.0505147898605197));
#2641=CARTESIAN_POINT('Ctrl Pts',(0.901736934246693,3.70031421343436,-0.00583589740067406));
#2642=CARTESIAN_POINT('Ctrl Pts',(0.893824922200706,3.70849052524065,-0.120511470865161));
#2643=CARTESIAN_POINT('Ctrl Pts',(0.884064021115285,3.71270040854959,-0.178543214235981));
#2644=CARTESIAN_POINT('Ctrl Pts',(0.854020186067699,3.72076383135729,-0.289505238266302));
#2645=CARTESIAN_POINT('Ctrl Pts',(0.834263461522103,3.72468925482915,-0.342298282791233));
#2646=CARTESIAN_POINT('Ctrl Pts',(0.784081645169199,3.73286562165712,-0.445715137173028));
#2647=CARTESIAN_POINT('Ctrl Pts',(0.753347052321037,3.7370755057433,-0.495898271007458));
#2648=CARTESIAN_POINT('Ctrl Pts',(0.684024318552673,3.74513884796462,-0.587600512206561));
#2649=CARTESIAN_POINT('Ctrl Pts',(0.645975730182093,3.74906419109201,-0.629189051686926));
#2650=CARTESIAN_POINT('Ctrl Pts',(0.560792542101666,3.75724046950271,-0.706369399628525));
#2651=CARTESIAN_POINT('Ctrl Pts',(0.513535339013268,3.76145035236711,-0.741436663654183));
#2652=CARTESIAN_POINT('Ctrl Pts',(0.414971257862703,3.76951382099543,-0.800601455640438));
#2653=CARTESIAN_POINT('Ctrl Pts',(0.364138754595087,3.77343929014722,-0.824964653467295));
#2654=CARTESIAN_POINT('Ctrl Pts',(0.256287398449155,3.78161570721727,-0.864732780957132));
#2655=CARTESIAN_POINT('Ctrl Pts',(0.19935091356466,3.78582559198655,-0.879605646279894));
#2656=CARTESIAN_POINT('Ctrl Pts',(0.094599156464253,3.79326551863678,-0.896266595708106));
#2657=CARTESIAN_POINT('Ctrl Pts',(0.0473292670498331,3.79656833383499,-0.90000000236741));
#2658=CARTESIAN_POINT('Ctrl Pts',(-4.50179792252876E-8,3.79992247218313,
-0.899999999999999));
#2659=CARTESIAN_POINT('Origin',(0.,2.,0.));
#2660=CARTESIAN_POINT('',(-8.60813764155937E-10,4.30006665391192,-0.9));
#2661=CARTESIAN_POINT('',(-1.75292617849631E-15,4.19999691210664,-0.9));
#2662=CARTESIAN_POINT('',(-1.10218211923262E-16,2.,-0.9));
#2663=CARTESIAN_POINT('Ctrl Pts',(-1.72162741809366E-9,4.30006665391192,
-0.9));
#2664=CARTESIAN_POINT('Ctrl Pts',(0.0557780971978344,4.2960949818924,-0.900000000106699));
#2665=CARTESIAN_POINT('Ctrl Pts',(0.111445522960215,4.29209861943281,-0.894814640384019));
#2666=CARTESIAN_POINT('Ctrl Pts',(0.221599242636332,4.28423675170822,-0.874106336614079));
#2667=CARTESIAN_POINT('Ctrl Pts',(0.275816861202308,4.28030865867697,-0.858541232458936));
#2668=CARTESIAN_POINT('Ctrl Pts',(0.382886457301815,4.27212935573474,-0.816605266194626));
#2669=CARTESIAN_POINT('Ctrl Pts',(0.435325657607863,4.26791943227705,-0.789897866124957));
#2670=CARTESIAN_POINT('Ctrl Pts',(0.532129679102024,4.25986027133886,-0.728007451010372));
#2671=CARTESIAN_POINT('Ctrl Pts',(0.576528022008053,4.2559390962734,-0.693377357550202));
#2672=CARTESIAN_POINT('Ctrl Pts',(0.660117449775317,4.24776740597487,-0.614565418080052));
#2673=CARTESIAN_POINT('Ctrl Pts',(0.698788133730641,4.243557588324,-0.570211987423415));
#2674=CARTESIAN_POINT('Ctrl Pts',(0.765568757357831,4.23548761854293,-0.476527947579426));
#2675=CARTESIAN_POINT('Ctrl Pts',(0.793891152946026,4.23155566670598,-0.427681097842298));
#2676=CARTESIAN_POINT('Ctrl Pts',(0.84202026303152,4.22337212290298,-0.323184693314627));
#2677=CARTESIAN_POINT('Ctrl Pts',(0.86130514146031,4.21916214569551,-0.267583240232158));
#2678=CARTESIAN_POINT('Ctrl Pts',(0.888158155953323,4.21110905524419,-0.155955439829312));
#2679=CARTESIAN_POINT('Ctrl Pts',(0.896150229925798,4.20719392970816,-0.100307776561361));
#2680=CARTESIAN_POINT('Ctrl Pts',(0.901797883819366,4.19902890693299,0.014346531202547));
#2681=CARTESIAN_POINT('Ctrl Pts',(0.898943781961194,4.19481919201057,0.0731176298284354));
#2682=CARTESIAN_POINT('Ctrl Pts',(0.882153692195219,4.18673984140502,0.187068348241183));
#2683=CARTESIAN_POINT('Ctrl Pts',(0.868680259074611,4.18279853083213,0.2420417096035));
#2684=CARTESIAN_POINT('Ctrl Pts',(0.830874216485546,4.17460471735958,0.350849159350832));
#2685=CARTESIAN_POINT('Ctrl Pts',(0.806222280409595,4.17039462498283,0.404293952770489));
#2686=CARTESIAN_POINT('Ctrl Pts',(0.748289222039462,4.16235639471192,0.503176172464154));
#2687=CARTESIAN_POINT('Ctrl Pts',(0.715610857055055,4.15845606970832,0.54865653713598));
#2688=CARTESIAN_POINT('Ctrl Pts',(0.640401089994843,4.15030740266091,0.635083070111396));
#2689=CARTESIAN_POINT('Ctrl Pts',(0.59763568856547,4.14609798100554,0.675482425764664));
#2690=CARTESIAN_POINT('Ctrl Pts',(0.5063355503102,4.13799591955478,0.746224669750538));
#2691=CARTESIAN_POINT('Ctrl Pts',(0.458239748545382,4.1340319275951,0.776687299333144));
#2692=CARTESIAN_POINT('Ctrl Pts',(0.355237661398397,4.12581331211101,0.829008245930099));
#2693=CARTESIAN_POINT('Ctrl Pts',(0.300400409754592,4.12160302507742,0.850416918230471));
#2694=CARTESIAN_POINT('Ctrl Pts',(0.190585518196437,4.11360179866795,0.881329090611167));
#2695=CARTESIAN_POINT('Ctrl Pts',(0.136036420190534,4.10973828415651,0.891379699996576));
#2696=CARTESIAN_POINT('Ctrl Pts',(0.0224906864303215,4.1016305875051,0.901628969433315));
#2697=CARTESIAN_POINT('Ctrl Pts',(-0.0363081784752094,4.09742217856181,
0.901178783134062));
#2698=CARTESIAN_POINT('Ctrl Pts',(-0.151939543463614,4.08926469295087,0.888950793819415));
#2699=CARTESIAN_POINT('Ctrl Pts',(-0.20851609507893,4.0852451825591,0.877405303055718));
#2700=CARTESIAN_POINT('Ctrl Pts',(-0.319770017246327,4.07696631367156,0.843325666855417));
#2701=CARTESIAN_POINT('Ctrl Pts',(-0.374123942314052,4.07275599285605,0.820660222404192));
#2702=CARTESIAN_POINT('Ctrl Pts',(-0.477596467197487,4.06451936376827,0.765080092598054));
#2703=CARTESIAN_POINT('Ctrl Pts',(-0.526466727161307,4.06041917734102,0.732310406485878));
#2704=CARTESIAN_POINT('Ctrl Pts',(-0.61716585963828,4.05205517300567,0.657691215367196));
#2705=CARTESIAN_POINT('Ctrl Pts',(-0.658774137691952,4.04785385459786,0.616010523948354));
#2706=CARTESIAN_POINT('Ctrl Pts',(-0.770968948497675,4.03545104292895,0.479147061813709));
#2707=CARTESIAN_POINT('Ctrl Pts',(-0.827173771846059,4.02701687129552,0.373845208968845));
#2708=CARTESIAN_POINT('Ctrl Pts',(-0.895720422666589,4.01043941447021,0.147341547880863));
#2709=CARTESIAN_POINT('Ctrl Pts',(-0.907316285924348,4.00198578489526,0.0283277208909176));
#2710=CARTESIAN_POINT('Ctrl Pts',(-0.889686710931084,3.98957145768362,-0.148047222879779));
#2711=CARTESIAN_POINT('Ctrl Pts',(-0.87811170328133,3.98543496557474,-0.205863368403334));
#2712=CARTESIAN_POINT('Ctrl Pts',(-0.832466291831921,3.97424823749018,-0.355785820884818));
#2713=CARTESIAN_POINT('Ctrl Pts',(-0.788859681079643,3.96748041091699,-0.444168201787852));
#2714=CARTESIAN_POINT('Ctrl Pts',(-0.703562484643843,3.95707684497115,-0.563353954260529));
#2715=CARTESIAN_POINT('Ctrl Pts',(-0.672081818945172,3.95357968631579,-0.600561090168816));
#2716=CARTESIAN_POINT('Ctrl Pts',(-0.603339551625462,3.94668369813851,-0.669596513883984));
#2717=CARTESIAN_POINT('Ctrl Pts',(-0.566178169244121,3.94330175596771,-0.701299313740422));
#2718=CARTESIAN_POINT('Ctrl Pts',(-0.485268249952634,3.93627369805745,-0.759681666898241));
#2719=CARTESIAN_POINT('Ctrl Pts',(-0.441445988269446,3.93263323441491,-0.785955726951916));
#2720=CARTESIAN_POINT('Ctrl Pts',(-0.342851935054215,3.92479966750912,-0.834210047830154));
#2721=CARTESIAN_POINT('Ctrl Pts',(-0.287663805340833,3.92071436588554,-0.854811980399117));
#2722=CARTESIAN_POINT('Ctrl Pts',(-0.173374144523454,3.91240191723209,-0.885143336687063));
#2723=CARTESIAN_POINT('Ctrl Pts',(-0.114519762533148,3.90815603974917,-0.894662861893353));
#2724=CARTESIAN_POINT('Ctrl Pts',(-0.0367882096189362,3.9026040121844,-0.899436248103581));
#2725=CARTESIAN_POINT('Ctrl Pts',(-0.0183919207562431,3.90129810560452,
-0.9));
#2726=CARTESIAN_POINT('Ctrl Pts',(-1.03994355619872E-15,3.90000279147265,
-0.9));
#2727=CARTESIAN_POINT('Ctrl Pts',(-4.50179792252876E-8,3.79992247218313,
-0.899999999999999));
#2728=CARTESIAN_POINT('Ctrl Pts',(-0.00888141009914668,3.80055187763824,
-0.899999999555753));
#2729=CARTESIAN_POINT('Ctrl Pts',(-0.0177648963034985,3.8011826858936,-0.899868535263041));
#2730=CARTESIAN_POINT('Ctrl Pts',(-0.085324530588186,3.80599033646211,-0.89786731949225));
#2731=CARTESIAN_POINT('Ctrl Pts',(-0.143694705162287,3.81020021826002,-0.890392440020355));
#2732=CARTESIAN_POINT('Ctrl Pts',(-0.25575291323377,3.81826379722425,-0.86472797006619));
#2733=CARTESIAN_POINT('Ctrl Pts',(-0.309283044639441,3.82218937637731,-0.847058374372605));
#2734=CARTESIAN_POINT('Ctrl Pts',(-0.414592245718605,3.83036591446731,-0.800973963841088));
#2735=CARTESIAN_POINT('Ctrl Pts',(-0.465943276546724,3.83457580089317,-0.772232963983785));
#2736=CARTESIAN_POINT('Ctrl Pts',(-0.560293304210429,3.84263890022211,-0.706565389110302));
#2737=CARTESIAN_POINT('Ctrl Pts',(-0.603340904329407,3.84656400119836,-0.670181218328501));
#2738=CARTESIAN_POINT('Ctrl Pts',(-0.683804033776086,3.85474001318489,-0.588096956282001));
#2739=CARTESIAN_POINT('Ctrl Pts',(-0.72069980542411,3.85894989238477,-0.542253302093756));
#2740=CARTESIAN_POINT('Ctrl Pts',(-0.783692215901529,3.8670137394511,-0.446084029167771));
#2741=CARTESIAN_POINT('Ctrl Pts',(-0.810034791578527,3.87093958589684,-0.396242303718806));
#2742=CARTESIAN_POINT('Ctrl Pts',(-0.854007518491778,3.8791164180434,-0.290029651046087));
#2743=CARTESIAN_POINT('Ctrl Pts',(-0.871103673111642,3.88332630848299,-0.233720554354319));
#2744=CARTESIAN_POINT('Ctrl Pts',(-0.893600792781944,3.89138898964797,-0.12099661113607));
#2745=CARTESIAN_POINT('Ctrl Pts',(-0.899413879056781,3.89531367374277,-0.064939258470947));
#2746=CARTESIAN_POINT('Ctrl Pts',(-0.900525758454672,3.90348922701558,0.0499931486681049));
#2747=CARTESIAN_POINT('Ctrl Pts',(-0.895349296521229,3.90769909986806,0.108611510761144));
#2748=CARTESIAN_POINT('Ctrl Pts',(-0.874103645215803,3.91576359846284,0.221603985220284));
#2749=CARTESIAN_POINT('Ctrl Pts',(-0.858545346470749,3.91969009448766,0.275799335469033));
#2750=CARTESIAN_POINT('Ctrl Pts',(-0.81662303908573,3.92786764117725,0.382848401595691));
#2751=CARTESIAN_POINT('Ctrl Pts',(-0.789918552575168,3.93207754129531,0.435287989377178));
#2752=CARTESIAN_POINT('Ctrl Pts',(-0.728013912364278,3.94013920564634,0.532124655845195));
#2753=CARTESIAN_POINT('Ctrl Pts',(-0.69336094409613,3.94406287608819,0.576551284292117));
#2754=CARTESIAN_POINT('Ctrl Pts',(-0.614517170981726,3.95223731380053,0.660162502533354));
#2755=CARTESIAN_POINT('Ctrl Pts',(-0.570159690952355,3.95644717103328,0.698830935423987));
#2756=CARTESIAN_POINT('Ctrl Pts',(-0.476515000073765,3.96451325244731,0.765572685032704));
#2757=CARTESIAN_POINT('Ctrl Pts',(-0.427717532175681,3.96844132665988,0.793867539795411));
#2758=CARTESIAN_POINT('Ctrl Pts',(-0.323279539725982,3.97662060891079,0.841983692138295));
#2759=CARTESIAN_POINT('Ctrl Pts',(-0.267682488813139,3.98083053209721,0.861274143888125));
#2760=CARTESIAN_POINT('Ctrl Pts',(-0.155974528631958,3.98888972256503,0.888160367511329));
#2761=CARTESIAN_POINT('Ctrl Pts',(-0.100238945108733,3.99281092706323,0.896163445975213));
#2762=CARTESIAN_POINT('Ctrl Pts',(0.0145081498771756,4.00098264977699,0.901795551305746));
#2763=CARTESIAN_POINT('Ctrl Pts',(0.0732826584083084,4.00519246790413,0.898930598320104));
#2764=CARTESIAN_POINT('Ctrl Pts',(0.187099290358973,4.01326239188784,0.882138417743732));
#2765=CARTESIAN_POINT('Ctrl Pts',(0.241939967899985,4.01719429804864,0.868699753396354));
#2766=CARTESIAN_POINT('Ctrl Pts',(0.35062365333635,4.02537779167551,0.830969024644526));
#2767=CARTESIAN_POINT('Ctrl Pts',(0.404070274645071,4.02958776826845,0.806334017109725));
#2768=CARTESIAN_POINT('Ctrl Pts',(0.503150014920348,4.0376409307605,0.748322917114091));
#2769=CARTESIAN_POINT('Ctrl Pts',(0.548803876723527,4.04155612807655,0.715514714124341));
#2770=CARTESIAN_POINT('Ctrl Pts',(0.635367827121633,4.04972123002324,0.640119501317874));
#2771=CARTESIAN_POINT('Ctrl Pts',(0.675754983488945,4.05393094622153,0.597328484765417));
#2772=CARTESIAN_POINT('Ctrl Pts',(0.746258613444361,4.06201018588047,0.506248559722729));
#2773=CARTESIAN_POINT('Ctrl Pts',(0.776547249303976,4.06595138573553,0.458436222471213));
#2774=CARTESIAN_POINT('Ctrl Pts',(0.828778164215318,4.07414507784055,0.355772179288939));
#2775=CARTESIAN_POINT('Ctrl Pts',(0.850218243756867,4.07835516897801,0.3009599581975));
#2776=CARTESIAN_POINT('Ctrl Pts',(0.881346218179789,4.08639357627338,0.19066239564074));
#2777=CARTESIAN_POINT('Ctrl Pts',(0.891482354240498,4.09029407752436,0.135581678795162));
#2778=CARTESIAN_POINT('Ctrl Pts',(0.901655939860507,4.09844293971173,0.0214625918624145));
#2779=CARTESIAN_POINT('Ctrl Pts',(0.901137483836068,4.10265236522124,-0.0373654085002355));
#2780=CARTESIAN_POINT('Ctrl Pts',(0.888853071754606,4.11075415800612,-0.152206181635785));
#2781=CARTESIAN_POINT('Ctrl Pts',(0.877478408089463,4.11471788143795,-0.207985646231652));
#2782=CARTESIAN_POINT('Ctrl Pts',(0.843806691656265,4.12293620397434,-0.318494458258149));
#2783=CARTESIAN_POINT('Ctrl Pts',(0.821232665617661,4.12714648936946,-0.372862219598499));
#2784=CARTESIAN_POINT('Ctrl Pts',(0.767402311116256,4.13514816363395,-0.473453493932012));
#2785=CARTESIAN_POINT('Ctrl Pts',(0.736836336128998,4.13901212332769,-0.519746672226158));
#2786=CARTESIAN_POINT('Ctrl Pts',(0.6655219649279,4.14712031816959,-0.608704517555924));
#2787=CARTESIAN_POINT('Ctrl Pts',(0.624443819354736,4.15132874198105,-0.650777569965574));
#2788=CARTESIAN_POINT('Ctrl Pts',(0.534722689980621,4.15955616270743,-0.726296504572765));
#2789=CARTESIAN_POINT('Ctrl Pts',(0.486305726072344,4.16364561823817,-0.759566710527458));
#2790=CARTESIAN_POINT('Ctrl Pts',(0.383549716017073,4.17200010758443,-0.816298618742364));
#2791=CARTESIAN_POINT('Ctrl Pts',(0.329438394548807,4.17620853285577,-0.839598151324162));
#2792=CARTESIAN_POINT('Ctrl Pts',(0.184931077920874,4.18684210833078,-0.885681093680979));
#2793=CARTESIAN_POINT('Ctrl Pts',(0.0926838868914286,4.19341092456576,-0.9));
#2794=CARTESIAN_POINT('Ctrl Pts',(-3.39563414506932E-15,4.19999691210664,
-0.9));
#2795=CARTESIAN_POINT('Origin',(0.,2.,0.));
#2796=CARTESIAN_POINT('',(-5.04248978893929E-8,4.7000272670236,-0.900019674358079));
#2797=CARTESIAN_POINT('',(1.12522403860305E-9,4.59993399689539,-0.9));
#2798=CARTESIAN_POINT('',(-1.10218211923262E-16,2.,-0.9));
#2799=CARTESIAN_POINT('Ctrl Pts',(8.33508847493172E-7,4.70003990600658,
-0.899999999999614));
#2800=CARTESIAN_POINT('Ctrl Pts',(0.110105745816539,4.69232914931743,-0.899999898029149));
#2801=CARTESIAN_POINT('Ctrl Pts',(0.219280525184995,4.6844407715101,-0.879795030289936));
#2802=CARTESIAN_POINT('Ctrl Pts',(0.423218489191032,4.66914138334531,-0.801632424094119));
#2803=CARTESIAN_POINT('Ctrl Pts',(0.516522434713176,4.66139109581642,-0.744938817454624));
#2804=CARTESIAN_POINT('Ctrl Pts',(0.639525031322706,4.64985442080522,-0.635738887852885));
#2805=CARTESIAN_POINT('Ctrl Pts',(0.677951611941504,4.64593355323528,-0.594590350003992));
#2806=CARTESIAN_POINT('Ctrl Pts',(0.748172385810362,4.63776201921052,-0.503670413071055));
#2807=CARTESIAN_POINT('Ctrl Pts',(0.779424778702487,4.63355212661439,-0.453810186528255));
#2808=CARTESIAN_POINT('Ctrl Pts',(0.830683460005483,4.62548772619355,-0.350899355008393));
#2809=CARTESIAN_POINT('Ctrl Pts',(0.850989180671606,4.62156134072513,-0.298299614061038));
#2810=CARTESIAN_POINT('Ctrl Pts',(0.882176093353521,4.61338395985524,-0.187646986952325));
#2811=CARTESIAN_POINT('Ctrl Pts',(0.892535695827388,4.60917408153356,-0.129718732302311));
#2812=CARTESIAN_POINT('Ctrl Pts',(0.901628900907713,4.60111086863156,-0.015124223823759));
#2813=CARTESIAN_POINT('Ctrl Pts',(0.900812369977897,4.59718565074393,0.0412355117644224));
#2814=CARTESIAN_POINT('Ctrl Pts',(0.88840460398423,4.58900950101895,0.155509676517345));
#2815=CARTESIAN_POINT('Ctrl Pts',(0.876372943869959,4.5847996155597,0.21311342004672));
#2816=CARTESIAN_POINT('Ctrl Pts',(0.84199601019047,4.57673619831131,0.322810271341427));
#2817=CARTESIAN_POINT('Ctrl Pts',(0.820181931907769,4.57281078127544,0.374786909462738));
#2818=CARTESIAN_POINT('Ctrl Pts',(0.765978788084914,4.56463442288568,0.476153867024862));
#2819=CARTESIAN_POINT('Ctrl Pts',(0.733297749096285,4.56042453967736,0.525091693577727));
#2820=CARTESIAN_POINT('Ctrl Pts',(0.660427997727557,4.55236116263323,0.614002073920626));
#2821=CARTESIAN_POINT('Ctrl Pts',(0.620775623946001,4.5484357846081,0.654065125277952));
#2822=CARTESIAN_POINT('Ctrl Pts',(0.532627550887212,4.54025946778401,0.727841946047934));
#2823=CARTESIAN_POINT('Ctrl Pts',(0.484029997413678,4.53604958432744,0.761026829106987));
#2824=CARTESIAN_POINT('Ctrl Pts',(0.383219653588331,4.52798616470489,0.816275966244773));
#2825=CARTESIAN_POINT('Ctrl Pts',(0.331470503587425,4.52406074443585,0.838624431825242));
#2826=CARTESIAN_POINT('Ctrl Pts',(0.222141756243729,4.51588438105817,0.874127593536974));
#2827=CARTESIAN_POINT('Ctrl Pts',(0.164665307599068,4.51167449700255,0.886753749783566));
#2828=CARTESIAN_POINT('Ctrl Pts',(0.0505146934421491,4.50361115375636,0.900339879018633));
#2829=CARTESIAN_POINT('Ctrl Pts',(-0.00583556566003734,4.49968580960658,
0.901736909862789));
#2830=CARTESIAN_POINT('Ctrl Pts',(-0.120510703487167,4.49150953011176,0.89382502448291));
#2831=CARTESIAN_POINT('Ctrl Pts',(-0.17854243740433,4.48729964724648,0.884064176805194));
#2832=CARTESIAN_POINT('Ctrl Pts',(-0.289505111050071,4.47923617851476,0.854020272863553));
#2833=CARTESIAN_POINT('Ctrl Pts',(-0.342298776620657,4.47531070925826,0.834263303611398));
#2834=CARTESIAN_POINT('Ctrl Pts',(-0.445716187198941,4.46713429205804,0.784081050372625));
#2835=CARTESIAN_POINT('Ctrl Pts',(-0.49589930358918,4.46292440728123,0.753346374800681));
#2836=CARTESIAN_POINT('Ctrl Pts',(-0.587600645417399,4.45486113666341,0.684024119111859));
#2837=CARTESIAN_POINT('Ctrl Pts',(-0.629188429256637,4.45093586492166,0.645976246416378));
#2838=CARTESIAN_POINT('Ctrl Pts',(-0.706368227272016,4.44275966505203,0.56079401421357));
#2839=CARTESIAN_POINT('Ctrl Pts',(-0.741435564707259,4.43854978326696,0.513536920648387));
#2840=CARTESIAN_POINT('Ctrl Pts',(-0.800601378855937,4.43048620301591,0.41497162445887));
#2841=CARTESIAN_POINT('Ctrl Pts',(-0.824965252600025,4.4265606225796,0.3641376462117));
#2842=CARTESIAN_POINT('Ctrl Pts',(-0.864733618630109,4.41838408307666,0.256284587646294));
#2843=CARTESIAN_POINT('Ctrl Pts',(-0.879606314038869,4.41417419663096,0.199347987244238));
#2844=CARTESIAN_POINT('Ctrl Pts',(-0.897662409295014,4.40611109934757,0.0858220918431747));
#2845=CARTESIAN_POINT('Ctrl Pts',(-0.901270495171833,4.40218600041073,0.0295736952012288));
#2846=CARTESIAN_POINT('Ctrl Pts',(-0.897867745431112,4.3940099906684,-0.0853199751764691));
#2847=CARTESIAN_POINT('Ctrl Pts',(-0.890393179173484,4.38980011149958,-0.143690081439033));
#2848=CARTESIAN_POINT('Ctrl Pts',(-0.86472845351583,4.38173626123672,-0.255752140198199));
#2849=CARTESIAN_POINT('Ctrl Pts',(-0.847057557435922,4.37781041160404,-0.309285994522383));
#2850=CARTESIAN_POINT('Ctrl Pts',(-0.800970697196427,4.36963357595149,-0.414598580059573));
#2851=CARTESIAN_POINT('Ctrl Pts',(-0.7722292052359,4.36542368546413,-0.465949526929626));
#2852=CARTESIAN_POINT('Ctrl Pts',(-0.706564245505923,4.35736100928787,-0.560294133146956));
#2853=CARTESIAN_POINT('Ctrl Pts',(-0.670184125608372,4.35343633016642,-0.603337105449422));
#2854=CARTESIAN_POINT('Ctrl Pts',(-0.588105381157527,4.3452607823663,-0.68379676574899));
#2855=CARTESIAN_POINT('Ctrl Pts',(-0.54226239150053,4.34105090958981,-0.720692945334693));
#2856=CARTESIAN_POINT('Ctrl Pts',(-0.446086185751117,4.33298640322418,-0.783691671739231));
#2857=CARTESIAN_POINT('Ctrl Pts',(-0.396235911596005,4.32905989945159,-0.810038579563068));
#2858=CARTESIAN_POINT('Ctrl Pts',(-0.290013268047984,4.32088234424007,-0.85401310966457));
#2859=CARTESIAN_POINT('Ctrl Pts',(-0.233703451994275,4.31667244400723,-0.871108288606346));
#2860=CARTESIAN_POINT('Ctrl Pts',(-0.12099323066708,4.30861079178842,-0.893600315797687));
#2861=CARTESIAN_POINT('Ctrl Pts',(-0.0649507770464463,4.30468713344071,
-0.899412118599309));
#2862=CARTESIAN_POINT('Ctrl Pts',(-0.00582160967079495,4.30048107704119,
-0.899985880156516));
#2863=CARTESIAN_POINT('Ctrl Pts',(-0.00291065448175834,4.30027390654961,
-0.899999999994432));
#2864=CARTESIAN_POINT('Ctrl Pts',(-1.72162741809366E-9,4.30006665391192,
-0.9));
#2865=CARTESIAN_POINT('Ctrl Pts',(-3.39563414506932E-15,4.19999691210664,
-0.9));
#2866=CARTESIAN_POINT('Ctrl Pts',(-0.0183393714490807,4.20130008222523,
-0.9));
#2867=CARTESIAN_POINT('Ctrl Pts',(-0.0366965206104839,4.20259434887163,
-0.899439444454561));
#2868=CARTESIAN_POINT('Ctrl Pts',(-0.114412120671888,4.20805968006237,-0.894677314367344));
#2869=CARTESIAN_POINT('Ctrl Pts',(-0.173270238733894,4.21220577708602,-0.885163826432335));
#2870=CARTESIAN_POINT('Ctrl Pts',(-0.287554199525772,4.22061962409929,-0.854848056688586));
#2871=CARTESIAN_POINT('Ctrl Pts',(-0.342741258891471,4.22482950471559,-0.834255316451214));
#2872=CARTESIAN_POINT('Ctrl Pts',(-0.442065124653207,4.23258273119407,-0.785660534411937));
#2873=CARTESIAN_POINT('Ctrl Pts',(-0.486547331027244,4.23619995410405,-0.758917400079909));
#2874=CARTESIAN_POINT('Ctrl Pts',(-0.566932425570685,4.24325494026951,-0.700602700826197));
#2875=CARTESIAN_POINT('Ctrl Pts',(-0.603112979659528,4.24666899238404,-0.669709694047704));
#2876=CARTESIAN_POINT('Ctrl Pts',(-0.670242379275982,4.25338735928304,-0.602519109692781));
#2877=CARTESIAN_POINT('Ctrl Pts',(-0.701089382571199,4.25668170288881,-0.566328683613235));
#2878=CARTESIAN_POINT('Ctrl Pts',(-0.759165009321134,4.26365492043165,-0.486132024055878));
#2879=CARTESIAN_POINT('Ctrl Pts',(-0.785749427172209,4.26733283939109,-0.441874563456336));
#2880=CARTESIAN_POINT('Ctrl Pts',(-0.834230505803701,4.27520415097586,-0.342802075195836));
#2881=CARTESIAN_POINT('Ctrl Pts',(-0.854828990838062,4.2792893557924,-0.287613158346543));
#2882=CARTESIAN_POINT('Ctrl Pts',(-0.885153560847899,4.28760183699265,-0.173321996956003));
#2883=CARTESIAN_POINT('Ctrl Pts',(-0.894669640901143,4.29184778067334,-0.11446687952404));
#2884=CARTESIAN_POINT('Ctrl Pts',(-0.905140560683967,4.30403842365392,0.0562108167238318));
#2885=CARTESIAN_POINT('Ctrl Pts',(-0.891216563946681,4.3117211336408,0.167840059692194));
#2886=CARTESIAN_POINT('Ctrl Pts',(-0.839357572313744,4.3238754046211,0.330050795858456));
#2887=CARTESIAN_POINT('Ctrl Pts',(-0.816018732859877,4.32796247744111,0.384146111795343));
#2888=CARTESIAN_POINT('Ctrl Pts',(-0.759214347073868,4.3362122808971,0.486853760980574));
#2889=CARTESIAN_POINT('Ctrl Pts',(-0.725918749055055,4.34039238084844,0.535232768634864));
#2890=CARTESIAN_POINT('Ctrl Pts',(-0.650365297891194,4.34875359944018,0.62487163448659));
#2891=CARTESIAN_POINT('Ctrl Pts',(-0.608277427166965,4.3528237066497,0.665911573596225));
#2892=CARTESIAN_POINT('Ctrl Pts',(-0.519509280570363,4.3608232886838,0.736981859180377));
#2893=CARTESIAN_POINT('Ctrl Pts',(-0.473457643586101,4.36475195272379,0.767378204651927));
#2894=CARTESIAN_POINT('Ctrl Pts',(-0.373142546238711,4.37287120461721,0.821105871538152));
#2895=CARTESIAN_POINT('Ctrl Pts',(-0.31877464990594,4.37695152445739,0.843701986427652));
#2896=CARTESIAN_POINT('Ctrl Pts',(-0.208098485096289,4.38508808445319,0.877462684785704));
#2897=CARTESIAN_POINT('Ctrl Pts',(-0.152152575420635,4.38915290654367,0.888872628232503));
#2898=CARTESIAN_POINT('Ctrl Pts',(-0.0371511238163885,4.39740285624261,
0.90114611101778));
#2899=CARTESIAN_POINT('Ctrl Pts',(0.0216741804300921,4.40147737089973,0.901651171122557));
#2900=CARTESIAN_POINT('Ctrl Pts',(0.135681063834928,4.40952820109312,0.891460050666235));
#2901=CARTESIAN_POINT('Ctrl Pts',(0.190646476250936,4.41350721441845,0.881341908642687));
#2902=CARTESIAN_POINT('Ctrl Pts',(0.300835513473954,4.42167517128815,0.850262611713689));
#2903=CARTESIAN_POINT('Ctrl Pts',(0.355656308351845,4.42575363029554,0.828828815109394));
#2904=CARTESIAN_POINT('Ctrl Pts',(0.458399216714921,4.43385977239158,0.776574051237775));
#2905=CARTESIAN_POINT('Ctrl Pts',(0.506268623680812,4.43789394909891,0.746249563879431));
#2906=CARTESIAN_POINT('Ctrl Pts',(0.597389819589931,4.44611477157773,0.675700765403079));
#2907=CARTESIAN_POINT('Ctrl Pts',(0.640178149093963,4.45019081216735,0.63530949042125));
#2908=CARTESIAN_POINT('Ctrl Pts',(0.715538842652853,4.45826177875589,0.548767568179148));
#2909=CARTESIAN_POINT('Ctrl Pts',(0.748317111272681,4.46226078384259,0.503152495644054));
#2910=CARTESIAN_POINT('Ctrl Pts',(0.806308587988514,4.47044796205804,0.404121487974461));
#2911=CARTESIAN_POINT('Ctrl Pts',(0.830949091558938,4.4745255919266,0.350672809717913));
#2912=CARTESIAN_POINT('Ctrl Pts',(0.868697313128434,4.48261917409586,0.241954921619033));
#2913=CARTESIAN_POINT('Ctrl Pts',(0.88214172990209,4.48664075773869,0.187089321138911));
#2914=CARTESIAN_POINT('Ctrl Pts',(0.898933156242903,4.49484955981363,0.0732523137825151));
#2915=CARTESIAN_POINT('Ctrl Pts',(0.901796690535762,4.49892618894712,0.014475572478243));
#2916=CARTESIAN_POINT('Ctrl Pts',(0.896159780793145,4.50700532110258,-0.100260210128082));
#2917=CARTESIAN_POINT('Ctrl Pts',(0.888158669759109,4.51101246358851,-0.155973999309885));
#2918=CARTESIAN_POINT('Ctrl Pts',(0.861281995213928,4.5192074456309,-0.267657792293894));
#2919=CARTESIAN_POINT('Ctrl Pts',(0.841992397351592,4.52328472279415,-0.323258823002581));
#2920=CARTESIAN_POINT('Ctrl Pts',(0.793869075190936,4.53137312729893,-0.427715945790248));
#2921=CARTESIAN_POINT('Ctrl Pts',(0.765569433768207,4.53538953055146,-0.476520433867535));
#2922=CARTESIAN_POINT('Ctrl Pts',(0.698824777001046,4.54359337937777,-0.570167422129543));
#2923=CARTESIAN_POINT('Ctrl Pts',(0.66015445024153,4.54767024425208,-0.614526771825922));
#2924=CARTESIAN_POINT('Ctrl Pts',(0.576541017736927,4.55575271440368,-0.693368702325078));
#2925=CARTESIAN_POINT('Ctrl Pts',(0.532122367615976,4.55976318825012,-0.728014240943462));
#2926=CARTESIAN_POINT('Ctrl Pts',(0.43529948220661,4.567961361698,-0.789912390090884));
#2927=CARTESIAN_POINT('Ctrl Pts',(0.382857634938959,4.57203849189162,-0.816619463910738));
#2928=CARTESIAN_POINT('Ctrl Pts',(0.275796300086233,4.58012476663168,-0.858546496115086));
#2929=CARTESIAN_POINT('Ctrl Pts',(0.221599314005651,4.58413904089466,-0.874104498022337));
#2930=CARTESIAN_POINT('Ctrl Pts',(0.111467205553636,4.59213344845835,-0.894812373712354));
#2931=CARTESIAN_POINT('Ctrl Pts',(0.0557922219549016,4.59601425489919,-0.899999999860492));
#2932=CARTESIAN_POINT('Ctrl Pts',(2.25044818742432E-9,4.59993399689539,
-0.9));
#2933=CARTESIAN_POINT('Origin',(0.,2.,0.));
#2934=CARTESIAN_POINT('',(-1.12549873073681E-9,5.10006600310465,-0.9));
#2935=CARTESIAN_POINT('',(5.04248979816396E-8,4.99997273297641,-0.900019674358069));
#2936=CARTESIAN_POINT('',(-1.10218211923262E-16,2.,-0.9));
#2937=CARTESIAN_POINT('Ctrl Pts',(-2.25099735125541E-9,5.10006600310465,
-0.9));
#2938=CARTESIAN_POINT('Ctrl Pts',(0.00289789703927471,5.09986240809429,
-0.900000000007248));
#2939=CARTESIAN_POINT('Ctrl Pts',(0.00579611149676481,5.09965869062869,
-0.899986003653241));
#2940=CARTESIAN_POINT('Ctrl Pts',(0.0649370900865612,5.09549916979591,-0.899414639558619));
#2941=CARTESIAN_POINT('Ctrl Pts',(0.121002862856866,5.0914862708445,-0.893600062581974));
#2942=CARTESIAN_POINT('Ctrl Pts',(0.233730159913922,5.08328577542331,-0.871101215722365));
#2943=CARTESIAN_POINT('Ctrl Pts',(0.290041743612407,5.07920875316519,-0.854004096294064));
#2944=CARTESIAN_POINT('Ctrl Pts',(0.396253577818942,5.07112403237157,-0.810028605884671));
#2945=CARTESIAN_POINT('Ctrl Pts',(0.446085210521355,5.06711131078469,-0.78369028990658));
#2946=CARTESIAN_POINT('Ctrl Pts',(0.542242878121527,5.05891098514952,-0.720707835893211));
#2947=CARTESIAN_POINT('Ctrl Pts',(0.588089824197485,5.05483395497025,-0.683811067572464));
#2948=CARTESIAN_POINT('Ctrl Pts',(0.670183479420817,5.04674912042599,-0.60333864711454));
#2949=CARTESIAN_POINT('Ctrl Pts',(0.706568092190686,5.04273628520171,-0.560289385472034));
#2950=CARTESIAN_POINT('Ctrl Pts',(0.772233921678038,5.03453585078407,-0.465941937087755));
#2951=CARTESIAN_POINT('Ctrl Pts',(0.80097660383193,5.03045882567945,-0.414588582199477));
#2952=CARTESIAN_POINT('Ctrl Pts',(0.847061287376604,5.02237406401413,-0.309274117887163));
#2953=CARTESIAN_POINT('Ctrl Pts',(0.864728034820083,5.01836130159658,-0.255749830091882));
#2954=CARTESIAN_POINT('Ctrl Pts',(0.890391329833631,5.01016093687464,-0.143702475724748));
#2955=CARTESIAN_POINT('Ctrl Pts',(0.897867536321125,5.00608390851825,-0.0853293786102522));
#2956=CARTESIAN_POINT('Ctrl Pts',(0.901270531053863,4.99799910015374,0.0295771511189254));
#2957=CARTESIAN_POINT('Ctrl Pts',(0.897661628053894,4.99398629108347,0.0858267134065971));
#2958=CARTESIAN_POINT('Ctrl Pts',(0.879606165426583,4.98578588170351,0.199349224818274));
#2959=CARTESIAN_POINT('Ctrl Pts',(0.864733094672694,4.9817088554321,0.25628868200371));
#2960=CARTESIAN_POINT('Ctrl Pts',(0.824961245660299,4.9736240770195,0.364145951600031));
#2961=CARTESIAN_POINT('Ctrl Pts',(0.800599278463446,4.96961129787114,0.414973940688357));
#2962=CARTESIAN_POINT('Ctrl Pts',(0.741440003239943,4.96141091712799,0.51353076112959));
#2963=CARTESIAN_POINT('Ctrl Pts',(0.706371587007489,4.95733388951343,0.560790866506935));
#2964=CARTESIAN_POINT('Ctrl Pts',(0.629184463207801,4.94924909177006,0.645980086815879));
#2965=CARTESIAN_POINT('Ctrl Pts',(0.587597220213836,4.94523629331113,0.684026398107845));
#2966=CARTESIAN_POINT('Ctrl Pts',(0.495900986136118,4.9370358941074,0.753345426813003));
#2967=CARTESIAN_POINT('Ctrl Pts',(0.445715663916753,4.93295886738025,0.784082113649521));
#2968=CARTESIAN_POINT('Ctrl Pts',(0.342291397898449,4.92487408254617,0.834266108592243));
#2969=CARTESIAN_POINT('Ctrl Pts',(0.289501665282756,4.92086129698119,0.854020709370635));
#2970=CARTESIAN_POINT('Ctrl Pts',(0.178547914060266,4.91266091004055,0.884063212203911));
#2971=CARTESIAN_POINT('Ctrl Pts',(0.120513339294731,4.90858388266016,0.893825346304862));
#2972=CARTESIAN_POINT('Ctrl Pts',(0.00582919427213236,4.90049908788141,
0.901736866891265));
#2973=CARTESIAN_POINT('Ctrl Pts',(-0.0505184949788122,4.89648629238479,
0.900339093614483));
#2974=CARTESIAN_POINT('Ctrl Pts',(-0.164662157246827,4.88828589614342,0.886754472306244));
#2975=CARTESIAN_POINT('Ctrl Pts',(-0.22214163716551,4.88420886939402,0.874128312707463));
#2976=CARTESIAN_POINT('Ctrl Pts',(-0.331477275728448,4.8761240852807,0.838621580663251));
#2977=CARTESIAN_POINT('Ctrl Pts',(-0.383222600193307,4.87211130045236,0.816273865681197));
#2978=CARTESIAN_POINT('Ctrl Pts',(-0.484026085461771,4.8639109141067,0.761029480046568));
#2979=CARTESIAN_POINT('Ctrl Pts',(-0.532626532143831,4.85983388666096,0.727843521659674));
#2980=CARTESIAN_POINT('Ctrl Pts',(-0.620780421416444,4.85174908929273,0.654060417307435));
#2981=CARTESIAN_POINT('Ctrl Pts',(-0.660430104919115,4.84773629108571,0.613998927381273));
#2982=CARTESIAN_POINT('Ctrl Pts',(-0.733295667515575,4.83953589124891,0.525094834136584));
#2983=CARTESIAN_POINT('Ctrl Pts',(-0.765978924892957,4.83545886331232,0.476154913143275));
#2984=CARTESIAN_POINT('Ctrl Pts',(-0.820184760560817,4.82737405909413,0.374780372094229));
#2985=CARTESIAN_POINT('Ctrl Pts',(-0.841996718207966,4.82336125480474,0.322806661180222));
#2986=CARTESIAN_POINT('Ctrl Pts',(-0.87637204198593,4.81516085829379,0.213117708129842));
#2987=CARTESIAN_POINT('Ctrl Pts',(-0.888405018997463,4.81108384122718,0.155511187848253));
#2988=CARTESIAN_POINT('Ctrl Pts',(-0.900812560444116,4.80299923704966,0.0412286477854028));
#2989=CARTESIAN_POINT('Ctrl Pts',(-0.90162822826785,4.79898662924133,-0.0151279115982496));
#2990=CARTESIAN_POINT('Ctrl Pts',(-0.892536403866521,4.79078636702952,-0.129714808926675));
#2991=CARTESIAN_POINT('Ctrl Pts',(-0.882176961447577,4.78670928298773,-0.187646120627935));
#2992=CARTESIAN_POINT('Ctrl Pts',(-0.850986726927821,4.77862340950181,-0.298306198569412));
#2993=CARTESIAN_POINT('Ctrl Pts',(-0.830681466152444,4.77460954628329,-0.350902470961242));
#2994=CARTESIAN_POINT('Ctrl Pts',(-0.779427034323967,4.76640832794353,-0.453806583702044));
#2995=CARTESIAN_POINT('Ctrl Pts',(-0.748173665793757,4.76233155583397,-0.503669709388615));
#2996=CARTESIAN_POINT('Ctrl Pts',(-0.677946942580925,4.75425166608609,-0.594595483180622));
#2997=CARTESIAN_POINT('Ctrl Pts',(-0.639521984269429,4.75024373908252,-0.635741082773888));
#2998=CARTESIAN_POINT('Ctrl Pts',(-0.516528265701487,4.73850997091937,-0.744934624430125));
#2999=CARTESIAN_POINT('Ctrl Pts',(-0.42322246371168,4.73106440672327,-0.801630048247294));
#3000=CARTESIAN_POINT('Ctrl Pts',(-0.219284561456746,4.71546488483622,-0.879794350082908));
#3001=CARTESIAN_POINT('Ctrl Pts',(-0.110106772335081,4.70790731210908,-0.90000011262221));
#3002=CARTESIAN_POINT('Ctrl Pts',(9.20557047771818E-7,4.70004097584299,
-0.899999999999529));
#3003=CARTESIAN_POINT('Ctrl Pts',(2.25044818742432E-9,4.59993399689539,
-0.9));
#3004=CARTESIAN_POINT('Ctrl Pts',(-0.00290666673397354,4.60013820802998,
-0.900000000007268));
#3005=CARTESIAN_POINT('Ctrl Pts',(-0.00581365269186369,4.60034254235579,
-0.899985918812876));
#3006=CARTESIAN_POINT('Ctrl Pts',(-0.0649485674247663,4.60450165158019,
-0.899412884111817));
#3007=CARTESIAN_POINT('Ctrl Pts',(-0.120999474771644,4.60851349158066,-0.893599588976128));
#3008=CARTESIAN_POINT('Ctrl Pts',(-0.233713085846617,4.61671297321446,-0.871105823820576));
#3009=CARTESIAN_POINT('Ctrl Pts',(-0.290025389758883,4.62079004270228,-0.854009677989275));
#3010=CARTESIAN_POINT('Ctrl Pts',(-0.396247190008452,4.6288754424097,-0.810032389859214));
#3011=CARTESIAN_POINT('Ctrl Pts',(-0.446087347746456,4.63288884228197,-0.783689754448511));
#3012=CARTESIAN_POINT('Ctrl Pts',(-0.542251928977779,4.64108981718982,-0.720701005165435));
#3013=CARTESIAN_POINT('Ctrl Pts',(-0.588098213078105,4.6451668170534,-0.683803830682588));
#3014=CARTESIAN_POINT('Ctrl Pts',(-0.670186373932493,4.65325121650135,-0.603334864836016));
#3015=CARTESIAN_POINT('Ctrl Pts',(-0.706566953214319,4.65726361707984,-0.56029021141587));
#3016=CARTESIAN_POINT('Ctrl Pts',(-0.772230179476425,4.66546363540842,-0.465948159979606));
#3017=CARTESIAN_POINT('Ctrl Pts',(-0.800973351924817,4.66954067991315,-0.414594888186027));
#3018=CARTESIAN_POINT('Ctrl Pts',(-0.847060473308125,4.67762572029239,-0.309277056225307));
#3019=CARTESIAN_POINT('Ctrl Pts',(-0.864728514576562,4.68163876115491,-0.255749064678693));
#3020=CARTESIAN_POINT('Ctrl Pts',(-0.890392064518536,4.68983939241968,-0.143697880288843));
#3021=CARTESIAN_POINT('Ctrl Pts',(-0.897867959629455,4.69391640833712,-0.0853248512613599));
#3022=CARTESIAN_POINT('Ctrl Pts',(-0.901270311494525,4.70200103811104,0.0295790932404509));
#3023=CARTESIAN_POINT('Ctrl Pts',(-0.89766152605966,4.70601366877111,0.0858261445046876));
#3024=CARTESIAN_POINT('Ctrl Pts',(-0.879606828621617,4.71421390736117,0.199346318457993));
#3025=CARTESIAN_POINT('Ctrl Pts',(-0.864733926600118,4.71829094159827,0.256285890579618));
#3026=CARTESIAN_POINT('Ctrl Pts',(-0.824961840840912,4.72637583442443,0.364144850323093));
#3027=CARTESIAN_POINT('Ctrl Pts',(-0.800599202748753,4.7303887278741,0.414974303501662));
#3028=CARTESIAN_POINT('Ctrl Pts',(-0.741438913292074,4.73858921803408,0.513532329841171));
#3029=CARTESIAN_POINT('Ctrl Pts',(-0.706370424293275,4.74266624054349,0.560792326497874));
#3030=CARTESIAN_POINT('Ctrl Pts',(-0.629183845766683,4.75075096497925,0.645980598961843));
#3031=CARTESIAN_POINT('Ctrl Pts',(-0.587597351949947,4.75476369020386,0.684026200698498));
#3032=CARTESIAN_POINT('Ctrl Pts',(-0.495902009300309,4.76296401930182,0.753344755464638));
#3033=CARTESIAN_POINT('Ctrl Pts',(-0.445716704307012,4.76704104929918,0.784081524321942));
#3034=CARTESIAN_POINT('Ctrl Pts',(-0.342291887369572,4.77512588109971,0.834265952038598));
#3035=CARTESIAN_POINT('Ctrl Pts',(-0.289501539686029,4.77913871358472,0.854020795177098));
#3036=CARTESIAN_POINT('Ctrl Pts',(-0.178547145255978,4.78733914544058,0.884063366290743));
#3037=CARTESIAN_POINT('Ctrl Pts',(-0.120512579888458,4.79141617072551,0.893825447520167));
#3038=CARTESIAN_POINT('Ctrl Pts',(-0.00582886587652966,4.79950093541251,
0.90173684277154));
#3039=CARTESIAN_POINT('Ctrl Pts',(0.0505183998206488,4.80351370084735,0.900339072680838));
#3040=CARTESIAN_POINT('Ctrl Pts',(0.164661663477629,4.81171406831126,0.88675456474988));
#3041=CARTESIAN_POINT('Ctrl Pts',(0.222141161635457,4.81579109640311,0.874128434322596));
#3042=CARTESIAN_POINT('Ctrl Pts',(0.331477086344945,4.82387589979576,0.83862167359849));
#3043=CARTESIAN_POINT('Ctrl Pts',(0.383222661763429,4.82788870388431,0.816273855341776));
#3044=CARTESIAN_POINT('Ctrl Pts',(0.484026356786351,4.83608910866727,0.761029306916086));
#3045=CARTESIAN_POINT('Ctrl Pts',(0.532626785645957,4.84016613525289,0.727843335558161));
#3046=CARTESIAN_POINT('Ctrl Pts',(0.620780511723857,4.84825092026883,0.654060316743538));
#3047=CARTESIAN_POINT('Ctrl Pts',(0.660430070802651,4.85226370613582,0.613998948263322));
#3048=CARTESIAN_POINT('Ctrl Pts',(0.733295547706196,4.86046409415981,0.525095001974166));
#3049=CARTESIAN_POINT('Ctrl Pts',(0.76597881878035,4.86454112264748,0.476155084423655));
#3050=CARTESIAN_POINT('Ctrl Pts',(0.820184730960694,4.87262593477964,0.374780453478139));
#3051=CARTESIAN_POINT('Ctrl Pts',(0.841996733483714,4.87663874697514,0.322806640607421));
#3052=CARTESIAN_POINT('Ctrl Pts',(0.876372073013871,4.88483915105434,0.213117579711405));
#3053=CARTESIAN_POINT('Ctrl Pts',(0.888405041061551,4.88891616776783,0.155511060663027));
#3054=CARTESIAN_POINT('Ctrl Pts',(0.90081255855583,4.89700076687508,0.041228592337889));
#3055=CARTESIAN_POINT('Ctrl Pts',(0.901628224114071,4.90101336961824,-0.0151278957141398));
#3056=CARTESIAN_POINT('Ctrl Pts',(0.892536416164209,4.90921362698095,-0.129714725177657));
#3057=CARTESIAN_POINT('Ctrl Pts',(0.882176978778451,4.9132907112487,-0.187646039753194));
#3058=CARTESIAN_POINT('Ctrl Pts',(0.850986741322221,4.92137658798405,-0.298306166075169));
#3059=CARTESIAN_POINT('Ctrl Pts',(0.83068146481141,4.9253904544491,-0.350902481417657));
#3060=CARTESIAN_POINT('Ctrl Pts',(0.779427006953442,4.93359167589557,-0.453806630550776));
#3061=CARTESIAN_POINT('Ctrl Pts',(0.748173636127363,4.93766844785933,-0.503669753310816));
#3062=CARTESIAN_POINT('Ctrl Pts',(0.677946926218914,4.94574833552845,-0.594595499091437));
#3063=CARTESIAN_POINT('Ctrl Pts',(0.639521987493675,4.94975626045643,-0.635741076964267));
#3064=CARTESIAN_POINT('Ctrl Pts',(0.516528287684538,4.96149002727926,-0.744934610595956));
#3065=CARTESIAN_POINT('Ctrl Pts',(0.423222478529982,4.96893559212058,-0.801630041733068));
#3066=CARTESIAN_POINT('Ctrl Pts',(0.219284565756485,4.98453511485793,-0.879794349283637));
#3067=CARTESIAN_POINT('Ctrl Pts',(0.110106774512789,4.99209268773535,-0.900000112622212));
#3068=CARTESIAN_POINT('Ctrl Pts',(-9.20557048756208E-7,4.99995902415702,
-0.899999999999529));
#3069=CARTESIAN_POINT('Origin',(0.,2.,0.));
#3070=CARTESIAN_POINT('',(2.95534843831973E-15,5.50000308789336,-0.9));
#3071=CARTESIAN_POINT('',(8.63601096599455E-10,5.39993334608768,-0.9));
#3072=CARTESIAN_POINT('',(-1.10218211923262E-16,2.,-0.9));
#3073=CARTESIAN_POINT('Ctrl Pts',(6.02091508856273E-15,5.50000308789336,
-0.9));
#3074=CARTESIAN_POINT('Ctrl Pts',(0.0183580492543746,5.49869859055602,-0.9));
#3075=CARTESIAN_POINT('Ctrl Pts',(0.036733954846576,5.49740301420472,-0.899438302110141));
#3076=CARTESIAN_POINT('Ctrl Pts',(0.114467916638475,5.49193641025159,-0.89467016620305));
#3077=CARTESIAN_POINT('Ctrl Pts',(0.173325272057329,5.48779026949649,-0.885153040090749));
#3078=CARTESIAN_POINT('Ctrl Pts',(0.287607661747893,5.4793763427219,-0.854830105192394));
#3079=CARTESIAN_POINT('Ctrl Pts',(0.342793899059888,5.47516649316605,-0.834233723074089));
#3080=CARTESIAN_POINT('Ctrl Pts',(0.441914885651809,5.46742890247061,-0.785730383325856));
#3081=CARTESIAN_POINT('Ctrl Pts',(0.486213171365212,5.46382725381987,-0.759116348578272));
#3082=CARTESIAN_POINT('Ctrl Pts',(0.566733811762214,5.45676443291946,-0.700786604949415));
#3083=CARTESIAN_POINT('Ctrl Pts',(0.603178721025307,5.45332556713009,-0.669674799679372));
#3084=CARTESIAN_POINT('Ctrl Pts',(0.67074370741759,5.44656131548802,-0.601986176209307));
#3085=CARTESIAN_POINT('Ctrl Pts',(0.701762306681228,5.4432450836961,-0.565521462599039));
#3086=CARTESIAN_POINT('Ctrl Pts',(0.759624821784291,5.43628153889566,-0.485363064964233));
#3087=CARTESIAN_POINT('Ctrl Pts',(0.785931599390989,5.43263715558921,-0.441495356213722));
#3088=CARTESIAN_POINT('Ctrl Pts',(0.834210252778563,5.42479962925845,-0.34285143560805));
#3089=CARTESIAN_POINT('Ctrl Pts',(0.854812150829786,5.42071432860142,-0.287663297959387));
#3090=CARTESIAN_POINT('Ctrl Pts',(0.885143439139967,5.41240187961812,-0.173373622051825));
#3091=CARTESIAN_POINT('Ctrl Pts',(0.89466292982938,5.40815600147165,-0.114519232688994));
#3092=CARTESIAN_POINT('Ctrl Pts',(0.901770869633642,5.39988852525702,0.00123016210246232));
#3093=CARTESIAN_POINT('Ctrl Pts',(0.899916078200021,5.39596683844073,0.0578213951904691));
#3094=CARTESIAN_POINT('Ctrl Pts',(0.885611931539182,5.38801606256241,0.169971778287293));
#3095=CARTESIAN_POINT('Ctrl Pts',(0.873183527295033,5.38398074828211,0.225274627120132));
#3096=CARTESIAN_POINT('Ctrl Pts',(0.837449307052773,5.37575884140596,0.334850299697767));
#3097=CARTESIAN_POINT('Ctrl Pts',(0.813833131803027,5.37168285507105,0.388743860092522));
#3098=CARTESIAN_POINT('Ctrl Pts',(0.757741563027112,5.36361262949893,0.488843784168778));
#3099=CARTESIAN_POINT('Ctrl Pts',(0.725841370719522,5.35961436202174,0.5350645571592));
#3100=CARTESIAN_POINT('Ctrl Pts',(0.652143717655449,5.35142789175701,0.623021924535585));
#3101=CARTESIAN_POINT('Ctrl Pts',(0.610120922857897,5.34735023035662,0.66422910405436));
#3102=CARTESIAN_POINT('Ctrl Pts',(0.52047084913131,5.33925618064215,0.736402090979412));
#3103=CARTESIAN_POINT('Ctrl Pts',(0.473336314425116,5.33523412888927,0.767547990250706));
#3104=CARTESIAN_POINT('Ctrl Pts',(0.371804515447877,5.32702487946984,0.821710473003893));
#3105=CARTESIAN_POINT('Ctrl Pts',(0.317428296848147,5.32294827182021,0.844207360679893));
#3106=CARTESIAN_POINT('Ctrl Pts',(0.207504421149494,5.31486944191754,0.877551083173246));
#3107=CARTESIAN_POINT('Ctrl Pts',(0.152356087913129,5.31086260094502,0.888786172101478));
#3108=CARTESIAN_POINT('Ctrl Pts',(0.0381505504763086,5.30266790784675,0.90110594140977));
#3109=CARTESIAN_POINT('Ctrl Pts',(-0.020698849601402,5.29859061745571,0.90167568150205));
#3110=CARTESIAN_POINT('Ctrl Pts',(-0.135264940535167,5.29050202047428,0.891556357132726));
#3111=CARTESIAN_POINT('Ctrl Pts',(-0.190753053374483,5.28648542476039,0.881352289142709));
#3112=CARTESIAN_POINT('Ctrl Pts',(-0.301413821849394,5.27828139182437,0.850056855443275));
#3113=CARTESIAN_POINT('Ctrl Pts',(-0.356207598895118,5.27420453564241,0.828591086846457));
#3114=CARTESIAN_POINT('Ctrl Pts',(-0.45860748153064,5.2661221892735,0.776426870939102));
#3115=CARTESIAN_POINT('Ctrl Pts',(-0.506190488213039,5.26211183901358,0.746277391046656));
#3116=CARTESIAN_POINT('Ctrl Pts',(-0.597087803729455,5.25391378392476,0.675968478048412));
#3117=CARTESIAN_POINT('Ctrl Pts',(-0.63990094211246,5.24983664825204,0.635589574507076));
#3118=CARTESIAN_POINT('Ctrl Pts',(-0.715445914281521,5.2417502944009,0.548910697094858));
#3119=CARTESIAN_POINT('Ctrl Pts',(-0.748353538811797,5.23773594107556,0.503122286173402));
#3120=CARTESIAN_POINT('Ctrl Pts',(-0.806422105860656,5.22953405363725,0.403894092315678));
#3121=CARTESIAN_POINT('Ctrl Pts',(-0.831045313037867,5.22545709649388,0.350443764251752));
#3122=CARTESIAN_POINT('Ctrl Pts',(-0.868717482742223,5.21737330903882,0.241850590013538));
#3123=CARTESIAN_POINT('Ctrl Pts',(-0.882126809128093,5.2133615197401,0.187118441520378));
#3124=CARTESIAN_POINT('Ctrl Pts',(-0.898920018165929,5.20516208665076,0.0734163876821276));
#3125=CARTESIAN_POINT('Ctrl Pts',(-0.901794342791611,5.20108501490547,0.0146363373575066));
#3126=CARTESIAN_POINT('Ctrl Pts',(-0.896172914517025,5.19299958270651,-0.100192148465759));
#3127=CARTESIAN_POINT('Ctrl Pts',(-0.888160748708398,5.1889861503699,-0.155993873592147));
#3128=CARTESIAN_POINT('Ctrl Pts',(-0.861250765066948,5.18078514438841,-0.267757747875433));
#3129=CARTESIAN_POINT('Ctrl Pts',(-0.841955568352251,5.17670814597739,-0.323354304975558));
#3130=CARTESIAN_POINT('Ctrl Pts',(-0.793845226702249,5.16862376735998,-0.42775280036218));
#3131=CARTESIAN_POINT('Ctrl Pts',(-0.765573179413252,5.16461138758928,-0.476507769719496));
#3132=CARTESIAN_POINT('Ctrl Pts',(-0.698867456726012,5.15641138918095,-0.570115266185316));
#3133=CARTESIAN_POINT('Ctrl Pts',(-0.660199383245945,5.15233434374809,-0.614478646573218));
#3134=CARTESIAN_POINT('Ctrl Pts',(-0.576564174704364,5.14424929002762,-0.693352375334));
#3135=CARTESIAN_POINT('Ctrl Pts',(-0.532117249707921,5.14023623583626,-0.728020769996527));
#3136=CARTESIAN_POINT('Ctrl Pts',(-0.435261743115981,5.132035591813,-0.789933113460778));
#3137=CARTESIAN_POINT('Ctrl Pts',(-0.382819515326328,5.12795857649153,-0.816637264187809));
#3138=CARTESIAN_POINT('Ctrl Pts',(-0.275778712365877,5.11987395527288,-0.858550630708493));
#3139=CARTESIAN_POINT('Ctrl Pts',(-0.221603987018753,5.11586133315917,-0.874101825839939));
#3140=CARTESIAN_POINT('Ctrl Pts',(-0.111486005288205,5.10786788163524,-0.894810618051521));
#3141=CARTESIAN_POINT('Ctrl Pts',(-0.0558016615305598,5.10398640828828,
-0.899999999860434));
#3142=CARTESIAN_POINT('Ctrl Pts',(-2.25099735125541E-9,5.10006600310465,
-0.9));
#3143=CARTESIAN_POINT('Ctrl Pts',(-8.3350884534051E-7,4.99996009399346,
-0.899999999999614));
#3144=CARTESIAN_POINT('Ctrl Pts',(-0.110105742557812,5.00767085045443,-0.899999898029152));
#3145=CARTESIAN_POINT('Ctrl Pts',(-0.219280518749429,5.01555922803672,-0.879795031486257));
#3146=CARTESIAN_POINT('Ctrl Pts',(-0.423218467007169,5.03085861496149,-0.801632433845815));
#3147=CARTESIAN_POINT('Ctrl Pts',(-0.516522401799121,5.03860890145133,-0.7449388381665));
#3148=CARTESIAN_POINT('Ctrl Pts',(-0.639525026483454,5.05014557855687,-0.635738896562902));
#3149=CARTESIAN_POINT('Ctrl Pts',(-0.677951636412446,5.05406644912921,-0.594590326210303));
#3150=CARTESIAN_POINT('Ctrl Pts',(-0.748172430188772,5.06223798645863,-0.503670347366247));
#3151=CARTESIAN_POINT('Ctrl Pts',(-0.779424819644839,5.06644787910155,-0.453810116450337));
#3152=CARTESIAN_POINT('Ctrl Pts',(-0.830683462023357,5.07451227481911,-0.350899339341248));
#3153=CARTESIAN_POINT('Ctrl Pts',(-0.850989159166753,5.07843865559764,-0.298299662598746));
#3154=CARTESIAN_POINT('Ctrl Pts',(-0.882176067457399,5.08661603130804,-0.187647107800781));
#3155=CARTESIAN_POINT('Ctrl Pts',(-0.892535677451718,5.09082590955935,-0.129718857437835));
#3156=CARTESIAN_POINT('Ctrl Pts',(-0.901628907112765,5.0988891297938,-0.0151242475938684));
#3157=CARTESIAN_POINT('Ctrl Pts',(-0.900812372800115,5.10281435499131,0.0412355945142873));
#3158=CARTESIAN_POINT('Ctrl Pts',(-0.888404571045886,5.11099051275882,0.15550986637831));
#3159=CARTESIAN_POINT('Ctrl Pts',(-0.876372897555728,5.11520039832853,0.213113611737363));
#3160=CARTESIAN_POINT('Ctrl Pts',(-0.841995987368317,5.12326380414398,0.32281030210668));
#3161=CARTESIAN_POINT('Ctrl Pts',(-0.820181976031253,5.12718920978157,0.374786788127953));
#3162=CARTESIAN_POINT('Ctrl Pts',(-0.765978946330027,5.13536555563078,0.476153611599244));
#3163=CARTESIAN_POINT('Ctrl Pts',(-0.733297927752966,5.13957543866703,0.525091443299373));
#3164=CARTESIAN_POINT('Ctrl Pts',(-0.660428048671881,5.14763883353704,0.614002042701426));
#3165=CARTESIAN_POINT('Ctrl Pts',(-0.620775489473176,5.15156422933389,0.654065275040919));
#3166=CARTESIAN_POINT('Ctrl Pts',(-0.532627173259429,5.1597405657107,0.727842223269213));
#3167=CARTESIAN_POINT('Ctrl Pts',(-0.484029593264214,5.16395044943562,0.761027086995925));
#3168=CARTESIAN_POINT('Ctrl Pts',(-0.383219561715265,5.17201384126724,0.816275981727784));
#3169=CARTESIAN_POINT('Ctrl Pts',(-0.331470785264185,5.17593923382977,0.838624293577263));
#3170=CARTESIAN_POINT('Ctrl Pts',(-0.222142463789592,5.18411556672448,0.87412741258982));
#3171=CARTESIAN_POINT('Ctrl Pts',(-0.164666042235832,5.1883254503619,0.886753612240127));
#3172=CARTESIAN_POINT('Ctrl Pts',(-0.050514835268346,5.19638883693666,0.900339910143054));
#3173=CARTESIAN_POINT('Ctrl Pts',(0.00583605360305444,5.20031422428333,
0.90173694572858));
#3174=CARTESIAN_POINT('Ctrl Pts',(0.120511832197994,5.20849055130427,0.893824874039115));
#3175=CARTESIAN_POINT('Ctrl Pts',(0.178543580019269,5.21270043482205,0.884063947805958));
#3176=CARTESIAN_POINT('Ctrl Pts',(0.289505298149284,5.22076383600435,0.854020145203822));
#3177=CARTESIAN_POINT('Ctrl Pts',(0.342298050228277,5.22468923791648,0.834263535890275));
#3178=CARTESIAN_POINT('Ctrl Pts',(0.445714642699156,5.23286558102426,0.784081925267543));
#3179=CARTESIAN_POINT('Ctrl Pts',(0.495897784746449,5.23707546478504,0.753347371376499));
#3180=CARTESIAN_POINT('Ctrl Pts',(0.587600449443343,5.24513884072288,0.684024412497598));
#3181=CARTESIAN_POINT('Ctrl Pts',(0.629189344742208,5.2490642174643,0.645975487131735));
#3182=CARTESIAN_POINT('Ctrl Pts',(0.706369951632135,5.25724053285791,0.5607918489556));
#3183=CARTESIAN_POINT('Ctrl Pts',(0.741437181089629,5.2614504162301,0.51353459430262));
#3184=CARTESIAN_POINT('Ctrl Pts',(0.800601491743336,5.26951383229407,0.41497108533898));
#3185=CARTESIAN_POINT('Ctrl Pts',(0.824964371282295,5.27343924904102,0.364139276652934));
#3186=CARTESIAN_POINT('Ctrl Pts',(0.86473238644718,5.28161560845524,0.256288722208606));
#3187=CARTESIAN_POINT('Ctrl Pts',(0.879605331788598,5.28582549243398,0.199352291740697));
#3188=CARTESIAN_POINT('Ctrl Pts',(0.897662560247229,5.29388884573295,0.0858229353799287));
#3189=CARTESIAN_POINT('Ctrl Pts',(0.901270820145565,5.29781419990518,0.0295708216345871));
#3190=CARTESIAN_POINT('Ctrl Pts',(0.897867118954032,5.30599049047222,-0.0853266752338678));
#3191=CARTESIAN_POINT('Ctrl Pts',(0.890392092028481,5.31020037350542,-0.143696881936204));
#3192=CARTESIAN_POINT('Ctrl Pts',(0.864727742605229,5.31826382470543,-0.255753276591566));
#3193=CARTESIAN_POINT('Ctrl Pts',(0.847058759337868,5.32218927648148,-0.309281654788073));
#3194=CARTESIAN_POINT('Ctrl Pts',(0.800975502543506,5.33036567443362,-0.414589261971776));
#3195=CARTESIAN_POINT('Ctrl Pts',(0.772234734527227,5.33457555894033,-0.465940332279186));
#3196=CARTESIAN_POINT('Ctrl Pts',(0.706565928653733,5.34263885749502,-0.560292912554347));
#3197=CARTESIAN_POINT('Ctrl Pts',(0.670179850685349,5.34656415708955,-0.603342691638817));
#3198=CARTESIAN_POINT('Ctrl Pts',(0.588092991101776,5.35474038760877,-0.683807454404968));
#3199=CARTESIAN_POINT('Ctrl Pts',(0.542249024306908,5.35895026981716,-0.720703033940335));
#3200=CARTESIAN_POINT('Ctrl Pts',(0.446083017181777,5.36701380635286,-0.783692470110484));
#3201=CARTESIAN_POINT('Ctrl Pts',(0.396245318112431,5.37093934320585,-0.810033005654356));
#3202=CARTESIAN_POINT('Ctrl Pts',(0.290037371639241,5.37911583475852,-0.854004883462644));
#3203=CARTESIAN_POINT('Ctrl Pts',(0.233728614403733,5.38332572054749,-0.871101497753038));
#3204=CARTESIAN_POINT('Ctrl Pts',(0.120998212768182,5.39138888604106,-0.89360101599854));
#3205=CARTESIAN_POINT('Ctrl Pts',(0.0649338466327172,5.39531405297994,-0.89941470705148));
#3206=CARTESIAN_POINT('Ctrl Pts',(0.00579574356572928,5.39952076383056,
-0.899986005344326));
#3207=CARTESIAN_POINT('Ctrl Pts',(0.00289772269588065,5.39972701425647,
-0.899999999994439));
#3208=CARTESIAN_POINT('Ctrl Pts',(1.72720230341712E-9,5.39993334608768,
-0.9));
#3209=CARTESIAN_POINT('Origin',(0.,2.,0.));
#3210=CARTESIAN_POINT('',(4.47912606405569E-8,5.90007752465867,-0.899999999999996));
#3211=CARTESIAN_POINT('',(1.79682049502102E-15,5.79999720852735,-0.9));
#3212=CARTESIAN_POINT('',(-1.10218211923262E-16,2.,-0.9));
#3213=CARTESIAN_POINT('Ctrl Pts',(4.50148475079182E-8,5.9000775278171,-0.899999999999999));
#3214=CARTESIAN_POINT('Ctrl Pts',(0.00888113650726947,5.89944814175069,
-0.899999999555798));
#3215=CARTESIAN_POINT('Ctrl Pts',(0.0177643489971869,5.89881735297106,-0.899868543362407));
#3216=CARTESIAN_POINT('Ctrl Pts',(0.0853236917297354,5.89400972377752,-0.897867397929163));
#3217=CARTESIAN_POINT('Ctrl Pts',(0.143693853731547,5.8897998424632,-0.890392576133236));
#3218=CARTESIAN_POINT('Ctrl Pts',(0.255752771007732,5.88173621353209,-0.864728059060514));
#3219=CARTESIAN_POINT('Ctrl Pts',(0.309283588078245,5.8778105845633,-0.847058223860097));
#3220=CARTESIAN_POINT('Ctrl Pts',(0.414593412502962,5.86963399166814,-0.800973362131773));
#3221=CARTESIAN_POINT('Ctrl Pts',(0.465944427880897,5.86542410449285,-0.772232271620637));
#3222=CARTESIAN_POINT('Ctrl Pts',(0.560293457159081,5.8573610830874,-0.706565178272587));
#3223=CARTESIAN_POINT('Ctrl Pts',(0.603340205038227,5.85343605979643,-0.670181753455683));
#3224=CARTESIAN_POINT('Ctrl Pts',(0.683802695641959,5.84526013328709,-0.588098507426153));
#3225=CARTESIAN_POINT('Ctrl Pts',(0.720698542422564,5.84105025526666,-0.542254975554072));
#3226=CARTESIAN_POINT('Ctrl Pts',(0.783692116125624,5.83298628676363,-0.446084425573225));
#3227=CARTESIAN_POINT('Ctrl Pts',(0.810035489675467,5.8290603192464,-0.396241125548291));
#3228=CARTESIAN_POINT('Ctrl Pts',(0.854008548675916,5.82088335391168,-0.290026632544961));
#3229=CARTESIAN_POINT('Ctrl Pts',(0.871104523557922,5.81667346166003,-0.233717403215632));
#3230=CARTESIAN_POINT('Ctrl Pts',(0.893600705239383,5.8086109699507,-0.120995986438981));
#3231=CARTESIAN_POINT('Ctrl Pts',(0.899413555054042,5.80468647472713,-0.0649413771687344));
#3232=CARTESIAN_POINT('Ctrl Pts',(0.900526027121831,5.79651112929308,0.0499881725398062));
#3233=CARTESIAN_POINT('Ctrl Pts',(0.895349903194016,5.79230125933099,0.108606446540653));
#3234=CARTESIAN_POINT('Ctrl Pts',(0.87410413962746,5.78423646566592,0.22160311684268));
#3235=CARTESIAN_POINT('Ctrl Pts',(0.858544586936105,5.78030967544544,0.275802569109761));
#3236=CARTESIAN_POINT('Ctrl Pts',(0.816619762644009,5.77213180517428,0.382855417621739));
#3237=CARTESIAN_POINT('Ctrl Pts',(0.789914738708509,5.76792190070813,0.435294934494099));
#3238=CARTESIAN_POINT('Ctrl Pts',(0.728012714949429,5.75986069714674,0.532125591302744));
#3239=CARTESIAN_POINT('Ctrl Pts',(0.693363956913485,5.75593748604236,0.576547012408681));
#3240=CARTESIAN_POINT('Ctrl Pts',(0.614526041571394,5.74776355393667,0.660154219871096));
#3241=CARTESIAN_POINT('Ctrl Pts',(0.570169304889839,5.74355370386903,0.698823067571102));
#3242=CARTESIAN_POINT('Ctrl Pts',(0.476517358670134,5.73548690583751,0.765571977946905));
#3243=CARTESIAN_POINT('Ctrl Pts',(0.427710790261357,5.73155811705547,0.793871906044548));
#3244=CARTESIAN_POINT('Ctrl Pts',(0.323262028950604,5.72337804919302,0.841990445106611));
#3245=CARTESIAN_POINT('Ctrl Pts',(0.267664161964187,5.71916811576861,0.861279868948728));
#3246=CARTESIAN_POINT('Ctrl Pts',(0.155970938388134,5.71111004707005,0.888159973994227));
#3247=CARTESIAN_POINT('Ctrl Pts',(0.100251526107717,5.70718996062581,0.896161023728409));
#3248=CARTESIAN_POINT('Ctrl Pts',(-0.014478513383052,5.69901946942394,0.901795981757957));
#3249=CARTESIAN_POINT('Ctrl Pts',(-0.0732524054969869,5.69480966954791,
0.898933017969564));
#3250=CARTESIAN_POINT('Ctrl Pts',(-0.187093767011784,5.6867380069934,0.882141193885542));
#3251=CARTESIAN_POINT('Ctrl Pts',(-0.241958903891547,5.68280436677358,0.868696108959689));
#3252=CARTESIAN_POINT('Ctrl Pts',(-0.350665424603501,5.67461896862324,0.830951469809536));
#3253=CARTESIAN_POINT('Ctrl Pts',(-0.404111725409997,5.67040896906183,0.80631331793949));
#3254=CARTESIAN_POINT('Ctrl Pts',(-0.503155217623934,5.66235854466301,0.748316459366313));
#3255=CARTESIAN_POINT('Ctrl Pts',(-0.548777231986426,5.65844607533329,0.715532054644084));
#3256=CARTESIAN_POINT('Ctrl Pts',(-0.635315992201799,5.65028398328911,0.640170783014464));
#3257=CARTESIAN_POINT('Ctrl Pts',(-0.675705406661356,5.64607431655465,0.597384389624829));
#3258=CARTESIAN_POINT('Ctrl Pts',(-0.746252943663504,5.63799086626612,0.506263714403718));
#3259=CARTESIAN_POINT('Ctrl Pts',(-0.776573597917889,5.63404546390529,0.458399094735735));
#3260=CARTESIAN_POINT('Ctrl Pts',(-0.828821078693494,5.62584716715384,0.355672571837985));
#3261=CARTESIAN_POINT('Ctrl Pts',(-0.850255343274466,5.62163703100283,0.300855580312392));
#3262=CARTESIAN_POINT('Ctrl Pts',(-0.881343754318494,5.61360536508981,0.19064534835787));
#3263=CARTESIAN_POINT('Ctrl Pts',(-0.891464188704786,5.60971157455381,0.135661107067224));
#3264=CARTESIAN_POINT('Ctrl Pts',(-0.90165124797441,5.60157014899088,0.0216456016940951));
#3265=CARTESIAN_POINT('Ctrl Pts',(-0.90114493452807,5.59736087659801,-0.0371775794095735));
#3266=CARTESIAN_POINT('Ctrl Pts',(-0.888869891916735,5.58924888078694,-0.152163233077163));
#3267=CARTESIAN_POINT('Ctrl Pts',(-0.877463667994552,5.5852749558282,-0.20808826912836));
#3268=CARTESIAN_POINT('Ctrl Pts',(-0.843716663260496,5.57704551503059,-0.318733742693538));
#3269=CARTESIAN_POINT('Ctrl Pts',(-0.821125252670543,5.57283517805832,-0.373099451355638));
#3270=CARTESIAN_POINT('Ctrl Pts',(-0.767379768212689,5.56485071584083,-0.473461200543823));
#3271=CARTESIAN_POINT('Ctrl Pts',(-0.736956220207122,5.56100386053569,-0.519550399053016));
#3272=CARTESIAN_POINT('Ctrl Pts',(-0.665853198265535,5.55291485847724,-0.608340645474593));
#3273=CARTESIAN_POINT('Ctrl Pts',(-0.624809527764846,5.54870705622448,-0.650425034778276));
#3274=CARTESIAN_POINT('Ctrl Pts',(-0.535154288633482,5.54048117418958,-0.725977503531044));
#3275=CARTESIAN_POINT('Ctrl Pts',(-0.486768107440143,5.53639313783696,-0.759269481479356));
#3276=CARTESIAN_POINT('Ctrl Pts',(-0.3840604601554,5.52804026315206,-0.816058305254701));
#3277=CARTESIAN_POINT('Ctrl Pts',(-0.329965566719388,5.52383129020285,-0.83939097547199));
#3278=CARTESIAN_POINT('Ctrl Pts',(-0.185307564314321,5.51318397512832,-0.885622417829344));
#3279=CARTESIAN_POINT('Ctrl Pts',(-0.0928735392765064,5.50660255186782,
-0.9));
#3280=CARTESIAN_POINT('Ctrl Pts',(6.02091508856273E-15,5.50000308789336,
-0.9));
#3281=CARTESIAN_POINT('Ctrl Pts',(1.72720230341712E-9,5.39993334608768,
-0.9));
#3282=CARTESIAN_POINT('Ctrl Pts',(-0.0557920115815235,5.40390600887942,
-0.900000000107071));
#3283=CARTESIAN_POINT('Ctrl Pts',(-0.111473241548417,5.40790334185675,-0.894812052691942));
#3284=CARTESIAN_POINT('Ctrl Pts',(-0.221606195169541,5.41576376168936,-0.874102383644243));
#3285=CARTESIAN_POINT('Ctrl Pts',(-0.275791055106376,5.41968950532481,-0.858547292363001));
#3286=CARTESIAN_POINT('Ctrl Pts',(-0.382830447129163,5.42786622436895,-0.81663142329293));
#3287=CARTESIAN_POINT('Ctrl Pts',(-0.435270215286494,5.43207611326687,-0.789928312655067));
#3288=CARTESIAN_POINT('Ctrl Pts',(-0.532122242834557,5.44013895528881,-0.72801698926245));
#3289=CARTESIAN_POINT('Ctrl Pts',(-0.57656218203235,5.44406379974602,-0.69335326104665));
#3290=CARTESIAN_POINT('Ctrl Pts',(-0.660183650747118,5.45223952947834,-0.614494520240769));
#3291=CARTESIAN_POINT('Ctrl Pts',(-0.698851022530146,5.45644940477776,-0.570135144465354));
#3292=CARTESIAN_POINT('Ctrl Pts',(-0.765574459418748,5.4645136527879,-0.476509022780805));
#3293=CARTESIAN_POINT('Ctrl Pts',(-0.793856339381907,5.4684398989749,-0.427734836844402));
#3294=CARTESIAN_POINT('Ctrl Pts',(-0.841966388303544,5.47661717085365,-0.323324403187025));
#3295=CARTESIAN_POINT('Ctrl Pts',(-0.861259471422028,5.48082706726193,-0.267729450001156));
#3296=CARTESIAN_POINT('Ctrl Pts',(-0.888161345779996,5.48888912279258,-0.155983860811073));
#3297=CARTESIAN_POINT('Ctrl Pts',(-0.896169616033445,5.49281318319088,-0.100206968675264));
#3298=CARTESIAN_POINT('Ctrl Pts',(-0.90179444885466,5.50098805009612,0.0145836716232007));
#3299=CARTESIAN_POINT('Ctrl Pts',(-0.89892442808997,5.50519791336909,0.0733597330157704));
#3300=CARTESIAN_POINT('Ctrl Pts',(-0.882131395093275,5.51326338609638,0.187113050593516));
#3301=CARTESIAN_POINT('Ctrl Pts',(-0.868709186241097,5.51719085338577,0.241891129017948));
#3302=CARTESIAN_POINT('Ctrl Pts',(-0.831014114515885,5.52536946826928,0.350516329350771));
#3303=CARTESIAN_POINT('Ctrl Pts',(-0.806387203826894,5.52957938265889,0.403963736213481));
#3304=CARTESIAN_POINT('Ctrl Pts',(-0.748339938608473,5.53763952509675,0.50313593836804));
#3305=CARTESIAN_POINT('Ctrl Pts',(-0.715471087955204,5.54156167846824,0.548871054626059));
#3306=CARTESIAN_POINT('Ctrl Pts',(-0.639989476694215,5.5497344460817,0.635499207107249));
#3307=CARTESIAN_POINT('Ctrl Pts',(-0.597186820666769,5.55394427944279,0.675880566197856));
#3308=CARTESIAN_POINT('Ctrl Pts',(-0.506211600360714,5.56201272616211,0.746271896794071));
#3309=CARTESIAN_POINT('Ctrl Pts',(-0.458533246668191,5.56594315903676,0.77647863263329));
#3310=CARTESIAN_POINT('Ctrl Pts',(-0.356029602176268,5.57412503394471,0.82866717471774));
#3311=CARTESIAN_POINT('Ctrl Pts',(-0.301229937692653,5.5783349904382,0.850122200779277));
#3312=CARTESIAN_POINT('Ctrl Pts',(-0.190711520792846,5.58639047416697,0.88135123530113));
#3313=CARTESIAN_POINT('Ctrl Pts',(-0.135386233223352,5.59030798447275,0.891527524894886));
#3314=CARTESIAN_POINT('Ctrl Pts',(-0.0210054173600509,5.59847563682716,
0.901667455208772));
#3315=CARTESIAN_POINT('Ctrl Pts',(0.0378339437064178,5.60268539340163,0.901118685412953));
#3316=CARTESIAN_POINT('Ctrl Pts',(0.152303565219258,5.61076105348399,0.888812299507492));
#3317=CARTESIAN_POINT('Ctrl Pts',(0.207711050286219,5.61469868156545,0.877519046541375));
#3318=CARTESIAN_POINT('Ctrl Pts',(0.317869313246291,5.62288845671838,0.844041440732124));
#3319=CARTESIAN_POINT('Ctrl Pts',(0.372241215512286,5.62709850630712,0.821513359755564));
#3320=CARTESIAN_POINT('Ctrl Pts',(0.475772436634664,5.63533122967964,0.766212324773574));
#3321=CARTESIAN_POINT('Ctrl Pts',(0.524684367065058,5.6394262100355,0.733584963502894));
#3322=CARTESIAN_POINT('Ctrl Pts',(0.615547668050622,5.64778619675168,0.659207525773114));
#3323=CARTESIAN_POINT('Ctrl Pts',(0.657270310963596,5.65199162444974,0.617616489486852));
#3324=CARTESIAN_POINT('Ctrl Pts',(0.76973731063565,5.66438988893766,0.481096188543637));
#3325=CARTESIAN_POINT('Ctrl Pts',(0.826162642837451,5.6728145598823,0.376040227901809));
#3326=CARTESIAN_POINT('Ctrl Pts',(0.89529950530719,5.68938423781239,0.149857246702207));
#3327=CARTESIAN_POINT('Ctrl Pts',(0.907228939121852,5.6978350869156,0.0309033025008394));
#3328=CARTESIAN_POINT('Ctrl Pts',(0.890105154408429,5.71024960345453,-0.145519697942497));
#3329=CARTESIAN_POINT('Ctrl Pts',(0.878689130218215,5.71438491796553,-0.203391434086565));
#3330=CARTESIAN_POINT('Ctrl Pts',(0.832923969102847,5.72570284952212,-0.355225420616498));
#3331=CARTESIAN_POINT('Ctrl Pts',(0.788462857973582,5.73259727186649,-0.44528098770656));
#3332=CARTESIAN_POINT('Ctrl Pts',(0.702104220961136,5.74308627965256,-0.565110603485093));
#3333=CARTESIAN_POINT('Ctrl Pts',(0.670998420673601,5.74653316764778,-0.60171523463778));
#3334=CARTESIAN_POINT('Ctrl Pts',(0.603211575312378,5.75332488974115,-0.669657598499714));
#3335=CARTESIAN_POINT('Ctrl Pts',(0.566631861276386,5.7566557246521,-0.700881014993237));
#3336=CARTESIAN_POINT('Ctrl Pts',(0.486037693933344,5.76366271006481,-0.759221291070225));
#3337=CARTESIAN_POINT('Ctrl Pts',(0.441830169468221,5.76733633986961,-0.785770417052991));
#3338=CARTESIAN_POINT('Ctrl Pts',(0.342812676402283,5.7752033391047,-0.834226156380889));
#3339=CARTESIAN_POINT('Ctrl Pts',(0.287623926060325,5.77928856455785,-0.854825374704036));
#3340=CARTESIAN_POINT('Ctrl Pts',(0.173333082726346,5.78760103890259,-0.885151387619113));
#3341=CARTESIAN_POINT('Ctrl Pts',(0.114478121569398,5.79184696851575,-0.894668200066493));
#3342=CARTESIAN_POINT('Ctrl Pts',(0.0367479103349209,5.79739885566824,-0.899437860650314));
#3343=CARTESIAN_POINT('Ctrl Pts',(0.0183655389811772,5.79870375242252,-0.9));
#3344=CARTESIAN_POINT('Ctrl Pts',(3.7038592019653E-15,5.79999720852735,
-0.9));
#3345=CARTESIAN_POINT('Origin',(0.,2.,0.));
#3346=CARTESIAN_POINT('',(-7.48966011634643E-16,6.30006221410959,-0.9));
#3347=CARTESIAN_POINT('',(-4.52677982764556E-8,6.19992267338672,-0.899999999999995));
#3348=CARTESIAN_POINT('',(-1.10218211923262E-16,2.,-0.9));
#3349=CARTESIAN_POINT('',(0.900019674358069,6.20002726702359,-5.04248978922481E-8));
#3350=CARTESIAN_POINT('Ctrl Pts',(-1.38771381134599E-15,6.30006221410959,
-0.9));
#3351=CARTESIAN_POINT('Ctrl Pts',(0.0237447037343753,6.29836986888773,-0.9));
#3352=CARTESIAN_POINT('Ctrl Pts',(0.0474919698060446,6.2966705375264,-0.899060322677274));
#3353=CARTESIAN_POINT('Ctrl Pts',(0.129714808889378,6.29078636703219,-0.892536403871998));
#3354=CARTESIAN_POINT('Ctrl Pts',(0.18764612059192,6.2867092829903,-0.882176961455295));
#3355=CARTESIAN_POINT('Ctrl Pts',(0.298306198554937,6.27862340950293,-0.850986726934233));
#3356=CARTESIAN_POINT('Ctrl Pts',(0.350902470965889,6.27460954628297,-0.83068146615185));
#3357=CARTESIAN_POINT('Ctrl Pts',(0.453806583722893,6.26640832794183,-0.779427034311786));
#3358=CARTESIAN_POINT('Ctrl Pts',(0.50366970940816,6.26233155583233,-0.748173665780555));
#3359=CARTESIAN_POINT('Ctrl Pts',(0.594595483187699,6.25425166608537,-0.677946942573647));
#3360=CARTESIAN_POINT('Ctrl Pts',(0.635741082771298,6.25024373908273,-0.639521984270869));
#3361=CARTESIAN_POINT('Ctrl Pts',(0.744934624423969,6.23850997092017,-0.516528265711271));
#3362=CARTESIAN_POINT('Ctrl Pts',(0.801630048244399,6.23106440672378,-0.42322246371827));
#3363=CARTESIAN_POINT('Ctrl Pts',(0.879794350082554,6.21546488483636,-0.219284561458652));
#3364=CARTESIAN_POINT('Ctrl Pts',(0.90000011262221,6.20790731210914,-0.110106772336045));
#3365=CARTESIAN_POINT('Ctrl Pts',(0.899999999999529,6.20004097584299,9.20557047771818E-7));
#3366=CARTESIAN_POINT('Ctrl Pts',(0.899999999999614,6.20003990600654,8.33508845309062E-7));
#3367=CARTESIAN_POINT('Ctrl Pts',(0.899999898029151,6.19232914944392,0.110105744009395));
#3368=CARTESIAN_POINT('Ctrl Pts',(0.879795030953361,6.18444077176137,0.21928052161612));
#3369=CARTESIAN_POINT('Ctrl Pts',(0.801632429501812,6.16914138428423,0.423218476889272));
#3370=CARTESIAN_POINT('Ctrl Pts',(0.744938828940038,6.16139109733154,0.516522416461279));
#3371=CARTESIAN_POINT('Ctrl Pts',(0.63573889268224,6.1498544211589,0.639525028639884));
#3372=CARTESIAN_POINT('Ctrl Pts',(0.594590336808325,6.14593355192397,0.677951625512639));
#3373=CARTESIAN_POINT('Ctrl Pts',(0.503670376633416,6.13776201606661,0.74817241042111));
#3374=CARTESIAN_POINT('Ctrl Pts',(0.453810147665446,6.13355212344453,0.779424801407711));
#3375=CARTESIAN_POINT('Ctrl Pts',(0.350899346320032,6.12548772563197,0.830683461124477));
#3376=CARTESIAN_POINT('Ctrl Pts',(0.298299640978588,6.12156134276441,0.850989168745674));
#3377=CARTESIAN_POINT('Ctrl Pts',(0.187647053971048,6.1133839647558,0.882176078992355));
#3378=CARTESIAN_POINT('Ctrl Pts',(0.129718801698495,6.10917408647314,0.892535685636829));
#3379=CARTESIAN_POINT('Ctrl Pts',(0.0151242370024316,6.10111086950456,0.901628904349111));
#3380=CARTESIAN_POINT('Ctrl Pts',(-0.0412355576618326,6.09718564756286,
0.900812371542907));
#3381=CARTESIAN_POINT('Ctrl Pts',(-0.155509781818633,6.08900949337747,0.888404585715861));
#3382=CARTESIAN_POINT('Ctrl Pts',(-0.213113526362698,6.08479960785696,0.876372918183035));
#3383=CARTESIAN_POINT('Ctrl Pts',(-0.322810288400263,6.07673619694984,0.841995997534126));
#3384=CARTESIAN_POINT('Ctrl Pts',(-0.374786842159537,6.07281078623601,0.820181956383089));
#3385=CARTESIAN_POINT('Ctrl Pts',(-0.476153725348561,6.06463443480185,0.765978875858362));
#3386=CARTESIAN_POINT('Ctrl Pts',(-0.525091554756501,6.06042455168897,0.73329784819133));
#3387=CARTESIAN_POINT('Ctrl Pts',(-0.614002056604595,6.05236116475738,0.660428025984498));
#3388=CARTESIAN_POINT('Ctrl Pts',(-0.654065208346989,6.04843577687485,0.620775549357903));
#3389=CARTESIAN_POINT('Ctrl Pts',(-0.727842099814209,6.04025944920549,0.532627341428556));
#3390=CARTESIAN_POINT('Ctrl Pts',(-0.761026972150323,6.03604956560006,0.484029773244056));
#3391=CARTESIAN_POINT('Ctrl Pts',(-0.816275974834948,6.027986161392,0.383219602624978));
#3392=CARTESIAN_POINT('Ctrl Pts',(-0.838624355146811,6.02406075649062,0.331470659816747));
#3393=CARTESIAN_POINT('Ctrl Pts',(-0.874127493174584,6.01588441002057,0.222142148684613));
#3394=CARTESIAN_POINT('Ctrl Pts',(-0.886753673495136,6.01167452619688,0.164665715065658));
#3395=CARTESIAN_POINT('Ctrl Pts',(-0.900339896282214,6.0036111589182,0.0505147721020949));
#3396=CARTESIAN_POINT('Ctrl Pts',(-0.901736929755927,5.99968579080898,-0.00583583630560809));
#3397=CARTESIAN_POINT('Ctrl Pts',(-0.893824941037762,5.99150948495343,-0.12051132953957));
#3398=CARTESIAN_POINT('Ctrl Pts',(-0.88406404978823,5.98729960172618,-0.178543071169553));
#3399=CARTESIAN_POINT('Ctrl Pts',(-0.854020202051561,5.97923617046055,-0.289505214840958));
#3400=CARTESIAN_POINT('Ctrl Pts',(-0.834263432437629,5.97531073855644,-0.342298373744997));
#3401=CARTESIAN_POINT('Ctrl Pts',(-0.78408153562191,5.96713436245126,-0.445715330562975));
#3402=CARTESIAN_POINT('Ctrl Pts',(-0.753346927537715,5.96292447823785,-0.495898461185025));
#3403=CARTESIAN_POINT('Ctrl Pts',(-0.684024281813979,5.9548611492035,-0.587600536749096));
#3404=CARTESIAN_POINT('Ctrl Pts',(-0.645975825246697,5.95093581922299,-0.629188937064694));
#3405=CARTESIAN_POINT('Ctrl Pts',(-0.560792813205533,5.94275955527686,-0.706369183728031));
#3406=CARTESIAN_POINT('Ctrl Pts',(-0.513535630285933,5.93854967261114,-0.741436461273457));
#3407=CARTESIAN_POINT('Ctrl Pts',(-0.414971325356491,5.93048618342501,-0.800601441510491));
#3408=CARTESIAN_POINT('Ctrl Pts',(-0.364138550439168,5.92656069377776,-0.824964763820649));
#3409=CARTESIAN_POINT('Ctrl Pts',(-0.256286880751971,5.91838425415879,-0.864732935241728));
#3410=CARTESIAN_POINT('Ctrl Pts',(-0.199350374588471,5.91417436908053,-0.879605769270179));
#3411=CARTESIAN_POINT('Ctrl Pts',(-0.0945987811623307,5.90673445523397,
-0.896266625340503));
#3412=CARTESIAN_POINT('Ctrl Pts',(-0.047329079237901,5.90343165285513,-0.900000002367236));
#3413=CARTESIAN_POINT('Ctrl Pts',(4.50148475079182E-8,5.9000775278171,-0.899999999999999));
#3414=CARTESIAN_POINT('Ctrl Pts',(3.7038592019653E-15,5.79999720852735,
-0.9));
#3415=CARTESIAN_POINT('Ctrl Pts',(-0.0929469193039036,5.80654331427042,
-0.9));
#3416=CARTESIAN_POINT('Ctrl Pts',(-0.185445532270331,5.81304008309455,-0.885600525777884));
#3417=CARTESIAN_POINT('Ctrl Pts',(-0.330157222582655,5.82388351121197,-0.839315676679808));
#3418=CARTESIAN_POINT('Ctrl Pts',(-0.384249055747015,5.82797040403668,-0.815970222568659));
#3419=CARTESIAN_POINT('Ctrl Pts',(-0.486946767330044,5.83622009321396,-0.759154494118981));
#3420=CARTESIAN_POINT('Ctrl Pts',(-0.535319555675857,5.84040011268465,-0.725854538436556));
#3421=CARTESIAN_POINT('Ctrl Pts',(-0.624945015398296,5.84876080858559,-0.650294482941723));
#3422=CARTESIAN_POINT('Ctrl Pts',(-0.665977907343178,5.85283057923894,-0.608204476149617));
#3423=CARTESIAN_POINT('Ctrl Pts',(-0.737006330352803,5.86082660116935,-0.519469411599351));
#3424=CARTESIAN_POINT('Ctrl Pts',(-0.767374583985953,5.86475179847825,-0.473457861216339));
#3425=CARTESIAN_POINT('Ctrl Pts',(-0.821085334381856,5.87286768190154,-0.373187871094878));
#3426=CARTESIAN_POINT('Ctrl Pts',(-0.843684759038652,5.87694811826803,-0.318820401781803));
#3427=CARTESIAN_POINT('Ctrl Pts',(-0.877459931033709,5.88508669774367,-0.208117910150097));
#3428=CARTESIAN_POINT('Ctrl Pts',(-0.888875939195237,5.88915356141851,-0.152143916274203));
#3429=CARTESIAN_POINT('Ctrl Pts',(-0.901147554722944,5.89740544513459,-0.0371145516851089));
#3430=CARTESIAN_POINT('Ctrl Pts',(-0.901650250986564,5.90147985331652,0.0217097894425942));
#3431=CARTESIAN_POINT('Ctrl Pts',(-0.891456508933028,5.90952933035244,0.135696621907386));
#3432=CARTESIAN_POINT('Ctrl Pts',(-0.881341389699654,5.91350700421139,0.190643389468009));
#3433=CARTESIAN_POINT('Ctrl Pts',(-0.850269709930232,5.92167367077942,0.300815535324098));
#3434=CARTESIAN_POINT('Ctrl Pts',(-0.8288370289704,5.9257521834658,0.355637237815248));
#3435=CARTESIAN_POINT('Ctrl Pts',(-0.776579080900684,5.93385915834891,0.458392138993418));
#3436=CARTESIAN_POINT('Ctrl Pts',(-0.746248439371652,5.93789417133997,0.506271587363298));
#3437=CARTESIAN_POINT('Ctrl Pts',(-0.675691203967994,5.94611579103403,0.597400599918607));
#3438=CARTESIAN_POINT('Ctrl Pts',(-0.635299496451991,5.95019179175609,0.640188034760515));
#3439=CARTESIAN_POINT('Ctrl Pts',(-0.548762418275224,5.95826221364067,0.715542197620021));
#3440=CARTESIAN_POINT('Ctrl Pts',(-0.503153466441967,5.96226067651384,0.748315890176718));
#3441=CARTESIAN_POINT('Ctrl Pts',(-0.404129423969866,5.97044733432715,0.806304624479122));
#3442=CARTESIAN_POINT('Ctrl Pts',(-0.35068080781716,5.97452498738172,0.830945729890727));
#3443=CARTESIAN_POINT('Ctrl Pts',(-0.241958542776272,5.9826189132709,0.868696616996395));
#3444=CARTESIAN_POINT('Ctrl Pts',(-0.18708825324873,5.98664084104377,0.882142263965146));
#3445=CARTESIAN_POINT('Ctrl Pts',(-0.0732465068970673,5.99484997198691,
0.898933620538749));
#3446=CARTESIAN_POINT('Ctrl Pts',(-0.0144698847999094,5.99892658532955,
0.901796772935249));
#3447=CARTESIAN_POINT('Ctrl Pts',(0.100262627998069,6.00700549529493,0.896159315842011));
#3448=CARTESIAN_POINT('Ctrl Pts',(0.15597331802017,6.01101241613205,0.888158593286211));
#3449=CARTESIAN_POINT('Ctrl Pts',(0.267654286898487,6.01920718576712,0.861283090153789));
#3450=CARTESIAN_POINT('Ctrl Pts',(0.323255473713996,6.02328447265555,0.841993688944354));
#3451=CARTESIAN_POINT('Ctrl Pts',(0.427714656744716,6.03137301865828,0.793869910102445));
#3452=CARTESIAN_POINT('Ctrl Pts',(0.476520885844728,6.03538956339665,0.765569297981921));
#3453=CARTESIAN_POINT('Ctrl Pts',(0.570169261676012,6.04359354756982,0.698823271534529));
#3454=CARTESIAN_POINT('Ctrl Pts',(0.614528468950789,6.04767040605453,0.660152865539431));
#3455=CARTESIAN_POINT('Ctrl Pts',(0.693369279284263,6.05575278521025,0.576540199885994));
#3456=CARTESIAN_POINT('Ctrl Pts',(0.728014012987337,6.05976316820465,0.532122545215205));
#3457=CARTESIAN_POINT('Ctrl Pts',(0.789911661832067,6.06796125464363,0.43530080833402));
#3458=CARTESIAN_POINT('Ctrl Pts',(0.816618838310535,6.07203838886532,0.382858974566914));
#3459=CARTESIAN_POINT('Ctrl Pts',(0.858546351072478,6.08012472176332,0.275796917546891));
#3460=CARTESIAN_POINT('Ctrl Pts',(0.874104592361408,6.08413905414826,0.221599148335538));
#3461=CARTESIAN_POINT('Ctrl Pts',(0.895349727635062,6.09234092154666,0.108609008796488));
#3462=CARTESIAN_POINT('Ctrl Pts',(0.900526712281331,6.09641787962958,0.049987854885918));
#3463=CARTESIAN_POINT('Ctrl Pts',(0.899412822285157,6.10450168053003,-0.0649489719533955));
#3464=CARTESIAN_POINT('Ctrl Pts',(0.8935995722369,6.10851348325748,-0.120999356056823));
#3465=CARTESIAN_POINT('Ctrl Pts',(0.87110598587852,6.11671292920425,-0.233712485354477));
#3466=CARTESIAN_POINT('Ctrl Pts',(0.854009874296307,6.12079000035169,-0.290024814573867));
#3467=CARTESIAN_POINT('Ctrl Pts',(0.810032522903791,6.1288754239453,-0.396246965449228));
#3468=CARTESIAN_POINT('Ctrl Pts',(0.783689735499165,6.13288884768373,-0.446087423140988));
#3469=CARTESIAN_POINT('Ctrl Pts',(0.720700764693234,6.14108984543539,-0.542252247603092));
#3470=CARTESIAN_POINT('Ctrl Pts',(0.68380357591833,6.14516684423114,-0.588098508391757));
#3471=CARTESIAN_POINT('Ctrl Pts',(0.603334731655215,6.15325122836562,-0.670186475862989));
#3472=CARTESIAN_POINT('Ctrl Pts',(0.560290240412537,6.15726361364734,-0.706566913186944));
#3473=CARTESIAN_POINT('Ctrl Pts',(0.465948378912845,6.16546361733161,-0.772230047817073));
#3474=CARTESIAN_POINT('Ctrl Pts',(0.414595110046316,6.16954066251863,-0.800973237513199));
#3475=CARTESIAN_POINT('Ctrl Pts',(0.309277159586047,6.17762571270511,-0.847060444675195));
#3476=CARTESIAN_POINT('Ctrl Pts',(0.255749037708894,6.18163876336574,-0.864728531469462));
#3477=CARTESIAN_POINT('Ctrl Pts',(0.14369771854712,6.18983940400956,-0.890392090376078));
#3478=CARTESIAN_POINT('Ctrl Pts',(0.0853246919176924,6.1939164194891,-0.897867974527602));
#3479=CARTESIAN_POINT('Ctrl Pts',(0.0177581506762256,6.19867039448336,-0.899868635183019));
#3480=CARTESIAN_POINT('Ctrl Pts',(0.00887797469881381,6.19929598605263,
-0.900000000448758));
#3481=CARTESIAN_POINT('Ctrl Pts',(-4.54924853510237E-8,6.1999226702072,
-0.899999999999999));
#3482=CARTESIAN_POINT('Origin',(0.,2.,0.));
#3483=CARTESIAN_POINT('',(-4.48382545754321E-8,6.70004502561205,-0.899999999999996));
#3484=CARTESIAN_POINT('',(3.92619945465726E-16,6.59993851761395,-0.9));
#3485=CARTESIAN_POINT('',(-1.10218211923262E-16,2.,-0.9));
#3486=CARTESIAN_POINT('Ctrl Pts',(-4.50574534660978E-8,6.70004502248615,
-0.899999999999999));
#3487=CARTESIAN_POINT('Ctrl Pts',(0.0146688246409752,6.69901735557622,-0.900000000734378));
#3488=CARTESIAN_POINT('Ctrl Pts',(0.0293421375655086,6.69798835319147,-0.899641377781327));
#3489=CARTESIAN_POINT('Ctrl Pts',(0.100192178504769,6.69299958054205,-0.89617290870078));
#3490=CARTESIAN_POINT('Ctrl Pts',(0.155993864520582,6.68898615100325,-0.888160747822616));
#3491=CARTESIAN_POINT('Ctrl Pts',(0.267757703208385,6.68078514769971,-0.861250779026262));
#3492=CARTESIAN_POINT('Ctrl Pts',(0.323354262317244,6.67670814916351,-0.841955584809774));
#3493=CARTESIAN_POINT('Ctrl Pts',(0.427752783850976,6.66862376875087,-0.793845237377109));
#3494=CARTESIAN_POINT('Ctrl Pts',(0.476507775282323,6.66461138718693,-0.765573177793802));
#3495=CARTESIAN_POINT('Ctrl Pts',(0.57011528936369,6.65641138706183,-0.698867437760714));
#3496=CARTESIAN_POINT('Ctrl Pts',(0.614478667963475,6.65233434170895,-0.660199363276386));
#3497=CARTESIAN_POINT('Ctrl Pts',(0.693352382576336,6.64424928913818,-0.576564164426723));
#3498=CARTESIAN_POINT('Ctrl Pts',(0.728020767066655,6.64023623609546,-0.532117252017809));
#3499=CARTESIAN_POINT('Ctrl Pts',(0.789933104218836,6.63203559317169,-0.435261759947557));
#3500=CARTESIAN_POINT('Ctrl Pts',(0.81663725625026,6.62795857779889,-0.382819532326032));
#3501=CARTESIAN_POINT('Ctrl Pts',(0.858550628861481,6.61987395584343,-0.275778720216832));
#3502=CARTESIAN_POINT('Ctrl Pts',(0.874101827026339,6.61586133299368,-0.22160398495251));
#3503=CARTESIAN_POINT('Ctrl Pts',(0.895346325644834,6.6076611018792,-0.108637402139554));
#3504=CARTESIAN_POINT('Ctrl Pts',(0.900525205774748,6.60358406729214,-0.0500157538971058));
#3505=CARTESIAN_POINT('Ctrl Pts',(0.899414638777424,6.59549916943065,0.064937095190478));
#3506=CARTESIAN_POINT('Ctrl Pts',(0.893600062371932,6.59148627095077,0.12100286134164));
#3507=CARTESIAN_POINT('Ctrl Pts',(0.871101217775939,6.58328577598095,0.233730152305321));
#3508=CARTESIAN_POINT('Ctrl Pts',(0.8540040987814,6.57920875370176,0.290041736325027));
#3509=CARTESIAN_POINT('Ctrl Pts',(0.810028607571353,6.57112403260572,0.396253574971174));
#3510=CARTESIAN_POINT('Ctrl Pts',(0.783690289669404,6.5671113107167,0.446085211470955));
#3511=CARTESIAN_POINT('Ctrl Pts',(0.720707832852172,6.55891098479231,0.542242882151033));
#3512=CARTESIAN_POINT('Ctrl Pts',(0.68381106435052,6.55483395462653,0.588089827932366));
#3513=CARTESIAN_POINT('Ctrl Pts',(0.603338645431016,6.54674912027603,0.670183480709069));
#3514=CARTESIAN_POINT('Ctrl Pts',(0.560289385840742,6.54273628524531,0.706568091682749));
#3515=CARTESIAN_POINT('Ctrl Pts',(0.465941939859924,6.53453585101296,0.772233920010985));
#3516=CARTESIAN_POINT('Ctrl Pts',(0.414588585008619,6.53045882589969,0.800976602383313));
#3517=CARTESIAN_POINT('Ctrl Pts',(0.309274119196322,6.52237406411023,0.847061287013862));
#3518=CARTESIAN_POINT('Ctrl Pts',(0.255749829751406,6.51836130156866,0.864728035033632));
#3519=CARTESIAN_POINT('Ctrl Pts',(0.143702473678377,6.510160936728,0.890391330160797));
#3520=CARTESIAN_POINT('Ctrl Pts',(0.08532937659418,6.50608390837715,0.897867536509635));
#3521=CARTESIAN_POINT('Ctrl Pts',(-0.0295771519836784,6.49799910009217,
0.901270530956086));
#3522=CARTESIAN_POINT('Ctrl Pts',(-0.0858267131530525,6.49398629110136,
0.897661628008485));
#3523=CARTESIAN_POINT('Ctrl Pts',(-0.199349223523736,6.48578588179746,0.879606165721983));
#3524=CARTESIAN_POINT('Ctrl Pts',(-0.256288680760375,6.4817088555225,0.864733095043248));
#3525=CARTESIAN_POINT('Ctrl Pts',(-0.364145951109478,6.47362407705895,0.824961245925411));
#3526=CARTESIAN_POINT('Ctrl Pts',(-0.414973940849892,6.46961129785968,0.800599278429753));
#3527=CARTESIAN_POINT('Ctrl Pts',(-0.513530761828227,6.4614109170678,0.741440002754528));
#3528=CARTESIAN_POINT('Ctrl Pts',(-0.560790867157154,6.45733388945551,0.706371586489665));
#3529=CARTESIAN_POINT('Ctrl Pts',(-0.645980087043957,6.44924909174478,0.629184462932828));
#3530=CARTESIAN_POINT('Ctrl Pts',(-0.684026398019907,6.44523629331847,0.587597220272528));
#3531=CARTESIAN_POINT('Ctrl Pts',(-0.753345426513988,6.43703589414597,0.495900986591831));
#3532=CARTESIAN_POINT('Ctrl Pts',(-0.784082113387038,6.43295886741736,0.445715664380138));
#3533=CARTESIAN_POINT('Ctrl Pts',(-0.834266108522512,6.42487408256236,0.342291398116462));
#3534=CARTESIAN_POINT('Ctrl Pts',(-0.854020709408848,6.42086129697648,0.289501665226827));
#3535=CARTESIAN_POINT('Ctrl Pts',(-0.884063212272537,6.41266091001584,0.178547913717864));
#3536=CARTESIAN_POINT('Ctrl Pts',(-0.893825346349941,6.40858388263639,0.120513338956514));
#3537=CARTESIAN_POINT('Ctrl Pts',(-0.901736866880522,6.40049908787104,0.00582919412587277));
#3538=CARTESIAN_POINT('Ctrl Pts',(-0.900339093605159,6.3964862923878,-0.0505184949364344));
#3539=CARTESIAN_POINT('Ctrl Pts',(-0.886754472347415,6.38828589615925,-0.164662157026919));
#3540=CARTESIAN_POINT('Ctrl Pts',(-0.874128312761626,6.38420886940926,-0.222141636953727));
#3541=CARTESIAN_POINT('Ctrl Pts',(-0.838621580704644,6.37612408528734,-0.331477275644093));
#3542=CARTESIAN_POINT('Ctrl Pts',(-0.816273865676602,6.37211130045043,-0.383222600220708));
#3543=CARTESIAN_POINT('Ctrl Pts',(-0.76102947996948,6.36391091409656,-0.48402608558258));
#3544=CARTESIAN_POINT('Ctrl Pts',(-0.727843521576811,6.3598338866512,-0.532626532256705));
#3545=CARTESIAN_POINT('Ctrl Pts',(-0.654060417262659,6.35174908928847,-0.620780421456653));
#3546=CARTESIAN_POINT('Ctrl Pts',(-0.613998927390572,6.34773629108695,-0.660430104903924));
#3547=CARTESIAN_POINT('Ctrl Pts',(-0.52509483421131,6.33953589125541,-0.733295667462233));
#3548=CARTESIAN_POINT('Ctrl Pts',(-0.476154913219535,6.33545886331857,-0.765978924845712));
#3549=CARTESIAN_POINT('Ctrl Pts',(-0.374780372130463,6.32737405909686,-0.820184760547639));
#3550=CARTESIAN_POINT('Ctrl Pts',(-0.32280666117106,6.32336125480395,-0.841996718214769));
#3551=CARTESIAN_POINT('Ctrl Pts',(-0.213117708072661,6.31516085828963,-0.876372041999746));
#3552=CARTESIAN_POINT('Ctrl Pts',(-0.155511187791619,6.31108384122318,-0.888405019007287));
#3553=CARTESIAN_POINT('Ctrl Pts',(-0.0648613083024617,6.30467106466075,
-0.898246786049084));
#3554=CARTESIAN_POINT('Ctrl Pts',(-0.0324329988044671,6.30237379614369,
-0.9));
#3555=CARTESIAN_POINT('Ctrl Pts',(-1.38771381134599E-15,6.30006221410959,
-0.9));
#3556=CARTESIAN_POINT('',(0.900019674358069,6.49997273297641,5.04248979017171E-8));
#3557=CARTESIAN_POINT('Ctrl Pts',(-4.54924853510237E-8,6.1999226702072,
-0.899999999999999));
#3558=CARTESIAN_POINT('Ctrl Pts',(-0.0473301128542696,6.20326361814506,
-0.899999997607596));
#3559=CARTESIAN_POINT('Ctrl Pts',(-0.0945980853070821,6.20664731835221,
-0.896266396198639));
#3560=CARTESIAN_POINT('Ctrl Pts',(-0.199346216191419,6.21421389993896,-0.87960685195734));
#3561=CARTESIAN_POINT('Ctrl Pts',(-0.256285792356679,6.21829093445631,-0.864733955873251));
#3562=CARTESIAN_POINT('Ctrl Pts',(-0.364144811574643,6.22637583130857,-0.824961861782864));
#3563=CARTESIAN_POINT('Ctrl Pts',(-0.414974316273702,6.23038872878046,-0.800599200081947));
#3564=CARTESIAN_POINT('Ctrl Pts',(-0.513532385047436,6.23858922279073,-0.741438874934403));
#3565=CARTESIAN_POINT('Ctrl Pts',(-0.560792377877824,6.24266624512046,-0.706370383374966));
#3566=CARTESIAN_POINT('Ctrl Pts',(-0.64598061698722,6.25075096697656,-0.629183824035975));
#3567=CARTESIAN_POINT('Ctrl Pts',(-0.684026193754966,6.25476368962411,-0.587597356582002));
#3568=CARTESIAN_POINT('Ctrl Pts',(-0.753344731842881,6.26296401625509,-0.495902045300825));
#3569=CARTESIAN_POINT('Ctrl Pts',(-0.784081503586058,6.2670410463675,-0.445716740913761));
#3570=CARTESIAN_POINT('Ctrl Pts',(-0.834265946530154,6.27512587982056,-0.342291904591959));
#3571=CARTESIAN_POINT('Ctrl Pts',(-0.854020798196282,6.27913871395649,-0.289501535266786));
#3572=CARTESIAN_POINT('Ctrl Pts',(-0.884063371712388,6.28733914739273,-0.178547118205024));
#3573=CARTESIAN_POINT('Ctrl Pts',(-0.893825451081481,6.29141617260392,-0.120512553168227));
#3574=CARTESIAN_POINT('Ctrl Pts',(-0.90173684192289,6.29950093623214,-0.00582885432148091));
#3575=CARTESIAN_POINT('Ctrl Pts',(-0.900339071944266,6.30351370060925,0.0505183964729436));
#3576=CARTESIAN_POINT('Ctrl Pts',(-0.886754568002432,6.31171406706063,0.16466164610474));
#3577=CARTESIAN_POINT('Ctrl Pts',(-0.874128438601529,6.31579109519971,0.22214114490428));
#3578=CARTESIAN_POINT('Ctrl Pts',(-0.838621676868318,6.32387589927069,0.331477079681724));
#3579=CARTESIAN_POINT('Ctrl Pts',(-0.816273854977904,6.3278887040369,0.383222663929935));
#3580=CARTESIAN_POINT('Ctrl Pts',(-0.761029300824439,6.33608910946858,0.484026366332981));
#3581=CARTESIAN_POINT('Ctrl Pts',(-0.727843329010131,6.34016613602394,0.532626794565492));
#3582=CARTESIAN_POINT('Ctrl Pts',(-0.654060313205146,6.34825092060526,0.620780514901378));
#3583=CARTESIAN_POINT('Ctrl Pts',(-0.613998948997998,6.35226370603807,0.660430069602319));
#3584=CARTESIAN_POINT('Ctrl Pts',(-0.525095007879467,6.36046409364642,0.733295543490748));
#3585=CARTESIAN_POINT('Ctrl Pts',(-0.476155090450092,6.36454112215348,0.765978815046815));
#3586=CARTESIAN_POINT('Ctrl Pts',(-0.374780456341584,6.37262593456409,0.820184729919234));
#3587=CARTESIAN_POINT('Ctrl Pts',(-0.322806639883534,6.37663874703777,0.841996734021203));
#3588=CARTESIAN_POINT('Ctrl Pts',(-0.213117575192986,6.38483915138326,0.876372074105592));
#3589=CARTESIAN_POINT('Ctrl Pts',(-0.155511056188,6.38891616808432,0.888405041837878));
#3590=CARTESIAN_POINT('Ctrl Pts',(-0.0412285903869547,6.39700076701317,
0.900812558489391));
#3591=CARTESIAN_POINT('Ctrl Pts',(0.0151278951552717,6.40101336957811,0.90162822396792));
#3592=CARTESIAN_POINT('Ctrl Pts',(0.129714722230968,6.40921362677021,0.8925364165969));
#3593=CARTESIAN_POINT('Ctrl Pts',(0.187646036907638,6.41329071104591,0.882176979388233));
#3594=CARTESIAN_POINT('Ctrl Pts',(0.298306164931699,6.42137658789558,0.850986741828732));
#3595=CARTESIAN_POINT('Ctrl Pts',(0.350902481785236,6.42539045447485,0.830681464764352));
#3596=CARTESIAN_POINT('Ctrl Pts',(0.453806632198705,6.43359167603061,0.77942700599067));
#3597=CARTESIAN_POINT('Ctrl Pts',(0.503669754855818,6.43766844798925,0.748173635083823));
#3598=CARTESIAN_POINT('Ctrl Pts',(0.594595499650819,6.44574833558523,0.677946925643592));
#3599=CARTESIAN_POINT('Ctrl Pts',(0.635741076759353,6.44975626044017,0.639521987607609));
#3600=CARTESIAN_POINT('Ctrl Pts',(0.744934610108899,6.46149002721585,0.5165282884585));
#3601=CARTESIAN_POINT('Ctrl Pts',(0.801630041503745,6.46893559207989,0.423222479051656));
#3602=CARTESIAN_POINT('Ctrl Pts',(0.879794349255508,6.48453511484717,0.219284565907809));
#3603=CARTESIAN_POINT('Ctrl Pts',(0.900000112622212,6.49209268772987,0.110106774589431));
#3604=CARTESIAN_POINT('Ctrl Pts',(0.899999999999529,6.49995902415702,-9.20557047363197E-7));
#3605=CARTESIAN_POINT('Ctrl Pts',(0.899999999999614,6.49996009399346,-8.3350884534051E-7));
#3606=CARTESIAN_POINT('Ctrl Pts',(0.899999898029151,6.50767085052756,-0.110105743602043));
#3607=CARTESIAN_POINT('Ctrl Pts',(0.879795031102906,6.51555922818197,-0.219280520811651));
#3608=CARTESIAN_POINT('Ctrl Pts',(0.801632430720816,6.53085861550411,-0.423218474116193));
#3609=CARTESIAN_POINT('Ctrl Pts',(0.744938831529114,6.53860890232693,-0.516522412346875));
#3610=CARTESIAN_POINT('Ctrl Pts',(0.635738893770967,6.55014557876137,-0.639525028035028));
#3611=CARTESIAN_POINT('Ctrl Pts',(0.594590333833864,6.55406644837162,-0.67795162857175));
#3612=CARTESIAN_POINT('Ctrl Pts',(0.50367036841976,6.56223798464209,-0.748172415968787));
#3613=CARTESIAN_POINT('Ctrl Pts',(0.453810138905102,6.56644787727001,-0.779424806525859));
#3614=CARTESIAN_POINT('Ctrl Pts',(0.350899344361277,6.57451227449464,-0.83068346137684));
#3615=CARTESIAN_POINT('Ctrl Pts',(0.298299647045759,6.57843865677594,-0.85098916605756));
#3616=CARTESIAN_POINT('Ctrl Pts',(0.187647069077411,6.58661603413959,-0.882176075755274));
#3617=CARTESIAN_POINT('Ctrl Pts',(0.129718817340754,6.59082591241345,-0.892535683339823));
#3618=CARTESIAN_POINT('Ctrl Pts',(0.0474952178037983,6.59661141128784,-0.899060227901393));
#3619=CARTESIAN_POINT('Ctrl Pts',(0.0237457508340652,6.59827179761656,-0.9));
#3620=CARTESIAN_POINT('Ctrl Pts',(8.95458102854833E-16,6.59993851761395,
-0.9));
#3621=CARTESIAN_POINT('Origin',(0.,2.,0.));
#3622=CARTESIAN_POINT('',(-5.70244738267625E-16,7.10002149903747,-0.9));
#3623=CARTESIAN_POINT('',(4.084230980047E-8,6.99995410891542,-0.899999999999996));
#3624=CARTESIAN_POINT('',(-1.10218211923262E-16,2.,-0.9));
#3625=CARTESIAN_POINT('Ctrl Pts',(-1.03027126461204E-15,7.10002149903747,
-0.9));
#3626=CARTESIAN_POINT('Ctrl Pts',(0.031598591710559,7.09776555209786,-0.9));
#3627=CARTESIAN_POINT('Ctrl Pts',(0.0631957029219016,7.09552533530888,-0.898335842674868));
#3628=CARTESIAN_POINT('Ctrl Pts',(0.151942673492513,7.08926447183195,-0.88894971822093));
#3629=CARTESIAN_POINT('Ctrl Pts',(0.208511006677684,7.08524553574371,-0.87740596452735));
#3630=CARTESIAN_POINT('Ctrl Pts',(0.319757283582847,7.07696728720039,-0.843330482280963));
#3631=CARTESIAN_POINT('Ctrl Pts',(0.374111381376875,7.07275696387367,-0.820665935413393));
#3632=CARTESIAN_POINT('Ctrl Pts',(0.47758436067604,7.06452035629992,-0.765087628536719));
#3633=CARTESIAN_POINT('Ctrl Pts',(0.52645491167997,7.06042020346194,-0.732318878476757));
#3634=CARTESIAN_POINT('Ctrl Pts',(0.617155180400829,7.05205622131767,-0.657701250757907));
#3635=CARTESIAN_POINT('Ctrl Pts',(0.658764245669504,7.04785487225336,-0.616021117826058));
#3636=CARTESIAN_POINT('Ctrl Pts',(0.770960933551143,7.03545208159477,-0.479159802368093));
#3637=CARTESIAN_POINT('Ctrl Pts',(0.827167236041458,7.02701796512118,-0.373859472446062));
#3638=CARTESIAN_POINT('Ctrl Pts',(0.895717746146151,7.01044054934066,-0.147357736945053));
#3639=CARTESIAN_POINT('Ctrl Pts',(0.907315758334656,7.00198693201056,-0.0283442225694196));
#3640=CARTESIAN_POINT('Ctrl Pts',(0.889689401344794,6.9895725980349,0.148031122888934));
#3641=CARTESIAN_POINT('Ctrl Pts',(0.878115400255171,6.98543611171496,0.205847648277796));
#3642=CARTESIAN_POINT('Ctrl Pts',(0.832468854911936,6.97424846609789,0.355783355838726));
#3643=CARTESIAN_POINT('Ctrl Pts',(0.788856136817761,6.96747975969094,0.444177326328144));
#3644=CARTESIAN_POINT('Ctrl Pts',(0.703551573927453,6.95707562303778,0.563367125912552));
#3645=CARTESIAN_POINT('Ctrl Pts',(0.672073724222915,6.95357884257749,0.600569722829414));
#3646=CARTESIAN_POINT('Ctrl Pts',(0.603338649680492,6.94668363943639,0.669596915077136));
#3647=CARTESIAN_POINT('Ctrl Pts',(0.566181653145194,6.94330208219605,0.701296108251183));
#3648=CARTESIAN_POINT('Ctrl Pts',(0.485274184063921,6.93627418882194,0.759678108297984));
#3649=CARTESIAN_POINT('Ctrl Pts',(0.441449093997359,6.93263348118077,0.785954206732226));
#3650=CARTESIAN_POINT('Ctrl Pts',(0.34285193798508,6.92479966773358,0.834210046627468));
#3651=CARTESIAN_POINT('Ctrl Pts',(0.287663808318261,6.92071436610433,0.85481197939899));
#3652=CARTESIAN_POINT('Ctrl Pts',(0.17337414758943,6.91240191745282,0.885143336085846));
#3653=CARTESIAN_POINT('Ctrl Pts',(0.114519765642387,6.90815603997379,0.894662861494689));
#3654=CARTESIAN_POINT('Ctrl Pts',(-0.00123059490545013,6.89988849392994,
0.901770930041402));
#3655=CARTESIAN_POINT('Ctrl Pts',(-0.0578228055824928,6.89596674096592,
0.899916048703534));
#3656=CARTESIAN_POINT('Ctrl Pts',(-0.169972756417755,6.88801599070297,0.885611656236799));
#3657=CARTESIAN_POINT('Ctrl Pts',(-0.225274253999028,6.88398077445292,0.873183534772492));
#3658=CARTESIAN_POINT('Ctrl Pts',(-0.334848730893647,6.87575896101512,0.837449937208932));
#3659=CARTESIAN_POINT('Ctrl Pts',(-0.388742373098601,6.87168296999766,0.813833845066434));
#3660=CARTESIAN_POINT('Ctrl Pts',(-0.488843209684699,6.86361268054719,0.757741999479291));
#3661=CARTESIAN_POINT('Ctrl Pts',(-0.535064729708774,6.85961434949097,0.725841312222785));
#3662=CARTESIAN_POINT('Ctrl Pts',(-0.623022675118411,6.85142781819991,0.652142998555624));
#3663=CARTESIAN_POINT('Ctrl Pts',(-0.664229790708768,6.84735015951457,0.610120173124704));
#3664=CARTESIAN_POINT('Ctrl Pts',(-0.736402310642736,6.83925615008872,0.52047047719769));
#3665=CARTESIAN_POINT('Ctrl Pts',(-0.767547888981139,6.83523413867519,0.473336411442256));
#3666=CARTESIAN_POINT('Ctrl Pts',(-0.821710192336909,6.82702492780407,0.371805138257197));
#3667=CARTESIAN_POINT('Ctrl Pts',(-0.844207126892871,6.82294831830189,0.317428921570091));
#3668=CARTESIAN_POINT('Ctrl Pts',(-0.877551038970234,6.81486946234862,0.207504706534489));
#3669=CARTESIAN_POINT('Ctrl Pts',(-0.888786207429937,6.81086259539015,0.152356015850812));
#3670=CARTESIAN_POINT('Ctrl Pts',(-0.901105958992495,6.80266787738857,0.0381501203977963));
#3671=CARTESIAN_POINT('Ctrl Pts',(-0.901675671218579,6.79859058813709,-0.0206992702228873));
#3672=CARTESIAN_POINT('Ctrl Pts',(-0.891556315895529,6.79050200774238,-0.135265115733808));
#3673=CARTESIAN_POINT('Ctrl Pts',(-0.881352286290496,6.78648542861425,-0.190752998077241));
#3674=CARTESIAN_POINT('Ctrl Pts',(-0.850056948974709,6.778281411544,-0.301413559316059));
#3675=CARTESIAN_POINT('Ctrl Pts',(-0.828591194749348,6.77420455461276,-0.356207348956227));
#3676=CARTESIAN_POINT('Ctrl Pts',(-0.776426938437671,6.76612219757589,-0.458607385526652));
#3677=CARTESIAN_POINT('Ctrl Pts',(-0.746277380457731,6.76211183666506,-0.506190520372007));
#3678=CARTESIAN_POINT('Ctrl Pts',(-0.675968360445031,6.75391377137575,-0.597087936476119));
#3679=CARTESIAN_POINT('Ctrl Pts',(-0.635589451358965,6.74983663617514,-0.6399010640626));
#3680=CARTESIAN_POINT('Ctrl Pts',(-0.548910634677249,6.74175028914167,-0.715445954670831));
#3681=CARTESIAN_POINT('Ctrl Pts',(-0.503122300740529,6.73773594262986,-0.748353521851536));
#3682=CARTESIAN_POINT('Ctrl Pts',(-0.403894194428248,6.72953406171206,-0.806422054907461));
#3683=CARTESIAN_POINT('Ctrl Pts',(-0.350443867048753,6.72545710426296,-0.831045269874011));
#3684=CARTESIAN_POINT('Ctrl Pts',(-0.241850637110015,6.7173733124329,-0.86871747358912));
#3685=CARTESIAN_POINT('Ctrl Pts',(-0.187118429081304,6.71336151876461,-0.882126815663534));
#3686=CARTESIAN_POINT('Ctrl Pts',(-0.0879408426746911,6.70620949344631,
-0.896774827125207));
#3687=CARTESIAN_POINT('Ctrl Pts',(-0.0439908686659237,6.70312691732143,
-0.899999997797649));
#3688=CARTESIAN_POINT('Ctrl Pts',(-4.50574534660978E-8,6.70004502248615,
-0.899999999999999));
#3689=CARTESIAN_POINT('Ctrl Pts',(8.95458102854833E-16,6.59993851761395,
-0.9));
#3690=CARTESIAN_POINT('Ctrl Pts',(-0.0324374169457192,6.60221530775906,
-0.9));
#3691=CARTESIAN_POINT('Ctrl Pts',(-0.0648678090154607,6.60450520556445,
-0.898246405173795));
#3692=CARTESIAN_POINT('Ctrl Pts',(-0.155509805548879,6.61099050834458,-0.888404581598981));
#3693=CARTESIAN_POINT('Ctrl Pts',(-0.213113550321659,6.61520039387889,-0.87637291239433));
#3694=CARTESIAN_POINT('Ctrl Pts',(-0.322810292246803,6.62326380335713,-0.841995994681242));
#3695=CARTESIAN_POINT('Ctrl Pts',(-0.374786826996606,6.6271892126464,-0.820181961896963));
#3696=CARTESIAN_POINT('Ctrl Pts',(-0.476153693426909,6.63536556251324,-0.76597889563494));
#3697=CARTESIAN_POINT('Ctrl Pts',(-0.525091523478118,6.63957544560462,-0.733297870518836));
#3698=CARTESIAN_POINT('Ctrl Pts',(-0.614002052703068,6.647638834764,-0.660428032351176));
#3699=CARTESIAN_POINT('Ctrl Pts',(-0.654065227063663,6.65156422486755,-0.620775532552108));
#3700=CARTESIAN_POINT('Ctrl Pts',(-0.727842134459915,6.6597405549805,-0.532627294234544));
#3701=CARTESIAN_POINT('Ctrl Pts',(-0.761027004379947,6.66395043861947,-0.484029722735537));
#3702=CARTESIAN_POINT('Ctrl Pts',(-0.816275976769479,6.6720138393543,-0.383219591143999));
#3703=CARTESIAN_POINT('Ctrl Pts',(-0.83862433786855,6.675939240793,-0.331470695020979));
#3704=CARTESIAN_POINT('Ctrl Pts',(-0.874127470560014,6.68411558345337,-0.222142237112845));
#3705=CARTESIAN_POINT('Ctrl Pts',(-0.886753656305105,6.68832546722479,-0.16466580687971));
#3706=CARTESIAN_POINT('Ctrl Pts',(-0.900339900172082,6.69638883991861,-0.0505147898276501));
#3707=CARTESIAN_POINT('Ctrl Pts',(-0.901736934238382,6.70031421342651,0.00583589728762946));
#3708=CARTESIAN_POINT('Ctrl Pts',(-0.893824922235563,6.70849052522179,0.120511470603646));
#3709=CARTESIAN_POINT('Ctrl Pts',(-0.884064021168342,6.71270040853058,0.178543213971244));
#3710=CARTESIAN_POINT('Ctrl Pts',(-0.854020186097275,6.72076383135393,0.289505238222957));
#3711=CARTESIAN_POINT('Ctrl Pts',(-0.834263461468283,6.72468925484139,0.342298282959544));
#3712=CARTESIAN_POINT('Ctrl Pts',(-0.784081644966478,6.73286562168653,0.445715137530902));
#3713=CARTESIAN_POINT('Ctrl Pts',(-0.753347052090121,6.73707550577295,0.495898271359389));
#3714=CARTESIAN_POINT('Ctrl Pts',(-0.684024318484663,6.74513884796987,0.587600512252009));
#3715=CARTESIAN_POINT('Ctrl Pts',(-0.645975730357961,6.74906419107293,0.629189051474871));
#3716=CARTESIAN_POINT('Ctrl Pts',(-0.56079254260326,6.75724046945686,0.706369399229068));
#3717=CARTESIAN_POINT('Ctrl Pts',(-0.513535339552178,6.76145035232089,0.74143666327974));
#3718=CARTESIAN_POINT('Ctrl Pts',(-0.414971257987649,6.76951382098725,0.800601455614254));
#3719=CARTESIAN_POINT('Ctrl Pts',(-0.364138754217505,6.77343929017695,0.8249646536714));
#3720=CARTESIAN_POINT('Ctrl Pts',(-0.256287397491556,6.78161570728872,0.864732781242517));
#3721=CARTESIAN_POINT('Ctrl Pts',(-0.199350912567697,6.78582559205856,0.879605646507394));
#3722=CARTESIAN_POINT('Ctrl Pts',(-0.0858226649409794,6.79388886334111,
0.897662511906139));
#3723=CARTESIAN_POINT('Ctrl Pts',(-0.0295717420053211,6.79781413574645,
0.901270716043138));
#3724=CARTESIAN_POINT('Ctrl Pts',(0.0853245290367668,6.8059903363507,0.897867319637316));
#3725=CARTESIAN_POINT('Ctrl Pts',(0.143694703587621,6.81020021814772,0.890392440272088));
#3726=CARTESIAN_POINT('Ctrl Pts',(0.255752912970771,6.81826379720436,0.864727970230769));
#3727=CARTESIAN_POINT('Ctrl Pts',(0.309283045644569,6.82218937644956,0.847058374094217));
#3728=CARTESIAN_POINT('Ctrl Pts',(0.414592247876613,6.83036591464091,0.800973962728208));
#3729=CARTESIAN_POINT('Ctrl Pts',(0.465943278676162,6.83457580106816,0.772232962703234));
#3730=CARTESIAN_POINT('Ctrl Pts',(0.560293304493421,6.84263890025299,0.706565388720273));
#3731=CARTESIAN_POINT('Ctrl Pts',(0.603340903036239,6.84656400108556,0.670181219318072));
#3732=CARTESIAN_POINT('Ctrl Pts',(0.683804031301429,6.85474001291401,0.588096959150593));
#3733=CARTESIAN_POINT('Ctrl Pts',(0.720699803088408,6.85894989211172,0.54225330518854));
#3734=CARTESIAN_POINT('Ctrl Pts',(0.783692215717181,6.86701373940264,0.446084029900588));
#3735=CARTESIAN_POINT('Ctrl Pts',(0.810034792869826,6.8709395860723,0.396242301539431));
#3736=CARTESIAN_POINT('Ctrl Pts',(0.854007520397259,6.8791164184652,0.290029645462955));
#3737=CARTESIAN_POINT('Ctrl Pts',(0.871103674684684,6.88332630890815,0.233720548525816));
#3738=CARTESIAN_POINT('Ctrl Pts',(0.893600792620166,6.89138898972275,0.120996609979824));
#3739=CARTESIAN_POINT('Ctrl Pts',(0.899413878457644,6.89531367346826,0.0649392623882704));
#3740=CARTESIAN_POINT('Ctrl Pts',(0.900525758951513,6.90348922635671,-0.0499931394664508));
#3741=CARTESIAN_POINT('Ctrl Pts',(0.895349297643084,6.90769909920386,-0.108611501396695));
#3742=CARTESIAN_POINT('Ctrl Pts',(0.874103646129672,6.91576359834438,-0.221603983616358));
#3743=CARTESIAN_POINT('Ctrl Pts',(0.858545345065252,6.91969009491334,-0.27579934145197));
#3744=CARTESIAN_POINT('Ctrl Pts',(0.816623033024762,6.92786764220144,-0.382848414574561));
#3745=CARTESIAN_POINT('Ctrl Pts',(0.789918545519909,6.93207754232755,-0.435288002225091));
#3746=CARTESIAN_POINT('Ctrl Pts',(0.728013910146628,6.94013920582648,-0.532124657579569));
#3747=CARTESIAN_POINT('Ctrl Pts',(0.693360949664032,6.94406287541891,-0.576551276396574));
#3748=CARTESIAN_POINT('Ctrl Pts',(0.614517187381236,6.95223731219631,-0.660162487221035));
#3749=CARTESIAN_POINT('Ctrl Pts',(0.570159708725648,6.95644716941586,-0.698830920878935));
#3750=CARTESIAN_POINT('Ctrl Pts',(0.476515004425147,6.96451325215545,-0.765572683731712));
#3751=CARTESIAN_POINT('Ctrl Pts',(0.427717519693669,6.96844132768976,-0.79386754787779));
#3752=CARTESIAN_POINT('Ctrl Pts',(0.323279507322843,6.97662061139394,-0.841983704634937));
#3753=CARTESIAN_POINT('Ctrl Pts',(0.267682454898481,6.98083053459941,-0.861274154483098));
#3754=CARTESIAN_POINT('Ctrl Pts',(0.15597452196057,6.9888897229933,-0.888160366789359));
#3755=CARTESIAN_POINT('Ctrl Pts',(0.100238968336154,6.99281092542436,-0.896163441500376));
#3756=CARTESIAN_POINT('Ctrl Pts',(0.0294189722989591,6.99785437657286,-0.899639487322249));
#3757=CARTESIAN_POINT('Ctrl Pts',(0.0147074132418872,6.99890383134416,-0.89999999932919));
#3758=CARTESIAN_POINT('Ctrl Pts',(4.10493589070738E-8,6.99995411181726,
-0.899999999999999));
#3759=CARTESIAN_POINT('Origin',(0.,2.,0.));
#3760=CARTESIAN_POINT('',(2.91650489754567E-16,7.50007563005031,-0.9));
#3761=CARTESIAN_POINT('',(1.99501057839049E-17,7.39997924374627,-0.9));
#3762=CARTESIAN_POINT('',(-1.10218211923262E-16,2.,-0.9));
#3763=CARTESIAN_POINT('Ctrl Pts',(6.93519191432382E-16,7.50007563005031,
-0.9));
#3764=CARTESIAN_POINT('Ctrl Pts',(0.0206569366585524,7.49861936043607,-0.9));
#3765=CARTESIAN_POINT('Ctrl Pts',(0.0413181217702421,7.49715592125255,-0.899288829991294));
#3766=CARTESIAN_POINT('Ctrl Pts',(0.120510711285767,7.49150952954924,-0.893825023443461));
#3767=CARTESIAN_POINT('Ctrl Pts',(0.178542445299101,7.48729964667945,-0.884064175222961));
#3768=CARTESIAN_POINT('Ctrl Pts',(0.289505112348056,7.47923617841408,-0.854020271980072));
#3769=CARTESIAN_POINT('Ctrl Pts',(0.342298771611826,7.47531070962251,-0.834263305212518));
#3770=CARTESIAN_POINT('Ctrl Pts',(0.445716176541705,7.4671342929338,-0.784081056409517));
#3771=CARTESIAN_POINT('Ctrl Pts',(0.495899293108949,7.462924408164,-0.753346381677207));
#3772=CARTESIAN_POINT('Ctrl Pts',(0.587600644063908,7.45486113681956,-0.684024121137194));
#3773=CARTESIAN_POINT('Ctrl Pts',(0.629188435571354,7.4509358643534,-0.645976241179275));
#3774=CARTESIAN_POINT('Ctrl Pts',(0.706368239167537,7.44275966368675,-0.560793999276568));
#3775=CARTESIAN_POINT('Ctrl Pts',(0.741435575857968,7.43854978189072,-0.51353690460002));
#3776=CARTESIAN_POINT('Ctrl Pts',(0.800601379635766,7.43048620277217,-0.414971620737893));
#3777=CARTESIAN_POINT('Ctrl Pts',(0.824965246521996,7.42656062346494,-0.364137657455631));
#3778=CARTESIAN_POINT('Ctrl Pts',(0.864733610131809,7.41838408520417,-0.256284616162459));
#3779=CARTESIAN_POINT('Ctrl Pts',(0.879606307264428,7.41417419877546,-0.199348016932157));
#3780=CARTESIAN_POINT('Ctrl Pts',(0.897662410337773,7.40611109972559,-0.0858220976502139));
#3781=CARTESIAN_POINT('Ctrl Pts',(0.90127049741451,7.40218599902765,-0.0295736753608577));
#3782=CARTESIAN_POINT('Ctrl Pts',(0.897867741107419,7.39400998734759,0.0853200214197647));
#3783=CARTESIAN_POINT('Ctrl Pts',(0.890393171670224,7.38980010815206,0.143690128376057));
#3784=CARTESIAN_POINT('Ctrl Pts',(0.864728448608344,7.38173626064331,0.255752148044333));
#3785=CARTESIAN_POINT('Ctrl Pts',(0.847057565729744,7.37781041375645,0.309285964574501));
#3786=CARTESIAN_POINT('Ctrl Pts',(0.800970730358988,7.36963358112457,0.414598515754938));
#3787=CARTESIAN_POINT('Ctrl Pts',(0.772229243393556,7.36542369067835,0.465949463478379));
#3788=CARTESIAN_POINT('Ctrl Pts',(0.706564257101298,7.35736101020473,0.560294124751626));
#3789=CARTESIAN_POINT('Ctrl Pts',(0.670184096064222,7.35343632679917,0.603337144050159));
#3790=CARTESIAN_POINT('Ctrl Pts',(0.588105295575437,7.34526077428481,0.683796839580665));
#3791=CARTESIAN_POINT('Ctrl Pts',(0.542262299165623,7.34105090144286,0.720693015024169));
#3792=CARTESIAN_POINT('Ctrl Pts',(0.446086163799826,7.33298640177119,0.783691677294839));
#3793=CARTESIAN_POINT('Ctrl Pts',(0.396235976442053,7.32905990467268,0.810038541129148));
#3794=CARTESIAN_POINT('Ctrl Pts',(0.290013434325833,7.32088235680212,0.854013052919654));
#3795=CARTESIAN_POINT('Ctrl Pts',(0.23370362556666,7.31667245666816,0.871108241765793));
#3796=CARTESIAN_POINT('Ctrl Pts',(0.120993264851484,7.30861079399782,0.89360032066173));
#3797=CARTESIAN_POINT('Ctrl Pts',(0.0649506598999466,7.30468712523138,0.899412136490841));
#3798=CARTESIAN_POINT('Ctrl Pts',(-0.0499663849025236,7.29651268936311,
0.900527203054205));
#3799=CARTESIAN_POINT('Ctrl Pts',(-0.108584271886351,7.2923028321564,0.895352559201916));
#3800=CARTESIAN_POINT('Ctrl Pts',(-0.221599291133655,7.28423674812817,0.874106309199577));
#3801=CARTESIAN_POINT('Ctrl Pts',(-0.275816683630649,7.28030867130893,0.858541274111205));
#3802=CARTESIAN_POINT('Ctrl Pts',(-0.382886071347984,7.27212938619195,0.816605446457571));
#3803=CARTESIAN_POINT('Ctrl Pts',(-0.435325275618876,7.26791946296795,0.789898075918296));
#3804=CARTESIAN_POINT('Ctrl Pts',(-0.532129628787387,7.25986027659046,0.728007516123686));
#3805=CARTESIAN_POINT('Ctrl Pts',(-0.576528259061417,7.25593907616917,0.693377190198851));
#3806=CARTESIAN_POINT('Ctrl Pts',(-0.660117908265131,7.24776735794543,0.614564927127157));
#3807=CARTESIAN_POINT('Ctrl Pts',(-0.698788569376782,7.24355753988425,0.570211455187076));
#3808=CARTESIAN_POINT('Ctrl Pts',(-0.765568798324331,7.23548760955679,0.476527814373427));
#3809=CARTESIAN_POINT('Ctrl Pts',(-0.793890914308893,7.23155569706904,0.427681465723985));
#3810=CARTESIAN_POINT('Ctrl Pts',(-0.842019892827233,7.22337219649186,0.323185653637844));
#3811=CARTESIAN_POINT('Ctrl Pts',(-0.861304827756074,7.21916221981376,0.2675842449057));
#3812=CARTESIAN_POINT('Ctrl Pts',(-0.888158179342023,7.21110906730082,0.155955628656316));
#3813=CARTESIAN_POINT('Ctrl Pts',(-0.896150364934863,7.20719387992777,0.100307071089853));
#3814=CARTESIAN_POINT('Ctrl Pts',(-0.901797860190481,7.19902878894789,-0.0143481812167337));
#3815=CARTESIAN_POINT('Ctrl Pts',(-0.898943647508937,7.19481907292626,-0.0731193152549972));
#3816=CARTESIAN_POINT('Ctrl Pts',(-0.882153534606115,7.18673981789758,-0.187068674143297));
#3817=CARTESIAN_POINT('Ctrl Pts',(-0.868680453470384,7.18279860270453,-0.242040689426393));
#3818=CARTESIAN_POINT('Ctrl Pts',(-0.830875173163388,7.17460489378601,-0.350846884915334));
#3819=CARTESIAN_POINT('Ctrl Pts',(-0.80622340725979,7.1703948024767,-0.404291697963546));
#3820=CARTESIAN_POINT('Ctrl Pts',(-0.7482895471791,7.16235641970312,-0.503175932956178));
#3821=CARTESIAN_POINT('Ctrl Pts',(-0.71560985547066,7.15845594286638,-0.548658067297699));
#3822=CARTESIAN_POINT('Ctrl Pts',(-0.640398190064514,7.15030710770972,-0.635086004300396));
#3823=CARTESIAN_POINT('Ctrl Pts',(-0.597632521966642,7.14609768273356,-0.675485236826475));
#3824=CARTESIAN_POINT('Ctrl Pts',(-0.506334608988394,7.13799585273106,-0.746225053125613));
#3825=CARTESIAN_POINT('Ctrl Pts',(-0.4582416832082,7.13403209210104,-0.776685912549521));
#3826=CARTESIAN_POINT('Ctrl Pts',(-0.355243017298616,7.12581372898274,-0.829005943027515));
#3827=CARTESIAN_POINT('Ctrl Pts',(-0.30040600958055,7.12160344335972,-0.850414932479618));
#3828=CARTESIAN_POINT('Ctrl Pts',(-0.190586096448581,7.11360183111796,-0.881329313712681));
#3829=CARTESIAN_POINT('Ctrl Pts',(-0.136031487311722,7.10973793307725,-0.891380797040191));
#3830=CARTESIAN_POINT('Ctrl Pts',(-0.0539861082210316,7.10387950742039,
-0.898785699228994));
#3831=CARTESIAN_POINT('Ctrl Pts',(-0.0269922416191635,7.10194858064389,
-0.9));
#3832=CARTESIAN_POINT('Ctrl Pts',(-1.03027126461204E-15,7.10002149903747,
-0.9));
#3833=CARTESIAN_POINT('Ctrl Pts',(4.10493589070738E-8,6.99995411181726,
-0.899999999999999));
#3834=CARTESIAN_POINT('Ctrl Pts',(-0.043941703858428,7.00309207256421,-0.9000000020042));
#3835=CARTESIAN_POINT('Ctrl Pts',(-0.0878469517186641,7.00622511786987,
-0.896781821283488));
#3836=CARTESIAN_POINT('Ctrl Pts',(-0.187099280221795,7.01326239115566,-0.88213842286188));
#3837=CARTESIAN_POINT('Ctrl Pts',(-0.241940003012642,7.01719430052466,-0.86869974663138));
#3838=CARTESIAN_POINT('Ctrl Pts',(-0.350623730702691,7.02537779767582,-0.830968992133324));
#3839=CARTESIAN_POINT('Ctrl Pts',(-0.404070351425287,7.02958777431194,-0.806333978771207));
#3840=CARTESIAN_POINT('Ctrl Pts',(-0.503150024693526,7.0376409317433,-0.748322905070318));
#3841=CARTESIAN_POINT('Ctrl Pts',(-0.548803827621064,7.04155612401699,-0.715514746062367));
#3842=CARTESIAN_POINT('Ctrl Pts',(-0.635367731465017,7.0497212204021,-0.640119595963209));
#3843=CARTESIAN_POINT('Ctrl Pts',(-0.675754892014748,7.0539309365108,-0.597328587926156));
#3844=CARTESIAN_POINT('Ctrl Pts',(-0.746258603202183,7.06201018396457,-0.506248587394389));
#3845=CARTESIAN_POINT('Ctrl Pts',(-0.776547298300086,7.06595139159836,-0.458436153362498));
#3846=CARTESIAN_POINT('Ctrl Pts',(-0.828778243859743,7.07414509223042,-0.355771994466988));
#3847=CARTESIAN_POINT('Ctrl Pts',(-0.850218312627841,7.07835518345504,-0.300959764478555));
#3848=CARTESIAN_POINT('Ctrl Pts',(-0.881346213889331,7.08639357831388,-0.19066236295513));
#3849=CARTESIAN_POINT('Ctrl Pts',(-0.89148232090498,7.09029406718287,-0.135581824125998));
#3850=CARTESIAN_POINT('Ctrl Pts',(-0.901655931282387,7.09844291566128,-0.0214629281412391));
#3851=CARTESIAN_POINT('Ctrl Pts',(-0.901137497565768,7.10265234090031,0.037365063509484));
#3852=CARTESIAN_POINT('Ctrl Pts',(-0.888853102411604,7.11075415256128,0.15220610469676));
#3853=CARTESIAN_POINT('Ctrl Pts',(-0.877478380244118,7.11471789485933,0.20798583842687));
#3854=CARTESIAN_POINT('Ctrl Pts',(-0.843806524274664,7.12293623797815,0.318494903375686));
#3855=CARTESIAN_POINT('Ctrl Pts',(-0.821232465794563,7.12714652348889,0.372862661135455));
#3856=CARTESIAN_POINT('Ctrl Pts',(-0.767402265199129,7.13514816629648,0.473453515515738));
#3857=CARTESIAN_POINT('Ctrl Pts',(-0.736836550262164,7.13901209472082,0.519746320516089));
#3858=CARTESIAN_POINT('Ctrl Pts',(-0.665522563995691,7.14712025457233,0.608703859918811));
#3859=CARTESIAN_POINT('Ctrl Pts',(-0.62444447998533,7.15132867734168,0.650776933581581));
#3860=CARTESIAN_POINT('Ctrl Pts',(-0.534723468504572,7.15955609537251,0.726295929531899));
#3861=CARTESIAN_POINT('Ctrl Pts',(-0.486306559885524,7.16364554835959,0.759566174911166));
#3862=CARTESIAN_POINT('Ctrl Pts',(-0.383550635904668,7.17200003488559,0.816298186341389));
#3863=CARTESIAN_POINT('Ctrl Pts',(-0.329439343083728,7.17620846121933,0.839597778966441));
#3864=CARTESIAN_POINT('Ctrl Pts',(-0.167418447106865,7.18813077930515,0.891265950503298));
#3865=CARTESIAN_POINT('Ctrl Pts',(-0.0560361476624976,7.19607294595899,
0.905121778576301));
#3866=CARTESIAN_POINT('Ctrl Pts',(0.11441222118052,7.20805968710507,0.894677301494151));
#3867=CARTESIAN_POINT('Ctrl Pts',(0.173270337869622,7.21220578420754,0.885163807005315));
#3868=CARTESIAN_POINT('Ctrl Pts',(0.287554295842728,7.22061963136532,0.854848024351436));
#3869=CARTESIAN_POINT('Ctrl Pts',(0.342741353737518,7.22482951192648,0.834255277548908));
#3870=CARTESIAN_POINT('Ctrl Pts',(0.442064899519864,7.23258271379012,0.785660637946391));
#3871=CARTESIAN_POINT('Ctrl Pts',(0.486546816025738,7.23619991219149,0.758917706296295));
#3872=CARTESIAN_POINT('Ctrl Pts',(0.566932118888611,7.24325491034015,0.700602985095153));
#3873=CARTESIAN_POINT('Ctrl Pts',(0.60311308498385,7.24666900114395,0.669709636973913));
#3874=CARTESIAN_POINT('Ctrl Pts',(0.670243163955713,7.25338743959649,0.602518275972785));
#3875=CARTESIAN_POINT('Ctrl Pts',(0.70109043513977,7.25668181733922,0.566327422244149));
#3876=CARTESIAN_POINT('Ctrl Pts',(0.759165714558688,7.26365501806228,0.486130841664703));
#3877=CARTESIAN_POINT('Ctrl Pts',(0.785749687805023,7.26733288294099,0.441874010848313));
#3878=CARTESIAN_POINT('Ctrl Pts',(0.834230447903951,7.27520414016801,0.342802216322717));
#3879=CARTESIAN_POINT('Ctrl Pts',(0.854828942701074,7.27928934525946,0.287613301686997));
#3880=CARTESIAN_POINT('Ctrl Pts',(0.885153531919381,7.28760182636868,0.173322144527));
#3881=CARTESIAN_POINT('Ctrl Pts',(0.8946696217221,7.29184776986212,0.114467029175088));
#3882=CARTESIAN_POINT('Ctrl Pts',(0.905140604640806,7.3040384532288,-0.0562112275792231));
#3883=CARTESIAN_POINT('Ctrl Pts',(0.891216450926446,7.31172120332175,-0.167841034160464));
#3884=CARTESIAN_POINT('Ctrl Pts',(0.839357014859512,7.32387551250829,-0.330052212262154));
#3885=CARTESIAN_POINT('Ctrl Pts',(0.816018087245124,7.3279625829511,-0.384147482124655));
#3886=CARTESIAN_POINT('Ctrl Pts',(0.759213550257907,7.33621238491075,-0.486854999337405));
#3887=CARTESIAN_POINT('Ctrl Pts',(0.725917894169989,7.34039248379638,-0.535233924247889));
#3888=CARTESIAN_POINT('Ctrl Pts',(0.650364354812357,7.34875369545698,-0.624872611875173));
#3889=CARTESIAN_POINT('Ctrl Pts',(0.608276455405798,7.35282379820288,-0.665912457333795));
#3890=CARTESIAN_POINT('Ctrl Pts',(0.5195087503405,7.36082333272978,-0.736982184437747));
#3891=CARTESIAN_POINT('Ctrl Pts',(0.47345764866637,7.36475195048047,-0.767378154947615));
#3892=CARTESIAN_POINT('Ctrl Pts',(0.37314315365613,7.37287115740896,-0.821105596335609));
#3893=CARTESIAN_POINT('Ctrl Pts',(0.318775262984223,7.37695147881468,-0.843701755602707));
#3894=CARTESIAN_POINT('Ctrl Pts',(0.208098745735796,7.38508806584575,-0.877462647772578));
#3895=CARTESIAN_POINT('Ctrl Pts',(0.152152460166698,7.38915291526186,-0.888872672433));
#3896=CARTESIAN_POINT('Ctrl Pts',(0.0637660496675149,7.39549356009495,-0.898305626088134));
#3897=CARTESIAN_POINT('Ctrl Pts',(0.0318852717137231,7.39774454470091,-0.9));
#3898=CARTESIAN_POINT('Ctrl Pts',(1.50118423491166E-16,7.39997924374627,
-0.9));
#3899=CARTESIAN_POINT('Origin',(0.,2.,0.));
#3900=CARTESIAN_POINT('',(-1.10218211923262E-16,8.,-0.9));
#3901=CARTESIAN_POINT('',(1.9962880183127E-18,7.79992404492733,-0.9));
#3902=CARTESIAN_POINT('',(-1.10218211923262E-16,2.,-0.9));
#3903=CARTESIAN_POINT('',(1.91168787513453E-6,7.99997958612749,0.89999999999732));
#3904=CARTESIAN_POINT('Origin',(0.,8.,0.));
#3905=CARTESIAN_POINT('',(-1.17605048630853E-15,7.700039964378,0.900000000000001));
#3906=CARTESIAN_POINT('',(0.,7.7,0.9));
#3907=CARTESIAN_POINT('Ctrl Pts',(-1.02539879120859E-15,7.700039964378,
0.9));
#3908=CARTESIAN_POINT('Ctrl Pts',(-0.110114562243854,7.69232853201071,0.9));
#3909=CARTESIAN_POINT('Ctrl Pts',(-0.219288878058027,7.68444019820099,0.879794122665909));
#3910=CARTESIAN_POINT('Ctrl Pts',(-0.42322859165676,7.66914057301253,0.801626296015447));
#3911=CARTESIAN_POINT('Ctrl Pts',(-0.516526835053528,7.66139068309674,0.744934910839162));
#3912=CARTESIAN_POINT('Ctrl Pts',(-0.639525031289058,7.64985442080956,0.635738887912234));
#3913=CARTESIAN_POINT('Ctrl Pts',(-0.677951612102498,7.64593355321969,0.594590349847694));
#3914=CARTESIAN_POINT('Ctrl Pts',(-0.748172386103672,7.63776201917299,0.503670412636791));
#3915=CARTESIAN_POINT('Ctrl Pts',(-0.779424778973087,7.63355212657654,0.453810186065089));
#3916=CARTESIAN_POINT('Ctrl Pts',(-0.830683460017761,7.62548772618695,0.350899354906969));
#3917=CARTESIAN_POINT('Ctrl Pts',(-0.850989180527763,7.62156134074971,0.298299614386271));
#3918=CARTESIAN_POINT('Ctrl Pts',(-0.882176093180885,7.61338395991412,0.187646987758011));
#3919=CARTESIAN_POINT('Ctrl Pts',(-0.892535695704915,7.60917408159291,0.129718733136411));
#3920=CARTESIAN_POINT('Ctrl Pts',(-0.901628900949945,7.60111086864127,0.0151242239710873));
#3921=CARTESIAN_POINT('Ctrl Pts',(-0.90081236999638,7.59718565070415,-0.0412355123381493));
#3922=CARTESIAN_POINT('Ctrl Pts',(-0.888404603758913,7.5890095009247,-0.155509677816007));
#3923=CARTESIAN_POINT('Ctrl Pts',(-0.876372943553212,7.5847996154647,-0.213113421357636));
#3924=CARTESIAN_POINT('Ctrl Pts',(-0.841996010037642,7.57673619829522,-0.322810271541516));
#3925=CARTESIAN_POINT('Ctrl Pts',(-0.820181932217798,7.57281078133802,-0.374786908613258));
#3926=CARTESIAN_POINT('Ctrl Pts',(-0.765978789184286,7.56463442303482,-0.476153865250355));
#3927=CARTESIAN_POINT('Ctrl Pts',(-0.733297750337441,7.56042453982768,-0.525091691839008));
#3928=CARTESIAN_POINT('Ctrl Pts',(-0.660427998082279,7.55236116265981,-0.614002073702757));
#3929=CARTESIAN_POINT('Ctrl Pts',(-0.620775623013614,7.54843578451133,-0.654065126316542));
#3930=CARTESIAN_POINT('Ctrl Pts',(-0.532627548266797,7.54025946755154,-0.727841947971634));
#3931=CARTESIAN_POINT('Ctrl Pts',(-0.484029994609023,7.5360495840931,-0.761026830896665));
#3932=CARTESIAN_POINT('Ctrl Pts',(-0.383219652945959,7.52798616466306,-0.816275966354836));
#3933=CARTESIAN_POINT('Ctrl Pts',(-0.331470505532325,7.52406074458592,-0.838624430870089));
#3934=CARTESIAN_POINT('Ctrl Pts',(-0.222141761138064,7.51588438141938,-0.874127592285303));
#3935=CARTESIAN_POINT('Ctrl Pts',(-0.164665312680808,7.51167449736664,-0.886753748832131));
#3936=CARTESIAN_POINT('Ctrl Pts',(-0.071048349220108,7.50506160512278,-0.897895977344003));
#3937=CARTESIAN_POINT('Ctrl Pts',(-0.0355303728738342,7.50258044493423,
-0.9));
#3938=CARTESIAN_POINT('Ctrl Pts',(6.93519191432382E-16,7.50007563005031,
-0.9));
#3939=CARTESIAN_POINT('Ctrl Pts',(1.50118423491166E-16,7.39997924374627,
-0.9));
#3940=CARTESIAN_POINT('Ctrl Pts',(-0.0267345457916136,7.40185295097057,
-0.9));
#3941=CARTESIAN_POINT('Ctrl Pts',(-0.0534717171381746,7.40372281905673,
-0.898808790527238));
#3942=CARTESIAN_POINT('Ctrl Pts',(-0.135681271671586,7.40952821617893,-0.891460003327011));
#3943=CARTESIAN_POINT('Ctrl Pts',(-0.190646434616156,7.41350721158145,-0.88134190176844));
#3944=CARTESIAN_POINT('Ctrl Pts',(-0.300835245858586,7.42167515118821,-0.850262706801481));
#3945=CARTESIAN_POINT('Ctrl Pts',(-0.355656052905602,7.4257536109154,-0.828828925136818));
#3946=CARTESIAN_POINT('Ctrl Pts',(-0.458399121855213,7.43385976416228,-0.776574118635856));
#3947=CARTESIAN_POINT('Ctrl Pts',(-0.506268663265604,7.43789395206623,-0.746249548887085));
#3948=CARTESIAN_POINT('Ctrl Pts',(-0.597389963846302,7.44611478521943,-0.675700637459781));
#3949=CARTESIAN_POINT('Ctrl Pts',(-0.640178281382548,7.4501908252759,-0.635309356685959));
#3950=CARTESIAN_POINT('Ctrl Pts',(-0.715538887528019,7.45826178457324,-0.548767499286839));
#3951=CARTESIAN_POINT('Ctrl Pts',(-0.748317094893355,7.46226078240157,-0.503152508688229));
#3952=CARTESIAN_POINT('Ctrl Pts',(-0.806308534907086,7.470447953651,-0.404121594259143));
#3953=CARTESIAN_POINT('Ctrl Pts',(-0.830949046538633,7.47452558383023,-0.350672916832264));
#3954=CARTESIAN_POINT('Ctrl Pts',(-0.868697303801955,7.48261917060204,-0.241954970124812));
#3955=CARTESIAN_POINT('Ctrl Pts',(-0.882141737048838,7.4866407588527,-0.187089306859407));
#3956=CARTESIAN_POINT('Ctrl Pts',(-0.898933162458593,7.49484956533126,-0.0732522360476316));
#3957=CARTESIAN_POINT('Ctrl Pts',(-0.901796691639132,7.49892619425343,-0.0144754963381547));
#3958=CARTESIAN_POINT('Ctrl Pts',(-0.896159774569005,7.5070053234342,0.100260242492085));
#3959=CARTESIAN_POINT('Ctrl Pts',(-0.888158668736468,7.51101246295262,0.155973990181294));
#3960=CARTESIAN_POINT('Ctrl Pts',(-0.861282009875516,7.51920744215128,0.26765774535596));
#3961=CARTESIAN_POINT('Ctrl Pts',(-0.841992414646266,7.52328471944477,0.323258778155296));
#3962=CARTESIAN_POINT('Ctrl Pts',(-0.793869086371219,7.53137312584409,0.427715928528124));
#3963=CARTESIAN_POINT('Ctrl Pts',(-0.765569431952001,7.53538953099097,0.476520439916055));
#3964=CARTESIAN_POINT('Ctrl Pts',(-0.698824756846485,7.54359338162946,0.570167446756708));
#3965=CARTESIAN_POINT('Ctrl Pts',(-0.660154429026086,7.54767024641824,0.614526794546516));
#3966=CARTESIAN_POINT('Ctrl Pts',(-0.576541006788329,7.55575271535157,0.693368710048705));
#3967=CARTESIAN_POINT('Ctrl Pts',(-0.532122369994899,7.55976318798164,0.728014237890638));
#3968=CARTESIAN_POINT('Ctrl Pts',(-0.435299499962508,7.56796136026462,0.789912380340043));
#3969=CARTESIAN_POINT('Ctrl Pts',(-0.382857652875563,7.57203849051217,0.816619455534447));
#3970=CARTESIAN_POINT('Ctrl Pts',(-0.275796308353844,7.5801247660309,0.858546494172958));
#3971=CARTESIAN_POINT('Ctrl Pts',(-0.221599311788109,7.58413904107206,0.874104499285271));
#3972=CARTESIAN_POINT('Ctrl Pts',(-0.10860996236008,7.59234085359233,0.895349613400825));
#3973=CARTESIAN_POINT('Ctrl Pts',(-0.0499887917920572,7.59641781424792,
0.900526661707439));
#3974=CARTESIAN_POINT('Ctrl Pts',(0.064948572840562,7.60450165196777,0.899412883284066));
#3975=CARTESIAN_POINT('Ctrl Pts',(0.120999473181983,7.60851349146921,0.893599588752046));
#3976=CARTESIAN_POINT('Ctrl Pts',(0.23371307780669,7.61671297262521,0.871105825990357));
#3977=CARTESIAN_POINT('Ctrl Pts',(0.290025382057799,7.62079004213526,0.854009680617609));
#3978=CARTESIAN_POINT('Ctrl Pts',(0.396247187001802,7.62887544216248,0.810032391640554));
#3979=CARTESIAN_POINT('Ctrl Pts',(0.446087348755794,7.63288884235428,0.783689754194858));
#3980=CARTESIAN_POINT('Ctrl Pts',(0.542251933243676,7.64108981756798,0.720701001945889));
#3981=CARTESIAN_POINT('Ctrl Pts',(0.588098217031897,7.64516681741727,0.683803827271691));
#3982=CARTESIAN_POINT('Ctrl Pts',(0.670186375297169,7.6532512166602,0.603334863052946));
#3983=CARTESIAN_POINT('Ctrl Pts',(0.706566952678386,7.65726361703388,0.560290211804124));
#3984=CARTESIAN_POINT('Ctrl Pts',(0.77223017771368,7.6654636351664,0.465948162910836));
#3985=CARTESIAN_POINT('Ctrl Pts',(0.800973350392997,7.66954067968026,0.414594891156443));
#3986=CARTESIAN_POINT('Ctrl Pts',(0.847060472924765,7.67762572019081,0.309277057609176));
#3987=CARTESIAN_POINT('Ctrl Pts',(0.864728514802731,7.68163876118451,0.255749064317617));
#3988=CARTESIAN_POINT('Ctrl Pts',(0.890392064864731,7.68983939257485,0.143697878123354));
#3989=CARTESIAN_POINT('Ctrl Pts',(0.89786795982892,7.69391640848643,0.0853248491279759));
#3990=CARTESIAN_POINT('Ctrl Pts',(0.901270311391067,7.7020010381762,-0.0295790941556691));
#3991=CARTESIAN_POINT('Ctrl Pts',(0.897661526011592,7.7060136687522,-0.0858261442367284));
#3992=CARTESIAN_POINT('Ctrl Pts',(0.879606828934085,7.71421390726179,-0.199346317088629));
#3993=CARTESIAN_POINT('Ctrl Pts',(0.864733926992087,7.71829094150264,-0.256285889264409));
#3994=CARTESIAN_POINT('Ctrl Pts',(0.824961841121498,7.72637583438268,-0.364144849803782));
#3995=CARTESIAN_POINT('Ctrl Pts',(0.80059920271348,7.73038872788617,-0.414974303671769));
#3996=CARTESIAN_POINT('Ctrl Pts',(0.741438912779304,7.73858921809768,-0.513532330579178));
#3997=CARTESIAN_POINT('Ctrl Pts',(0.706370423746261,7.74266624060468,-0.560792327184746));
#3998=CARTESIAN_POINT('Ctrl Pts',(0.629183845475375,7.75075096500604,-0.645980599203698));
#3999=CARTESIAN_POINT('Ctrl Pts',(0.587597352010124,7.75476369019628,-0.684026200607271));
#4000=CARTESIAN_POINT('Ctrl Pts',(0.49590200977871,7.76296401926134,-0.753344755150733));
#4001=CARTESIAN_POINT('Ctrl Pts',(0.445716704793491,7.76704104926022,-0.784081524046374));
#4002=CARTESIAN_POINT('Ctrl Pts',(0.342291887598959,7.77512588108267,-0.834265951965147));
#4003=CARTESIAN_POINT('Ctrl Pts',(0.289501539628345,7.77913871358958,-0.854020795216831));
#4004=CARTESIAN_POINT('Ctrl Pts',(0.178547144898082,7.78733914546641,-0.884063366362473));
#4005=CARTESIAN_POINT('Ctrl Pts',(0.120512579534938,7.79141617075036,-0.893825447567285));
#4006=CARTESIAN_POINT('Ctrl Pts',(0.0413124198142443,7.79699948011597,-0.899289028594424));
#4007=CARTESIAN_POINT('Ctrl Pts',(0.0206537510908242,7.79845847130533,-0.9));
#4008=CARTESIAN_POINT('Ctrl Pts',(1.14210787959982E-16,7.79992404492733,
-0.9));
#4009=CARTESIAN_POINT('Origin',(0.,0.,0.));
#4010=CARTESIAN_POINT('',(2.08189955855032E-16,1.44936146417862E-13,1.69999999999985));
#4011=CARTESIAN_POINT('Origin',(0.,0.,0.));
#4012=CARTESIAN_POINT('',(0.75,0.,-0.4330127018922));
#4013=CARTESIAN_POINT('',(0.75,0.,0.4330127018922));
#4014=CARTESIAN_POINT('',(0.75,0.,-0.4330127018922));
#4015=CARTESIAN_POINT('',(0.,0.,-0.8660254037844));
#4016=CARTESIAN_POINT('',(0.,0.,-0.8660254037844));
#4017=CARTESIAN_POINT('',(-0.75,0.,-0.4330127018922));
#4018=CARTESIAN_POINT('',(-0.75,0.,-0.4330127018922));
#4019=CARTESIAN_POINT('',(-0.75,0.,0.4330127018922));
#4020=CARTESIAN_POINT('',(-0.75,0.,0.4330127018922));
#4021=CARTESIAN_POINT('',(0.,0.,0.8660254037844));
#4022=CARTESIAN_POINT('',(0.,0.,0.8660254037844));
#4023=CARTESIAN_POINT('',(0.75,0.,0.4330127018922));
#4024=CARTESIAN_POINT('Origin',(0.75,0.,-0.4330127018922));
#4025=CARTESIAN_POINT('',(0.75,1.,0.4330127018922));
#4026=CARTESIAN_POINT('',(0.75,0.,0.4330127018922));
#4027=CARTESIAN_POINT('',(0.75,1.,-0.4330127018922));
#4028=CARTESIAN_POINT('',(0.75,1.,-0.4330127018922));
#4029=CARTESIAN_POINT('',(0.75,0.,-0.4330127018922));
#4030=CARTESIAN_POINT('Origin',(0.,0.,-0.8660254037844));
#4031=CARTESIAN_POINT('',(0.,1.,-0.8660254037844));
#4032=CARTESIAN_POINT('',(0.,1.,-0.8660254037844));
#4033=CARTESIAN_POINT('',(0.,0.,-0.8660254037844));
#4034=CARTESIAN_POINT('Origin',(-0.75,0.,-0.4330127018922));
#4035=CARTESIAN_POINT('',(-0.75,1.,-0.4330127018922));
#4036=CARTESIAN_POINT('',(-0.75,1.,-0.4330127018922));
#4037=CARTESIAN_POINT('',(-0.75,0.,-0.4330127018922));
#4038=CARTESIAN_POINT('Origin',(-0.75,0.,0.4330127018922));
#4039=CARTESIAN_POINT('',(-0.75,1.,0.4330127018922));
#4040=CARTESIAN_POINT('',(-0.75,1.,0.4330127018922));
#4041=CARTESIAN_POINT('',(-0.75,0.,0.4330127018922));
#4042=CARTESIAN_POINT('Origin',(0.,0.,0.8660254037844));
#4043=CARTESIAN_POINT('',(0.,1.,0.8660254037844));
#4044=CARTESIAN_POINT('',(0.,1.,0.8660254037844));
#4045=CARTESIAN_POINT('',(0.,0.,0.8660254037844));
#4046=CARTESIAN_POINT('Origin',(0.75,0.,0.4330127018922));
#4047=CARTESIAN_POINT('',(0.75,1.,0.4330127018922));
#4048=CARTESIAN_POINT('Origin',(0.,1.,0.));
#4049=CARTESIAN_POINT('Origin',(0.,0.09999999998029,0.));
#4050=CARTESIAN_POINT('',(-1.9,0.2,0.));
#4051=CARTESIAN_POINT('',(2.32682891837979E-16,0.200000000000145,1.89999999999986));
#4052=CARTESIAN_POINT('Origin',(0.,0.2,0.));
#4053=CARTESIAN_POINT('',(2.20436423844074E-16,0.09999999998029,1.79999999998));
#4054=CARTESIAN_POINT('Origin',(0.,0.2,0.));
#4055=CARTESIAN_POINT('Origin',(0.,0.,0.));
#4056=CARTESIAN_POINT('',(-1.9,1.8,0.));
#4057=CARTESIAN_POINT('',(-2.32682891837997E-16,1.8,1.9));
#4058=CARTESIAN_POINT('Origin',(0.,1.8,0.));
#4059=CARTESIAN_POINT('',(-1.9,0.,2.32682891837997E-16));
#4060=CARTESIAN_POINT('Origin',(0.,1.8,0.));
#4061=CARTESIAN_POINT('Origin',(0.,1.90000000002,0.));
#4062=CARTESIAN_POINT('',(-2.0818995585505E-16,2.,1.7));
#4063=CARTESIAN_POINT('',(-2.20436423844074E-16,1.90000000002,1.79999999998));
#4064=CARTESIAN_POINT('Origin',(0.,2.,0.));
#4065=CARTESIAN_POINT('Origin',(0.,2.,0.));
#4066=CARTESIAN_POINT('',(0.707082155786669,2.00009581210097,-0.706717140785194));
#4067=CARTESIAN_POINT('Ctrl Pts',(0.706918257252329,2.,-0.706555419756436));
#4068=CARTESIAN_POINT('Ctrl Pts',(0.657561912484264,2.,-0.752067208143374));
#4069=CARTESIAN_POINT('Ctrl Pts',(0.603689142727957,2.0000000000115,-0.79269105365461));
#4070=CARTESIAN_POINT('Ctrl Pts',(0.488822465062768,2.0000000000115,-0.861930063116257));
#4071=CARTESIAN_POINT('Ctrl Pts',(0.428490229377238,2.0000000000115,-0.890092926023488));
#4072=CARTESIAN_POINT('Ctrl Pts',(0.246144341068165,2.0000000000115,-0.953609372593571));
#4073=CARTESIAN_POINT('Ctrl Pts',(0.118283105619379,2.00000000001149,-0.972179090367089));
#4074=CARTESIAN_POINT('Ctrl Pts',(-0.163805063683236,2.00000000001149,-0.958258527973176));
#4075=CARTESIAN_POINT('Ctrl Pts',(-0.284207955446164,2.00000000001148,-0.915051256879922));
#4076=CARTESIAN_POINT('Ctrl Pts',(-0.480040749600524,2.00000000001148,-0.821568858856889));
#4077=CARTESIAN_POINT('Ctrl Pts',(-0.581675421635712,2.00000000001148,-0.746587710639802));
#4078=CARTESIAN_POINT('Ctrl Pts',(-0.757384179738849,2.00000000001148,-0.552003870642416));
#4079=CARTESIAN_POINT('Ctrl Pts',(-0.811857708405172,2.00000000001147,-0.444884927027436));
#4080=CARTESIAN_POINT('Ctrl Pts',(-0.881865161537129,2.00000000001147,-0.253410894291856));
#4081=CARTESIAN_POINT('Ctrl Pts',(-0.906361990217945,2.,-0.132440516103839));
#4082=CARTESIAN_POINT('Ctrl Pts',(-0.899989127644633,2.,-9.4423049467276E-6));
#4083=CARTESIAN_POINT('Ctrl Pts',(0.000570663923878927,2.,0.899999819079244));
#4084=CARTESIAN_POINT('Ctrl Pts',(0.0615659259411001,2.,0.902808711018337));
#4085=CARTESIAN_POINT('Ctrl Pts',(0.122852643252648,1.99999999999999,0.899409118841106));
#4086=CARTESIAN_POINT('Ctrl Pts',(0.244440599404313,1.99999999999999,0.880304221243742));
#4087=CARTESIAN_POINT('Ctrl Pts',(0.304263723076502,1.99999999999999,0.864466598472424));
#4088=CARTESIAN_POINT('Ctrl Pts',(0.457621822197913,1.99999999999999,0.806712706989751));
#4089=CARTESIAN_POINT('Ctrl Pts',(0.565811504118779,1.99999999999999,0.747866553014682));
#4090=CARTESIAN_POINT('Ctrl Pts',(0.744039828499412,1.99999999999999,0.581520871211753));
#4091=CARTESIAN_POINT('Ctrl Pts',(0.822591140730503,1.99999999999998,0.484002294089853));
#4092=CARTESIAN_POINT('Ctrl Pts',(0.926021342343228,1.99999999999998,0.257832241136328));
#4093=CARTESIAN_POINT('Ctrl Pts',(0.961478999171861,1.99999999999997,0.13569642417042));
#4094=CARTESIAN_POINT('Ctrl Pts',(0.971181816997384,1.99999999999997,-0.119544890429139));
#4095=CARTESIAN_POINT('Ctrl Pts',(0.955943110733143,1.99999999999997,-0.247404148033746));
#4096=CARTESIAN_POINT('Ctrl Pts',(0.866837004289534,1.99999999999997,-0.489175062820766));
#4097=CARTESIAN_POINT('Ctrl Pts',(0.8028187189805,2.,-0.602836763845457));
#4098=CARTESIAN_POINT('Ctrl Pts',(0.70724418883945,2.,-0.706880730853681));
#4099=CARTESIAN_POINT('Ctrl Pts',(-0.8143809281523,3.217319289544,0.3677070885086));
#4100=CARTESIAN_POINT('Ctrl Pts',(-0.8988538962073,3.202694289544,0.1806202025652));
#4101=CARTESIAN_POINT('Ctrl Pts',(-0.9332938261298,3.173444289544,-0.2532506546538));
#4102=CARTESIAN_POINT('Ctrl Pts',(-0.5592181995572,3.129569289544,-0.7890931028832));
#4103=CARTESIAN_POINT('Ctrl Pts',(0.07020284763616,3.085694289544,-0.9645645555099));
#4104=CARTESIAN_POINT('Ctrl Pts',(0.6675574741938,3.041819289544,-0.6997838451084));
#4105=CARTESIAN_POINT('Ctrl Pts',(0.960195463261,2.997944289544,-0.115558193567));
#4106=CARTESIAN_POINT('Ctrl Pts',(0.8145283475312,2.954069289544,0.5214134007673));
#4107=CARTESIAN_POINT('Ctrl Pts',(0.2970511639605,2.910194289544,0.9203745662186));
#4108=CARTESIAN_POINT('Ctrl Pts',(-0.3560220598182,2.866319289544,0.8992090537427));
#4109=CARTESIAN_POINT('Ctrl Pts',(-0.8465806803604,2.822444289544,0.4675786548139));
#4110=CARTESIAN_POINT('Ctrl Pts',(-0.9506978075767,2.778569289544,-0.177488945962));
#4111=CARTESIAN_POINT('Ctrl Pts',(-0.620846740145,2.734694289544,-0.7415375722627));
#4112=CARTESIAN_POINT('Ctrl Pts',(-0.007595695318085,2.690819289544,-0.9670940759832));
#4113=CARTESIAN_POINT('Ctrl Pts',(0.6091225819801,2.646944289544,-0.7511979275675));
#4114=CARTESIAN_POINT('Ctrl Pts',(0.9477926467947,2.603069289544,-0.1923999609011));
#4115=CARTESIAN_POINT('Ctrl Pts',(0.853820647436,2.559194289544,0.4542234563393));
#4116=CARTESIAN_POINT('Ctrl Pts',(0.3701022952209,2.515319289544,0.8935059805876));
#4117=CARTESIAN_POINT('Ctrl Pts',(-0.2825578835676,2.471444289544,0.9249268558706));
#4118=CARTESIAN_POINT('Ctrl Pts',(-0.8062379247605,2.427569289544,0.5341432906541));
#4119=CARTESIAN_POINT('Ctrl Pts',(-0.9618918568883,2.383694289544,-0.1004624403043));
#4120=CARTESIAN_POINT('Ctrl Pts',(-0.6784678115058,2.339819289544,-0.6892097468403));
#4121=CARTESIAN_POINT('Ctrl Pts',(-0.08534130581744,2.295944289544,-0.9633511858857));
#4122=CARTESIAN_POINT('Ctrl Pts',(0.5467412293213,2.252069289544,-0.797748503872));
#4123=CARTESIAN_POINT('Ctrl Pts',(0.9292509774614,2.208194289544,-0.2679949023474));
#4124=CARTESIAN_POINT('Ctrl Pts',(0.8875824323552,2.164319289544,0.3840912068563));
#4125=CARTESIAN_POINT('Ctrl Pts',(0.440756204609,2.120444289544,0.8608499894006));
#4126=CARTESIAN_POINT('Ctrl Pts',(-0.2072635665239,2.076569289544,0.9446534694921));
#4127=CARTESIAN_POINT('Ctrl Pts',(-0.7606727056293,2.032694289544,0.5972487410435));
#4128=CARTESIAN_POINT('Ctrl Pts',(-0.9668563190752,1.988819289544,-0.02278748540673));
#4129=CARTESIAN_POINT('Ctrl Pts',(-0.7316910477154,1.944944289544,-0.6324092284711));
#4130=CARTESIAN_POINT('Ctrl Pts',(-0.1625461029664,1.901069289544,-0.9534000651061));
#4131=CARTESIAN_POINT('Ctrl Pts',(0.4808631380502,1.857194289544,-0.8390136485416));
#4132=CARTESIAN_POINT('Ctrl Pts',(0.7633034553572,1.827944289544,-0.507867915251));
#4133=CARTESIAN_POINT('Ctrl Pts',(0.8358624525403,1.813319289544,-0.3158461009907));
#4134=CARTESIAN_POINT('Ctrl Pts',(-0.8486823845865,3.273773096515,0.3831947899528));
#4135=CARTESIAN_POINT('Ctrl Pts',(-0.9367133262304,3.259148096515,0.1882278660004));
#4136=CARTESIAN_POINT('Ctrl Pts',(-0.9726038546566,3.229898096515,-0.2639174888063));
#4137=CARTESIAN_POINT('Ctrl Pts',(-0.5827722859144,3.186023096515,-0.822329444447));
#4138=CARTESIAN_POINT('Ctrl Pts',(0.07315976845356,3.142148096515,-1.005191696858));
#4139=CARTESIAN_POINT('Ctrl Pts',(0.6956747751115,3.098273096515,-0.7292585101535));
#4140=CARTESIAN_POINT('Ctrl Pts',(1.000638579882,3.054398096515,-0.1204254666148));
#4141=CARTESIAN_POINT('Ctrl Pts',(0.8488360132212,3.010523096515,0.5433751614525));
#4142=CARTESIAN_POINT('Ctrl Pts',(0.309562861137,2.966648096515,0.9591404397736));
#4143=CARTESIAN_POINT('Ctrl Pts',(-0.371017591703,2.922773096515,0.9370834428842));
#4144=CARTESIAN_POINT('Ctrl Pts',(-0.882238379751,2.878898096515,0.4872729137328));
#4145=CARTESIAN_POINT('Ctrl Pts',(-0.9907408860691,2.835023096515,-0.1849647219005));
#4146=CARTESIAN_POINT('Ctrl Pts',(-0.6469966003312,2.791148096515,-0.7727708905417));
#4147=CARTESIAN_POINT('Ctrl Pts',(-0.007915623502838,2.747273096515,-1.0078277599));
#4148=CARTESIAN_POINT('Ctrl Pts',(0.6347786244863,2.703398096515,-0.7828381368298));
#4149=CARTESIAN_POINT('Ctrl Pts',(0.987713360872,2.659523096515,-0.2005037838771));
#4150=CARTESIAN_POINT('Ctrl Pts',(0.889783291855,2.615648096515,0.4733551986978));
#4151=CARTESIAN_POINT('Ctrl Pts',(0.3856908819828,2.571773096515,0.9311401581664));
#4152=CARTESIAN_POINT('Ctrl Pts',(-0.294459128548,2.527898096515,0.9638844703662));
#4153=CARTESIAN_POINT('Ctrl Pts',(-0.8401964005742,2.484023096515,0.556641230108));
#4154=CARTESIAN_POINT('Ctrl Pts',(-1.00240642505,2.440148096515,-0.1046938851973));
#4155=CARTESIAN_POINT('Ctrl Pts',(-0.7070446522371,2.396273096515,-0.7182390343495));
#4156=CARTESIAN_POINT('Ctrl Pts',(-0.08893585350679,2.352398096515,-1.003927220504));
#4157=CARTESIAN_POINT('Ctrl Pts',(0.5697697898021,2.308523096515,-0.8313494080743));
#4158=CARTESIAN_POINT('Ctrl Pts',(0.968390722534,2.264648096515,-0.2792827593559));
#4159=CARTESIAN_POINT('Ctrl Pts',(0.9249671120337,2.220773096515,0.4002690019683));
#4160=CARTESIAN_POINT('Ctrl Pts',(0.4593207107607,2.176898096515,0.8971087073876));
#4161=CARTESIAN_POINT('Ctrl Pts',(-0.2159934396727,2.133023096515,0.9844419624555));
#4162=CARTESIAN_POINT('Ctrl Pts',(-0.7927119894226,2.089148096515,0.6224046612808));
#4163=CARTESIAN_POINT('Ctrl Pts',(-1.007579988749,2.045273096515,-0.02374728678579));
#4164=CARTESIAN_POINT('Ctrl Pts',(-0.7625096336239,2.001398096515,-0.6590460968568));
#4165=CARTESIAN_POINT('Ctrl Pts',(-0.1693924912802,1.957523096515,-0.9935569617955));
#4166=CARTESIAN_POINT('Ctrl Pts',(0.5011169350271,1.913648096515,-0.8743526270445));
#4167=CARTESIAN_POINT('Ctrl Pts',(0.7954535454624,1.884398096515,-0.5292591445482));
#4168=CARTESIAN_POINT('Ctrl Pts',(0.8710687037057,1.869773096515,-0.3291494347238));
#4169=CARTESIAN_POINT('Ctrl Pts',(-0.8829838410208,3.330226903485,0.3986824913969));
#4170=CARTESIAN_POINT('Ctrl Pts',(-0.9745727562534,3.315601903485,0.1958355294356));
#4171=CARTESIAN_POINT('Ctrl Pts',(-1.011913883183,3.286351903485,-0.2745843229588));
#4172=CARTESIAN_POINT('Ctrl Pts',(-0.6063263722716,3.242476903485,-0.8555657860108));
#4173=CARTESIAN_POINT('Ctrl Pts',(0.07611668927097,3.198601903485,-1.045818838205));
#4174=CARTESIAN_POINT('Ctrl Pts',(0.7237920760291,3.154726903485,-0.7587331751986));
#4175=CARTESIAN_POINT('Ctrl Pts',(1.041081696504,3.110851903485,-0.1252927396627));
#4176=CARTESIAN_POINT('Ctrl Pts',(0.8831436789111,3.066976903485,0.5653369221377));
#4177=CARTESIAN_POINT('Ctrl Pts',(0.3220745583135,3.023101903485,0.9979063133286));
#4178=CARTESIAN_POINT('Ctrl Pts',(-0.3860131235878,2.979226903485,0.9749578320257));
#4179=CARTESIAN_POINT('Ctrl Pts',(-0.9178960791416,2.935351903485,0.5069671726518));
#4180=CARTESIAN_POINT('Ctrl Pts',(-1.030783964562,2.891476903485,-0.192440497839));
#4181=CARTESIAN_POINT('Ctrl Pts',(-0.6731464605173,2.847601903485,-0.8040042088207));
#4182=CARTESIAN_POINT('Ctrl Pts',(-0.008235551687592,2.803726903485,-1.048561443817));
#4183=CARTESIAN_POINT('Ctrl Pts',(0.6604346669925,2.759851903485,-0.8144783460921));
#4184=CARTESIAN_POINT('Ctrl Pts',(1.027634074949,2.715976903485,-0.2086076068532));
#4185=CARTESIAN_POINT('Ctrl Pts',(0.9257459362739,2.672101903485,0.4924869410562));
#4186=CARTESIAN_POINT('Ctrl Pts',(0.4012794687447,2.628226903485,0.9687743357452));
#4187=CARTESIAN_POINT('Ctrl Pts',(-0.3063603735285,2.584351903485,1.002842084862));
#4188=CARTESIAN_POINT('Ctrl Pts',(-0.8741548763879,2.540476903485,0.579139169562));
#4189=CARTESIAN_POINT('Ctrl Pts',(-1.042920993212,2.496601903485,-0.1089253300903));
#4190=CARTESIAN_POINT('Ctrl Pts',(-0.7356214929684,2.452726903485,-0.7472683218586));
#4191=CARTESIAN_POINT('Ctrl Pts',(-0.09253040119614,2.408851903485,-1.044503255123));
#4192=CARTESIAN_POINT('Ctrl Pts',(0.5927983502829,2.364976903485,-0.8649503122767));
#4193=CARTESIAN_POINT('Ctrl Pts',(1.007530467607,2.321101903485,-0.2905706163645));
#4194=CARTESIAN_POINT('Ctrl Pts',(0.9623517917122,2.277226903485,0.4164467970803));
#4195=CARTESIAN_POINT('Ctrl Pts',(0.4778852169124,2.233351903485,0.9333674253746));
#4196=CARTESIAN_POINT('Ctrl Pts',(-0.2247233128214,2.189476903485,1.024230455419));
#4197=CARTESIAN_POINT('Ctrl Pts',(-0.8247512732158,2.145601903485,0.647560581518));
#4198=CARTESIAN_POINT('Ctrl Pts',(-1.048303658423,2.101726903485,-0.02470708816486));
#4199=CARTESIAN_POINT('Ctrl Pts',(-0.7933282195325,2.057851903485,-0.6856829652425));
#4200=CARTESIAN_POINT('Ctrl Pts',(-0.1762388795939,2.013976903485,-1.033713858485));
#4201=CARTESIAN_POINT('Ctrl Pts',(0.5213707320041,1.970101903485,-0.9096916055475));
#4202=CARTESIAN_POINT('Ctrl Pts',(0.8276036355676,1.940851903485,-0.5506503738453));
#4203=CARTESIAN_POINT('Ctrl Pts',(0.9062749548711,1.926226903485,-0.3424527684568));
#4204=CARTESIAN_POINT('Ctrl Pts',(-0.9172852974551,3.386680710456,0.4141701928411));
#4205=CARTESIAN_POINT('Ctrl Pts',(-1.012432186277,3.372055710456,0.2034431928708));
#4206=CARTESIAN_POINT('Ctrl Pts',(-1.05122391171,3.342805710456,-0.2852511571113));
#4207=CARTESIAN_POINT('Ctrl Pts',(-0.6298804586288,3.298930710456,-0.8888021275746));
#4208=CARTESIAN_POINT('Ctrl Pts',(0.07907361008838,3.255055710456,-1.086445979553));
#4209=CARTESIAN_POINT('Ctrl Pts',(0.7519093769467,3.211180710456,-0.7882078402436));
#4210=CARTESIAN_POINT('Ctrl Pts',(1.081524813125,3.167305710456,-0.1301600127105));
#4211=CARTESIAN_POINT('Ctrl Pts',(0.9174513446011,3.123430710456,0.5872986828229));
#4212=CARTESIAN_POINT('Ctrl Pts',(0.3345862554899,3.079555710456,1.036672186884));
#4213=CARTESIAN_POINT('Ctrl Pts',(-0.4010086554726,3.035680710456,1.012832221167));
#4214=CARTESIAN_POINT('Ctrl Pts',(-0.9535537785321,2.991805710456,0.5266614315707));
#4215=CARTESIAN_POINT('Ctrl Pts',(-1.070827043054,2.947930710456,-0.1999162737775));
#4216=CARTESIAN_POINT('Ctrl Pts',(-0.6992963207034,2.904055710456,-0.8352375270997));
#4217=CARTESIAN_POINT('Ctrl Pts',(-0.008555479872345,2.860180710456,-1.089295127733));
#4218=CARTESIAN_POINT('Ctrl Pts',(0.6860907094987,2.816305710456,-0.8461185553544));
#4219=CARTESIAN_POINT('Ctrl Pts',(1.067554789026,2.772430710456,-0.2167114298292));
#4220=CARTESIAN_POINT('Ctrl Pts',(0.9617085806928,2.728555710456,0.5116186834147));
#4221=CARTESIAN_POINT('Ctrl Pts',(0.4168680555066,2.684680710456,1.006408513324));
#4222=CARTESIAN_POINT('Ctrl Pts',(-0.3182616185089,2.640805710456,1.041799699357));
#4223=CARTESIAN_POINT('Ctrl Pts',(-0.9081133522017,2.596930710456,0.6016371090159));
#4224=CARTESIAN_POINT('Ctrl Pts',(-1.083435561375,2.553055710456,-0.1131567749833));
#4225=CARTESIAN_POINT('Ctrl Pts',(-0.7641983336997,2.509180710456,-0.7762976093678));
#4226=CARTESIAN_POINT('Ctrl Pts',(-0.09612494888549,2.465305710456,-1.085079289742));
#4227=CARTESIAN_POINT('Ctrl Pts',(0.6158269107637,2.421430710456,-0.898551216479));
#4228=CARTESIAN_POINT('Ctrl Pts',(1.046670212679,2.377555710456,-0.301858473373));
#4229=CARTESIAN_POINT('Ctrl Pts',(0.9997364713907,2.333680710456,0.4326245921923));
#4230=CARTESIAN_POINT('Ctrl Pts',(0.4964497230641,2.289805710456,0.9696261433616));
#4231=CARTESIAN_POINT('Ctrl Pts',(-0.2334531859702,2.245930710456,1.064018948382));
#4232=CARTESIAN_POINT('Ctrl Pts',(-0.8567905570091,2.202055710456,0.6727165017552));
#4233=CARTESIAN_POINT('Ctrl Pts',(-1.089027328097,2.158180710456,-0.02566688954393));
#4234=CARTESIAN_POINT('Ctrl Pts',(-0.824146805441,2.114305710456,-0.7123198336282));
#4235=CARTESIAN_POINT('Ctrl Pts',(-0.1830852679077,2.070430710456,-1.073870755174));
#4236=CARTESIAN_POINT('Ctrl Pts',(0.541624528981,2.026555710456,-0.9450305840505));
#4237=CARTESIAN_POINT('Ctrl Pts',(0.8597537256728,1.997305710456,-0.5720416031425));
#4238=CARTESIAN_POINT('Ctrl Pts',(0.9414812060365,1.982680710456,-0.3557561021899));
#4239=CARTESIAN_POINT('',(-0.999991639811633,3.3500111801008,-7.59214984113832E-7));
#4240=CARTESIAN_POINT('',(-0.9,3.2,0.));
#4241=CARTESIAN_POINT('Ctrl Pts',(-0.99970972706644,3.35038818271973,-2.63605973713537E-5));
#4242=CARTESIAN_POINT('Ctrl Pts',(-0.999735358849986,3.34734093250478,-0.0467276307070046));
#4243=CARTESIAN_POINT('Ctrl Pts',(-0.99651921534572,3.34425204793481,-0.0934354914018401));
#4244=CARTESIAN_POINT('Ctrl Pts',(-0.983866226070155,3.33825416060146,-0.184083320823746));
#4245=CARTESIAN_POINT('Ctrl Pts',(-0.97467848717859,3.33534186362955,-0.228099830895413));
#4246=CARTESIAN_POINT('Ctrl Pts',(-0.948913433032847,3.32935504293505,-0.319434031103218));
#4247=CARTESIAN_POINT('Ctrl Pts',(-0.931662571660257,3.32627572170267,-0.366422409302286));
#4248=CARTESIAN_POINT('Ctrl Pts',(-0.887592516909494,3.31970431422,-0.46346877636343));
#4249=CARTESIAN_POINT('Ctrl Pts',(-0.859775960240076,3.31621299354408,-0.513105192977512));
#4250=CARTESIAN_POINT('Ctrl Pts',(-0.793819017622118,3.30878810844457,-0.610629706829333));
#4251=CARTESIAN_POINT('Ctrl Pts',(-0.755176596636974,3.30481454435271,-0.657900933561531));
#4252=CARTESIAN_POINT('Ctrl Pts',(-0.683369829282495,3.29802640414552,-0.731020356823813));
#4253=CARTESIAN_POINT('Ctrl Pts',(-0.652460793798624,3.29526936396554,-0.75882432566501));
#4254=CARTESIAN_POINT('Ctrl Pts',(-0.561848404134736,3.28776058826484,-0.830579147023321));
#4255=CARTESIAN_POINT('Ctrl Pts',(-0.49910738209428,3.28328932564217,-0.869618248225189));
#4256=CARTESIAN_POINT('Ctrl Pts',(-0.349043977936902,3.2730029498508,-0.941296654318149));
#4257=CARTESIAN_POINT('Ctrl Pts',(-0.260107098505662,3.26721898164671,-0.96959081646619));
#4258=CARTESIAN_POINT('Ctrl Pts',(-0.125766704134207,3.25836697268486,-0.992806689093265));
#4259=CARTESIAN_POINT('Ctrl Pts',(-0.0821413170742717,3.25546068116664,
-0.997423490617112));
#4260=CARTESIAN_POINT('Ctrl Pts',(-0.00764065923583378,3.25053206959025,
-1.00036670756239));
#4261=CARTESIAN_POINT('Ctrl Pts',(0.0230880505048032,3.2485131352714,-1.00016080398131));
#4262=CARTESIAN_POINT('Ctrl Pts',(0.116149213226004,3.24252140082295,-0.995185576217383));
#4263=CARTESIAN_POINT('Ctrl Pts',(0.178077133477773,3.23874980435158,-0.985892828699574));
#4264=CARTESIAN_POINT('Ctrl Pts',(0.272921310136382,3.23275384925211,-0.962453498751347));
#4265=CARTESIAN_POINT('Ctrl Pts',(0.306819849040787,3.23055634379795,-0.95212818979632));
#4266=CARTESIAN_POINT('Ctrl Pts',(0.441166982044548,3.2215723029733,-0.903374890204302));
#4267=CARTESIAN_POINT('Ctrl Pts',(0.536602779807282,3.2145310715949,-0.850470172813673));
#4268=CARTESIAN_POINT('Ctrl Pts',(0.644029339367491,3.20551099001747,-0.765500746237147));
#4269=CARTESIAN_POINT('Ctrl Pts',(0.66605159189708,3.20360198229694,-0.746446719051418));
#4270=CARTESIAN_POINT('Ctrl Pts',(0.723150001658631,3.19856084254778,-0.692426028790761));
#4271=CARTESIAN_POINT('Ctrl Pts',(0.756511055502718,3.19552136296108,-0.655699659426687));
#4272=CARTESIAN_POINT('Ctrl Pts',(0.814717615849177,3.18974073458445,-0.581231521850856));
#4273=CARTESIAN_POINT('Ctrl Pts',(0.840034904713928,3.18699646639799,-0.543913157378906));
#4274=CARTESIAN_POINT('Ctrl Pts',(0.90301561011052,3.17916077453128,-0.436090391174913));
#4275=CARTESIAN_POINT('Ctrl Pts',(0.93505544455849,3.17394422066337,-0.362427635006222));
#4276=CARTESIAN_POINT('Ctrl Pts',(0.972091999755047,3.16550447975175,-0.239137873549635));
#4277=CARTESIAN_POINT('Ctrl Pts',(0.98276291193109,3.16228342226892,-0.191147974353778));
#4278=CARTESIAN_POINT('Ctrl Pts',(0.999058960847009,3.15491998192619,-0.0782836333293673));
#4279=CARTESIAN_POINT('Ctrl Pts',(1.00188268307563,3.15092873084322,-0.0132807740712755));
#4280=CARTESIAN_POINT('Ctrl Pts',(0.996100728310599,3.14419278956233,0.096317417297582));
#4281=CARTESIAN_POINT('Ctrl Pts',(0.990699163380269,3.14142943907147,0.141164587071932));
#4282=CARTESIAN_POINT('Ctrl Pts',(0.972255849356146,3.1351965069747,0.238696845013734));
#4283=CARTESIAN_POINT('Ctrl Pts',(0.957891240207099,3.1316768852037,0.291040384382546));
#4284=CARTESIAN_POINT('Ctrl Pts',(0.921122303519334,3.12458865622512,0.392410322118671));
#4285=CARTESIAN_POINT('Ctrl Pts',(0.898743713622875,3.12102398991859,0.441501500906175));
#4286=CARTESIAN_POINT('Ctrl Pts',(0.83469431977656,3.11250636937515,0.556244922146172));
#4287=CARTESIAN_POINT('Ctrl Pts',(0.78918082971494,3.10775835824775,0.618841428131784));
#4288=CARTESIAN_POINT('Ctrl Pts',(0.69943973633852,3.0995753174928,0.716431624196147));
#4289=CARTESIAN_POINT('Ctrl Pts',(0.658480816511212,3.09614945469681,0.75417883396071));
#4290=CARTESIAN_POINT('Ctrl Pts',(0.566734586361799,3.08879492101387,0.825743077703132));
#4291=CARTESIAN_POINT('Ctrl Pts',(0.51558558509251,3.08482326965596,0.858669294783052));
#4292=CARTESIAN_POINT('Ctrl Pts',(0.426204941613932,3.07815055467324,0.905347928613798));
#4293=CARTESIAN_POINT('Ctrl Pts',(0.389570143672144,3.07549554777215,0.921772547951638));
#4294=CARTESIAN_POINT('Ctrl Pts',(0.311891466422158,3.07011781258874,0.951080026799092));
#4295=CARTESIAN_POINT('Ctrl Pts',(0.270970563086796,3.06744822996394,0.963531146771768));
#4296=CARTESIAN_POINT('Ctrl Pts',(0.15102432567273,3.05984625972499,0.991647791498891));
#4297=CARTESIAN_POINT('Ctrl Pts',(0.0707022869694927,3.05490733442886,1.00037269797532));
#4298=CARTESIAN_POINT('Ctrl Pts',(-0.0799287953507999,3.04539552536419,
0.998921881442076));
#4299=CARTESIAN_POINT('Ctrl Pts',(-0.150405991606925,3.04083064966051,0.990888366652629));
#4300=CARTESIAN_POINT('Ctrl Pts',(-0.256445124693025,3.03364048656942,0.967180619022922));
#4301=CARTESIAN_POINT('Ctrl Pts',(-0.293016051018061,3.03111763100488,0.956786616043458));
#4302=CARTESIAN_POINT('Ctrl Pts',(-0.36227338529451,3.02635332088145,0.932719509114396));
#4303=CARTESIAN_POINT('Ctrl Pts',(-0.394937875715592,3.02412731106543,0.91935667552519));
#4304=CARTESIAN_POINT('Ctrl Pts',(-0.489912453825024,3.01762917851387,0.874428378552213));
#4305=CARTESIAN_POINT('Ctrl Pts',(-0.54957114200547,3.01342611333045,0.838068728309676));
#4306=CARTESIAN_POINT('Ctrl Pts',(-0.690809982785588,3.00226716388872,0.730438193202017));
#4307=CARTESIAN_POINT('Ctrl Pts',(-0.766225824634508,2.99521542124602,0.651290360877823));
#4308=CARTESIAN_POINT('Ctrl Pts',(-0.843507677944752,2.98617508076978,0.537834469500777));
#4309=CARTESIAN_POINT('Ctrl Pts',(-0.85888185921037,2.98425828089551,0.512967647889801));
#4310=CARTESIAN_POINT('Ctrl Pts',(-0.89730695952762,2.97920145129613,0.444130854768396));
#4311=CARTESIAN_POINT('Ctrl Pts',(-0.918186609638625,2.97615482422058,0.398993471766389));
#4312=CARTESIAN_POINT('Ctrl Pts',(-0.951442335387335,2.97036764719988,0.310405621606799));
#4313=CARTESIAN_POINT('Ctrl Pts',(-0.964412659299038,2.96762377041232,0.267222212649064));
#4314=CARTESIAN_POINT('Ctrl Pts',(-0.992189207908954,2.95978931745857,0.145501235025979));
#4315=CARTESIAN_POINT('Ctrl Pts',(-1.00068591367172,2.95457360606824,0.0656357057635644));
#4316=CARTESIAN_POINT('Ctrl Pts',(-0.999084921218314,2.94613345438235,-0.0630930610318957));
#4317=CARTESIAN_POINT('Ctrl Pts',(-0.994885497544491,2.94291115762934,-0.112094255519473));
#4318=CARTESIAN_POINT('Ctrl Pts',(-0.976602028037558,2.9355429448352,-0.224728336725961));
#4319=CARTESIAN_POINT('Ctrl Pts',(-0.959798762628438,2.93154849080989,-0.287642650850319));
#4320=CARTESIAN_POINT('Ctrl Pts',(-0.921415274468677,2.92481082624661,-0.390493201177675));
#4321=CARTESIAN_POINT('Ctrl Pts',(-0.902829285721919,2.92204898867001,-0.43163530380641));
#4322=CARTESIAN_POINT('Ctrl Pts',(-0.856016156750031,2.91581794239916,-0.519127302028484));
#4323=CARTESIAN_POINT('Ctrl Pts',(-0.826627151117246,2.91229865128715,-0.564753883238197));
#4324=CARTESIAN_POINT('Ctrl Pts',(-0.76117632625774,2.90521135723192,-0.650432058866075));
#4325=CARTESIAN_POINT('Ctrl Pts',(-0.725119888134693,2.90164726920342,-0.690553463308875));
#4326=CARTESIAN_POINT('Ctrl Pts',(-0.629642173316193,2.89313094096988,-0.780814962468975));
#4327=CARTESIAN_POINT('Ctrl Pts',(-0.567471219414277,2.88838358281058,-0.826889264357142));
#4328=CARTESIAN_POINT('Ctrl Pts',(-0.452617344300928,2.88020099072497,-0.893100353836252));
#4329=CARTESIAN_POINT('Ctrl Pts',(-0.402226101711951,2.87677491119096,-0.91684094772969));
#4330=CARTESIAN_POINT('Ctrl Pts',(-0.293250512281492,2.86942036095986,-0.957623891827659));
#4331=CARTESIAN_POINT('Ctrl Pts',(-0.234588395634495,2.86544893674105,-0.97370908461641));
#4332=CARTESIAN_POINT('Ctrl Pts',(-0.135328083965256,2.85877627168612,-0.991459544349342));
#4333=CARTESIAN_POINT('Ctrl Pts',(-0.0954524608002067,2.85612109410711,
-0.996151871732974));
#4334=CARTESIAN_POINT('Ctrl Pts',(-0.0125619088839519,2.85074340613096,
-1.00083535350617));
#4335=CARTESIAN_POINT('Ctrl Pts',(0.0302063529025195,2.84807401048371,-1.00045220638328));
#4336=CARTESIAN_POINT('Ctrl Pts',(0.153064470234835,2.8404721356775,-0.99133509164689));
#4337=CARTESIAN_POINT('Ctrl Pts',(0.232311562116451,2.83553313232698,-0.97559005060702));
#4338=CARTESIAN_POINT('Ctrl Pts',(0.379769776321942,2.82574358948623,-0.927710108350237));
#4339=CARTESIAN_POINT('Ctrl Pts',(0.448458637376199,2.82087981822315,-0.896679986020925));
#4340=CARTESIAN_POINT('Ctrl Pts',(0.543574111154141,2.81354768704485,-0.839990178671976));
#4341=CARTESIAN_POINT('Ctrl Pts',(0.573193461016721,2.81118636794234,-0.820117286607489));
#4342=CARTESIAN_POINT('Ctrl Pts',(0.628660753702735,2.80668739171445,-0.778386618076579));
#4343=CARTESIAN_POINT('Ctrl Pts',(0.654536144884922,2.80456473873149,-0.756744312877064));
#4344=CARTESIAN_POINT('Ctrl Pts',(0.73051886444577,2.79815888870796,-0.686291213828585));
#4345=CARTESIAN_POINT('Ctrl Pts',(0.776541423509445,2.79394573607067,-0.633547621266611));
#4346=CARTESIAN_POINT('Ctrl Pts',(0.878690892745732,2.78279133725353,-0.48847067170339));
#4347=CARTESIAN_POINT('Ctrl Pts',(0.926662725455893,2.77575484214332,-0.390545372059574));
#4348=CARTESIAN_POINT('Ctrl Pts',(0.966138160727245,2.76674257283838,-0.259500941930534));
#4349=CARTESIAN_POINT('Ctrl Pts',(0.973293725694855,2.76483627084315,-0.231311197752383));
#4350=CARTESIAN_POINT('Ctrl Pts',(0.98915367209336,2.75982089824755,-0.154723569872178));
#4351=CARTESIAN_POINT('Ctrl Pts',(0.995494229451027,2.75680233420078,-0.105871796617724));
#4352=CARTESIAN_POINT('Ctrl Pts',(1.00071787823782,2.75105392597915,-0.0120310448786839));
#4353=CARTESIAN_POINT('Ctrl Pts',(1.00020242783954,2.74832112569448,0.0328837626007));
#4354=CARTESIAN_POINT('Ctrl Pts',(0.990845474772647,2.74085062153558,0.151621162809258));
#4355=CARTESIAN_POINT('Ctrl Pts',(0.976835531864788,2.73601492924708,0.224927609203491));
#4356=CARTESIAN_POINT('Ctrl Pts',(0.939246816050681,2.7276481920402,0.346952128533936));
#4357=CARTESIAN_POINT('Ctrl Pts',(0.91939416342861,2.72412395982589,0.396892175267281));
#4358=CARTESIAN_POINT('Ctrl Pts',(0.873307813403994,2.71742058262199,0.489758572882019));
#4359=CARTESIAN_POINT('Ctrl Pts',(0.847682024418915,2.71430135014297,0.532727137225741));
#4360=CARTESIAN_POINT('Ctrl Pts',(0.787926565738287,2.70789441829966,0.617789243456763));
#4361=CARTESIAN_POINT('Ctrl Pts',(0.753239916871313,2.70460177451761,0.659528380576515));
#4362=CARTESIAN_POINT('Ctrl Pts',(0.646948477579355,2.69511720047756,0.768337884068664));
#4363=CARTESIAN_POINT('Ctrl Pts',(0.568699714617603,2.68862843573831,0.827981280834777));
#4364=CARTESIAN_POINT('Ctrl Pts',(0.450737603899353,2.67978616578044,0.893361161885611));
#4365=CARTESIAN_POINT('Ctrl Pts',(0.417122705369818,2.67736357679919,0.90960498478994));
#4366=CARTESIAN_POINT('Ctrl Pts',(0.32076103323563,2.67074097256016,0.949538598772388));
#4367=CARTESIAN_POINT('Ctrl Pts',(0.256315360229644,2.66663433152427,0.968743038976497));
#4368=CARTESIAN_POINT('Ctrl Pts',(0.12468816436085,2.65835527792664,0.994121747196731));
#4369=CARTESIAN_POINT('Ctrl Pts',(0.0574438438301711,2.65418345074457,1.00024762598668));
#4370=CARTESIAN_POINT('Ctrl Pts',(-0.0520164480762054,2.64712090513679,
0.999256676516031));
#4371=CARTESIAN_POINT('Ctrl Pts',(-0.0942142597997649,2.64432643502532,
0.996203449861183));
#4372=CARTESIAN_POINT('Ctrl Pts',(-0.189041020378274,2.63799315692879,0.983298760015744));
#4373=CARTESIAN_POINT('Ctrl Pts',(-0.241438682369836,2.63445793132921,0.971856146461831));
#4374=CARTESIAN_POINT('Ctrl Pts',(-0.320435222727135,2.62922371020156,0.947706344194492));
#4375=CARTESIAN_POINT('Ctrl Pts',(-0.347916596334634,2.62742101885981,0.93794668329061));
#4376=CARTESIAN_POINT('Ctrl Pts',(-0.477017455216451,2.61882966237553,0.885560765681379));
#4377=CARTESIAN_POINT('Ctrl Pts',(-0.572039404974538,2.6120318622246,0.827050299907732));
#4378=CARTESIAN_POINT('Ctrl Pts',(-0.703517886027897,2.60081476263904,0.71320394395453));
#4379=CARTESIAN_POINT('Ctrl Pts',(-0.747658338616778,2.5965615576202,0.666933193845463));
#4380=CARTESIAN_POINT('Ctrl Pts',(-0.808873778913235,2.59004235722313,0.588968088563797));
#4381=CARTESIAN_POINT('Ctrl Pts',(-0.829178817655677,2.58775722855043,0.560065460338629));
#4382=CARTESIAN_POINT('Ctrl Pts',(-0.865641114159445,2.58343647511389,0.501690647509155));
#4383=CARTESIAN_POINT('Ctrl Pts',(-0.881919991991407,2.58138667463265,0.472414286957495));
#4384=CARTESIAN_POINT('Ctrl Pts',(-0.93224128990836,2.57440981953516,0.370100635160235));
#4385=CARTESIAN_POINT('Ctrl Pts',(-0.958871084267809,2.56941194406098,0.293705673435883));
#4386=CARTESIAN_POINT('Ctrl Pts',(-0.993966426762236,2.55898293299819,0.134757135806455));
#4387=CARTESIAN_POINT('Ctrl Pts',(-1.00193839833806,2.5535429279166,0.051972630578327));
#4388=CARTESIAN_POINT('Ctrl Pts',(-0.998327696850038,2.54558183515743,-0.0691472659161032));
#4389=CARTESIAN_POINT('Ctrl Pts',(-0.994945681339794,2.54309806619257,-0.107426806146592));
#4390=CARTESIAN_POINT('Ctrl Pts',(-0.983738754560554,2.53829650228353,-0.183192809321523));
#4391=CARTESIAN_POINT('Ctrl Pts',(-0.975989312362873,2.53596682948018,-0.220543288617278));
#4392=CARTESIAN_POINT('Ctrl Pts',(-0.950037741831908,2.5298311882852,-0.317489426738716));
#4393=CARTESIAN_POINT('Ctrl Pts',(-0.92838553599267,2.52600326776044,-0.375938916088632));
#4394=CARTESIAN_POINT('Ctrl Pts',(-0.875926444567798,2.51824459874961,-0.485294901544005));
#4395=CARTESIAN_POINT('Ctrl Pts',(-0.845760452068232,2.514382563866,-0.536250352489157));
#4396=CARTESIAN_POINT('Ctrl Pts',(-0.76680164165931,2.50550246543174,-0.646302141396398));
#4397=CARTESIAN_POINT('Ctrl Pts',(-0.71529639338578,2.50048867546789,-0.703103317451634));
#4398=CARTESIAN_POINT('Ctrl Pts',(-0.618098162260469,2.49243214082987,-0.787669354522196));
#4399=CARTESIAN_POINT('Ctrl Pts',(-0.576277778531085,2.48926770241539,-0.818646214573049));
#4400=CARTESIAN_POINT('Ctrl Pts',(-0.488279844306931,2.4828781372396,-0.873872422499057));
#4401=CARTESIAN_POINT('Ctrl Pts',(-0.442187678703798,2.47965061193997,-0.898061099474365));
#4402=CARTESIAN_POINT('Ctrl Pts',(-0.35139603247212,2.47329088896715,-0.937044309665709));
#4403=CARTESIAN_POINT('Ctrl Pts',(-0.307204523400713,2.47021487039385,-0.952487039036644));
#4404=CARTESIAN_POINT('Ctrl Pts',(-0.196386775199587,2.46264594267901,-0.982764359924507));
#4405=CARTESIAN_POINT('Ctrl Pts',(-0.128677833840475,2.45815975437877,-0.994078042034148));
#4406=CARTESIAN_POINT('Ctrl Pts',(0.00242708530960434,2.44989967724906,
-1.00193004789743));
#4407=CARTESIAN_POINT('Ctrl Pts',(0.0654810291391826,2.44604335167995,-0.999637840397639));
#4408=CARTESIAN_POINT('Ctrl Pts',(0.191036037386082,2.43821608497326,-0.983297156615213));
#4409=CARTESIAN_POINT('Ctrl Pts',(0.25353009361969,2.43424072032889,-0.96906350302957));
#4410=CARTESIAN_POINT('Ctrl Pts',(0.353647042183119,2.42742433525616,-0.936006054734576));
#4411=CARTESIAN_POINT('Ctrl Pts',(0.392346343539525,2.42466813566564,-0.920499400520326));
#4412=CARTESIAN_POINT('Ctrl Pts',(0.476914049916442,2.41847323889748,-0.880351658535626));
#4413=CARTESIAN_POINT('Ctrl Pts',(0.522155699024943,2.41503790421409,-0.854397322544059));
#4414=CARTESIAN_POINT('Ctrl Pts',(0.58904912629222,2.40989924800436,-0.808605730675543));
#4415=CARTESIAN_POINT('Ctrl Pts',(0.612296308481992,2.40810078153034,-0.791125741932471));
#4416=CARTESIAN_POINT('Ctrl Pts',(0.71959074806215,2.39952967879421,-0.702780660243798));
#4417=CARTESIAN_POINT('Ctrl Pts',(0.792640906334281,2.39275011505754,-0.618791555677627));
#4418=CARTESIAN_POINT('Ctrl Pts',(0.884156783235278,2.38154554609027,-0.471039280405222));
#4419=CARTESIAN_POINT('Ctrl Pts',(0.912560262913595,2.37728392796382,-0.413572728416559));
#4420=CARTESIAN_POINT('Ctrl Pts',(0.947746343143775,2.37075798417964,-0.320825455467482));
#4421=CARTESIAN_POINT('Ctrl Pts',(0.95848208703546,2.36847601107921,-0.287256978228867));
#4422=CARTESIAN_POINT('Ctrl Pts',(0.975729945148628,2.36418947377912,-0.221241956499853));
#4423=CARTESIAN_POINT('Ctrl Pts',(0.982459279804937,2.36216950269808,-0.188952907159247));
#4424=CARTESIAN_POINT('Ctrl Pts',(1.00028276125828,2.3551427033989,-0.0755207254321502));
#4425=CARTESIAN_POINT('Ctrl Pts',(1.0029269552561,2.35006769128882,0.00667273502232491));
#4426=CARTESIAN_POINT('Ctrl Pts',(0.988513740082082,2.33954263855296,0.170289087582946));
#4427=CARTESIAN_POINT('Ctrl Pts',(0.971190942196878,2.3340902953024,0.251796323209819));
#4428=CARTESIAN_POINT('Ctrl Pts',(0.931332327215056,2.3261380220975,0.366114640366209));
#4429=CARTESIAN_POINT('Ctrl Pts',(0.9167056716888,2.32367333446397,0.401355737824352));
#4430=CARTESIAN_POINT('Ctrl Pts',(0.883313817341182,2.31887858201249,0.470181264503234));
#4431=CARTESIAN_POINT('Ctrl Pts',(0.864613381797621,2.31653843920061,0.503636387454922));
#4432=CARTESIAN_POINT('Ctrl Pts',(0.81085260886142,2.31041861459252,0.588076207418772));
#4433=CARTESIAN_POINT('Ctrl Pts',(0.772930952783243,2.3066165079689,0.636987539948271));
#4434=CARTESIAN_POINT('Ctrl Pts',(0.690488647599338,2.29889147388118,0.725240951001486));
#4435=CARTESIAN_POINT('Ctrl Pts',(0.646512250305306,2.29503476973968,0.764778977174004));
#4436=CARTESIAN_POINT('Ctrl Pts',(0.538166747570099,2.28614845552599,0.846222723649821));
#4437=CARTESIAN_POINT('Ctrl Pts',(0.471863713449892,2.28112276209913,0.885085004367615));
#4438=CARTESIAN_POINT('Ctrl Pts',(0.353614527913274,2.27305440370546,0.936710414605325));
#4439=CARTESIAN_POINT('Ctrl Pts',(0.3044192182787,2.26988915850845,0.953733648328356));
#4440=CARTESIAN_POINT('Ctrl Pts',(0.203912902235736,2.26349948501468,0.980045055727527));
#4441=CARTESIAN_POINT('Ctrl Pts',(0.152702610653882,2.26027267912197,0.989304902294984));
#4442=CARTESIAN_POINT('Ctrl Pts',(0.0544042220681622,2.25391309046377,0.999285881329749));
#4443=CARTESIAN_POINT('Ctrl Pts',(0.00760609967203945,2.25083640117033,
1.0007743418618));
#4444=CARTESIAN_POINT('Ctrl Pts',(-0.107183993798661,2.24326797179133,0.996445135887218));
#4445=CARTESIAN_POINT('Ctrl Pts',(-0.175153683081003,2.23878299390557,0.98694878945194));
#4446=CARTESIAN_POINT('Ctrl Pts',(-0.302587395321103,2.23052281851296,0.95515072720552));
#4447=CARTESIAN_POINT('Ctrl Pts',(-0.362073851157862,2.22666534863839,0.934060136938009));
#4448=CARTESIAN_POINT('Ctrl Pts',(-0.476976736166853,2.21883677628594,0.880829969541065));
#4449=CARTESIAN_POINT('Ctrl Pts',(-0.532332325511888,2.21486126597305,0.848518833696252));
#4450=CARTESIAN_POINT('Ctrl Pts',(-0.617935131077162,2.20804493049236,0.786974968524874));
#4451=CARTESIAN_POINT('Ctrl Pts',(-0.650204438664123,2.20528896927398,0.760584573951302));
#4452=CARTESIAN_POINT('Ctrl Pts',(-0.718831072271216,2.19909593037679,0.696954580504492));
#4453=CARTESIAN_POINT('Ctrl Pts',(-0.754199118258258,2.19566221515192,0.658652132635733));
#4454=CARTESIAN_POINT('Ctrl Pts',(-0.804284317210016,2.19052486958202,0.594936121469174));
#4455=CARTESIAN_POINT('Ctrl Pts',(-0.821226777396745,2.18872624664284,0.571291011614782));
#4456=CARTESIAN_POINT('Ctrl Pts',(-0.897117089400248,2.18015517308164,0.454853629893608));
#4457=CARTESIAN_POINT('Ctrl Pts',(-0.941641403319363,2.17337571838458,0.352836349916555));
#4458=CARTESIAN_POINT('Ctrl Pts',(-0.984679049002775,2.1621706542899,0.184444140028887));
#4459=CARTESIAN_POINT('Ctrl Pts',(-0.99455782353413,2.15790838333135,0.121097935398882));
#4460=CARTESIAN_POINT('Ctrl Pts',(-1.00033100728871,2.15138387357222,0.0220894386528739));
#4461=CARTESIAN_POINT('Ctrl Pts',(-1.00051493566581,2.14910382556489,-0.0131238147333281));
#4462=CARTESIAN_POINT('Ctrl Pts',(-0.997196379230508,2.14482196252621,-0.0811995368442861));
#4463=CARTESIAN_POINT('Ctrl Pts',(-0.993949567164751,2.142804722304,-0.113977161636851));
#4464=CARTESIAN_POINT('Ctrl Pts',(-0.976984265749198,2.1357777210472,-0.227550521703085));
#4465=CARTESIAN_POINT('Ctrl Pts',(-0.954871408627387,2.13070021261024,-0.306814209562201));
#4466=CARTESIAN_POINT('Ctrl Pts',(-0.895554667760331,2.12075547944489,-0.45023479767023));
#4467=CARTESIAN_POINT('Ctrl Pts',(-0.860018505909815,2.11593155594524,-0.515221922992679));
#4468=CARTESIAN_POINT('Ctrl Pts',(-0.791563550103668,2.10808164107214,-0.612726409352953));
#4469=CARTESIAN_POINT('Ctrl Pts',(-0.762914850591223,2.1051101430979,-0.648094478668009));
#4470=CARTESIAN_POINT('Ctrl Pts',(-0.706914154826898,2.09994969117328,-0.708148811595093));
#4471=CARTESIAN_POINT('Ctrl Pts',(-0.680516749975195,2.09770892503384,-0.7334849613163));
#4472=CARTESIAN_POINT('Ctrl Pts',(-0.602144897302515,2.09138558581988,-0.80087310100124));
#4473=CARTESIAN_POINT('Ctrl Pts',(-0.547303750723051,2.08728635026147,-0.839214924983686));
#4474=CARTESIAN_POINT('Ctrl Pts',(-0.435993753788252,2.07911350552873,-0.901604660722724));
#4475=CARTESIAN_POINT('Ctrl Pts',(-0.380336009290083,2.07513194205611,-0.926531820747048));
#4476=CARTESIAN_POINT('Ctrl Pts',(-0.254857445449975,2.066437161478,-0.969584503402924));
#4477=CARTESIAN_POINT('Ctrl Pts',(-0.184554502644247,2.06173002815736,-0.985520891809578));
#4478=CARTESIAN_POINT('Ctrl Pts',(-0.0633548258786911,2.05410319066529,
-0.999115495314334));
#4479=CARTESIAN_POINT('Ctrl Pts',(-0.0136463503008716,2.05107763814769,
-1.00093483552415));
#4480=CARTESIAN_POINT('Ctrl Pts',(0.0921692912057707,2.04458059629366,-0.997002885350498));
#4481=CARTESIAN_POINT('Ctrl Pts',(0.148118732866427,2.04110058167258,-0.990219581677578));
#4482=CARTESIAN_POINT('Ctrl Pts',(0.248458059425362,2.03450230371788,-0.96938504891471));
#4483=CARTESIAN_POINT('Ctrl Pts',(0.292928487272735,2.0314663604081,-0.956926255977292));
#4484=CARTESIAN_POINT('Ctrl Pts',(0.38010979172,2.02536328625259,-0.925922631752798));
#4485=CARTESIAN_POINT('Ctrl Pts',(0.422814820511419,2.02229598970461,-0.90732142051377));
#4486=CARTESIAN_POINT('Ctrl Pts',(0.530211067489588,2.01447339542031,-0.851208659650335));
#4487=CARTESIAN_POINT('Ctrl Pts',(0.591917417304097,2.00989831165519,-0.809277481017157));
#4488=CARTESIAN_POINT('Ctrl Pts',(0.668593323318113,2.00366043661506,-0.743780968375116));
#4489=CARTESIAN_POINT('Ctrl Pts',(0.688214012528553,2.00200758722188,-0.725621296988388));
#4490=CARTESIAN_POINT('Ctrl Pts',(0.707084548150489,2.00034518043831,-0.706714673332295));
#4491=CARTESIAN_POINT('Ctrl Pts',(-0.8967569083049,3.370319289544,0.4569204667913));
#4492=CARTESIAN_POINT('Ctrl Pts',(-0.9550723888133,3.362194289544,0.3424698921118));
#4493=CARTESIAN_POINT('Ctrl Pts',(-1.027319869836,3.345944289544,0.09101490518398));
#4494=CARTESIAN_POINT('Ctrl Pts',(-0.9869378571701,3.321569289544,-0.2993857878338));
#4495=CARTESIAN_POINT('Ctrl Pts',(-0.8036261651316,3.297194289544,-0.6464204650165));
#4496=CARTESIAN_POINT('Ctrl Pts',(-0.5039378246133,3.272819289544,-0.89984574537));
#4497=CARTESIAN_POINT('Ctrl Pts',(-0.1312707884427,3.248444289544,-1.022958120813));
#4498=CARTESIAN_POINT('Ctrl Pts',(0.2604062759797,3.224069289544,-0.9979298553511));
#4499=CARTESIAN_POINT('Ctrl Pts',(0.6143723380129,3.199694289544,-0.8283851985451));
#4500=CARTESIAN_POINT('Ctrl Pts',(0.8793673688648,3.175319289544,-0.5388770175447));
#4501=CARTESIAN_POINT('Ctrl Pts',(1.017015822868,3.150944289544,-0.171330748846));
#4502=CARTESIAN_POINT('Ctrl Pts',(1.007383981264,3.126569289544,0.2210269747589));
#4503=CARTESIAN_POINT('Ctrl Pts',(0.8518666907212,3.102194289544,0.5813764276357));
#4504=CARTESIAN_POINT('Ctrl Pts',(0.5729853631513,3.077819289544,0.8575331964143));
#4505=CARTESIAN_POINT('Ctrl Pts',(0.211126513046,3.053444289544,1.0095053268));
#4506=CARTESIAN_POINT('Ctrl Pts',(-0.1813068615136,3.029069289544,1.015284803054));
#4507=CARTESIAN_POINT('Ctrl Pts',(-0.5474840781384,3.004694289544,0.8740346638039));
#4508=CARTESIAN_POINT('Ctrl Pts',(-0.8343767696108,2.980319289544,0.606210207502));
#4509=CARTESIAN_POINT('Ctrl Pts',(-1.000438246773,2.955944289544,0.2505967352933));
#4510=CARTESIAN_POINT('Ctrl Pts',(-1.021620129245,2.931569289544,-0.1413071861831));
#4511=CARTESIAN_POINT('Ctrl Pts',(-0.8948549387924,2.907194289544,-0.5127475478875));
#4512=CARTESIAN_POINT('Ctrl Pts',(-0.6385003196501,2.882819289544,-0.809933794302));
#4513=CARTESIAN_POINT('Ctrl Pts',(-0.2896805555388,2.858444289544,-0.9898285634838));
#4514=CARTESIAN_POINT('Ctrl Pts',(0.1010896254137,2.834069289544,-1.026380191245));
#4515=CARTESIAN_POINT('Ctrl Pts',(0.4772203980823,2.809694289544,-0.9142954123258));
#4516=CARTESIAN_POINT('Ctrl Pts',(0.7842419597877,2.785319289544,-0.6698059105847));
#4517=CARTESIAN_POINT('Ctrl Pts',(0.9776926362941,2.760944289544,-0.3283177093642));
#4518=CARTESIAN_POINT('Ctrl Pts',(1.029557649383,2.736569289544,0.060716191769));
#4519=CARTESIAN_POINT('Ctrl Pts',(0.9323261086028,2.712194289544,0.4409574090129));
#4520=CARTESIAN_POINT('Ctrl Pts',(0.7000787093537,2.687819289544,0.7573408810143));
#4521=CARTESIAN_POINT('Ctrl Pts',(0.3664486210786,2.663444289544,0.9640491779237));
#4522=CARTESIAN_POINT('Ctrl Pts',(-0.02024913815743,2.639069289544,1.03114760425));
#4523=CARTESIAN_POINT('Ctrl Pts',(-0.4040144955801,2.614694289544,0.9489192255967));
#4524=CARTESIAN_POINT('Ctrl Pts',(-0.7292720374955,2.590319289544,0.7292720374955));
#4525=CARTESIAN_POINT('Ctrl Pts',(-0.9489192255966,2.565944289544,0.4040144955801));
#4526=CARTESIAN_POINT('Ctrl Pts',(-1.03114760425,2.541569289544,0.02024913815749));
#4527=CARTESIAN_POINT('Ctrl Pts',(-0.9640491779237,2.517194289544,-0.3664486210786));
#4528=CARTESIAN_POINT('Ctrl Pts',(-0.7573408810143,2.492819289544,-0.7000787093536));
#4529=CARTESIAN_POINT('Ctrl Pts',(-0.440957409013,2.468444289544,-0.9323261086027));
#4530=CARTESIAN_POINT('Ctrl Pts',(-0.06071619176906,2.444069289544,-1.029557649383));
#4531=CARTESIAN_POINT('Ctrl Pts',(0.3283177093641,2.419694289544,-0.9776926362941));
#4532=CARTESIAN_POINT('Ctrl Pts',(0.6698059105846,2.395319289544,-0.7842419597877));
#4533=CARTESIAN_POINT('Ctrl Pts',(0.9142954123257,2.370944289544,-0.4772203980823));
#4534=CARTESIAN_POINT('Ctrl Pts',(1.026380191245,2.346569289544,-0.1010896254137));
#4535=CARTESIAN_POINT('Ctrl Pts',(0.9898285634839,2.322194289544,0.2896805555388));
#4536=CARTESIAN_POINT('Ctrl Pts',(0.8099337943021,2.297819289544,0.63850031965));
#4537=CARTESIAN_POINT('Ctrl Pts',(0.5127475478875,2.273444289544,0.8948549387924));
#4538=CARTESIAN_POINT('Ctrl Pts',(0.1413071861831,2.249069289544,1.021620129245));
#4539=CARTESIAN_POINT('Ctrl Pts',(-0.2505967352932,2.224694289544,1.000438246773));
#4540=CARTESIAN_POINT('Ctrl Pts',(-0.6062102075019,2.200319289544,0.8343767696108));
#4541=CARTESIAN_POINT('Ctrl Pts',(-0.8740346638038,2.175944289544,0.5474840781385));
#4542=CARTESIAN_POINT('Ctrl Pts',(-1.015284803054,2.151569289544,0.1813068615137));
#4543=CARTESIAN_POINT('Ctrl Pts',(-1.0095053268,2.127194289544,-0.2111265130459));
#4544=CARTESIAN_POINT('Ctrl Pts',(-0.8575331964144,2.102819289544,-0.5729853631512));
#4545=CARTESIAN_POINT('Ctrl Pts',(-0.5813764276358,2.078444289544,-0.8518666907212));
#4546=CARTESIAN_POINT('Ctrl Pts',(-0.221026974759,2.054069289544,-1.007383981264));
#4547=CARTESIAN_POINT('Ctrl Pts',(0.1713307488459,2.029694289544,-1.017015822868));
#4548=CARTESIAN_POINT('Ctrl Pts',(0.5388770175446,2.005319289544,-0.8793673688648));
#4549=CARTESIAN_POINT('Ctrl Pts',(0.828385198545,1.980944289544,-0.614372338013));
#4550=CARTESIAN_POINT('Ctrl Pts',(0.9979298553511,1.956569289544,-0.2604062759798));
#4551=CARTESIAN_POINT('Ctrl Pts',(1.022958120813,1.932194289544,0.1312707884426));
#4552=CARTESIAN_POINT('Ctrl Pts',(0.89984574537,1.907819289544,0.5039378246132));
#4553=CARTESIAN_POINT('Ctrl Pts',(0.6464204650166,1.883444289544,0.8036261651316));
#4554=CARTESIAN_POINT('Ctrl Pts',(0.2993857878338,1.859069289544,0.9869378571701));
#4555=CARTESIAN_POINT('Ctrl Pts',(-0.09101490518394,1.834694289544,1.027319869836));
#4556=CARTESIAN_POINT('Ctrl Pts',(-0.3424698921118,1.818444289544,0.9550723888133));
#4557=CARTESIAN_POINT('Ctrl Pts',(-0.4569204667912,1.810319289544,0.8967569083049));
#4558=CARTESIAN_POINT('Ctrl Pts',(-0.8632231014209,3.426773096515,0.4398341387655));
#4559=CARTESIAN_POINT('Ctrl Pts',(-0.9193579016986,3.418648096515,0.329663390016));
#4560=CARTESIAN_POINT('Ctrl Pts',(-0.9889037218203,3.402398096515,0.08761144519863));
#4561=CARTESIAN_POINT('Ctrl Pts',(-0.9500317757089,3.378023096515,-0.2881903957492));
#4562=CARTESIAN_POINT('Ctrl Pts',(-0.7735749390091,3.353648096515,-0.6222478728247));
#4563=CARTESIAN_POINT('Ctrl Pts',(-0.485093304392,3.329273096515,-0.8661964328627));
#4564=CARTESIAN_POINT('Ctrl Pts',(-0.1263619784537,3.304898096515,-0.9847050783708));
#4565=CARTESIAN_POINT('Ctrl Pts',(0.2506685045846,3.280523096515,-0.9606127332379));
#4566=CARTESIAN_POINT('Ctrl Pts',(0.5913981706026,3.256148096515,-0.7974081199006));
#4567=CARTESIAN_POINT('Ctrl Pts',(0.8464838357083,3.231773096515,-0.5187259624781));
#4568=CARTESIAN_POINT('Ctrl Pts',(0.9789849898899,3.207398096515,-0.1649239152973));
#4569=CARTESIAN_POINT('Ctrl Pts',(0.9697133265159,3.183023096515,0.2127617739904));
#4570=CARTESIAN_POINT('Ctrl Pts',(0.8200115326143,3.158648096515,0.5596361269247));
#4571=CARTESIAN_POINT('Ctrl Pts',(0.5515588423882,3.134273096515,0.8254661419665));
#4572=CARTESIAN_POINT('Ctrl Pts',(0.2032315354317,3.109898096515,0.9717553453233));
#4573=CARTESIAN_POINT('Ctrl Pts',(-0.1745269758786,3.085523096515,0.9773187007557));
#4574=CARTESIAN_POINT('Ctrl Pts',(-0.5270111660501,3.061148096515,0.8413505446692));
#4575=CARTESIAN_POINT('Ctrl Pts',(-0.8031756389572,3.036773096515,0.5835412591603));
#4576=CARTESIAN_POINT('Ctrl Pts',(-0.9630273245309,3.012398096515,0.2412257871029));
#4577=CARTESIAN_POINT('Ctrl Pts',(-0.9834171203744,2.988023096515,-0.1360230697755));
#4578=CARTESIAN_POINT('Ctrl Pts',(-0.8613922551725,2.963648096515,-0.4935735921679));
#4579=CARTESIAN_POINT('Ctrl Pts',(-0.614623897605,2.939273096515,-0.7796466973247));
#4580=CARTESIAN_POINT('Ctrl Pts',(-0.2788480860953,2.914898096515,-0.9528143854065));
#4581=CARTESIAN_POINT('Ctrl Pts',(0.09730942595805,2.890523096515,-0.9879991820727));
#4582=CARTESIAN_POINT('Ctrl Pts',(0.4593749635814,2.866148096515,-0.8801057612532));
#4583=CARTESIAN_POINT('Ctrl Pts',(0.754915596995,2.841773096515,-0.6447588305485));
#4584=CARTESIAN_POINT('Ctrl Pts',(0.9411322755612,2.817398096515,-0.3160404215502));
#4585=CARTESIAN_POINT('Ctrl Pts',(0.9910578206438,2.793023096515,0.05844573805891));
#4586=CARTESIAN_POINT('Ctrl Pts',(0.8974622080415,2.768648096515,0.4244680120973));
#4587=CARTESIAN_POINT('Ctrl Pts',(0.6738995921084,2.744273096515,0.729020471532));
#4588=CARTESIAN_POINT('Ctrl Pts',(0.3527454455822,2.719898096515,0.9279990079615));
#4589=CARTESIAN_POINT('Ctrl Pts',(-0.01949193106792,2.695523096515,0.9925883198889));
#4590=CARTESIAN_POINT('Ctrl Pts',(-0.3889065617045,2.671148096515,0.9134348331544));
#4591=CARTESIAN_POINT('Ctrl Pts',(-0.7020012493424,2.646773096515,0.7020012493424));
#4592=CARTESIAN_POINT('Ctrl Pts',(-0.9134348331543,2.622398096515,0.3889065617046));
#4593=CARTESIAN_POINT('Ctrl Pts',(-0.9925883198889,2.598023096515,0.01949193106798));
#4594=CARTESIAN_POINT('Ctrl Pts',(-0.9279990079616,2.573648096515,-0.3527454455821));
#4595=CARTESIAN_POINT('Ctrl Pts',(-0.729020471532,2.549273096515,-0.6738995921083));
#4596=CARTESIAN_POINT('Ctrl Pts',(-0.4244680120973,2.524898096515,-0.8974622080415));
#4597=CARTESIAN_POINT('Ctrl Pts',(-0.05844573805897,2.500523096515,-0.9910578206438));
#4598=CARTESIAN_POINT('Ctrl Pts',(0.3160404215502,2.476148096515,-0.9411322755612));
#4599=CARTESIAN_POINT('Ctrl Pts',(0.6447588305485,2.451773096515,-0.754915596995));
#4600=CARTESIAN_POINT('Ctrl Pts',(0.8801057612532,2.427398096515,-0.4593749635814));
#4601=CARTESIAN_POINT('Ctrl Pts',(0.9879991820727,2.403023096515,-0.0973094259581));
#4602=CARTESIAN_POINT('Ctrl Pts',(0.9528143854065,2.378648096515,0.2788480860952));
#4603=CARTESIAN_POINT('Ctrl Pts',(0.7796466973248,2.354273096515,0.614623897605));
#4604=CARTESIAN_POINT('Ctrl Pts',(0.4935735921679,2.329898096515,0.8613922551724));
#4605=CARTESIAN_POINT('Ctrl Pts',(0.1360230697755,2.305523096515,0.9834171203744));
#4606=CARTESIAN_POINT('Ctrl Pts',(-0.2412257871029,2.281148096515,0.9630273245309));
#4607=CARTESIAN_POINT('Ctrl Pts',(-0.5835412591602,2.256773096515,0.8031756389572));
#4608=CARTESIAN_POINT('Ctrl Pts',(-0.8413505446692,2.232398096515,0.5270111660501));
#4609=CARTESIAN_POINT('Ctrl Pts',(-0.9773187007557,2.208023096515,0.1745269758787));
#4610=CARTESIAN_POINT('Ctrl Pts',(-0.9717553453234,2.183648096515,-0.2032315354316));
#4611=CARTESIAN_POINT('Ctrl Pts',(-0.8254661419665,2.159273096515,-0.5515588423881));
#4612=CARTESIAN_POINT('Ctrl Pts',(-0.5596361269248,2.134898096515,-0.8200115326143));
#4613=CARTESIAN_POINT('Ctrl Pts',(-0.2127617739905,2.110523096515,-0.9697133265159));
#4614=CARTESIAN_POINT('Ctrl Pts',(0.1649239152973,2.086148096515,-0.9789849898899));
#4615=CARTESIAN_POINT('Ctrl Pts',(0.5187259624781,2.061773096515,-0.8464838357083));
#4616=CARTESIAN_POINT('Ctrl Pts',(0.7974081199006,2.037398096515,-0.5913981706026));
#4617=CARTESIAN_POINT('Ctrl Pts',(0.9606127332379,2.013023096515,-0.2506685045847));
#4618=CARTESIAN_POINT('Ctrl Pts',(0.9847050783709,1.988648096515,0.1263619784537));
#4619=CARTESIAN_POINT('Ctrl Pts',(0.8661964328628,1.964273096515,0.485093304392));
#4620=CARTESIAN_POINT('Ctrl Pts',(0.6222478728247,1.939898096515,0.7735749390091));
#4621=CARTESIAN_POINT('Ctrl Pts',(0.2881903957493,1.915523096515,0.9500317757089));
#4622=CARTESIAN_POINT('Ctrl Pts',(-0.08761144519859,1.891148096515,0.9889037218203));
#4623=CARTESIAN_POINT('Ctrl Pts',(-0.329663390016,1.874898096515,0.9193579016987));
#4624=CARTESIAN_POINT('Ctrl Pts',(-0.4398341387654,1.866773096515,0.8632231014209));
#4625=CARTESIAN_POINT('Ctrl Pts',(-0.829689294537,3.483226903485,0.4227478107397));
#4626=CARTESIAN_POINT('Ctrl Pts',(-0.8836434145839,3.475101903485,0.3168568879202));
#4627=CARTESIAN_POINT('Ctrl Pts',(-0.9504875738051,3.458851903485,0.08420798521328));
#4628=CARTESIAN_POINT('Ctrl Pts',(-0.9131256942477,3.434476903485,-0.2769950036646));
#4629=CARTESIAN_POINT('Ctrl Pts',(-0.7435237128866,3.410101903485,-0.5980752806328));
#4630=CARTESIAN_POINT('Ctrl Pts',(-0.4662487841708,3.385726903485,-0.8325471203555));
#4631=CARTESIAN_POINT('Ctrl Pts',(-0.1214531684648,3.361351903485,-0.9464520359287));
#4632=CARTESIAN_POINT('Ctrl Pts',(0.2409307331895,3.336976903485,-0.9232956111247));
#4633=CARTESIAN_POINT('Ctrl Pts',(0.5684240031923,3.312601903485,-0.7664310412561));
#4634=CARTESIAN_POINT('Ctrl Pts',(0.8136003025518,3.288226903485,-0.4985749074116));
#4635=CARTESIAN_POINT('Ctrl Pts',(0.9409541569115,3.263851903485,-0.1585170817487));
#4636=CARTESIAN_POINT('Ctrl Pts',(0.9320426717678,3.239476903485,0.2044965732219));
#4637=CARTESIAN_POINT('Ctrl Pts',(0.7881563745074,3.215101903485,0.5378958262137));
#4638=CARTESIAN_POINT('Ctrl Pts',(0.5301323216251,3.190726903485,0.7933990875186));
#4639=CARTESIAN_POINT('Ctrl Pts',(0.1953365578173,3.166351903485,0.9340053638471));
#4640=CARTESIAN_POINT('Ctrl Pts',(-0.1677470902436,3.141976903485,0.9393525984569));
#4641=CARTESIAN_POINT('Ctrl Pts',(-0.5065382539618,3.117601903485,0.8086664255345));
#4642=CARTESIAN_POINT('Ctrl Pts',(-0.7719745083035,3.093226903485,0.5608723108185));
#4643=CARTESIAN_POINT('Ctrl Pts',(-0.9256164022889,3.068851903485,0.2318548389126));
#4644=CARTESIAN_POINT('Ctrl Pts',(-0.9452141115036,3.044476903485,-0.1307389533679));
#4645=CARTESIAN_POINT('Ctrl Pts',(-0.8279295715525,3.020101903485,-0.4743996364483));
#4646=CARTESIAN_POINT('Ctrl Pts',(-0.59074747556,2.995726903485,-0.7493596003474));
#4647=CARTESIAN_POINT('Ctrl Pts',(-0.2680156166518,2.971351903485,-0.9158002073292));
#4648=CARTESIAN_POINT('Ctrl Pts',(0.09352922650244,2.946976903485,-0.9496181729007));
#4649=CARTESIAN_POINT('Ctrl Pts',(0.4415295290805,2.922601903485,-0.8459161101807));
#4650=CARTESIAN_POINT('Ctrl Pts',(0.7255892342023,2.898226903485,-0.6197117505124));
#4651=CARTESIAN_POINT('Ctrl Pts',(0.9045719148283,2.873851903485,-0.3037631337363));
#4652=CARTESIAN_POINT('Ctrl Pts',(0.9525579919048,2.849476903485,0.05617528434882));
#4653=CARTESIAN_POINT('Ctrl Pts',(0.8625983074803,2.825101903485,0.4079786151816));
#4654=CARTESIAN_POINT('Ctrl Pts',(0.6477204748631,2.800726903485,0.7007000620497));
#4655=CARTESIAN_POINT('Ctrl Pts',(0.3390422700858,2.776351903485,0.8919488379994));
#4656=CARTESIAN_POINT('Ctrl Pts',(-0.01873472397841,2.751976903485,0.9540290355282));
#4657=CARTESIAN_POINT('Ctrl Pts',(-0.373798627829,2.727601903485,0.8779504407121));
#4658=CARTESIAN_POINT('Ctrl Pts',(-0.6747304611893,2.703226903485,0.6747304611893));
#4659=CARTESIAN_POINT('Ctrl Pts',(-0.8779504407121,2.678851903485,0.373798627829));
#4660=CARTESIAN_POINT('Ctrl Pts',(-0.9540290355282,2.654476903485,0.01873472397846));
#4661=CARTESIAN_POINT('Ctrl Pts',(-0.8919488379994,2.630101903485,-0.3390422700857));
#4662=CARTESIAN_POINT('Ctrl Pts',(-0.7007000620498,2.605726903485,-0.6477204748631));
#4663=CARTESIAN_POINT('Ctrl Pts',(-0.4079786151817,2.581351903485,-0.8625983074803));
#4664=CARTESIAN_POINT('Ctrl Pts',(-0.05617528434888,2.556976903485,-0.9525579919048));
#4665=CARTESIAN_POINT('Ctrl Pts',(0.3037631337362,2.532601903485,-0.9045719148283));
#4666=CARTESIAN_POINT('Ctrl Pts',(0.6197117505124,2.508226903485,-0.7255892342023));
#4667=CARTESIAN_POINT('Ctrl Pts',(0.8459161101807,2.483851903485,-0.4415295290806));
#4668=CARTESIAN_POINT('Ctrl Pts',(0.9496181729007,2.459476903485,-0.09352922650248));
#4669=CARTESIAN_POINT('Ctrl Pts',(0.9158002073292,2.435101903485,0.2680156166517));
#4670=CARTESIAN_POINT('Ctrl Pts',(0.7493596003474,2.410726903485,0.59074747556));
#4671=CARTESIAN_POINT('Ctrl Pts',(0.4743996364483,2.386351903485,0.8279295715525));
#4672=CARTESIAN_POINT('Ctrl Pts',(0.130738953368,2.361976903485,0.9452141115036));
#4673=CARTESIAN_POINT('Ctrl Pts',(-0.2318548389125,2.337601903485,0.9256164022889));
#4674=CARTESIAN_POINT('Ctrl Pts',(-0.5608723108185,2.313226903485,0.7719745083035));
#4675=CARTESIAN_POINT('Ctrl Pts',(-0.8086664255345,2.288851903485,0.5065382539618));
#4676=CARTESIAN_POINT('Ctrl Pts',(-0.9393525984569,2.264476903485,0.1677470902436));
#4677=CARTESIAN_POINT('Ctrl Pts',(-0.9340053638471,2.240101903485,-0.1953365578173));
#4678=CARTESIAN_POINT('Ctrl Pts',(-0.7933990875186,2.215726903485,-0.530132321625));
#4679=CARTESIAN_POINT('Ctrl Pts',(-0.5378958262138,2.191351903485,-0.7881563745073));
#4680=CARTESIAN_POINT('Ctrl Pts',(-0.2044965732219,2.166976903485,-0.9320426717678));
#4681=CARTESIAN_POINT('Ctrl Pts',(0.1585170817487,2.142601903485,-0.9409541569115));
#4682=CARTESIAN_POINT('Ctrl Pts',(0.4985749074116,2.118226903485,-0.8136003025518));
#4683=CARTESIAN_POINT('Ctrl Pts',(0.7664310412561,2.093851903485,-0.5684240031923));
#4684=CARTESIAN_POINT('Ctrl Pts',(0.9232956111247,2.069476903485,-0.2409307331895));
#4685=CARTESIAN_POINT('Ctrl Pts',(0.9464520359287,2.045101903485,0.1214531684647));
#4686=CARTESIAN_POINT('Ctrl Pts',(0.8325471203555,2.020726903485,0.4662487841707));
#4687=CARTESIAN_POINT('Ctrl Pts',(0.5980752806328,1.996351903485,0.7435237128865));
#4688=CARTESIAN_POINT('Ctrl Pts',(0.2769950036647,1.971976903485,0.9131256942477));
#4689=CARTESIAN_POINT('Ctrl Pts',(-0.08420798521324,1.947601903485,0.9504875738051));
#4690=CARTESIAN_POINT('Ctrl Pts',(-0.3168568879201,1.931351903485,0.883643414584));
#4691=CARTESIAN_POINT('Ctrl Pts',(-0.4227478107396,1.923226903485,0.829689294537));
#4692=CARTESIAN_POINT('Ctrl Pts',(-0.796155487653,3.539680710456,0.4056614827139));
#4693=CARTESIAN_POINT('Ctrl Pts',(-0.8479289274693,3.531555710456,0.3040503858244));
#4694=CARTESIAN_POINT('Ctrl Pts',(-0.9120714257899,3.515305710456,0.08080452522794));
#4695=CARTESIAN_POINT('Ctrl Pts',(-0.8762196127865,3.490930710456,-0.2657996115801));
#4696=CARTESIAN_POINT('Ctrl Pts',(-0.713472486764,3.466555710456,-0.5739026884409));
#4697=CARTESIAN_POINT('Ctrl Pts',(-0.4474042639495,3.442180710456,-0.7988978078482));
#4698=CARTESIAN_POINT('Ctrl Pts',(-0.1165443584758,3.417805710456,-0.9081989934865));
#4699=CARTESIAN_POINT('Ctrl Pts',(0.2311929617944,3.393430710456,-0.8859784890115));
#4700=CARTESIAN_POINT('Ctrl Pts',(0.5454498357819,3.369055710456,-0.7354539626117));
#4701=CARTESIAN_POINT('Ctrl Pts',(0.7807167693953,3.344680710456,-0.4784238523451));
#4702=CARTESIAN_POINT('Ctrl Pts',(0.9029233239331,3.320305710456,-0.1521102482001));
#4703=CARTESIAN_POINT('Ctrl Pts',(0.8943720170198,3.295930710456,0.1962313724533));
#4704=CARTESIAN_POINT('Ctrl Pts',(0.7563012164005,3.271555710456,0.5161555255027));
#4705=CARTESIAN_POINT('Ctrl Pts',(0.508705800862,3.247180710456,0.7613320330707));
#4706=CARTESIAN_POINT('Ctrl Pts',(0.187441580203,3.222805710456,0.8962553823708));
#4707=CARTESIAN_POINT('Ctrl Pts',(-0.1609672046085,3.198430710456,0.9013864961582));
#4708=CARTESIAN_POINT('Ctrl Pts',(-0.4860653418734,3.174055710456,0.7759823063999));
#4709=CARTESIAN_POINT('Ctrl Pts',(-0.7407733776499,3.149680710456,0.5382033624768));
#4710=CARTESIAN_POINT('Ctrl Pts',(-0.8882054800468,3.125305710456,0.2224838907222));
#4711=CARTESIAN_POINT('Ctrl Pts',(-0.9070111026329,3.100930710456,-0.1254548369603));
#4712=CARTESIAN_POINT('Ctrl Pts',(-0.7944668879325,3.076555710456,-0.4552256807287));
#4713=CARTESIAN_POINT('Ctrl Pts',(-0.566871053515,3.052180710456,-0.7190725033701));
#4714=CARTESIAN_POINT('Ctrl Pts',(-0.2571831472083,3.027805710456,-0.8787860292518));
#4715=CARTESIAN_POINT('Ctrl Pts',(0.08974902704682,3.003430710456,-0.9112371637287));
#4716=CARTESIAN_POINT('Ctrl Pts',(0.4236840945796,2.979055710456,-0.8117264591082));
#4717=CARTESIAN_POINT('Ctrl Pts',(0.6962628714096,2.954680710456,-0.5946646704763));
#4718=CARTESIAN_POINT('Ctrl Pts',(0.8680115540954,2.930305710456,-0.2914858459223));
#4719=CARTESIAN_POINT('Ctrl Pts',(0.9140581631657,2.905930710456,0.05390483063873));
#4720=CARTESIAN_POINT('Ctrl Pts',(0.827734406919,2.881555710456,0.391489218266));
#4721=CARTESIAN_POINT('Ctrl Pts',(0.6215413576178,2.857180710456,0.6723796525674));
#4722=CARTESIAN_POINT('Ctrl Pts',(0.3253390945893,2.832805710456,0.8558986680372));
#4723=CARTESIAN_POINT('Ctrl Pts',(-0.0179775168889,2.808430710456,0.9154697511675));
#4724=CARTESIAN_POINT('Ctrl Pts',(-0.3586906939535,2.784055710456,0.8424660482698));
#4725=CARTESIAN_POINT('Ctrl Pts',(-0.6474596730361,2.759680710456,0.6474596730362));
#4726=CARTESIAN_POINT('Ctrl Pts',(-0.8424660482698,2.735305710456,0.3586906939535));
#4727=CARTESIAN_POINT('Ctrl Pts',(-0.9154697511675,2.710930710456,0.01797751688895));
#4728=CARTESIAN_POINT('Ctrl Pts',(-0.8558986680373,2.686555710456,-0.3253390945893));
#4729=CARTESIAN_POINT('Ctrl Pts',(-0.6723796525675,2.662180710456,-0.6215413576178));
#4730=CARTESIAN_POINT('Ctrl Pts',(-0.391489218266,2.637805710456,-0.827734406919));
#4731=CARTESIAN_POINT('Ctrl Pts',(-0.05390483063878,2.613430710456,-0.9140581631657));
#4732=CARTESIAN_POINT('Ctrl Pts',(0.2914858459223,2.589055710456,-0.8680115540954));
#4733=CARTESIAN_POINT('Ctrl Pts',(0.5946646704762,2.564680710456,-0.6962628714096));
#4734=CARTESIAN_POINT('Ctrl Pts',(0.8117264591082,2.540305710456,-0.4236840945797));
#4735=CARTESIAN_POINT('Ctrl Pts',(0.9112371637287,2.515930710456,-0.08974902704687));
#4736=CARTESIAN_POINT('Ctrl Pts',(0.8787860292518,2.491555710456,0.2571831472082));
#4737=CARTESIAN_POINT('Ctrl Pts',(0.7190725033701,2.467180710456,0.5668710535149));
#4738=CARTESIAN_POINT('Ctrl Pts',(0.4552256807287,2.442805710456,0.7944668879325));
#4739=CARTESIAN_POINT('Ctrl Pts',(0.1254548369604,2.418430710456,0.9070111026329));
#4740=CARTESIAN_POINT('Ctrl Pts',(-0.2224838907222,2.394055710456,0.8882054800468));
#4741=CARTESIAN_POINT('Ctrl Pts',(-0.5382033624768,2.369680710456,0.7407733776499));
#4742=CARTESIAN_POINT('Ctrl Pts',(-0.7759823063998,2.345305710456,0.4860653418735));
#4743=CARTESIAN_POINT('Ctrl Pts',(-0.9013864961582,2.320930710456,0.1609672046086));
#4744=CARTESIAN_POINT('Ctrl Pts',(-0.8962553823708,2.296555710456,-0.187441580203));
#4745=CARTESIAN_POINT('Ctrl Pts',(-0.7613320330707,2.272180710456,-0.5087058008619));
#4746=CARTESIAN_POINT('Ctrl Pts',(-0.5161555255028,2.247805710456,-0.7563012164004));
#4747=CARTESIAN_POINT('Ctrl Pts',(-0.1962313724534,2.223430710456,-0.8943720170198));
#4748=CARTESIAN_POINT('Ctrl Pts',(0.1521102482001,2.199055710456,-0.9029233239331));
#4749=CARTESIAN_POINT('Ctrl Pts',(0.4784238523451,2.174680710456,-0.7807167693953));
#4750=CARTESIAN_POINT('Ctrl Pts',(0.7354539626116,2.150305710456,-0.545449835782));
#4751=CARTESIAN_POINT('Ctrl Pts',(0.8859784890115,2.125930710456,-0.2311929617944));
#4752=CARTESIAN_POINT('Ctrl Pts',(0.9081989934865,2.101555710456,0.1165443584758));
#4753=CARTESIAN_POINT('Ctrl Pts',(0.7988978078483,2.077180710456,0.4474042639495));
#4754=CARTESIAN_POINT('Ctrl Pts',(0.573902688441,2.052805710456,0.713472486764));
#4755=CARTESIAN_POINT('Ctrl Pts',(0.2657996115801,2.028430710456,0.8762196127864));
#4756=CARTESIAN_POINT('Ctrl Pts',(-0.0808045252279,2.004055710456,0.9120714257899));
#4757=CARTESIAN_POINT('Ctrl Pts',(-0.3040503858243,1.987805710456,0.8479289274693));
#4758=CARTESIAN_POINT('Ctrl Pts',(-0.4056614827138,1.979680710456,0.796155487653));
#4759=CARTESIAN_POINT('',(-1.,3.35,0.));
#4760=CARTESIAN_POINT('Origin',(0.,2.,0.));
#4761=CARTESIAN_POINT('Ctrl Pts',(1.14210787959982E-16,7.79992404492733,
-0.9));
#4762=CARTESIAN_POINT('Ctrl Pts',(-0.0355306079355914,7.80244526838621,
-0.9));
#4763=CARTESIAN_POINT('Ctrl Pts',(-0.0710464836072539,7.80498849511018,
-0.897895968207074));
#4764=CARTESIAN_POINT('Ctrl Pts',(-0.164661663247782,7.81171406829472,-0.886754564792913));
#4765=CARTESIAN_POINT('Ctrl Pts',(-0.222141161414099,7.81579109638719,-0.874128434379207));
#4766=CARTESIAN_POINT('Ctrl Pts',(-0.331477086256802,7.82387589978881,-0.838621673641746));
#4767=CARTESIAN_POINT('Ctrl Pts',(-0.383222661792119,7.82788870388632,-0.81627385533695));
#4768=CARTESIAN_POINT('Ctrl Pts',(-0.484026356912692,7.83608910867788,-0.761029306835468));
#4769=CARTESIAN_POINT('Ctrl Pts',(-0.532626785763998,7.8401661352631,-0.727843335471504));
#4770=CARTESIAN_POINT('Ctrl Pts',(-0.620780511765909,7.84825092027329,-0.65406031669671));
#4771=CARTESIAN_POINT('Ctrl Pts',(-0.660430070786768,7.85226370613453,-0.613998948273042));
#4772=CARTESIAN_POINT('Ctrl Pts',(-0.733295547650409,7.86046409415302,-0.525095002052315));
#4773=CARTESIAN_POINT('Ctrl Pts',(-0.76597881873094,7.86454112264095,-0.476155084503409));
#4774=CARTESIAN_POINT('Ctrl Pts',(-0.820184730946917,7.87262593477679,-0.374780453516022));
#4775=CARTESIAN_POINT('Ctrl Pts',(-0.841996733490837,7.87663874697597,-0.322806640597817));
#4776=CARTESIAN_POINT('Ctrl Pts',(-0.876372073028327,7.8848391510587,-0.213117579651573));
#4777=CARTESIAN_POINT('Ctrl Pts',(-0.888405041071831,7.88891616777202,-0.155511060603769));
#4778=CARTESIAN_POINT('Ctrl Pts',(-0.90081255855495,7.89700076687691,-0.0412285923120507));
#4779=CARTESIAN_POINT('Ctrl Pts',(-0.901628224112136,7.90101336961771,0.0151278957067463));
#4780=CARTESIAN_POINT('Ctrl Pts',(-0.892536416169937,7.90921362697816,0.129714725138651));
#4781=CARTESIAN_POINT('Ctrl Pts',(-0.882176978786523,7.91329071124602,0.187646039715528));
#4782=CARTESIAN_POINT('Ctrl Pts',(-0.850986741328974,7.92137658798287,0.298306166059863));
#4783=CARTESIAN_POINT('Ctrl Pts',(-0.830681464810914,7.92539045444942,0.350902481422194));
#4784=CARTESIAN_POINT('Ctrl Pts',(-0.779427006940952,7.93359167589732,0.453806630572157));
#4785=CARTESIAN_POINT('Ctrl Pts',(-0.748173636113816,7.93766844786102,0.503669753330874));
#4786=CARTESIAN_POINT('Ctrl Pts',(-0.677946926211661,7.94574833552917,0.594595499098418));
#4787=CARTESIAN_POINT('Ctrl Pts',(-0.639521987495648,7.94975626045617,0.635741076961077));
#4788=CARTESIAN_POINT('Ctrl Pts',(-0.516528556479017,7.96149000163605,0.744934371963586));
#4789=CARTESIAN_POINT('Ctrl Pts',(-0.423223095807009,7.96893554116149,0.801629667312453));
#4790=CARTESIAN_POINT('Ctrl Pts',(-0.219284636299494,7.98453511326727,0.879794462387125));
#4791=CARTESIAN_POINT('Ctrl Pts',(-0.1101057707569,7.99209275908372,0.900000366233031));
#4792=CARTESIAN_POINT('Ctrl Pts',(2.99353289770261E-6,7.99995917225498,
0.899999999995022));
#4793=CARTESIAN_POINT('Origin',(0.,8.,0.));
#4794=CARTESIAN_POINT('Origin',(0.,8.,0.9));
#4795=CARTESIAN_POINT('',(7.41916196736647E-10,7.84999946902918,0.999969999640185));
#4796=CARTESIAN_POINT('Ctrl Pts',(-9.31855278029391E-18,7.8499994706263,
0.999969992521082));
#4797=CARTESIAN_POINT('Ctrl Pts',(2.79432112849909E-17,7.87499520699435,
0.983306668212427));
#4798=CARTESIAN_POINT('Ctrl Pts',(2.9920014814757E-14,7.89999094336238,
0.96664334390373));
#4799=CARTESIAN_POINT('Ctrl Pts',(2.9920014814757E-14,7.94998247367134,
0.9333166569056));
#4800=CARTESIAN_POINT('Ctrl Pts',(3.44601612836795E-17,7.97497826761228,
0.916653294216169));
#4801=CARTESIAN_POINT('Ctrl Pts',(9.68493801832295E-18,7.99997406155327,
0.899989931526821));
#4802=CARTESIAN_POINT('Ctrl Pts',(-1.08190753972458E-17,7.700039964378,
0.9));
#4803=CARTESIAN_POINT('Ctrl Pts',(-5.66482389866512E-17,7.72503097252557,
0.916660172256127));
#4804=CARTESIAN_POINT('Ctrl Pts',(-2.88196096412763E-14,7.7500219806731,
0.933320344512336));
#4805=CARTESIAN_POINT('Ctrl Pts',(-2.88196096412763E-14,7.80000848419218,
0.966643680417751));
#4806=CARTESIAN_POINT('Ctrl Pts',(-4.23052434215382E-17,7.82500397956374,
0.983306844066957));
#4807=CARTESIAN_POINT('Ctrl Pts',(-5.87851797446179E-18,7.84999947493533,
0.999970007716122));
#4808=CARTESIAN_POINT('Ctrl Pts',(0.4056614827139,7.720319289544,0.796155487653));
#4809=CARTESIAN_POINT('Ctrl Pts',(0.3040503858244,7.712194289544,0.8479289274693));
#4810=CARTESIAN_POINT('Ctrl Pts',(0.08080452522795,7.695944289544,0.9120714257899));
#4811=CARTESIAN_POINT('Ctrl Pts',(-0.2657996115801,7.671569289544,0.8762196127865));
#4812=CARTESIAN_POINT('Ctrl Pts',(-0.5739026884409,7.647194289544,0.713472486764));
#4813=CARTESIAN_POINT('Ctrl Pts',(-0.7988978078483,7.622819289544,0.4474042639495));
#4814=CARTESIAN_POINT('Ctrl Pts',(-0.9081989934865,7.598444289544,0.1165443584758));
#4815=CARTESIAN_POINT('Ctrl Pts',(-0.8859784890115,7.574069289544,-0.2311929617944));
#4816=CARTESIAN_POINT('Ctrl Pts',(-0.7354539626117,7.549694289544,-0.545449835782));
#4817=CARTESIAN_POINT('Ctrl Pts',(-0.4784238523451,7.525319289544,-0.7807167693953));
#4818=CARTESIAN_POINT('Ctrl Pts',(-0.1521102482001,7.500944289544,-0.9029233239331));
#4819=CARTESIAN_POINT('Ctrl Pts',(0.1962313724533,7.476569289544,-0.8943720170198));
#4820=CARTESIAN_POINT('Ctrl Pts',(0.5161555255027,7.452194289544,-0.7563012164005));
#4821=CARTESIAN_POINT('Ctrl Pts',(0.7613320330707,7.427819289544,-0.508705800862));
#4822=CARTESIAN_POINT('Ctrl Pts',(0.8962553823708,7.403444289544,-0.187441580203));
#4823=CARTESIAN_POINT('Ctrl Pts',(0.9013864961582,7.379069289544,0.1609672046085));
#4824=CARTESIAN_POINT('Ctrl Pts',(0.7759823063999,7.354694289544,0.4860653418734));
#4825=CARTESIAN_POINT('Ctrl Pts',(0.5382033624768,7.330319289544,0.7407733776499));
#4826=CARTESIAN_POINT('Ctrl Pts',(0.2224838907222,7.305944289544,0.8882054800468));
#4827=CARTESIAN_POINT('Ctrl Pts',(-0.1254548369604,7.281569289544,0.9070111026329));
#4828=CARTESIAN_POINT('Ctrl Pts',(-0.4552256807287,7.257194289544,0.7944668879325));
#4829=CARTESIAN_POINT('Ctrl Pts',(-0.7190725033701,7.232819289544,0.566871053515));
#4830=CARTESIAN_POINT('Ctrl Pts',(-0.8787860292518,7.208444289544,0.2571831472083));
#4831=CARTESIAN_POINT('Ctrl Pts',(-0.9112371637287,7.184069289544,-0.08974902704684));
#4832=CARTESIAN_POINT('Ctrl Pts',(-0.8117264591082,7.159694289544,-0.4236840945796));
#4833=CARTESIAN_POINT('Ctrl Pts',(-0.5946646704762,7.135319289544,-0.6962628714096));
#4834=CARTESIAN_POINT('Ctrl Pts',(-0.2914858459223,7.110944289544,-0.8680115540954));
#4835=CARTESIAN_POINT('Ctrl Pts',(0.05390483063875,7.086569289544,-0.9140581631657));
#4836=CARTESIAN_POINT('Ctrl Pts',(0.391489218266,7.062194289544,-0.827734406919));
#4837=CARTESIAN_POINT('Ctrl Pts',(0.6723796525675,7.037819289544,-0.6215413576178));
#4838=CARTESIAN_POINT('Ctrl Pts',(0.8558986680372,7.013444289544,-0.3253390945893));
#4839=CARTESIAN_POINT('Ctrl Pts',(0.9154697511675,6.989069289544,0.01797751688892));
#4840=CARTESIAN_POINT('Ctrl Pts',(0.8424660482698,6.964694289544,0.3586906939535));
#4841=CARTESIAN_POINT('Ctrl Pts',(0.6474596730361,6.940319289544,0.6474596730361));
#4842=CARTESIAN_POINT('Ctrl Pts',(0.3586906939535,6.915944289544,0.8424660482698));
#4843=CARTESIAN_POINT('Ctrl Pts',(0.01797751688892,6.891569289544,0.9154697511675));
#4844=CARTESIAN_POINT('Ctrl Pts',(-0.3253390945893,6.867194289544,0.8558986680372));
#4845=CARTESIAN_POINT('Ctrl Pts',(-0.6215413576178,6.842819289544,0.6723796525675));
#4846=CARTESIAN_POINT('Ctrl Pts',(-0.827734406919,6.818444289544,0.391489218266));
#4847=CARTESIAN_POINT('Ctrl Pts',(-0.9140581631657,6.794069289544,0.05390483063874));
#4848=CARTESIAN_POINT('Ctrl Pts',(-0.8680115540954,6.769694289544,-0.2914858459223));
#4849=CARTESIAN_POINT('Ctrl Pts',(-0.6962628714096,6.745319289544,-0.5946646704762));
#4850=CARTESIAN_POINT('Ctrl Pts',(-0.4236840945796,6.720944289544,-0.8117264591082));
#4851=CARTESIAN_POINT('Ctrl Pts',(-0.08974902704684,6.696569289544,-0.9112371637287));
#4852=CARTESIAN_POINT('Ctrl Pts',(0.2571831472083,6.672194289544,-0.8787860292518));
#4853=CARTESIAN_POINT('Ctrl Pts',(0.566871053515,6.647819289544,-0.7190725033701));
#4854=CARTESIAN_POINT('Ctrl Pts',(0.7944668879325,6.623444289544,-0.4552256807287));
#4855=CARTESIAN_POINT('Ctrl Pts',(0.9070111026329,6.599069289544,-0.1254548369604));
#4856=CARTESIAN_POINT('Ctrl Pts',(0.8882054800468,6.574694289544,0.2224838907222));
#4857=CARTESIAN_POINT('Ctrl Pts',(0.7407733776499,6.550319289544,0.5382033624768));
#4858=CARTESIAN_POINT('Ctrl Pts',(0.4860653418734,6.525944289544,0.7759823063999));
#4859=CARTESIAN_POINT('Ctrl Pts',(0.1609672046085,6.501569289544,0.9013864961582));
#4860=CARTESIAN_POINT('Ctrl Pts',(-0.187441580203,6.477194289544,0.8962553823708));
#4861=CARTESIAN_POINT('Ctrl Pts',(-0.508705800862,6.452819289544,0.7613320330707));
#4862=CARTESIAN_POINT('Ctrl Pts',(-0.7563012164005,6.428444289544,0.5161555255027));
#4863=CARTESIAN_POINT('Ctrl Pts',(-0.8943720170198,6.404069289544,0.1962313724533));
#4864=CARTESIAN_POINT('Ctrl Pts',(-0.9029233239331,6.379694289544,-0.1521102482001));
#4865=CARTESIAN_POINT('Ctrl Pts',(-0.7807167693953,6.355319289544,-0.4784238523451));
#4866=CARTESIAN_POINT('Ctrl Pts',(-0.545449835782,6.330944289544,-0.7354539626117));
#4867=CARTESIAN_POINT('Ctrl Pts',(-0.2311929617944,6.306569289544,-0.8859784890115));
#4868=CARTESIAN_POINT('Ctrl Pts',(0.1165443584758,6.282194289544,-0.9081989934865));
#4869=CARTESIAN_POINT('Ctrl Pts',(0.4474042639495,6.257819289544,-0.7988978078482));
#4870=CARTESIAN_POINT('Ctrl Pts',(0.713472486764,6.233444289544,-0.5739026884409));
#4871=CARTESIAN_POINT('Ctrl Pts',(0.8762196127865,6.209069289544,-0.2657996115801));
#4872=CARTESIAN_POINT('Ctrl Pts',(0.9120714257899,6.184694289544,0.08080452522794));
#4873=CARTESIAN_POINT('Ctrl Pts',(0.8479289274693,6.168444289544,0.3040503858244));
#4874=CARTESIAN_POINT('Ctrl Pts',(0.796155487653,6.160319289544,0.4056614827139));
#4875=CARTESIAN_POINT('Ctrl Pts',(0.4227478107397,7.776773096515,0.829689294537));
#4876=CARTESIAN_POINT('Ctrl Pts',(0.3168568879202,7.768648096515,0.883643414584));
#4877=CARTESIAN_POINT('Ctrl Pts',(0.0842079852133,7.752398096515,0.9504875738051));
#4878=CARTESIAN_POINT('Ctrl Pts',(-0.2769950036646,7.728023096515,0.9131256942477));
#4879=CARTESIAN_POINT('Ctrl Pts',(-0.5980752806328,7.703648096515,0.7435237128866));
#4880=CARTESIAN_POINT('Ctrl Pts',(-0.8325471203555,7.679273096515,0.4662487841708));
#4881=CARTESIAN_POINT('Ctrl Pts',(-0.9464520359287,7.654898096515,0.1214531684648));
#4882=CARTESIAN_POINT('Ctrl Pts',(-0.9232956111247,7.630523096515,-0.2409307331895));
#4883=CARTESIAN_POINT('Ctrl Pts',(-0.7664310412561,7.606148096515,-0.5684240031923));
#4884=CARTESIAN_POINT('Ctrl Pts',(-0.4985749074116,7.581773096515,-0.8136003025518));
#4885=CARTESIAN_POINT('Ctrl Pts',(-0.1585170817487,7.557398096515,-0.9409541569115));
#4886=CARTESIAN_POINT('Ctrl Pts',(0.2044965732219,7.533023096515,-0.9320426717678));
#4887=CARTESIAN_POINT('Ctrl Pts',(0.5378958262137,7.508648096515,-0.7881563745074));
#4888=CARTESIAN_POINT('Ctrl Pts',(0.7933990875186,7.484273096515,-0.5301323216251));
#4889=CARTESIAN_POINT('Ctrl Pts',(0.9340053638471,7.459898096515,-0.1953365578173));
#4890=CARTESIAN_POINT('Ctrl Pts',(0.9393525984569,7.435523096515,0.1677470902436));
#4891=CARTESIAN_POINT('Ctrl Pts',(0.8086664255345,7.411148096515,0.5065382539618));
#4892=CARTESIAN_POINT('Ctrl Pts',(0.5608723108185,7.386773096515,0.7719745083035));
#4893=CARTESIAN_POINT('Ctrl Pts',(0.2318548389126,7.362398096515,0.9256164022889));
#4894=CARTESIAN_POINT('Ctrl Pts',(-0.1307389533679,7.338023096515,0.9452141115036));
#4895=CARTESIAN_POINT('Ctrl Pts',(-0.4743996364483,7.313648096515,0.8279295715525));
#4896=CARTESIAN_POINT('Ctrl Pts',(-0.7493596003474,7.289273096515,0.59074747556));
#4897=CARTESIAN_POINT('Ctrl Pts',(-0.9158002073292,7.264898096515,0.2680156166518));
#4898=CARTESIAN_POINT('Ctrl Pts',(-0.9496181729007,7.240523096515,-0.09352922650245));
#4899=CARTESIAN_POINT('Ctrl Pts',(-0.8459161101807,7.216148096515,-0.4415295290805));
#4900=CARTESIAN_POINT('Ctrl Pts',(-0.6197117505124,7.191773096515,-0.7255892342023));
#4901=CARTESIAN_POINT('Ctrl Pts',(-0.3037631337363,7.167398096515,-0.9045719148283));
#4902=CARTESIAN_POINT('Ctrl Pts',(0.05617528434884,7.143023096515,-0.9525579919048));
#4903=CARTESIAN_POINT('Ctrl Pts',(0.4079786151816,7.118648096515,-0.8625983074803));
#4904=CARTESIAN_POINT('Ctrl Pts',(0.7007000620497,7.094273096515,-0.6477204748631));
#4905=CARTESIAN_POINT('Ctrl Pts',(0.8919488379994,7.069898096515,-0.3390422700857));
#4906=CARTESIAN_POINT('Ctrl Pts',(0.9540290355282,7.045523096515,0.01873472397843));
#4907=CARTESIAN_POINT('Ctrl Pts',(0.8779504407121,7.021148096515,0.373798627829));
#4908=CARTESIAN_POINT('Ctrl Pts',(0.6747304611893,6.996773096515,0.6747304611893));
#4909=CARTESIAN_POINT('Ctrl Pts',(0.373798627829,6.972398096515,0.8779504407121));
#4910=CARTESIAN_POINT('Ctrl Pts',(0.01873472397843,6.948023096515,0.9540290355282));
#4911=CARTESIAN_POINT('Ctrl Pts',(-0.3390422700857,6.923648096515,0.8919488379994));
#4912=CARTESIAN_POINT('Ctrl Pts',(-0.6477204748631,6.899273096515,0.7007000620497));
#4913=CARTESIAN_POINT('Ctrl Pts',(-0.8625983074803,6.874898096515,0.4079786151816));
#4914=CARTESIAN_POINT('Ctrl Pts',(-0.9525579919048,6.850523096515,0.05617528434884));
#4915=CARTESIAN_POINT('Ctrl Pts',(-0.9045719148283,6.826148096515,-0.3037631337363));
#4916=CARTESIAN_POINT('Ctrl Pts',(-0.7255892342023,6.801773096515,-0.6197117505124));
#4917=CARTESIAN_POINT('Ctrl Pts',(-0.4415295290805,6.777398096515,-0.8459161101807));
#4918=CARTESIAN_POINT('Ctrl Pts',(-0.09352922650246,6.753023096515,-0.9496181729007));
#4919=CARTESIAN_POINT('Ctrl Pts',(0.2680156166518,6.728648096515,-0.9158002073292));
#4920=CARTESIAN_POINT('Ctrl Pts',(0.59074747556,6.704273096515,-0.7493596003474));
#4921=CARTESIAN_POINT('Ctrl Pts',(0.8279295715525,6.679898096515,-0.4743996364483));
#4922=CARTESIAN_POINT('Ctrl Pts',(0.9452141115036,6.655523096515,-0.1307389533679));
#4923=CARTESIAN_POINT('Ctrl Pts',(0.9256164022889,6.631148096515,0.2318548389126));
#4924=CARTESIAN_POINT('Ctrl Pts',(0.7719745083035,6.606773096515,0.5608723108185));
#4925=CARTESIAN_POINT('Ctrl Pts',(0.5065382539618,6.582398096515,0.8086664255345));
#4926=CARTESIAN_POINT('Ctrl Pts',(0.1677470902436,6.558023096515,0.9393525984569));
#4927=CARTESIAN_POINT('Ctrl Pts',(-0.1953365578173,6.533648096515,0.9340053638471));
#4928=CARTESIAN_POINT('Ctrl Pts',(-0.5301323216251,6.509273096515,0.7933990875186));
#4929=CARTESIAN_POINT('Ctrl Pts',(-0.7881563745074,6.484898096515,0.5378958262137));
#4930=CARTESIAN_POINT('Ctrl Pts',(-0.9320426717678,6.460523096515,0.2044965732219));
#4931=CARTESIAN_POINT('Ctrl Pts',(-0.9409541569115,6.436148096515,-0.1585170817487));
#4932=CARTESIAN_POINT('Ctrl Pts',(-0.8136003025518,6.411773096515,-0.4985749074116));
#4933=CARTESIAN_POINT('Ctrl Pts',(-0.5684240031923,6.387398096515,-0.7664310412561));
#4934=CARTESIAN_POINT('Ctrl Pts',(-0.2409307331895,6.363023096515,-0.9232956111247));
#4935=CARTESIAN_POINT('Ctrl Pts',(0.1214531684648,6.338648096515,-0.9464520359287));
#4936=CARTESIAN_POINT('Ctrl Pts',(0.4662487841708,6.314273096515,-0.8325471203555));
#4937=CARTESIAN_POINT('Ctrl Pts',(0.7435237128866,6.289898096515,-0.5980752806328));
#4938=CARTESIAN_POINT('Ctrl Pts',(0.9131256942477,6.265523096515,-0.2769950036646));
#4939=CARTESIAN_POINT('Ctrl Pts',(0.9504875738051,6.241148096515,0.08420798521329));
#4940=CARTESIAN_POINT('Ctrl Pts',(0.8836434145839,6.224898096515,0.3168568879202));
#4941=CARTESIAN_POINT('Ctrl Pts',(0.829689294537,6.216773096515,0.4227478107397));
#4942=CARTESIAN_POINT('Ctrl Pts',(0.4398341387655,7.833226903485,0.8632231014209));
#4943=CARTESIAN_POINT('Ctrl Pts',(0.329663390016,7.825101903485,0.9193579016986));
#4944=CARTESIAN_POINT('Ctrl Pts',(0.08761144519865,7.808851903485,0.9889037218203));
#4945=CARTESIAN_POINT('Ctrl Pts',(-0.2881903957492,7.784476903485,0.9500317757089));
#4946=CARTESIAN_POINT('Ctrl Pts',(-0.6222478728247,7.760101903485,0.7735749390091));
#4947=CARTESIAN_POINT('Ctrl Pts',(-0.8661964328627,7.735726903485,0.485093304392));
#4948=CARTESIAN_POINT('Ctrl Pts',(-0.9847050783708,7.711351903485,0.1263619784537));
#4949=CARTESIAN_POINT('Ctrl Pts',(-0.9606127332379,7.686976903485,-0.2506685045846));
#4950=CARTESIAN_POINT('Ctrl Pts',(-0.7974081199006,7.662601903485,-0.5913981706026));
#4951=CARTESIAN_POINT('Ctrl Pts',(-0.5187259624781,7.638226903485,-0.8464838357083));
#4952=CARTESIAN_POINT('Ctrl Pts',(-0.1649239152973,7.613851903485,-0.9789849898899));
#4953=CARTESIAN_POINT('Ctrl Pts',(0.2127617739904,7.589476903485,-0.9697133265159));
#4954=CARTESIAN_POINT('Ctrl Pts',(0.5596361269247,7.565101903485,-0.8200115326143));
#4955=CARTESIAN_POINT('Ctrl Pts',(0.8254661419665,7.540726903485,-0.5515588423882));
#4956=CARTESIAN_POINT('Ctrl Pts',(0.9717553453233,7.516351903485,-0.2032315354317));
#4957=CARTESIAN_POINT('Ctrl Pts',(0.9773187007557,7.491976903485,0.1745269758786));
#4958=CARTESIAN_POINT('Ctrl Pts',(0.8413505446692,7.467601903485,0.5270111660501));
#4959=CARTESIAN_POINT('Ctrl Pts',(0.5835412591602,7.443226903485,0.8031756389572));
#4960=CARTESIAN_POINT('Ctrl Pts',(0.2412257871029,7.418851903485,0.9630273245309));
#4961=CARTESIAN_POINT('Ctrl Pts',(-0.1360230697755,7.394476903485,0.9834171203744));
#4962=CARTESIAN_POINT('Ctrl Pts',(-0.4935735921679,7.370101903485,0.8613922551724));
#4963=CARTESIAN_POINT('Ctrl Pts',(-0.7796466973247,7.345726903485,0.614623897605));
#4964=CARTESIAN_POINT('Ctrl Pts',(-0.9528143854065,7.321351903485,0.2788480860953));
#4965=CARTESIAN_POINT('Ctrl Pts',(-0.9879991820727,7.296976903485,-0.09730942595807));
#4966=CARTESIAN_POINT('Ctrl Pts',(-0.8801057612532,7.272601903485,-0.4593749635814));
#4967=CARTESIAN_POINT('Ctrl Pts',(-0.6447588305485,7.248226903485,-0.754915596995));
#4968=CARTESIAN_POINT('Ctrl Pts',(-0.3160404215502,7.223851903485,-0.9411322755612));
#4969=CARTESIAN_POINT('Ctrl Pts',(0.05844573805893,7.199476903485,-0.9910578206438));
#4970=CARTESIAN_POINT('Ctrl Pts',(0.4244680120973,7.175101903485,-0.8974622080415));
#4971=CARTESIAN_POINT('Ctrl Pts',(0.729020471532,7.150726903485,-0.6738995921084));
#4972=CARTESIAN_POINT('Ctrl Pts',(0.9279990079615,7.126351903485,-0.3527454455822));
#4973=CARTESIAN_POINT('Ctrl Pts',(0.9925883198889,7.101976903485,0.01949193106795));
#4974=CARTESIAN_POINT('Ctrl Pts',(0.9134348331544,7.077601903485,0.3889065617046));
#4975=CARTESIAN_POINT('Ctrl Pts',(0.7020012493424,7.053226903485,0.7020012493424));
#4976=CARTESIAN_POINT('Ctrl Pts',(0.3889065617045,7.028851903485,0.9134348331544));
#4977=CARTESIAN_POINT('Ctrl Pts',(0.01949193106795,7.004476903485,0.9925883198889));
#4978=CARTESIAN_POINT('Ctrl Pts',(-0.3527454455822,6.980101903485,0.9279990079615));
#4979=CARTESIAN_POINT('Ctrl Pts',(-0.6738995921084,6.955726903485,0.729020471532));
#4980=CARTESIAN_POINT('Ctrl Pts',(-0.8974622080415,6.931351903485,0.4244680120973));
#4981=CARTESIAN_POINT('Ctrl Pts',(-0.9910578206438,6.906976903485,0.05844573805893));
#4982=CARTESIAN_POINT('Ctrl Pts',(-0.9411322755612,6.882601903485,-0.3160404215502));
#4983=CARTESIAN_POINT('Ctrl Pts',(-0.754915596995,6.858226903485,-0.6447588305485));
#4984=CARTESIAN_POINT('Ctrl Pts',(-0.4593749635814,6.833851903485,-0.8801057612532));
#4985=CARTESIAN_POINT('Ctrl Pts',(-0.09730942595807,6.809476903485,-0.9879991820727));
#4986=CARTESIAN_POINT('Ctrl Pts',(0.2788480860953,6.785101903485,-0.9528143854065));
#4987=CARTESIAN_POINT('Ctrl Pts',(0.614623897605,6.760726903485,-0.7796466973247));
#4988=CARTESIAN_POINT('Ctrl Pts',(0.8613922551725,6.736351903485,-0.4935735921679));
#4989=CARTESIAN_POINT('Ctrl Pts',(0.9834171203744,6.711976903485,-0.1360230697755));
#4990=CARTESIAN_POINT('Ctrl Pts',(0.9630273245309,6.687601903485,0.2412257871029));
#4991=CARTESIAN_POINT('Ctrl Pts',(0.8031756389572,6.663226903485,0.5835412591602));
#4992=CARTESIAN_POINT('Ctrl Pts',(0.5270111660501,6.638851903485,0.8413505446692));
#4993=CARTESIAN_POINT('Ctrl Pts',(0.1745269758786,6.614476903485,0.9773187007557));
#4994=CARTESIAN_POINT('Ctrl Pts',(-0.2032315354317,6.590101903485,0.9717553453233));
#4995=CARTESIAN_POINT('Ctrl Pts',(-0.5515588423882,6.565726903485,0.8254661419665));
#4996=CARTESIAN_POINT('Ctrl Pts',(-0.8200115326143,6.541351903485,0.5596361269247));
#4997=CARTESIAN_POINT('Ctrl Pts',(-0.9697133265159,6.516976903485,0.2127617739904));
#4998=CARTESIAN_POINT('Ctrl Pts',(-0.9789849898899,6.492601903485,-0.1649239152973));
#4999=CARTESIAN_POINT('Ctrl Pts',(-0.8464838357083,6.468226903485,-0.5187259624781));
#5000=CARTESIAN_POINT('Ctrl Pts',(-0.5913981706026,6.443851903485,-0.7974081199006));
#5001=CARTESIAN_POINT('Ctrl Pts',(-0.2506685045846,6.419476903485,-0.9606127332379));
#5002=CARTESIAN_POINT('Ctrl Pts',(0.1263619784537,6.395101903485,-0.9847050783708));
#5003=CARTESIAN_POINT('Ctrl Pts',(0.485093304392,6.370726903485,-0.8661964328627));
#5004=CARTESIAN_POINT('Ctrl Pts',(0.7735749390091,6.346351903485,-0.6222478728247));
#5005=CARTESIAN_POINT('Ctrl Pts',(0.9500317757089,6.321976903485,-0.2881903957492));
#5006=CARTESIAN_POINT('Ctrl Pts',(0.9889037218203,6.297601903485,0.08761144519864));
#5007=CARTESIAN_POINT('Ctrl Pts',(0.9193579016986,6.281351903485,0.329663390016));
#5008=CARTESIAN_POINT('Ctrl Pts',(0.8632231014209,6.273226903485,0.4398341387655));
#5009=CARTESIAN_POINT('Ctrl Pts',(0.4569204667913,7.889680710456,0.8967569083049));
#5010=CARTESIAN_POINT('Ctrl Pts',(0.3424698921118,7.881555710456,0.9550723888133));
#5011=CARTESIAN_POINT('Ctrl Pts',(0.091014905184,7.865305710456,1.027319869836));
#5012=CARTESIAN_POINT('Ctrl Pts',(-0.2993857878338,7.840930710456,0.9869378571701));
#5013=CARTESIAN_POINT('Ctrl Pts',(-0.6464204650165,7.816555710456,0.8036261651316));
#5014=CARTESIAN_POINT('Ctrl Pts',(-0.89984574537,7.792180710456,0.5039378246133));
#5015=CARTESIAN_POINT('Ctrl Pts',(-1.022958120813,7.767805710456,0.1312707884427));
#5016=CARTESIAN_POINT('Ctrl Pts',(-0.9979298553511,7.743430710456,-0.2604062759797));
#5017=CARTESIAN_POINT('Ctrl Pts',(-0.8283851985451,7.719055710456,-0.6143723380129));
#5018=CARTESIAN_POINT('Ctrl Pts',(-0.5388770175447,7.694680710456,-0.8793673688648));
#5019=CARTESIAN_POINT('Ctrl Pts',(-0.171330748846,7.670305710456,-1.017015822868));
#5020=CARTESIAN_POINT('Ctrl Pts',(0.2210269747589,7.645930710456,-1.007383981264));
#5021=CARTESIAN_POINT('Ctrl Pts',(0.5813764276357,7.621555710456,-0.8518666907212));
#5022=CARTESIAN_POINT('Ctrl Pts',(0.8575331964143,7.597180710456,-0.5729853631513));
#5023=CARTESIAN_POINT('Ctrl Pts',(1.0095053268,7.572805710456,-0.211126513046));
#5024=CARTESIAN_POINT('Ctrl Pts',(1.015284803054,7.548430710456,0.1813068615136));
#5025=CARTESIAN_POINT('Ctrl Pts',(0.8740346638039,7.524055710456,0.5474840781384));
#5026=CARTESIAN_POINT('Ctrl Pts',(0.606210207502,7.499680710456,0.8343767696108));
#5027=CARTESIAN_POINT('Ctrl Pts',(0.2505967352933,7.475305710456,1.000438246773));
#5028=CARTESIAN_POINT('Ctrl Pts',(-0.1413071861831,7.450930710456,1.021620129245));
#5029=CARTESIAN_POINT('Ctrl Pts',(-0.5127475478875,7.426555710456,0.8948549387924));
#5030=CARTESIAN_POINT('Ctrl Pts',(-0.8099337943021,7.402180710456,0.6385003196501));
#5031=CARTESIAN_POINT('Ctrl Pts',(-0.9898285634838,7.377805710456,0.2896805555388));
#5032=CARTESIAN_POINT('Ctrl Pts',(-1.026380191245,7.353430710456,-0.1010896254137));
#5033=CARTESIAN_POINT('Ctrl Pts',(-0.9142954123258,7.329055710456,-0.4772203980823));
#5034=CARTESIAN_POINT('Ctrl Pts',(-0.6698059105847,7.304680710456,-0.7842419597877));
#5035=CARTESIAN_POINT('Ctrl Pts',(-0.3283177093641,7.280305710456,-0.9776926362941));
#5036=CARTESIAN_POINT('Ctrl Pts',(0.06071619176903,7.255930710456,-1.029557649383));
#5037=CARTESIAN_POINT('Ctrl Pts',(0.4409574090129,7.231555710456,-0.9323261086028));
#5038=CARTESIAN_POINT('Ctrl Pts',(0.7573408810143,7.207180710456,-0.7000787093536));
#5039=CARTESIAN_POINT('Ctrl Pts',(0.9640491779237,7.182805710456,-0.3664486210786));
#5040=CARTESIAN_POINT('Ctrl Pts',(1.03114760425,7.158430710456,0.02024913815746));
#5041=CARTESIAN_POINT('Ctrl Pts',(0.9489192255966,7.134055710456,0.4040144955801));
#5042=CARTESIAN_POINT('Ctrl Pts',(0.7292720374955,7.109680710456,0.7292720374955));
#5043=CARTESIAN_POINT('Ctrl Pts',(0.4040144955801,7.085305710456,0.9489192255966));
#5044=CARTESIAN_POINT('Ctrl Pts',(0.02024913815746,7.060930710456,1.03114760425));
#5045=CARTESIAN_POINT('Ctrl Pts',(-0.3664486210786,7.036555710456,0.9640491779237));
#5046=CARTESIAN_POINT('Ctrl Pts',(-0.7000787093537,7.012180710456,0.7573408810143));
#5047=CARTESIAN_POINT('Ctrl Pts',(-0.9323261086028,6.987805710456,0.4409574090129));
#5048=CARTESIAN_POINT('Ctrl Pts',(-1.029557649383,6.963430710456,0.06071619176902));
#5049=CARTESIAN_POINT('Ctrl Pts',(-0.9776926362941,6.939055710456,-0.3283177093641));
#5050=CARTESIAN_POINT('Ctrl Pts',(-0.7842419597877,6.914680710456,-0.6698059105847));
#5051=CARTESIAN_POINT('Ctrl Pts',(-0.4772203980823,6.890305710456,-0.9142954123258));
#5052=CARTESIAN_POINT('Ctrl Pts',(-0.1010896254137,6.865930710456,-1.026380191245));
#5053=CARTESIAN_POINT('Ctrl Pts',(0.2896805555388,6.841555710456,-0.9898285634838));
#5054=CARTESIAN_POINT('Ctrl Pts',(0.6385003196501,6.817180710456,-0.8099337943021));
#5055=CARTESIAN_POINT('Ctrl Pts',(0.8948549387924,6.792805710456,-0.5127475478875));
#5056=CARTESIAN_POINT('Ctrl Pts',(1.021620129245,6.768430710456,-0.1413071861831));
#5057=CARTESIAN_POINT('Ctrl Pts',(1.000438246773,6.744055710456,0.2505967352933));
#5058=CARTESIAN_POINT('Ctrl Pts',(0.8343767696108,6.719680710456,0.606210207502));
#5059=CARTESIAN_POINT('Ctrl Pts',(0.5474840781384,6.695305710456,0.8740346638039));
#5060=CARTESIAN_POINT('Ctrl Pts',(0.1813068615136,6.670930710456,1.015284803054));
#5061=CARTESIAN_POINT('Ctrl Pts',(-0.211126513046,6.646555710456,1.0095053268));
#5062=CARTESIAN_POINT('Ctrl Pts',(-0.5729853631512,6.622180710456,0.8575331964143));
#5063=CARTESIAN_POINT('Ctrl Pts',(-0.8518666907212,6.597805710456,0.5813764276357));
#5064=CARTESIAN_POINT('Ctrl Pts',(-1.007383981264,6.573430710456,0.2210269747589));
#5065=CARTESIAN_POINT('Ctrl Pts',(-1.017015822868,6.549055710456,-0.171330748846));
#5066=CARTESIAN_POINT('Ctrl Pts',(-0.8793673688648,6.524680710456,-0.5388770175447));
#5067=CARTESIAN_POINT('Ctrl Pts',(-0.6143723380129,6.500305710456,-0.8283851985451));
#5068=CARTESIAN_POINT('Ctrl Pts',(-0.2604062759797,6.475930710456,-0.9979298553511));
#5069=CARTESIAN_POINT('Ctrl Pts',(0.1312707884427,6.451555710456,-1.022958120813));
#5070=CARTESIAN_POINT('Ctrl Pts',(0.5039378246133,6.427180710456,-0.89984574537));
#5071=CARTESIAN_POINT('Ctrl Pts',(0.8036261651316,6.402805710456,-0.6464204650165));
#5072=CARTESIAN_POINT('Ctrl Pts',(0.9869378571701,6.378430710456,-0.2993857878338));
#5073=CARTESIAN_POINT('Ctrl Pts',(1.027319869836,6.354055710456,0.09101490518399));
#5074=CARTESIAN_POINT('Ctrl Pts',(0.9550723888133,6.337805710456,0.3424698921118));
#5075=CARTESIAN_POINT('Ctrl Pts',(0.8967569083049,6.329680710456,0.4569204667913));
#5076=CARTESIAN_POINT('',(0.999982271797094,6.35,3.50745375249878E-15));
#5077=CARTESIAN_POINT('Ctrl Pts',(1.22412138078829E-9,7.84999946146213,
0.999969998682878));
#5078=CARTESIAN_POINT('Ctrl Pts',(-0.0830851261083368,7.84470985937676,
0.999930916504554));
#5079=CARTESIAN_POINT('Ctrl Pts',(-0.166182988732269,7.83942016035932,0.989545683292893));
#5080=CARTESIAN_POINT('Ctrl Pts',(-0.327572648556798,7.82881822722936,0.948526426443653));
#5081=CARTESIAN_POINT('Ctrl Pts',(-0.405374107130689,7.823534450177,0.917830476579369));
#5082=CARTESIAN_POINT('Ctrl Pts',(-0.593822577793746,7.80987564126157,0.815243980062093));
#5083=CARTESIAN_POINT('Ctrl Pts',(-0.69518399107188,7.80162919919589,0.730632503099064));
#5084=CARTESIAN_POINT('Ctrl Pts',(-0.860584889702774,7.78487933285174,0.526002221882975));
#5085=CARTESIAN_POINT('Ctrl Pts',(-0.921792774705432,7.77663803902692,0.40910214735679));
#5086=CARTESIAN_POINT('Ctrl Pts',(-0.998748895049871,7.75935365882576,0.148723399248585));
#5087=CARTESIAN_POINT('Ctrl Pts',(-1.00724623589206,7.75110219820724,0.0168393312849556));
#5088=CARTESIAN_POINT('Ctrl Pts',(-0.979511425952154,7.73423876622819,-0.246603659157849));
#5089=CARTESIAN_POINT('Ctrl Pts',(-0.935955153360049,7.72596867318754,-0.371710304105764));
#5090=CARTESIAN_POINT('Ctrl Pts',(-0.81017703799922,7.7091746107302,-0.60360281604227));
#5091=CARTESIAN_POINT('Ctrl Pts',(-0.721594090566001,7.70090235516344,-0.702175930016654));
#5092=CARTESIAN_POINT('Ctrl Pts',(-0.515623638994924,7.68401317554891,-0.869387792980343));
#5093=CARTESIAN_POINT('Ctrl Pts',(-0.394921168261514,7.67570311577144,-0.925652229777502));
#5094=CARTESIAN_POINT('Ctrl Pts',(-0.143114312924216,7.65897300931109,-1.0008590333246));
#5095=CARTESIAN_POINT('Ctrl Pts',(-0.00982410807228972,7.65065087572465,
-1.00609852742132));
#5096=CARTESIAN_POINT('Ctrl Pts',(0.250776774578429,7.63397516554117,-0.979637122431883));
#5097=CARTESIAN_POINT('Ctrl Pts',(0.375962747029083,7.62564369650783,-0.933072642646886));
#5098=CARTESIAN_POINT('Ctrl Pts',(0.605990915368025,7.60902560410122,-0.809681607790166));
#5099=CARTESIAN_POINT('Ctrl Pts',(0.703815015217718,7.6006889505566,-0.718597022050759));
#5100=CARTESIAN_POINT('Ctrl Pts',(0.868919285723795,7.58412702305742,-0.517555538849847));
#5101=CARTESIAN_POINT('Ctrl Pts',(0.92455665615547,7.5757900958539,-0.396011506895455));
#5102=CARTESIAN_POINT('Ctrl Pts',(1.00045260101399,7.55927834198258,-0.148007299193803));
#5103=CARTESIAN_POINT('Ctrl Pts',(1.00570001043893,7.55094598792033,-0.0145155027449141));
#5104=CARTESIAN_POINT('Ctrl Pts',(0.981596718794949,7.53447541490347,0.243067210500916));
#5105=CARTESIAN_POINT('Ctrl Pts',(0.935946614186534,7.52615171431082,0.368459269394826));
#5106=CARTESIAN_POINT('Ctrl Pts',(0.815960302632794,7.509712474581,0.59710180181492));
#5107=CARTESIAN_POINT('Ctrl Pts',(0.726483258402686,7.50140035249467,0.695826225348798));
#5108=CARTESIAN_POINT('Ctrl Pts',(0.528908949038978,7.48498355676045,0.861522829556629));
#5109=CARTESIAN_POINT('Ctrl Pts',(0.409048475804585,7.47668472418112,0.919173765253606));
#5110=CARTESIAN_POINT('Ctrl Pts',(0.165328702688044,7.46039893310804,0.996849855601332));
#5111=CARTESIAN_POINT('Ctrl Pts',(0.0334478254653335,7.45214822388711,1.00593132106538));
#5112=CARTESIAN_POINT('Ctrl Pts',(-0.22415214990244,7.43569434387304,0.985152320040651));
#5113=CARTESIAN_POINT('Ctrl Pts',(-0.349633803171472,7.42744914882875,0.943899784346673));
#5114=CARTESIAN_POINT('Ctrl Pts',(-0.580563599153398,7.41096500534584,0.826827578846569));
#5115=CARTESIAN_POINT('Ctrl Pts',(-0.681198867637143,7.40270897332705,0.741022184956128));
#5116=CARTESIAN_POINT('Ctrl Pts',(-0.849545108233374,7.3863265222008,0.546423540846017));
#5117=CARTESIAN_POINT('Ctrl Pts',(-0.910562884474583,7.37808202892946,0.429321077504133));
#5118=CARTESIAN_POINT('Ctrl Pts',(-0.992709031200237,7.36170690365513,0.185597570602323));
#5119=CARTESIAN_POINT('Ctrl Pts',(-1.00537726178581,7.3534730664799,0.0543497157836736));
#5120=CARTESIAN_POINT('Ctrl Pts',(-0.98926265437148,7.33710470784262,-0.20223193660316));
#5121=CARTESIAN_POINT('Ctrl Pts',(-0.95189972416334,7.32888054935705,-0.328507163656743));
#5122=CARTESIAN_POINT('Ctrl Pts',(-0.840254426627316,7.31254675550503,-0.559482808519022));
#5123=CARTESIAN_POINT('Ctrl Pts',(-0.75878783272752,7.30435022124104,-0.662370900717391));
#5124=CARTESIAN_POINT('Ctrl Pts',(-0.567610400069079,7.28796733440684,-0.83459561678962));
#5125=CARTESIAN_POINT('Ctrl Pts',(-0.45358360994349,7.27977383581707,-0.899436951515947));
#5126=CARTESIAN_POINT('Ctrl Pts',(-0.211742645531024,7.26340422758978,-0.986703388930262));
#5127=CARTESIAN_POINT('Ctrl Pts',(-0.0817896843304211,7.25521359439515,
-1.00412539048442));
#5128=CARTESIAN_POINT('Ctrl Pts',(0.169811071014562,7.23918123041071,-0.993945769990911));
#5129=CARTESIAN_POINT('Ctrl Pts',(0.297064129804406,7.23100578349645,-0.963471475912619));
#5130=CARTESIAN_POINT('Ctrl Pts',(0.531770240085945,7.21458854772133,-0.856699948105959));
#5131=CARTESIAN_POINT('Ctrl Pts',(0.638169486558208,7.20641334594315,-0.780549427221169));
#5132=CARTESIAN_POINT('Ctrl Pts',(0.815206513099284,7.19001016953281,-0.593383757973072));
#5133=CARTESIAN_POINT('Ctrl Pts',(0.885113216763891,7.18183510019986,-0.482790261769411));
#5134=CARTESIAN_POINT('Ctrl Pts',(0.97857092075599,7.16544533143367,-0.242935816208684));
#5135=CARTESIAN_POINT('Ctrl Pts',(1.00173414447901,7.15727029879638,-0.114172754936323));
#5136=CARTESIAN_POINT('Ctrl Pts',(0.998057485717587,7.14089328291474,0.143019405119618));
#5137=CARTESIAN_POINT('Ctrl Pts',(0.971102685572008,7.13271820659649,0.271038382001146));
#5138=CARTESIAN_POINT('Ctrl Pts',(0.871025599730813,7.1163532919416,0.507783206814564));
#5139=CARTESIAN_POINT('Ctrl Pts',(0.797931657118498,7.10817810538128,0.616281905254395));
#5140=CARTESIAN_POINT('Ctrl Pts',(0.616281905254399,7.0918218946189,0.797931657118491));
#5141=CARTESIAN_POINT('Ctrl Pts',(0.507783206814556,7.08364670805858,0.871025599730808));
#5142=CARTESIAN_POINT('Ctrl Pts',(0.271038382001146,7.06728179340369,0.971102685572004));
#5143=CARTESIAN_POINT('Ctrl Pts',(0.143019405119619,7.05910671708544,0.998057485717586));
#5144=CARTESIAN_POINT('Ctrl Pts',(-0.114172754936333,7.0427297012038,1.00173414447901));
#5145=CARTESIAN_POINT('Ctrl Pts',(-0.242935816208694,7.03455466856651,0.978570920755986));
#5146=CARTESIAN_POINT('Ctrl Pts',(-0.482790261769473,7.01816489980032,0.885113216763876));
#5147=CARTESIAN_POINT('Ctrl Pts',(-0.593383757973188,7.00998983046737,0.81520651309925));
#5148=CARTESIAN_POINT('Ctrl Pts',(-0.780549427221234,6.99358665405702,0.638169486558172));
#5149=CARTESIAN_POINT('Ctrl Pts',(-0.856699948105943,6.98541145227885,0.531770240085985));
#5150=CARTESIAN_POINT('Ctrl Pts',(-0.963471475912597,6.96899421650373,0.297064129804494));
#5151=CARTESIAN_POINT('Ctrl Pts',(-0.99394576999091,6.96081876958947,0.169811071014595));
#5152=CARTESIAN_POINT('Ctrl Pts',(-1.00412539048441,6.94478640560502,-0.0817896843304556));
#5153=CARTESIAN_POINT('Ctrl Pts',(-0.986703388930253,6.9365957724104,-0.211742645531054));
#5154=CARTESIAN_POINT('Ctrl Pts',(-0.899436951515942,6.92022616418311,-0.453583609943493));
#5155=CARTESIAN_POINT('Ctrl Pts',(-0.834595616789617,6.91203266559334,-0.567610400069084));
#5156=CARTESIAN_POINT('Ctrl Pts',(-0.662370900717375,6.89564977875913,-0.758787832727532));
#5157=CARTESIAN_POINT('Ctrl Pts',(-0.559482808519005,6.88745324449514,-0.840254426627327));
#5158=CARTESIAN_POINT('Ctrl Pts',(-0.328507163656698,6.87111945064312,-0.951899724163356));
#5159=CARTESIAN_POINT('Ctrl Pts',(-0.202231936603113,6.86289529215755,-0.989262654371484));
#5160=CARTESIAN_POINT('Ctrl Pts',(0.0543497157837262,6.84652693352028,-1.00537726178581));
#5161=CARTESIAN_POINT('Ctrl Pts',(0.185597570602372,6.83829309634505,-0.992709031200222));
#5162=CARTESIAN_POINT('Ctrl Pts',(0.429321077504055,6.82191797107072,-0.910562884474603));
#5163=CARTESIAN_POINT('Ctrl Pts',(0.546423540845966,6.81367347779938,-0.849545108233422));
#5164=CARTESIAN_POINT('Ctrl Pts',(0.741022184956404,6.7972910266731,-0.6811988676369));
#5165=CARTESIAN_POINT('Ctrl Pts',(0.826827578846727,6.7890349946543,-0.580563599153098));
#5166=CARTESIAN_POINT('Ctrl Pts',(0.943899784346508,6.77255085117144,-0.349633803171784));
#5167=CARTESIAN_POINT('Ctrl Pts',(0.985152320040628,6.76430565612716,-0.224152149902781));
#5168=CARTESIAN_POINT('Ctrl Pts',(1.00593132106539,6.74785177611306,0.033447825465438));
#5169=CARTESIAN_POINT('Ctrl Pts',(0.996849855601304,6.73960106689213,0.165328702688146));
#5170=CARTESIAN_POINT('Ctrl Pts',(0.91917376525358,6.72331527581906,0.409048475804646));
#5171=CARTESIAN_POINT('Ctrl Pts',(0.86152282955659,6.71501644323972,0.528908949039032));
#5172=CARTESIAN_POINT('Ctrl Pts',(0.695826225348714,6.6985996475055,0.726483258402776));
#5173=CARTESIAN_POINT('Ctrl Pts',(0.597101801814823,6.69028752541918,0.815960302632849));
#5174=CARTESIAN_POINT('Ctrl Pts',(0.368459269394838,6.67384828568936,0.93594661418652));
#5175=CARTESIAN_POINT('Ctrl Pts',(0.243067210500922,6.6655245850967,0.981596718794954));
#5176=CARTESIAN_POINT('Ctrl Pts',(-0.0145155027440133,6.6490540120799,1.00570001043884));
#5177=CARTESIAN_POINT('Ctrl Pts',(-0.148007299193038,6.64072165801765,1.00045260101422));
#5178=CARTESIAN_POINT('Ctrl Pts',(-0.396011506897509,6.62420990414616,0.924556656154813));
#5179=CARTESIAN_POINT('Ctrl Pts',(-0.517555538851257,6.61587297694265,0.868919285722565));
#5180=CARTESIAN_POINT('Ctrl Pts',(-0.718597022049862,6.59931104944365,0.703815015218413));
#5181=CARTESIAN_POINT('Ctrl Pts',(-0.809681607789746,6.59097439589902,0.605990915368834));
#5182=CARTESIAN_POINT('Ctrl Pts',(-0.933072642647253,6.5743563034923,0.375962747028354));
#5183=CARTESIAN_POINT('Ctrl Pts',(-0.979637122431953,6.56602483445896,0.250776774577743));
#5184=CARTESIAN_POINT('Ctrl Pts',(-1.00609852742132,6.54934912427553,-0.0098241080723282));
#5185=CARTESIAN_POINT('Ctrl Pts',(-1.00085903332459,6.54102699068909,-0.143114312924253));
#5186=CARTESIAN_POINT('Ctrl Pts',(-0.925652229777461,6.52429688422873,-0.394921168261616));
#5187=CARTESIAN_POINT('Ctrl Pts',(-0.869387792980278,6.51598682445127,-0.515623638995005));
#5188=CARTESIAN_POINT('Ctrl Pts',(-0.702175930016618,6.49909764483674,-0.721594090566024));
#5189=CARTESIAN_POINT('Ctrl Pts',(-0.603602816042231,6.49082538926998,-0.810177037999242));
#5190=CARTESIAN_POINT('Ctrl Pts',(-0.371710304105717,6.47403132681264,-0.93595515336006));
#5191=CARTESIAN_POINT('Ctrl Pts',(-0.246603659157801,6.46576123377198,-0.97951142595216));
#5192=CARTESIAN_POINT('Ctrl Pts',(0.016839331285062,6.44889780179294,-1.00724623589206));
#5193=CARTESIAN_POINT('Ctrl Pts',(0.148723399248689,6.44064634117441,-0.998748895049841));
#5194=CARTESIAN_POINT('Ctrl Pts',(0.409102147356842,6.42336196097325,-0.921792774705401));
#5195=CARTESIAN_POINT('Ctrl Pts',(0.526002221883022,6.41512066714844,-0.860584889702737));
#5196=CARTESIAN_POINT('Ctrl Pts',(0.730632503099103,6.39837080080429,-0.695183991071829));
#5197=CARTESIAN_POINT('Ctrl Pts',(0.815243980062125,6.3901243587386,-0.593822577793686));
#5198=CARTESIAN_POINT('Ctrl Pts',(0.917830475973514,6.37646554990385,-0.4053741082436));
#5199=CARTESIAN_POINT('Ctrl Pts',(0.948526425512488,6.37118177293141,-0.327572650922139));
#5200=CARTESIAN_POINT('Ctrl Pts',(0.989545686151003,6.36057983898189,-0.166182978779859));
#5201=CARTESIAN_POINT('Ctrl Pts',(0.999930919726971,6.35529013906252,-0.0830851015902098));
#5202=CARTESIAN_POINT('Ctrl Pts',(0.999969998701071,6.35000053607546,3.99018079669107E-8));
#5203=CARTESIAN_POINT('',(0.9,6.2,0.));
#5204=CARTESIAN_POINT('Ctrl Pts',(0.4569204667913,7.870319289544,0.8967569083049));
#5205=CARTESIAN_POINT('Ctrl Pts',(0.3424698921118,7.862194289544,0.9550723888133));
#5206=CARTESIAN_POINT('Ctrl Pts',(0.09101490518398,7.845944289544,1.027319869836));
#5207=CARTESIAN_POINT('Ctrl Pts',(-0.2993857878338,7.821569289544,0.9869378571701));
#5208=CARTESIAN_POINT('Ctrl Pts',(-0.6464204650165,7.797194289544,0.8036261651316));
#5209=CARTESIAN_POINT('Ctrl Pts',(-0.89984574537,7.772819289544,0.5039378246133));
#5210=CARTESIAN_POINT('Ctrl Pts',(-1.022958120813,7.748444289544,0.1312707884427));
#5211=CARTESIAN_POINT('Ctrl Pts',(-0.9979298553511,7.724069289544,-0.2604062759797));
#5212=CARTESIAN_POINT('Ctrl Pts',(-0.8283851985451,7.699694289544,-0.6143723380129));
#5213=CARTESIAN_POINT('Ctrl Pts',(-0.5388770175447,7.675319289544,-0.8793673688648));
#5214=CARTESIAN_POINT('Ctrl Pts',(-0.171330748846,7.650944289544,-1.017015822868));
#5215=CARTESIAN_POINT('Ctrl Pts',(0.2210269747589,7.626569289544,-1.007383981264));
#5216=CARTESIAN_POINT('Ctrl Pts',(0.5813764276357,7.602194289544,-0.8518666907212));
#5217=CARTESIAN_POINT('Ctrl Pts',(0.8575331964144,7.577819289544,-0.5729853631512));
#5218=CARTESIAN_POINT('Ctrl Pts',(1.0095053268,7.553444289544,-0.211126513046));
#5219=CARTESIAN_POINT('Ctrl Pts',(1.015284803054,7.529069289544,0.1813068615136));
#5220=CARTESIAN_POINT('Ctrl Pts',(0.8740346638039,7.504694289544,0.5474840781384));
#5221=CARTESIAN_POINT('Ctrl Pts',(0.606210207502,7.480319289544,0.8343767696108));
#5222=CARTESIAN_POINT('Ctrl Pts',(0.2505967352933,7.455944289544,1.000438246773));
#5223=CARTESIAN_POINT('Ctrl Pts',(-0.1413071861831,7.431569289544,1.021620129245));
#5224=CARTESIAN_POINT('Ctrl Pts',(-0.5127475478875,7.407194289544,0.8948549387924));
#5225=CARTESIAN_POINT('Ctrl Pts',(-0.8099337943021,7.382819289544,0.6385003196501));
#5226=CARTESIAN_POINT('Ctrl Pts',(-0.9898285634838,7.358444289544,0.2896805555388));
#5227=CARTESIAN_POINT('Ctrl Pts',(-1.026380191245,7.334069289544,-0.1010896254137));
#5228=CARTESIAN_POINT('Ctrl Pts',(-0.9142954123258,7.309694289544,-0.4772203980823));
#5229=CARTESIAN_POINT('Ctrl Pts',(-0.6698059105847,7.285319289544,-0.7842419597877));
#5230=CARTESIAN_POINT('Ctrl Pts',(-0.3283177093641,7.260944289544,-0.9776926362941));
#5231=CARTESIAN_POINT('Ctrl Pts',(0.06071619176903,7.236569289544,-1.029557649383));
#5232=CARTESIAN_POINT('Ctrl Pts',(0.4409574090129,7.212194289544,-0.9323261086028));
#5233=CARTESIAN_POINT('Ctrl Pts',(0.7573408810143,7.187819289544,-0.7000787093536));
#5234=CARTESIAN_POINT('Ctrl Pts',(0.9640491779237,7.163444289544,-0.3664486210786));
#5235=CARTESIAN_POINT('Ctrl Pts',(1.03114760425,7.139069289544,0.02024913815746));
#5236=CARTESIAN_POINT('Ctrl Pts',(0.9489192255966,7.114694289544,0.4040144955801));
#5237=CARTESIAN_POINT('Ctrl Pts',(0.7292720374955,7.090319289544,0.7292720374955));
#5238=CARTESIAN_POINT('Ctrl Pts',(0.4040144955801,7.065944289544,0.9489192255966));
#5239=CARTESIAN_POINT('Ctrl Pts',(0.02024913815746,7.041569289544,1.03114760425));
#5240=CARTESIAN_POINT('Ctrl Pts',(-0.3664486210786,7.017194289544,0.9640491779237));
#5241=CARTESIAN_POINT('Ctrl Pts',(-0.7000787093537,6.992819289544,0.7573408810143));
#5242=CARTESIAN_POINT('Ctrl Pts',(-0.9323261086028,6.968444289544,0.4409574090129));
#5243=CARTESIAN_POINT('Ctrl Pts',(-1.029557649383,6.944069289544,0.06071619176902));
#5244=CARTESIAN_POINT('Ctrl Pts',(-0.9776926362941,6.919694289544,-0.3283177093641));
#5245=CARTESIAN_POINT('Ctrl Pts',(-0.7842419597877,6.895319289544,-0.6698059105847));
#5246=CARTESIAN_POINT('Ctrl Pts',(-0.4772203980823,6.870944289544,-0.9142954123258));
#5247=CARTESIAN_POINT('Ctrl Pts',(-0.1010896254137,6.846569289544,-1.026380191245));
#5248=CARTESIAN_POINT('Ctrl Pts',(0.2896805555388,6.822194289544,-0.9898285634838));
#5249=CARTESIAN_POINT('Ctrl Pts',(0.6385003196501,6.797819289544,-0.8099337943021));
#5250=CARTESIAN_POINT('Ctrl Pts',(0.8948549387924,6.773444289544,-0.5127475478875));
#5251=CARTESIAN_POINT('Ctrl Pts',(1.021620129245,6.749069289544,-0.1413071861831));
#5252=CARTESIAN_POINT('Ctrl Pts',(1.000438246773,6.724694289544,0.2505967352933));
#5253=CARTESIAN_POINT('Ctrl Pts',(0.8343767696108,6.700319289544,0.606210207502));
#5254=CARTESIAN_POINT('Ctrl Pts',(0.5474840781384,6.675944289544,0.8740346638039));
#5255=CARTESIAN_POINT('Ctrl Pts',(0.1813068615136,6.651569289544,1.015284803054));
#5256=CARTESIAN_POINT('Ctrl Pts',(-0.211126513046,6.627194289544,1.0095053268));
#5257=CARTESIAN_POINT('Ctrl Pts',(-0.5729853631512,6.602819289544,0.8575331964143));
#5258=CARTESIAN_POINT('Ctrl Pts',(-0.8518666907212,6.578444289544,0.5813764276357));
#5259=CARTESIAN_POINT('Ctrl Pts',(-1.007383981264,6.554069289544,0.2210269747589));
#5260=CARTESIAN_POINT('Ctrl Pts',(-1.017015822868,6.529694289544,-0.171330748846));
#5261=CARTESIAN_POINT('Ctrl Pts',(-0.8793673688648,6.505319289544,-0.5388770175447));
#5262=CARTESIAN_POINT('Ctrl Pts',(-0.6143723380129,6.480944289544,-0.8283851985451));
#5263=CARTESIAN_POINT('Ctrl Pts',(-0.2604062759797,6.456569289544,-0.9979298553511));
#5264=CARTESIAN_POINT('Ctrl Pts',(0.1312707884427,6.432194289544,-1.022958120813));
#5265=CARTESIAN_POINT('Ctrl Pts',(0.5039378246133,6.407819289544,-0.89984574537));
#5266=CARTESIAN_POINT('Ctrl Pts',(0.8036261651316,6.383444289544,-0.6464204650165));
#5267=CARTESIAN_POINT('Ctrl Pts',(0.9869378571701,6.359069289544,-0.2993857878338));
#5268=CARTESIAN_POINT('Ctrl Pts',(1.027319869836,6.334694289544,0.09101490518399));
#5269=CARTESIAN_POINT('Ctrl Pts',(0.9550723888133,6.318444289544,0.3424698921118));
#5270=CARTESIAN_POINT('Ctrl Pts',(0.8967569083049,6.310319289544,0.4569204667913));
#5271=CARTESIAN_POINT('Ctrl Pts',(0.4398341387655,7.926773096515,0.8632231014209));
#5272=CARTESIAN_POINT('Ctrl Pts',(0.329663390016,7.918648096515,0.9193579016986));
#5273=CARTESIAN_POINT('Ctrl Pts',(0.08761144519863,7.902398096515,0.9889037218203));
#5274=CARTESIAN_POINT('Ctrl Pts',(-0.2881903957492,7.878023096515,0.9500317757089));
#5275=CARTESIAN_POINT('Ctrl Pts',(-0.6222478728247,7.853648096515,0.7735749390091));
#5276=CARTESIAN_POINT('Ctrl Pts',(-0.8661964328627,7.829273096515,0.485093304392));
#5277=CARTESIAN_POINT('Ctrl Pts',(-0.9847050783708,7.804898096515,0.1263619784537));
#5278=CARTESIAN_POINT('Ctrl Pts',(-0.9606127332379,7.780523096515,-0.2506685045846));
#5279=CARTESIAN_POINT('Ctrl Pts',(-0.7974081199006,7.756148096515,-0.5913981706026));
#5280=CARTESIAN_POINT('Ctrl Pts',(-0.5187259624781,7.731773096515,-0.8464838357083));
#5281=CARTESIAN_POINT('Ctrl Pts',(-0.1649239152973,7.707398096515,-0.9789849898899));
#5282=CARTESIAN_POINT('Ctrl Pts',(0.2127617739904,7.683023096515,-0.9697133265159));
#5283=CARTESIAN_POINT('Ctrl Pts',(0.5596361269247,7.658648096515,-0.8200115326143));
#5284=CARTESIAN_POINT('Ctrl Pts',(0.8254661419665,7.634273096515,-0.5515588423881));
#5285=CARTESIAN_POINT('Ctrl Pts',(0.9717553453233,7.609898096515,-0.2032315354317));
#5286=CARTESIAN_POINT('Ctrl Pts',(0.9773187007557,7.585523096515,0.1745269758786));
#5287=CARTESIAN_POINT('Ctrl Pts',(0.8413505446692,7.561148096515,0.5270111660501));
#5288=CARTESIAN_POINT('Ctrl Pts',(0.5835412591602,7.536773096515,0.8031756389572));
#5289=CARTESIAN_POINT('Ctrl Pts',(0.2412257871029,7.512398096515,0.9630273245309));
#5290=CARTESIAN_POINT('Ctrl Pts',(-0.1360230697755,7.488023096515,0.9834171203744));
#5291=CARTESIAN_POINT('Ctrl Pts',(-0.4935735921679,7.463648096515,0.8613922551724));
#5292=CARTESIAN_POINT('Ctrl Pts',(-0.7796466973247,7.439273096515,0.614623897605));
#5293=CARTESIAN_POINT('Ctrl Pts',(-0.9528143854065,7.414898096515,0.2788480860953));
#5294=CARTESIAN_POINT('Ctrl Pts',(-0.9879991820727,7.390523096515,-0.09730942595807));
#5295=CARTESIAN_POINT('Ctrl Pts',(-0.8801057612532,7.366148096515,-0.4593749635814));
#5296=CARTESIAN_POINT('Ctrl Pts',(-0.6447588305485,7.341773096515,-0.754915596995));
#5297=CARTESIAN_POINT('Ctrl Pts',(-0.3160404215502,7.317398096515,-0.9411322755612));
#5298=CARTESIAN_POINT('Ctrl Pts',(0.05844573805894,7.293023096515,-0.9910578206438));
#5299=CARTESIAN_POINT('Ctrl Pts',(0.4244680120973,7.268648096515,-0.8974622080415));
#5300=CARTESIAN_POINT('Ctrl Pts',(0.729020471532,7.244273096515,-0.6738995921084));
#5301=CARTESIAN_POINT('Ctrl Pts',(0.9279990079615,7.219898096515,-0.3527454455822));
#5302=CARTESIAN_POINT('Ctrl Pts',(0.9925883198889,7.195523096515,0.01949193106795));
#5303=CARTESIAN_POINT('Ctrl Pts',(0.9134348331544,7.171148096515,0.3889065617046));
#5304=CARTESIAN_POINT('Ctrl Pts',(0.7020012493424,7.146773096515,0.7020012493424));
#5305=CARTESIAN_POINT('Ctrl Pts',(0.3889065617045,7.122398096515,0.9134348331544));
#5306=CARTESIAN_POINT('Ctrl Pts',(0.01949193106795,7.098023096515,0.9925883198889));
#5307=CARTESIAN_POINT('Ctrl Pts',(-0.3527454455822,7.073648096515,0.9279990079615));
#5308=CARTESIAN_POINT('Ctrl Pts',(-0.6738995921084,7.049273096515,0.729020471532));
#5309=CARTESIAN_POINT('Ctrl Pts',(-0.8974622080415,7.024898096515,0.4244680120973));
#5310=CARTESIAN_POINT('Ctrl Pts',(-0.9910578206438,7.000523096515,0.05844573805893));
#5311=CARTESIAN_POINT('Ctrl Pts',(-0.9411322755612,6.976148096515,-0.3160404215502));
#5312=CARTESIAN_POINT('Ctrl Pts',(-0.754915596995,6.951773096515,-0.6447588305485));
#5313=CARTESIAN_POINT('Ctrl Pts',(-0.4593749635814,6.927398096515,-0.8801057612532));
#5314=CARTESIAN_POINT('Ctrl Pts',(-0.09730942595807,6.903023096515,-0.9879991820727));
#5315=CARTESIAN_POINT('Ctrl Pts',(0.2788480860953,6.878648096515,-0.9528143854065));
#5316=CARTESIAN_POINT('Ctrl Pts',(0.614623897605,6.854273096515,-0.7796466973247));
#5317=CARTESIAN_POINT('Ctrl Pts',(0.8613922551724,6.829898096515,-0.4935735921679));
#5318=CARTESIAN_POINT('Ctrl Pts',(0.9834171203744,6.805523096515,-0.1360230697755));
#5319=CARTESIAN_POINT('Ctrl Pts',(0.9630273245309,6.781148096515,0.2412257871029));
#5320=CARTESIAN_POINT('Ctrl Pts',(0.8031756389572,6.756773096515,0.5835412591602));
#5321=CARTESIAN_POINT('Ctrl Pts',(0.5270111660501,6.732398096515,0.8413505446692));
#5322=CARTESIAN_POINT('Ctrl Pts',(0.1745269758786,6.708023096515,0.9773187007557));
#5323=CARTESIAN_POINT('Ctrl Pts',(-0.2032315354317,6.683648096515,0.9717553453233));
#5324=CARTESIAN_POINT('Ctrl Pts',(-0.5515588423882,6.659273096515,0.8254661419665));
#5325=CARTESIAN_POINT('Ctrl Pts',(-0.8200115326143,6.634898096515,0.5596361269247));
#5326=CARTESIAN_POINT('Ctrl Pts',(-0.9697133265159,6.610523096515,0.2127617739904));
#5327=CARTESIAN_POINT('Ctrl Pts',(-0.9789849898899,6.586148096515,-0.1649239152973));
#5328=CARTESIAN_POINT('Ctrl Pts',(-0.8464838357083,6.561773096515,-0.5187259624781));
#5329=CARTESIAN_POINT('Ctrl Pts',(-0.5913981706026,6.537398096515,-0.7974081199006));
#5330=CARTESIAN_POINT('Ctrl Pts',(-0.2506685045846,6.513023096515,-0.9606127332379));
#5331=CARTESIAN_POINT('Ctrl Pts',(0.1263619784537,6.488648096515,-0.9847050783708));
#5332=CARTESIAN_POINT('Ctrl Pts',(0.485093304392,6.464273096515,-0.8661964328627));
#5333=CARTESIAN_POINT('Ctrl Pts',(0.7735749390091,6.439898096515,-0.6222478728247));
#5334=CARTESIAN_POINT('Ctrl Pts',(0.9500317757089,6.415523096515,-0.2881903957492));
#5335=CARTESIAN_POINT('Ctrl Pts',(0.9889037218203,6.391148096515,0.08761144519864));
#5336=CARTESIAN_POINT('Ctrl Pts',(0.9193579016986,6.374898096515,0.329663390016));
#5337=CARTESIAN_POINT('Ctrl Pts',(0.8632231014209,6.366773096515,0.4398341387655));
#5338=CARTESIAN_POINT('Ctrl Pts',(0.4227478107397,7.983226903485,0.829689294537));
#5339=CARTESIAN_POINT('Ctrl Pts',(0.3168568879202,7.975101903485,0.8836434145839));
#5340=CARTESIAN_POINT('Ctrl Pts',(0.08420798521328,7.958851903485,0.9504875738051));
#5341=CARTESIAN_POINT('Ctrl Pts',(-0.2769950036646,7.934476903485,0.9131256942477));
#5342=CARTESIAN_POINT('Ctrl Pts',(-0.5980752806328,7.910101903485,0.7435237128866));
#5343=CARTESIAN_POINT('Ctrl Pts',(-0.8325471203555,7.885726903485,0.4662487841708));
#5344=CARTESIAN_POINT('Ctrl Pts',(-0.9464520359287,7.861351903485,0.1214531684648));
#5345=CARTESIAN_POINT('Ctrl Pts',(-0.9232956111247,7.836976903485,-0.2409307331895));
#5346=CARTESIAN_POINT('Ctrl Pts',(-0.7664310412561,7.812601903485,-0.5684240031923));
#5347=CARTESIAN_POINT('Ctrl Pts',(-0.4985749074116,7.788226903485,-0.8136003025518));
#5348=CARTESIAN_POINT('Ctrl Pts',(-0.1585170817487,7.763851903485,-0.9409541569115));
#5349=CARTESIAN_POINT('Ctrl Pts',(0.2044965732219,7.739476903485,-0.9320426717678));
#5350=CARTESIAN_POINT('Ctrl Pts',(0.5378958262137,7.715101903485,-0.7881563745074));
#5351=CARTESIAN_POINT('Ctrl Pts',(0.7933990875186,7.690726903485,-0.5301323216251));
#5352=CARTESIAN_POINT('Ctrl Pts',(0.9340053638471,7.666351903485,-0.1953365578173));
#5353=CARTESIAN_POINT('Ctrl Pts',(0.9393525984569,7.641976903485,0.1677470902436));
#5354=CARTESIAN_POINT('Ctrl Pts',(0.8086664255345,7.617601903485,0.5065382539618));
#5355=CARTESIAN_POINT('Ctrl Pts',(0.5608723108185,7.593226903485,0.7719745083035));
#5356=CARTESIAN_POINT('Ctrl Pts',(0.2318548389126,7.568851903485,0.9256164022889));
#5357=CARTESIAN_POINT('Ctrl Pts',(-0.1307389533679,7.544476903485,0.9452141115036));
#5358=CARTESIAN_POINT('Ctrl Pts',(-0.4743996364483,7.520101903485,0.8279295715525));
#5359=CARTESIAN_POINT('Ctrl Pts',(-0.7493596003474,7.495726903485,0.59074747556));
#5360=CARTESIAN_POINT('Ctrl Pts',(-0.9158002073292,7.471351903485,0.2680156166518));
#5361=CARTESIAN_POINT('Ctrl Pts',(-0.9496181729007,7.446976903485,-0.09352922650245));
#5362=CARTESIAN_POINT('Ctrl Pts',(-0.8459161101807,7.422601903485,-0.4415295290805));
#5363=CARTESIAN_POINT('Ctrl Pts',(-0.6197117505124,7.398226903485,-0.7255892342023));
#5364=CARTESIAN_POINT('Ctrl Pts',(-0.3037631337363,7.373851903485,-0.9045719148283));
#5365=CARTESIAN_POINT('Ctrl Pts',(0.05617528434884,7.349476903485,-0.9525579919048));
#5366=CARTESIAN_POINT('Ctrl Pts',(0.4079786151816,7.325101903485,-0.8625983074803));
#5367=CARTESIAN_POINT('Ctrl Pts',(0.7007000620497,7.300726903485,-0.6477204748631));
#5368=CARTESIAN_POINT('Ctrl Pts',(0.8919488379994,7.276351903485,-0.3390422700857));
#5369=CARTESIAN_POINT('Ctrl Pts',(0.9540290355282,7.251976903485,0.01873472397843));
#5370=CARTESIAN_POINT('Ctrl Pts',(0.8779504407121,7.227601903485,0.373798627829));
#5371=CARTESIAN_POINT('Ctrl Pts',(0.6747304611893,7.203226903485,0.6747304611893));
#5372=CARTESIAN_POINT('Ctrl Pts',(0.373798627829,7.178851903485,0.8779504407121));
#5373=CARTESIAN_POINT('Ctrl Pts',(0.01873472397843,7.154476903485,0.9540290355282));
#5374=CARTESIAN_POINT('Ctrl Pts',(-0.3390422700857,7.130101903485,0.8919488379994));
#5375=CARTESIAN_POINT('Ctrl Pts',(-0.6477204748631,7.105726903485,0.7007000620497));
#5376=CARTESIAN_POINT('Ctrl Pts',(-0.8625983074803,7.081351903485,0.4079786151816));
#5377=CARTESIAN_POINT('Ctrl Pts',(-0.9525579919048,7.056976903485,0.05617528434883));
#5378=CARTESIAN_POINT('Ctrl Pts',(-0.9045719148283,7.032601903485,-0.3037631337363));
#5379=CARTESIAN_POINT('Ctrl Pts',(-0.7255892342023,7.008226903485,-0.6197117505124));
#5380=CARTESIAN_POINT('Ctrl Pts',(-0.4415295290805,6.983851903485,-0.8459161101807));
#5381=CARTESIAN_POINT('Ctrl Pts',(-0.09352922650246,6.959476903485,-0.9496181729007));
#5382=CARTESIAN_POINT('Ctrl Pts',(0.2680156166518,6.935101903485,-0.9158002073292));
#5383=CARTESIAN_POINT('Ctrl Pts',(0.59074747556,6.910726903485,-0.7493596003474));
#5384=CARTESIAN_POINT('Ctrl Pts',(0.8279295715525,6.886351903485,-0.4743996364483));
#5385=CARTESIAN_POINT('Ctrl Pts',(0.9452141115036,6.861976903485,-0.1307389533679));
#5386=CARTESIAN_POINT('Ctrl Pts',(0.9256164022889,6.837601903485,0.2318548389126));
#5387=CARTESIAN_POINT('Ctrl Pts',(0.7719745083035,6.813226903485,0.5608723108185));
#5388=CARTESIAN_POINT('Ctrl Pts',(0.5065382539618,6.788851903485,0.8086664255345));
#5389=CARTESIAN_POINT('Ctrl Pts',(0.1677470902436,6.764476903485,0.9393525984569));
#5390=CARTESIAN_POINT('Ctrl Pts',(-0.1953365578173,6.740101903485,0.9340053638471));
#5391=CARTESIAN_POINT('Ctrl Pts',(-0.5301323216251,6.715726903485,0.7933990875186));
#5392=CARTESIAN_POINT('Ctrl Pts',(-0.7881563745074,6.691351903485,0.5378958262137));
#5393=CARTESIAN_POINT('Ctrl Pts',(-0.9320426717678,6.666976903485,0.2044965732219));
#5394=CARTESIAN_POINT('Ctrl Pts',(-0.9409541569115,6.642601903485,-0.1585170817487));
#5395=CARTESIAN_POINT('Ctrl Pts',(-0.8136003025518,6.618226903485,-0.4985749074116));
#5396=CARTESIAN_POINT('Ctrl Pts',(-0.5684240031923,6.593851903485,-0.7664310412561));
#5397=CARTESIAN_POINT('Ctrl Pts',(-0.2409307331895,6.569476903485,-0.9232956111247));
#5398=CARTESIAN_POINT('Ctrl Pts',(0.1214531684648,6.545101903485,-0.9464520359287));
#5399=CARTESIAN_POINT('Ctrl Pts',(0.4662487841708,6.520726903485,-0.8325471203555));
#5400=CARTESIAN_POINT('Ctrl Pts',(0.7435237128866,6.496351903485,-0.5980752806328));
#5401=CARTESIAN_POINT('Ctrl Pts',(0.9131256942477,6.471976903485,-0.2769950036646));
#5402=CARTESIAN_POINT('Ctrl Pts',(0.9504875738051,6.447601903485,0.08420798521329));
#5403=CARTESIAN_POINT('Ctrl Pts',(0.8836434145839,6.431351903485,0.3168568879202));
#5404=CARTESIAN_POINT('Ctrl Pts',(0.829689294537,6.423226903485,0.4227478107397));
#5405=CARTESIAN_POINT('Ctrl Pts',(0.4056614827139,8.039680710456,0.796155487653));
#5406=CARTESIAN_POINT('Ctrl Pts',(0.3040503858244,8.031555710456,0.8479289274693));
#5407=CARTESIAN_POINT('Ctrl Pts',(0.08080452522793,8.015305710456,0.9120714257899));
#5408=CARTESIAN_POINT('Ctrl Pts',(-0.2657996115801,7.990930710456,0.8762196127865));
#5409=CARTESIAN_POINT('Ctrl Pts',(-0.5739026884409,7.966555710456,0.713472486764));
#5410=CARTESIAN_POINT('Ctrl Pts',(-0.7988978078482,7.942180710456,0.4474042639495));
#5411=CARTESIAN_POINT('Ctrl Pts',(-0.9081989934865,7.917805710456,0.1165443584758));
#5412=CARTESIAN_POINT('Ctrl Pts',(-0.8859784890115,7.893430710456,-0.2311929617944));
#5413=CARTESIAN_POINT('Ctrl Pts',(-0.7354539626117,7.869055710456,-0.545449835782));
#5414=CARTESIAN_POINT('Ctrl Pts',(-0.4784238523451,7.844680710456,-0.7807167693953));
#5415=CARTESIAN_POINT('Ctrl Pts',(-0.1521102482001,7.820305710456,-0.9029233239331));
#5416=CARTESIAN_POINT('Ctrl Pts',(0.1962313724533,7.795930710456,-0.8943720170198));
#5417=CARTESIAN_POINT('Ctrl Pts',(0.5161555255027,7.771555710456,-0.7563012164005));
#5418=CARTESIAN_POINT('Ctrl Pts',(0.7613320330707,7.747180710456,-0.508705800862));
#5419=CARTESIAN_POINT('Ctrl Pts',(0.8962553823708,7.722805710456,-0.187441580203));
#5420=CARTESIAN_POINT('Ctrl Pts',(0.9013864961582,7.698430710456,0.1609672046085));
#5421=CARTESIAN_POINT('Ctrl Pts',(0.7759823063999,7.674055710456,0.4860653418734));
#5422=CARTESIAN_POINT('Ctrl Pts',(0.5382033624768,7.649680710456,0.7407733776499));
#5423=CARTESIAN_POINT('Ctrl Pts',(0.2224838907222,7.625305710456,0.8882054800468));
#5424=CARTESIAN_POINT('Ctrl Pts',(-0.1254548369604,7.600930710456,0.9070111026329));
#5425=CARTESIAN_POINT('Ctrl Pts',(-0.4552256807287,7.576555710456,0.7944668879325));
#5426=CARTESIAN_POINT('Ctrl Pts',(-0.7190725033701,7.552180710456,0.566871053515));
#5427=CARTESIAN_POINT('Ctrl Pts',(-0.8787860292518,7.527805710456,0.2571831472083));
#5428=CARTESIAN_POINT('Ctrl Pts',(-0.9112371637287,7.503430710456,-0.08974902704684));
#5429=CARTESIAN_POINT('Ctrl Pts',(-0.8117264591082,7.479055710456,-0.4236840945796));
#5430=CARTESIAN_POINT('Ctrl Pts',(-0.5946646704762,7.454680710456,-0.6962628714096));
#5431=CARTESIAN_POINT('Ctrl Pts',(-0.2914858459223,7.430305710456,-0.8680115540954));
#5432=CARTESIAN_POINT('Ctrl Pts',(0.05390483063875,7.405930710456,-0.9140581631657));
#5433=CARTESIAN_POINT('Ctrl Pts',(0.391489218266,7.381555710456,-0.827734406919));
#5434=CARTESIAN_POINT('Ctrl Pts',(0.6723796525675,7.357180710456,-0.6215413576178));
#5435=CARTESIAN_POINT('Ctrl Pts',(0.8558986680372,7.332805710456,-0.3253390945893));
#5436=CARTESIAN_POINT('Ctrl Pts',(0.9154697511675,7.308430710456,0.01797751688892));
#5437=CARTESIAN_POINT('Ctrl Pts',(0.8424660482698,7.284055710456,0.3586906939535));
#5438=CARTESIAN_POINT('Ctrl Pts',(0.6474596730361,7.259680710456,0.6474596730361));
#5439=CARTESIAN_POINT('Ctrl Pts',(0.3586906939535,7.235305710456,0.8424660482698));
#5440=CARTESIAN_POINT('Ctrl Pts',(0.01797751688892,7.210930710456,0.9154697511675));
#5441=CARTESIAN_POINT('Ctrl Pts',(-0.3253390945893,7.186555710456,0.8558986680372));
#5442=CARTESIAN_POINT('Ctrl Pts',(-0.6215413576178,7.162180710456,0.6723796525675));
#5443=CARTESIAN_POINT('Ctrl Pts',(-0.827734406919,7.137805710456,0.391489218266));
#5444=CARTESIAN_POINT('Ctrl Pts',(-0.9140581631657,7.113430710456,0.05390483063874));
#5445=CARTESIAN_POINT('Ctrl Pts',(-0.8680115540954,7.089055710456,-0.2914858459223));
#5446=CARTESIAN_POINT('Ctrl Pts',(-0.6962628714096,7.064680710456,-0.5946646704763));
#5447=CARTESIAN_POINT('Ctrl Pts',(-0.4236840945796,7.040305710456,-0.8117264591082));
#5448=CARTESIAN_POINT('Ctrl Pts',(-0.08974902704684,7.015930710456,-0.9112371637287));
#5449=CARTESIAN_POINT('Ctrl Pts',(0.2571831472083,6.991555710456,-0.8787860292518));
#5450=CARTESIAN_POINT('Ctrl Pts',(0.566871053515,6.967180710456,-0.7190725033701));
#5451=CARTESIAN_POINT('Ctrl Pts',(0.7944668879325,6.942805710456,-0.4552256807287));
#5452=CARTESIAN_POINT('Ctrl Pts',(0.9070111026329,6.918430710456,-0.1254548369604));
#5453=CARTESIAN_POINT('Ctrl Pts',(0.8882054800468,6.894055710456,0.2224838907222));
#5454=CARTESIAN_POINT('Ctrl Pts',(0.7407733776499,6.869680710456,0.5382033624768));
#5455=CARTESIAN_POINT('Ctrl Pts',(0.4860653418734,6.845305710456,0.7759823063999));
#5456=CARTESIAN_POINT('Ctrl Pts',(0.1609672046085,6.820930710456,0.9013864961582));
#5457=CARTESIAN_POINT('Ctrl Pts',(-0.187441580203,6.796555710456,0.8962553823708));
#5458=CARTESIAN_POINT('Ctrl Pts',(-0.508705800862,6.772180710456,0.7613320330707));
#5459=CARTESIAN_POINT('Ctrl Pts',(-0.7563012164005,6.747805710456,0.5161555255027));
#5460=CARTESIAN_POINT('Ctrl Pts',(-0.8943720170198,6.723430710456,0.1962313724533));
#5461=CARTESIAN_POINT('Ctrl Pts',(-0.9029233239331,6.699055710456,-0.1521102482001));
#5462=CARTESIAN_POINT('Ctrl Pts',(-0.7807167693953,6.674680710456,-0.4784238523451));
#5463=CARTESIAN_POINT('Ctrl Pts',(-0.545449835782,6.650305710456,-0.7354539626117));
#5464=CARTESIAN_POINT('Ctrl Pts',(-0.2311929617944,6.625930710456,-0.8859784890115));
#5465=CARTESIAN_POINT('Ctrl Pts',(0.1165443584758,6.601555710456,-0.9081989934865));
#5466=CARTESIAN_POINT('Ctrl Pts',(0.4474042639495,6.577180710456,-0.7988978078482));
#5467=CARTESIAN_POINT('Ctrl Pts',(0.713472486764,6.552805710456,-0.5739026884409));
#5468=CARTESIAN_POINT('Ctrl Pts',(0.8762196127865,6.528430710456,-0.2657996115801));
#5469=CARTESIAN_POINT('Ctrl Pts',(0.9120714257899,6.504055710456,0.08080452522794));
#5470=CARTESIAN_POINT('Ctrl Pts',(0.8479289274693,6.487805710456,0.3040503858244));
#5471=CARTESIAN_POINT('Ctrl Pts',(0.796155487653,6.479680710456,0.4056614827139));
#5472=CARTESIAN_POINT('',(1.,6.35,0.));
#5473=CARTESIAN_POINT('Ctrl Pts',(0.8967569083049,6.370319289544,-0.4569204667913));
#5474=CARTESIAN_POINT('Ctrl Pts',(0.9550723888133,6.362194289544,-0.3424698921118));
#5475=CARTESIAN_POINT('Ctrl Pts',(1.027319869836,6.345944289544,-0.09101490518398));
#5476=CARTESIAN_POINT('Ctrl Pts',(0.9869378571701,6.321569289544,0.2993857878338));
#5477=CARTESIAN_POINT('Ctrl Pts',(0.8036261651316,6.297194289544,0.6464204650165));
#5478=CARTESIAN_POINT('Ctrl Pts',(0.5039378246133,6.272819289544,0.89984574537));
#5479=CARTESIAN_POINT('Ctrl Pts',(0.1312707884427,6.248444289544,1.022958120813));
#5480=CARTESIAN_POINT('Ctrl Pts',(-0.2604062759797,6.224069289544,0.9979298553511));
#5481=CARTESIAN_POINT('Ctrl Pts',(-0.6143723380129,6.199694289544,0.8283851985451));
#5482=CARTESIAN_POINT('Ctrl Pts',(-0.8793673688648,6.175319289544,0.5388770175447));
#5483=CARTESIAN_POINT('Ctrl Pts',(-1.017015822868,6.150944289544,0.171330748846));
#5484=CARTESIAN_POINT('Ctrl Pts',(-1.007383981264,6.126569289544,-0.2210269747589));
#5485=CARTESIAN_POINT('Ctrl Pts',(-0.8518666907212,6.102194289544,-0.5813764276357));
#5486=CARTESIAN_POINT('Ctrl Pts',(-0.5729853631512,6.077819289544,-0.8575331964144));
#5487=CARTESIAN_POINT('Ctrl Pts',(-0.211126513046,6.053444289544,-1.0095053268));
#5488=CARTESIAN_POINT('Ctrl Pts',(0.1813068615136,6.029069289544,-1.015284803054));
#5489=CARTESIAN_POINT('Ctrl Pts',(0.5474840781384,6.004694289544,-0.8740346638039));
#5490=CARTESIAN_POINT('Ctrl Pts',(0.8343767696108,5.980319289544,-0.606210207502));
#5491=CARTESIAN_POINT('Ctrl Pts',(1.000438246773,5.955944289544,-0.2505967352933));
#5492=CARTESIAN_POINT('Ctrl Pts',(1.021620129245,5.931569289544,0.1413071861831));
#5493=CARTESIAN_POINT('Ctrl Pts',(0.8948549387924,5.907194289544,0.5127475478875));
#5494=CARTESIAN_POINT('Ctrl Pts',(0.6385003196501,5.882819289544,0.8099337943021));
#5495=CARTESIAN_POINT('Ctrl Pts',(0.2896805555388,5.858444289544,0.9898285634838));
#5496=CARTESIAN_POINT('Ctrl Pts',(-0.1010896254137,5.834069289544,1.026380191245));
#5497=CARTESIAN_POINT('Ctrl Pts',(-0.4772203980823,5.809694289544,0.9142954123258));
#5498=CARTESIAN_POINT('Ctrl Pts',(-0.7842419597877,5.785319289544,0.6698059105847));
#5499=CARTESIAN_POINT('Ctrl Pts',(-0.9776926362941,5.760944289544,0.3283177093641));
#5500=CARTESIAN_POINT('Ctrl Pts',(-1.029557649383,5.736569289544,-0.06071619176903));
#5501=CARTESIAN_POINT('Ctrl Pts',(-0.9323261086028,5.712194289544,-0.4409574090129));
#5502=CARTESIAN_POINT('Ctrl Pts',(-0.7000787093536,5.687819289544,-0.7573408810143));
#5503=CARTESIAN_POINT('Ctrl Pts',(-0.3664486210786,5.663444289544,-0.9640491779237));
#5504=CARTESIAN_POINT('Ctrl Pts',(0.02024913815746,5.639069289544,-1.03114760425));
#5505=CARTESIAN_POINT('Ctrl Pts',(0.4040144955801,5.614694289544,-0.9489192255966));
#5506=CARTESIAN_POINT('Ctrl Pts',(0.7292720374955,5.590319289544,-0.7292720374955));
#5507=CARTESIAN_POINT('Ctrl Pts',(0.9489192255966,5.565944289544,-0.4040144955801));
#5508=CARTESIAN_POINT('Ctrl Pts',(1.03114760425,5.541569289544,-0.02024913815746));
#5509=CARTESIAN_POINT('Ctrl Pts',(0.9640491779237,5.517194289544,0.3664486210786));
#5510=CARTESIAN_POINT('Ctrl Pts',(0.7573408810143,5.492819289544,0.7000787093537));
#5511=CARTESIAN_POINT('Ctrl Pts',(0.4409574090129,5.468444289544,0.9323261086028));
#5512=CARTESIAN_POINT('Ctrl Pts',(0.06071619176902,5.444069289544,1.029557649383));
#5513=CARTESIAN_POINT('Ctrl Pts',(-0.3283177093642,5.419694289544,0.9776926362941));
#5514=CARTESIAN_POINT('Ctrl Pts',(-0.6698059105847,5.395319289544,0.7842419597877));
#5515=CARTESIAN_POINT('Ctrl Pts',(-0.9142954123258,5.370944289544,0.4772203980823));
#5516=CARTESIAN_POINT('Ctrl Pts',(-1.026380191245,5.346569289544,0.1010896254137));
#5517=CARTESIAN_POINT('Ctrl Pts',(-0.9898285634838,5.322194289544,-0.2896805555388));
#5518=CARTESIAN_POINT('Ctrl Pts',(-0.8099337943021,5.297819289544,-0.6385003196501));
#5519=CARTESIAN_POINT('Ctrl Pts',(-0.5127475478875,5.273444289544,-0.8948549387924));
#5520=CARTESIAN_POINT('Ctrl Pts',(-0.1413071861831,5.249069289544,-1.021620129245));
#5521=CARTESIAN_POINT('Ctrl Pts',(0.2505967352933,5.224694289544,-1.000438246773));
#5522=CARTESIAN_POINT('Ctrl Pts',(0.606210207502,5.200319289544,-0.8343767696108));
#5523=CARTESIAN_POINT('Ctrl Pts',(0.8740346638039,5.175944289544,-0.5474840781384));
#5524=CARTESIAN_POINT('Ctrl Pts',(1.015284803054,5.151569289544,-0.1813068615136));
#5525=CARTESIAN_POINT('Ctrl Pts',(1.0095053268,5.127194289544,0.211126513046));
#5526=CARTESIAN_POINT('Ctrl Pts',(0.8575331964143,5.102819289544,0.5729853631512));
#5527=CARTESIAN_POINT('Ctrl Pts',(0.5813764276357,5.078444289544,0.8518666907212));
#5528=CARTESIAN_POINT('Ctrl Pts',(0.2210269747589,5.054069289544,1.007383981264));
#5529=CARTESIAN_POINT('Ctrl Pts',(-0.171330748846,5.029694289544,1.017015822868));
#5530=CARTESIAN_POINT('Ctrl Pts',(-0.5388770175447,5.005319289544,0.8793673688648));
#5531=CARTESIAN_POINT('Ctrl Pts',(-0.8283851985451,4.980944289544,0.6143723380129));
#5532=CARTESIAN_POINT('Ctrl Pts',(-0.9979298553511,4.956569289544,0.2604062759797));
#5533=CARTESIAN_POINT('Ctrl Pts',(-1.022958120813,4.932194289544,-0.1312707884427));
#5534=CARTESIAN_POINT('Ctrl Pts',(-0.89984574537,4.907819289544,-0.5039378246133));
#5535=CARTESIAN_POINT('Ctrl Pts',(-0.6464204650165,4.883444289544,-0.8036261651316));
#5536=CARTESIAN_POINT('Ctrl Pts',(-0.2993857878338,4.859069289544,-0.9869378571701));
#5537=CARTESIAN_POINT('Ctrl Pts',(0.09101490518399,4.834694289544,-1.027319869836));
#5538=CARTESIAN_POINT('Ctrl Pts',(0.3424698921118,4.818444289544,-0.9550723888133));
#5539=CARTESIAN_POINT('Ctrl Pts',(0.4569204667913,4.810319289544,-0.8967569083049));
#5540=CARTESIAN_POINT('Ctrl Pts',(0.8632231014209,6.426773096515,-0.4398341387655));
#5541=CARTESIAN_POINT('Ctrl Pts',(0.9193579016986,6.418648096515,-0.329663390016));
#5542=CARTESIAN_POINT('Ctrl Pts',(0.9889037218203,6.402398096515,-0.08761144519863));
#5543=CARTESIAN_POINT('Ctrl Pts',(0.9500317757089,6.378023096515,0.2881903957492));
#5544=CARTESIAN_POINT('Ctrl Pts',(0.7735749390091,6.353648096515,0.6222478728247));
#5545=CARTESIAN_POINT('Ctrl Pts',(0.485093304392,6.329273096515,0.8661964328627));
#5546=CARTESIAN_POINT('Ctrl Pts',(0.1263619784537,6.304898096515,0.9847050783708));
#5547=CARTESIAN_POINT('Ctrl Pts',(-0.2506685045846,6.280523096515,0.9606127332379));
#5548=CARTESIAN_POINT('Ctrl Pts',(-0.5913981706026,6.256148096515,0.7974081199006));
#5549=CARTESIAN_POINT('Ctrl Pts',(-0.8464838357083,6.231773096515,0.5187259624781));
#5550=CARTESIAN_POINT('Ctrl Pts',(-0.9789849898899,6.207398096515,0.1649239152973));
#5551=CARTESIAN_POINT('Ctrl Pts',(-0.9697133265159,6.183023096515,-0.2127617739904));
#5552=CARTESIAN_POINT('Ctrl Pts',(-0.8200115326143,6.158648096515,-0.5596361269247));
#5553=CARTESIAN_POINT('Ctrl Pts',(-0.5515588423881,6.134273096515,-0.8254661419665));
#5554=CARTESIAN_POINT('Ctrl Pts',(-0.2032315354317,6.109898096515,-0.9717553453233));
#5555=CARTESIAN_POINT('Ctrl Pts',(0.1745269758786,6.085523096515,-0.9773187007557));
#5556=CARTESIAN_POINT('Ctrl Pts',(0.5270111660501,6.061148096515,-0.8413505446692));
#5557=CARTESIAN_POINT('Ctrl Pts',(0.8031756389572,6.036773096515,-0.5835412591602));
#5558=CARTESIAN_POINT('Ctrl Pts',(0.9630273245309,6.012398096515,-0.2412257871029));
#5559=CARTESIAN_POINT('Ctrl Pts',(0.9834171203744,5.988023096515,0.1360230697755));
#5560=CARTESIAN_POINT('Ctrl Pts',(0.8613922551724,5.963648096515,0.4935735921679));
#5561=CARTESIAN_POINT('Ctrl Pts',(0.614623897605,5.939273096515,0.7796466973247));
#5562=CARTESIAN_POINT('Ctrl Pts',(0.2788480860953,5.914898096515,0.9528143854065));
#5563=CARTESIAN_POINT('Ctrl Pts',(-0.09730942595807,5.890523096515,0.9879991820727));
#5564=CARTESIAN_POINT('Ctrl Pts',(-0.4593749635814,5.866148096515,0.8801057612532));
#5565=CARTESIAN_POINT('Ctrl Pts',(-0.754915596995,5.841773096515,0.6447588305485));
#5566=CARTESIAN_POINT('Ctrl Pts',(-0.9411322755612,5.817398096515,0.3160404215502));
#5567=CARTESIAN_POINT('Ctrl Pts',(-0.9910578206438,5.793023096515,-0.05844573805894));
#5568=CARTESIAN_POINT('Ctrl Pts',(-0.8974622080415,5.768648096515,-0.4244680120973));
#5569=CARTESIAN_POINT('Ctrl Pts',(-0.6738995921084,5.744273096515,-0.729020471532));
#5570=CARTESIAN_POINT('Ctrl Pts',(-0.3527454455822,5.719898096515,-0.9279990079615));
#5571=CARTESIAN_POINT('Ctrl Pts',(0.01949193106795,5.695523096515,-0.9925883198889));
#5572=CARTESIAN_POINT('Ctrl Pts',(0.3889065617046,5.671148096515,-0.9134348331544));
#5573=CARTESIAN_POINT('Ctrl Pts',(0.7020012493424,5.646773096515,-0.7020012493424));
#5574=CARTESIAN_POINT('Ctrl Pts',(0.9134348331544,5.622398096515,-0.3889065617045));
#5575=CARTESIAN_POINT('Ctrl Pts',(0.9925883198889,5.598023096515,-0.01949193106794));
#5576=CARTESIAN_POINT('Ctrl Pts',(0.9279990079615,5.573648096515,0.3527454455822));
#5577=CARTESIAN_POINT('Ctrl Pts',(0.729020471532,5.549273096515,0.6738995921084));
#5578=CARTESIAN_POINT('Ctrl Pts',(0.4244680120973,5.524898096515,0.8974622080415));
#5579=CARTESIAN_POINT('Ctrl Pts',(0.05844573805893,5.500523096515,0.9910578206438));
#5580=CARTESIAN_POINT('Ctrl Pts',(-0.3160404215502,5.476148096515,0.9411322755612));
#5581=CARTESIAN_POINT('Ctrl Pts',(-0.6447588305485,5.451773096515,0.754915596995));
#5582=CARTESIAN_POINT('Ctrl Pts',(-0.8801057612532,5.427398096515,0.4593749635814));
#5583=CARTESIAN_POINT('Ctrl Pts',(-0.9879991820727,5.403023096515,0.09730942595807));
#5584=CARTESIAN_POINT('Ctrl Pts',(-0.9528143854065,5.378648096515,-0.2788480860953));
#5585=CARTESIAN_POINT('Ctrl Pts',(-0.7796466973247,5.354273096515,-0.614623897605));
#5586=CARTESIAN_POINT('Ctrl Pts',(-0.4935735921679,5.329898096515,-0.8613922551724));
#5587=CARTESIAN_POINT('Ctrl Pts',(-0.1360230697755,5.305523096515,-0.9834171203744));
#5588=CARTESIAN_POINT('Ctrl Pts',(0.2412257871029,5.281148096515,-0.9630273245309));
#5589=CARTESIAN_POINT('Ctrl Pts',(0.5835412591602,5.256773096515,-0.8031756389572));
#5590=CARTESIAN_POINT('Ctrl Pts',(0.8413505446692,5.232398096515,-0.5270111660501));
#5591=CARTESIAN_POINT('Ctrl Pts',(0.9773187007557,5.208023096515,-0.1745269758786));
#5592=CARTESIAN_POINT('Ctrl Pts',(0.9717553453233,5.183648096515,0.2032315354317));
#5593=CARTESIAN_POINT('Ctrl Pts',(0.8254661419665,5.159273096515,0.5515588423882));
#5594=CARTESIAN_POINT('Ctrl Pts',(0.5596361269247,5.134898096515,0.8200115326143));
#5595=CARTESIAN_POINT('Ctrl Pts',(0.2127617739904,5.110523096515,0.9697133265159));
#5596=CARTESIAN_POINT('Ctrl Pts',(-0.1649239152973,5.086148096515,0.9789849898899));
#5597=CARTESIAN_POINT('Ctrl Pts',(-0.5187259624781,5.061773096515,0.8464838357083));
#5598=CARTESIAN_POINT('Ctrl Pts',(-0.7974081199006,5.037398096515,0.5913981706026));
#5599=CARTESIAN_POINT('Ctrl Pts',(-0.9606127332379,5.013023096515,0.2506685045846));
#5600=CARTESIAN_POINT('Ctrl Pts',(-0.9847050783708,4.988648096515,-0.1263619784537));
#5601=CARTESIAN_POINT('Ctrl Pts',(-0.8661964328627,4.964273096515,-0.485093304392));
#5602=CARTESIAN_POINT('Ctrl Pts',(-0.6222478728247,4.939898096515,-0.7735749390091));
#5603=CARTESIAN_POINT('Ctrl Pts',(-0.2881903957492,4.915523096515,-0.9500317757089));
#5604=CARTESIAN_POINT('Ctrl Pts',(0.08761144519864,4.891148096515,-0.9889037218203));
#5605=CARTESIAN_POINT('Ctrl Pts',(0.329663390016,4.874898096515,-0.9193579016986));
#5606=CARTESIAN_POINT('Ctrl Pts',(0.4398341387655,4.866773096515,-0.8632231014209));
#5607=CARTESIAN_POINT('Ctrl Pts',(0.829689294537,6.483226903485,-0.4227478107397));
#5608=CARTESIAN_POINT('Ctrl Pts',(0.883643414584,6.475101903485,-0.3168568879202));
#5609=CARTESIAN_POINT('Ctrl Pts',(0.9504875738051,6.458851903485,-0.08420798521328));
#5610=CARTESIAN_POINT('Ctrl Pts',(0.9131256942477,6.434476903485,0.2769950036646));
#5611=CARTESIAN_POINT('Ctrl Pts',(0.7435237128866,6.410101903485,0.5980752806328));
#5612=CARTESIAN_POINT('Ctrl Pts',(0.4662487841708,6.385726903485,0.8325471203555));
#5613=CARTESIAN_POINT('Ctrl Pts',(0.1214531684648,6.361351903485,0.9464520359287));
#5614=CARTESIAN_POINT('Ctrl Pts',(-0.2409307331895,6.336976903485,0.9232956111247));
#5615=CARTESIAN_POINT('Ctrl Pts',(-0.5684240031923,6.312601903485,0.7664310412561));
#5616=CARTESIAN_POINT('Ctrl Pts',(-0.8136003025518,6.288226903485,0.4985749074116));
#5617=CARTESIAN_POINT('Ctrl Pts',(-0.9409541569115,6.263851903485,0.1585170817487));
#5618=CARTESIAN_POINT('Ctrl Pts',(-0.9320426717678,6.239476903485,-0.2044965732219));
#5619=CARTESIAN_POINT('Ctrl Pts',(-0.7881563745074,6.215101903485,-0.5378958262137));
#5620=CARTESIAN_POINT('Ctrl Pts',(-0.5301323216251,6.190726903485,-0.7933990875186));
#5621=CARTESIAN_POINT('Ctrl Pts',(-0.1953365578173,6.166351903485,-0.9340053638471));
#5622=CARTESIAN_POINT('Ctrl Pts',(0.1677470902436,6.141976903485,-0.9393525984569));
#5623=CARTESIAN_POINT('Ctrl Pts',(0.5065382539618,6.117601903485,-0.8086664255345));
#5624=CARTESIAN_POINT('Ctrl Pts',(0.7719745083035,6.093226903485,-0.5608723108185));
#5625=CARTESIAN_POINT('Ctrl Pts',(0.9256164022889,6.068851903485,-0.2318548389126));
#5626=CARTESIAN_POINT('Ctrl Pts',(0.9452141115036,6.044476903485,0.1307389533679));
#5627=CARTESIAN_POINT('Ctrl Pts',(0.8279295715525,6.020101903485,0.4743996364483));
#5628=CARTESIAN_POINT('Ctrl Pts',(0.59074747556,5.995726903485,0.7493596003474));
#5629=CARTESIAN_POINT('Ctrl Pts',(0.2680156166518,5.971351903485,0.9158002073292));
#5630=CARTESIAN_POINT('Ctrl Pts',(-0.09352922650245,5.946976903485,0.9496181729007));
#5631=CARTESIAN_POINT('Ctrl Pts',(-0.4415295290805,5.922601903485,0.8459161101807));
#5632=CARTESIAN_POINT('Ctrl Pts',(-0.7255892342023,5.898226903485,0.6197117505124));
#5633=CARTESIAN_POINT('Ctrl Pts',(-0.9045719148283,5.873851903485,0.3037631337363));
#5634=CARTESIAN_POINT('Ctrl Pts',(-0.9525579919048,5.849476903485,-0.05617528434884));
#5635=CARTESIAN_POINT('Ctrl Pts',(-0.8625983074803,5.825101903485,-0.4079786151816));
#5636=CARTESIAN_POINT('Ctrl Pts',(-0.6477204748631,5.800726903485,-0.7007000620497));
#5637=CARTESIAN_POINT('Ctrl Pts',(-0.3390422700857,5.776351903485,-0.8919488379994));
#5638=CARTESIAN_POINT('Ctrl Pts',(0.01873472397843,5.751976903485,-0.9540290355282));
#5639=CARTESIAN_POINT('Ctrl Pts',(0.373798627829,5.727601903485,-0.8779504407121));
#5640=CARTESIAN_POINT('Ctrl Pts',(0.6747304611893,5.703226903485,-0.6747304611893));
#5641=CARTESIAN_POINT('Ctrl Pts',(0.8779504407121,5.678851903485,-0.373798627829));
#5642=CARTESIAN_POINT('Ctrl Pts',(0.9540290355282,5.654476903485,-0.01873472397843));
#5643=CARTESIAN_POINT('Ctrl Pts',(0.8919488379994,5.630101903485,0.3390422700857));
#5644=CARTESIAN_POINT('Ctrl Pts',(0.7007000620497,5.605726903485,0.6477204748631));
#5645=CARTESIAN_POINT('Ctrl Pts',(0.4079786151816,5.581351903485,0.8625983074803));
#5646=CARTESIAN_POINT('Ctrl Pts',(0.05617528434884,5.556976903485,0.9525579919048));
#5647=CARTESIAN_POINT('Ctrl Pts',(-0.3037631337363,5.532601903485,0.9045719148283));
#5648=CARTESIAN_POINT('Ctrl Pts',(-0.6197117505124,5.508226903485,0.7255892342023));
#5649=CARTESIAN_POINT('Ctrl Pts',(-0.8459161101807,5.483851903485,0.4415295290805));
#5650=CARTESIAN_POINT('Ctrl Pts',(-0.9496181729007,5.459476903485,0.09352922650246));
#5651=CARTESIAN_POINT('Ctrl Pts',(-0.9158002073292,5.435101903485,-0.2680156166518));
#5652=CARTESIAN_POINT('Ctrl Pts',(-0.7493596003474,5.410726903485,-0.59074747556));
#5653=CARTESIAN_POINT('Ctrl Pts',(-0.4743996364483,5.386351903485,-0.8279295715525));
#5654=CARTESIAN_POINT('Ctrl Pts',(-0.1307389533679,5.361976903485,-0.9452141115036));
#5655=CARTESIAN_POINT('Ctrl Pts',(0.2318548389126,5.337601903485,-0.9256164022889));
#5656=CARTESIAN_POINT('Ctrl Pts',(0.5608723108185,5.313226903485,-0.7719745083035));
#5657=CARTESIAN_POINT('Ctrl Pts',(0.8086664255345,5.288851903485,-0.5065382539618));
#5658=CARTESIAN_POINT('Ctrl Pts',(0.9393525984569,5.264476903485,-0.1677470902436));
#5659=CARTESIAN_POINT('Ctrl Pts',(0.9340053638471,5.240101903485,0.1953365578173));
#5660=CARTESIAN_POINT('Ctrl Pts',(0.7933990875186,5.215726903485,0.5301323216251));
#5661=CARTESIAN_POINT('Ctrl Pts',(0.5378958262137,5.191351903485,0.7881563745074));
#5662=CARTESIAN_POINT('Ctrl Pts',(0.2044965732219,5.166976903485,0.9320426717678));
#5663=CARTESIAN_POINT('Ctrl Pts',(-0.1585170817487,5.142601903485,0.9409541569115));
#5664=CARTESIAN_POINT('Ctrl Pts',(-0.4985749074116,5.118226903485,0.8136003025518));
#5665=CARTESIAN_POINT('Ctrl Pts',(-0.7664310412561,5.093851903485,0.5684240031923));
#5666=CARTESIAN_POINT('Ctrl Pts',(-0.9232956111247,5.069476903485,0.2409307331895));
#5667=CARTESIAN_POINT('Ctrl Pts',(-0.9464520359287,5.045101903485,-0.1214531684648));
#5668=CARTESIAN_POINT('Ctrl Pts',(-0.8325471203555,5.020726903485,-0.4662487841708));
#5669=CARTESIAN_POINT('Ctrl Pts',(-0.5980752806328,4.996351903485,-0.7435237128866));
#5670=CARTESIAN_POINT('Ctrl Pts',(-0.2769950036646,4.971976903485,-0.9131256942477));
#5671=CARTESIAN_POINT('Ctrl Pts',(0.08420798521329,4.947601903485,-0.9504875738051));
#5672=CARTESIAN_POINT('Ctrl Pts',(0.3168568879202,4.931351903485,-0.8836434145839));
#5673=CARTESIAN_POINT('Ctrl Pts',(0.4227478107397,4.923226903485,-0.829689294537));
#5674=CARTESIAN_POINT('Ctrl Pts',(0.796155487653,6.539680710456,-0.4056614827139));
#5675=CARTESIAN_POINT('Ctrl Pts',(0.8479289274693,6.531555710456,-0.3040503858244));
#5676=CARTESIAN_POINT('Ctrl Pts',(0.9120714257899,6.515305710456,-0.08080452522793));
#5677=CARTESIAN_POINT('Ctrl Pts',(0.8762196127865,6.490930710456,0.2657996115801));
#5678=CARTESIAN_POINT('Ctrl Pts',(0.713472486764,6.466555710456,0.5739026884409));
#5679=CARTESIAN_POINT('Ctrl Pts',(0.4474042639495,6.442180710456,0.7988978078482));
#5680=CARTESIAN_POINT('Ctrl Pts',(0.1165443584758,6.417805710456,0.9081989934865));
#5681=CARTESIAN_POINT('Ctrl Pts',(-0.2311929617944,6.393430710456,0.8859784890115));
#5682=CARTESIAN_POINT('Ctrl Pts',(-0.545449835782,6.369055710456,0.7354539626117));
#5683=CARTESIAN_POINT('Ctrl Pts',(-0.7807167693953,6.344680710456,0.4784238523451));
#5684=CARTESIAN_POINT('Ctrl Pts',(-0.9029233239331,6.320305710456,0.1521102482001));
#5685=CARTESIAN_POINT('Ctrl Pts',(-0.8943720170198,6.295930710456,-0.1962313724533));
#5686=CARTESIAN_POINT('Ctrl Pts',(-0.7563012164005,6.271555710456,-0.5161555255027));
#5687=CARTESIAN_POINT('Ctrl Pts',(-0.508705800862,6.247180710456,-0.7613320330707));
#5688=CARTESIAN_POINT('Ctrl Pts',(-0.187441580203,6.222805710456,-0.8962553823708));
#5689=CARTESIAN_POINT('Ctrl Pts',(0.1609672046085,6.198430710456,-0.9013864961582));
#5690=CARTESIAN_POINT('Ctrl Pts',(0.4860653418734,6.174055710456,-0.7759823063999));
#5691=CARTESIAN_POINT('Ctrl Pts',(0.7407733776499,6.149680710456,-0.5382033624768));
#5692=CARTESIAN_POINT('Ctrl Pts',(0.8882054800468,6.125305710456,-0.2224838907222));
#5693=CARTESIAN_POINT('Ctrl Pts',(0.9070111026329,6.100930710456,0.1254548369604));
#5694=CARTESIAN_POINT('Ctrl Pts',(0.7944668879325,6.076555710456,0.4552256807287));
#5695=CARTESIAN_POINT('Ctrl Pts',(0.566871053515,6.052180710456,0.7190725033701));
#5696=CARTESIAN_POINT('Ctrl Pts',(0.2571831472083,6.027805710456,0.8787860292518));
#5697=CARTESIAN_POINT('Ctrl Pts',(-0.08974902704684,6.003430710456,0.9112371637287));
#5698=CARTESIAN_POINT('Ctrl Pts',(-0.4236840945796,5.979055710456,0.8117264591082));
#5699=CARTESIAN_POINT('Ctrl Pts',(-0.6962628714096,5.954680710456,0.5946646704762));
#5700=CARTESIAN_POINT('Ctrl Pts',(-0.8680115540954,5.930305710456,0.2914858459223));
#5701=CARTESIAN_POINT('Ctrl Pts',(-0.9140581631657,5.905930710456,-0.05390483063875));
#5702=CARTESIAN_POINT('Ctrl Pts',(-0.827734406919,5.881555710456,-0.391489218266));
#5703=CARTESIAN_POINT('Ctrl Pts',(-0.6215413576178,5.857180710456,-0.6723796525675));
#5704=CARTESIAN_POINT('Ctrl Pts',(-0.3253390945893,5.832805710456,-0.8558986680372));
#5705=CARTESIAN_POINT('Ctrl Pts',(0.01797751688892,5.808430710456,-0.9154697511675));
#5706=CARTESIAN_POINT('Ctrl Pts',(0.3586906939535,5.784055710456,-0.8424660482698));
#5707=CARTESIAN_POINT('Ctrl Pts',(0.6474596730361,5.759680710456,-0.6474596730361));
#5708=CARTESIAN_POINT('Ctrl Pts',(0.8424660482698,5.735305710456,-0.3586906939535));
#5709=CARTESIAN_POINT('Ctrl Pts',(0.9154697511675,5.710930710456,-0.01797751688892));
#5710=CARTESIAN_POINT('Ctrl Pts',(0.8558986680372,5.686555710456,0.3253390945893));
#5711=CARTESIAN_POINT('Ctrl Pts',(0.6723796525675,5.662180710456,0.6215413576178));
#5712=CARTESIAN_POINT('Ctrl Pts',(0.391489218266,5.637805710456,0.827734406919));
#5713=CARTESIAN_POINT('Ctrl Pts',(0.05390483063874,5.613430710456,0.9140581631657));
#5714=CARTESIAN_POINT('Ctrl Pts',(-0.2914858459223,5.589055710456,0.8680115540954));
#5715=CARTESIAN_POINT('Ctrl Pts',(-0.5946646704762,5.564680710456,0.6962628714096));
#5716=CARTESIAN_POINT('Ctrl Pts',(-0.8117264591082,5.540305710456,0.4236840945796));
#5717=CARTESIAN_POINT('Ctrl Pts',(-0.9112371637287,5.515930710456,0.08974902704684));
#5718=CARTESIAN_POINT('Ctrl Pts',(-0.8787860292518,5.491555710456,-0.2571831472083));
#5719=CARTESIAN_POINT('Ctrl Pts',(-0.7190725033701,5.467180710456,-0.566871053515));
#5720=CARTESIAN_POINT('Ctrl Pts',(-0.4552256807287,5.442805710456,-0.7944668879325));
#5721=CARTESIAN_POINT('Ctrl Pts',(-0.1254548369604,5.418430710456,-0.9070111026329));
#5722=CARTESIAN_POINT('Ctrl Pts',(0.2224838907222,5.394055710456,-0.8882054800468));
#5723=CARTESIAN_POINT('Ctrl Pts',(0.5382033624768,5.369680710456,-0.7407733776499));
#5724=CARTESIAN_POINT('Ctrl Pts',(0.7759823063999,5.345305710456,-0.4860653418734));
#5725=CARTESIAN_POINT('Ctrl Pts',(0.9013864961582,5.320930710456,-0.1609672046085));
#5726=CARTESIAN_POINT('Ctrl Pts',(0.8962553823708,5.296555710456,0.187441580203));
#5727=CARTESIAN_POINT('Ctrl Pts',(0.7613320330707,5.272180710456,0.508705800862));
#5728=CARTESIAN_POINT('Ctrl Pts',(0.5161555255027,5.247805710456,0.7563012164005));
#5729=CARTESIAN_POINT('Ctrl Pts',(0.1962313724533,5.223430710456,0.8943720170198));
#5730=CARTESIAN_POINT('Ctrl Pts',(-0.1521102482001,5.199055710456,0.9029233239331));
#5731=CARTESIAN_POINT('Ctrl Pts',(-0.4784238523451,5.174680710456,0.7807167693953));
#5732=CARTESIAN_POINT('Ctrl Pts',(-0.7354539626117,5.150305710456,0.545449835782));
#5733=CARTESIAN_POINT('Ctrl Pts',(-0.8859784890115,5.125930710456,0.2311929617944));
#5734=CARTESIAN_POINT('Ctrl Pts',(-0.9081989934865,5.101555710456,-0.1165443584758));
#5735=CARTESIAN_POINT('Ctrl Pts',(-0.7988978078482,5.077180710456,-0.4474042639495));
#5736=CARTESIAN_POINT('Ctrl Pts',(-0.5739026884409,5.052805710456,-0.713472486764));
#5737=CARTESIAN_POINT('Ctrl Pts',(-0.2657996115801,5.028430710456,-0.8762196127865));
#5738=CARTESIAN_POINT('Ctrl Pts',(0.08080452522794,5.004055710456,-0.9120714257899));
#5739=CARTESIAN_POINT('Ctrl Pts',(0.3040503858244,4.987805710456,-0.8479289274693));
#5740=CARTESIAN_POINT('Ctrl Pts',(0.4056614827139,4.979680710456,-0.796155487653));
#5741=CARTESIAN_POINT('',(1.88322656614757E-15,4.85,-0.999982271797094));
#5742=CARTESIAN_POINT('',(0.,4.85,-1.));
#5743=CARTESIAN_POINT('Ctrl Pts',(0.99996999870107,6.34999946392454,-3.99017995582704E-8));
#5744=CARTESIAN_POINT('Ctrl Pts',(0.999930919726969,6.34470986093749,0.0830851015901503));
#5745=CARTESIAN_POINT('Ctrl Pts',(0.989545686151018,6.3394201610181,0.166182978779849));
#5746=CARTESIAN_POINT('Ctrl Pts',(0.948526425512484,6.32881822706858,0.32757265092218));
#5747=CARTESIAN_POINT('Ctrl Pts',(0.917830475973502,6.32353445009614,0.40537410824365));
#5748=CARTESIAN_POINT('Ctrl Pts',(0.815243980062094,6.30987564126138,0.593822577793743));
#5749=CARTESIAN_POINT('Ctrl Pts',(0.730632503099066,6.3016291991957,0.695183991071879));
#5750=CARTESIAN_POINT('Ctrl Pts',(0.526002221882974,6.28487933285155,0.860584889702775));
#5751=CARTESIAN_POINT('Ctrl Pts',(0.409102147356789,6.27663803902673,0.921792774705432));
#5752=CARTESIAN_POINT('Ctrl Pts',(0.148723399248601,6.25935365882557,0.998748895049867));
#5753=CARTESIAN_POINT('Ctrl Pts',(0.0168393312849726,6.25110219820705,1.00724623589206));
#5754=CARTESIAN_POINT('Ctrl Pts',(-0.246603659157842,6.234238766228,0.979511425952155));
#5755=CARTESIAN_POINT('Ctrl Pts',(-0.371710304105757,6.22596867318735,0.935955153360054));
#5756=CARTESIAN_POINT('Ctrl Pts',(-0.603602816042321,6.20917461073001,0.810177037999193));
#5757=CARTESIAN_POINT('Ctrl Pts',(-0.702175930016694,6.20090235516325,0.721594090565951));
#5758=CARTESIAN_POINT('Ctrl Pts',(-0.869387792980381,6.18401317554872,0.515623638994877));
#5759=CARTESIAN_POINT('Ctrl Pts',(-0.925652229777522,6.17570311577125,0.394921168261449));
#5760=CARTESIAN_POINT('Ctrl Pts',(-1.00085903332464,6.15897300931089,0.143114312924104));
#5761=CARTESIAN_POINT('Ctrl Pts',(-1.00609852742131,6.15065087572445,0.00982410807215806));
#5762=CARTESIAN_POINT('Ctrl Pts',(-0.979637122431933,6.13397516554102,-0.250776774577916));
#5763=CARTESIAN_POINT('Ctrl Pts',(-0.933072642647171,6.12564369650768,-0.375962747028546));
#5764=CARTESIAN_POINT('Ctrl Pts',(-0.809681607789812,6.10902560410099,-0.605990915368695));
#5765=CARTESIAN_POINT('Ctrl Pts',(-0.718597022050051,6.10068895055636,-0.703815015218294));
#5766=CARTESIAN_POINT('Ctrl Pts',(-0.5175555388508,6.0841270230573,-0.86891928572301));
#5767=CARTESIAN_POINT('Ctrl Pts',(-0.396011506896849,6.07579009585379,-0.924556656155059));
#5768=CARTESIAN_POINT('Ctrl Pts',(-0.148007299193582,6.05927834198238,-1.00045260101406));
#5769=CARTESIAN_POINT('Ctrl Pts',(-0.0145155027446414,6.05094598792013,
-1.00570001043891));
#5770=CARTESIAN_POINT('Ctrl Pts',(0.243067210501156,6.03447541490327,-0.98159671879493));
#5771=CARTESIAN_POINT('Ctrl Pts',(0.368459269395073,6.02615171431062,-0.935946614186406));
#5772=CARTESIAN_POINT('Ctrl Pts',(0.597101801814757,6.00971247458082,-0.815960302632882));
#5773=CARTESIAN_POINT('Ctrl Pts',(0.695826225348661,6.0014003524945,-0.726483258402852));
#5774=CARTESIAN_POINT('Ctrl Pts',(0.861522829556648,5.98498355676027,-0.528908949038962));
#5775=CARTESIAN_POINT('Ctrl Pts',(0.919173765253617,5.97668472418093,-0.409048475804554));
#5776=CARTESIAN_POINT('Ctrl Pts',(0.996849855601378,5.96039893310785,-0.165328702687913));
#5777=CARTESIAN_POINT('Ctrl Pts',(1.00593132106537,5.95214822388692,-0.0334478254651911));
#5778=CARTESIAN_POINT('Ctrl Pts',(0.985152320040659,5.93569434387286,0.224152149902367));
#5779=CARTESIAN_POINT('Ctrl Pts',(0.943899784346709,5.92744914882858,0.349633803171404));
#5780=CARTESIAN_POINT('Ctrl Pts',(0.826827578846574,5.91096500534566,0.580563599153393));
#5781=CARTESIAN_POINT('Ctrl Pts',(0.741022184956134,5.90270897332687,0.681198867637138));
#5782=CARTESIAN_POINT('Ctrl Pts',(0.546423540846097,5.88632652220063,0.849545108233308));
#5783=CARTESIAN_POINT('Ctrl Pts',(0.429321077504244,5.87808202892929,0.910562884474547));
#5784=CARTESIAN_POINT('Ctrl Pts',(0.185597570602395,5.86170690365495,0.992709031200217));
#5785=CARTESIAN_POINT('Ctrl Pts',(0.0543497157837536,5.85347306647972,1.00537726178582));
#5786=CARTESIAN_POINT('Ctrl Pts',(-0.202231936603164,5.83710470784244,0.989262654371484));
#5787=CARTESIAN_POINT('Ctrl Pts',(-0.328507163656747,5.82888054935687,0.951899724163339));
#5788=CARTESIAN_POINT('Ctrl Pts',(-0.559482808518998,5.81254675550485,0.840254426627332));
#5789=CARTESIAN_POINT('Ctrl Pts',(-0.662370900717372,5.80435022124087,0.758787832727543));
#5790=CARTESIAN_POINT('Ctrl Pts',(-0.834595616789596,5.78796733440666,0.567610400069112));
#5791=CARTESIAN_POINT('Ctrl Pts',(-0.899436951515933,5.77977383581689,0.453583609943529));
#5792=CARTESIAN_POINT('Ctrl Pts',(-0.986703388930241,5.7634042275896,0.211742645531095));
#5793=CARTESIAN_POINT('Ctrl Pts',(-1.00412539048442,5.75521359439497,0.0817896843304972));
#5794=CARTESIAN_POINT('Ctrl Pts',(-0.993945769990917,5.73918123041052,-0.169811071014544));
#5795=CARTESIAN_POINT('Ctrl Pts',(-0.963471475912627,5.73100578349627,-0.297064129804391));
#5796=CARTESIAN_POINT('Ctrl Pts',(-0.856699948105965,5.71458854772115,-0.531770240085942));
#5797=CARTESIAN_POINT('Ctrl Pts',(-0.780549427221175,5.70641334594297,-0.638169486558202));
#5798=CARTESIAN_POINT('Ctrl Pts',(-0.593383757973073,5.69001016953262,-0.815206513099287));
#5799=CARTESIAN_POINT('Ctrl Pts',(-0.48279026176941,5.68183510019967,-0.885113216763893));
#5800=CARTESIAN_POINT('Ctrl Pts',(-0.242935816208667,5.66544533143348,-0.978570920755998));
#5801=CARTESIAN_POINT('Ctrl Pts',(-0.114172754936308,5.6572702987962,-1.00173414447901));
#5802=CARTESIAN_POINT('Ctrl Pts',(0.143019405119631,5.64089328291456,-0.998057485717586));
#5803=CARTESIAN_POINT('Ctrl Pts',(0.271038382001154,5.63271820659631,-0.971102685572006));
#5804=CARTESIAN_POINT('Ctrl Pts',(0.507783206814573,5.61635329194142,-0.871025599730809));
#5805=CARTESIAN_POINT('Ctrl Pts',(0.616281905254404,5.6081781053811,-0.79793165711849));
#5806=CARTESIAN_POINT('Ctrl Pts',(0.797931657118498,5.59182189461872,-0.61628190525439));
#5807=CARTESIAN_POINT('Ctrl Pts',(0.871025599730815,5.58364670805839,-0.507783206814552));
#5808=CARTESIAN_POINT('Ctrl Pts',(0.971102685572013,5.56728179340351,-0.271038382001125));
#5809=CARTESIAN_POINT('Ctrl Pts',(0.998057485717592,5.55910671708525,-0.143019405119596));
#5810=CARTESIAN_POINT('Ctrl Pts',(1.00173414447901,5.54272970120361,0.114172754936355));
#5811=CARTESIAN_POINT('Ctrl Pts',(0.978570920755987,5.53455466856633,0.242935816208711));
#5812=CARTESIAN_POINT('Ctrl Pts',(0.885113216763868,5.51816489980014,0.482790261769495));
#5813=CARTESIAN_POINT('Ctrl Pts',(0.815206513099239,5.50998983046719,0.593383757973212));
#5814=CARTESIAN_POINT('Ctrl Pts',(0.638169486558151,5.49358665405684,0.780549427221259));
#5815=CARTESIAN_POINT('Ctrl Pts',(0.53177024008596,5.48541145227867,0.856699948105962));
#5816=CARTESIAN_POINT('Ctrl Pts',(0.297064129804468,5.46899421650355,0.96347147591261));
#5817=CARTESIAN_POINT('Ctrl Pts',(0.16981107101457,5.46081876958929,0.99394576999092));
#5818=CARTESIAN_POINT('Ctrl Pts',(-0.0817896843304808,5.44478640560484,
1.00412539048442));
#5819=CARTESIAN_POINT('Ctrl Pts',(-0.211742645531123,5.43659577241022,0.986703388930265));
#5820=CARTESIAN_POINT('Ctrl Pts',(-0.453583609943627,5.42022616418292,0.89943695151591));
#5821=CARTESIAN_POINT('Ctrl Pts',(-0.567610400069136,5.41203266559315,0.834595616789587));
#5822=CARTESIAN_POINT('Ctrl Pts',(-0.758787832727518,5.39564977875895,0.662370900717408));
#5823=CARTESIAN_POINT('Ctrl Pts',(-0.840254426627337,5.38745324449496,0.559482808519008));
#5824=CARTESIAN_POINT('Ctrl Pts',(-0.951899724163389,5.37111945064293,0.32850716365664));
#5825=CARTESIAN_POINT('Ctrl Pts',(-0.989262654371496,5.36289529215737,0.202231936603057));
#5826=CARTESIAN_POINT('Ctrl Pts',(-1.00537726178581,5.3465269335201,-0.0543497157837042));
#5827=CARTESIAN_POINT('Ctrl Pts',(-0.992709031200236,5.33829309634486,-0.185597570602357));
#5828=CARTESIAN_POINT('Ctrl Pts',(-0.910562884474537,5.32191797107052,-0.429321077504265));
#5829=CARTESIAN_POINT('Ctrl Pts',(-0.849545108233297,5.31367347779919,-0.546423540846121));
#5830=CARTESIAN_POINT('Ctrl Pts',(-0.681198867637388,5.29729102667296,-0.741022184955844));
#5831=CARTESIAN_POINT('Ctrl Pts',(-0.580563599153699,5.28903499465416,-0.82682757884644));
#5832=CARTESIAN_POINT('Ctrl Pts',(-0.349633803171086,5.2725508511712,-0.943899784346874));
#5833=CARTESIAN_POINT('Ctrl Pts',(-0.22415214990204,5.26430565612693,-0.985152320040693));
#5834=CARTESIAN_POINT('Ctrl Pts',(0.0334478254652869,5.24785177611289,-1.00593132106538));
#5835=CARTESIAN_POINT('Ctrl Pts',(0.16532870268801,5.23960106689196,-0.996849855601354));
#5836=CARTESIAN_POINT('Ctrl Pts',(0.409048475804642,5.22331527581888,-0.919173765253586));
#5837=CARTESIAN_POINT('Ctrl Pts',(0.528908949039032,5.21501644323954,-0.861522829556598));
#5838=CARTESIAN_POINT('Ctrl Pts',(0.726483258402816,5.19859964750531,-0.695826225348688));
#5839=CARTESIAN_POINT('Ctrl Pts',(0.815960302632874,5.19028752541899,-0.59710180181479));
#5840=CARTESIAN_POINT('Ctrl Pts',(0.935946614186485,5.17384828568918,-0.368459269394918));
#5841=CARTESIAN_POINT('Ctrl Pts',(0.981596718794955,5.16552458509653,-0.243067210500998));
#5842=CARTESIAN_POINT('Ctrl Pts',(1.00570001043885,5.14905401207972,0.0145155027440858));
#5843=CARTESIAN_POINT('Ctrl Pts',(1.00045260101421,5.14072165801747,0.1480072991931));
#5844=CARTESIAN_POINT('Ctrl Pts',(0.924556656154784,5.12420990414596,0.396011506897632));
#5845=CARTESIAN_POINT('Ctrl Pts',(0.868919285722504,5.11587297694246,0.517555538851343));
#5846=CARTESIAN_POINT('Ctrl Pts',(0.703815015218455,5.09931104944347,0.718597022049823));
#5847=CARTESIAN_POINT('Ctrl Pts',(0.605990915368884,5.09097439589883,0.809681607789727));
#5848=CARTESIAN_POINT('Ctrl Pts',(0.375962747028408,5.07435630349212,0.933072642647234));
#5849=CARTESIAN_POINT('Ctrl Pts',(0.250776774577798,5.06602483445878,0.979637122431954));
#5850=CARTESIAN_POINT('Ctrl Pts',(-0.00982410807201347,5.04934912427537,
1.0060985274213));
#5851=CARTESIAN_POINT('Ctrl Pts',(-0.14311431292399,5.04102699068892,1.00085903332468));
#5852=CARTESIAN_POINT('Ctrl Pts',(-0.394921168261717,5.02429688422854,0.925652229777442));
#5853=CARTESIAN_POINT('Ctrl Pts',(-0.515623638995077,5.01598682445108,0.86938779298023));
#5854=CARTESIAN_POINT('Ctrl Pts',(-0.721594090566023,4.99909764483655,0.702175930016633));
#5855=CARTESIAN_POINT('Ctrl Pts',(-0.810177037999244,4.9908253892698,0.603602816042247));
#5856=CARTESIAN_POINT('Ctrl Pts',(-0.935955153360076,4.97403132681246,0.371710304105711));
#5857=CARTESIAN_POINT('Ctrl Pts',(-0.97951142595217,4.9657612337718,0.246603659157792));
#5858=CARTESIAN_POINT('Ctrl Pts',(-1.00724623589206,4.94889780179276,-0.0168393312850141));
#5859=CARTESIAN_POINT('Ctrl Pts',(-0.998748895049865,4.94064634117423,-0.148723399248643));
#5860=CARTESIAN_POINT('Ctrl Pts',(-0.921792774705418,4.92336196097307,-0.409102147356832));
#5861=CARTESIAN_POINT('Ctrl Pts',(-0.860584889702755,4.91512066714826,-0.526002221883014));
#5862=CARTESIAN_POINT('Ctrl Pts',(-0.695183991071849,4.89837080080411,-0.730632503099099));
#5863=CARTESIAN_POINT('Ctrl Pts',(-0.593822577793708,4.89012435873842,-0.815243980062123));
#5864=CARTESIAN_POINT('Ctrl Pts',(-0.405374108276721,4.87646554990606,-0.917830475955499));
#5865=CARTESIAN_POINT('Ctrl Pts',(-0.327572650992505,4.871181772936,-0.948526425484801));
#5866=CARTESIAN_POINT('Ctrl Pts',(-0.16618297885545,4.86057983898652,-0.989545686141577));
#5867=CARTESIAN_POINT('Ctrl Pts',(-0.0830851016279169,4.85529013906492,
-0.999930919726951));
#5868=CARTESIAN_POINT('Ctrl Pts',(3.99017974852982E-8,4.85000053607546,
-0.999969998701071));
#5869=CARTESIAN_POINT('Ctrl Pts',(0.796155487653,6.220319289544,-0.4056614827139));
#5870=CARTESIAN_POINT('Ctrl Pts',(0.8479289274693,6.212194289544,-0.3040503858244));
#5871=CARTESIAN_POINT('Ctrl Pts',(0.9120714257899,6.195944289544,-0.08080452522793));
#5872=CARTESIAN_POINT('Ctrl Pts',(0.8762196127865,6.171569289544,0.2657996115801));
#5873=CARTESIAN_POINT('Ctrl Pts',(0.713472486764,6.147194289544,0.5739026884409));
#5874=CARTESIAN_POINT('Ctrl Pts',(0.4474042639495,6.122819289544,0.7988978078482));
#5875=CARTESIAN_POINT('Ctrl Pts',(0.1165443584758,6.098444289544,0.9081989934865));
#5876=CARTESIAN_POINT('Ctrl Pts',(-0.2311929617944,6.074069289544,0.8859784890115));
#5877=CARTESIAN_POINT('Ctrl Pts',(-0.545449835782,6.049694289544,0.7354539626117));
#5878=CARTESIAN_POINT('Ctrl Pts',(-0.7807167693953,6.025319289544,0.4784238523451));
#5879=CARTESIAN_POINT('Ctrl Pts',(-0.9029233239331,6.000944289544,0.1521102482001));
#5880=CARTESIAN_POINT('Ctrl Pts',(-0.8943720170198,5.976569289544,-0.1962313724533));
#5881=CARTESIAN_POINT('Ctrl Pts',(-0.7563012164005,5.952194289544,-0.5161555255027));
#5882=CARTESIAN_POINT('Ctrl Pts',(-0.508705800862,5.927819289544,-0.7613320330707));
#5883=CARTESIAN_POINT('Ctrl Pts',(-0.187441580203,5.903444289544,-0.8962553823708));
#5884=CARTESIAN_POINT('Ctrl Pts',(0.1609672046085,5.879069289544,-0.9013864961582));
#5885=CARTESIAN_POINT('Ctrl Pts',(0.4860653418734,5.854694289544,-0.7759823063999));
#5886=CARTESIAN_POINT('Ctrl Pts',(0.7407733776499,5.830319289544,-0.5382033624768));
#5887=CARTESIAN_POINT('Ctrl Pts',(0.8882054800468,5.805944289544,-0.2224838907222));
#5888=CARTESIAN_POINT('Ctrl Pts',(0.9070111026329,5.781569289544,0.1254548369604));
#5889=CARTESIAN_POINT('Ctrl Pts',(0.7944668879325,5.757194289544,0.4552256807287));
#5890=CARTESIAN_POINT('Ctrl Pts',(0.566871053515,5.732819289544,0.7190725033701));
#5891=CARTESIAN_POINT('Ctrl Pts',(0.2571831472083,5.708444289544,0.8787860292518));
#5892=CARTESIAN_POINT('Ctrl Pts',(-0.08974902704684,5.684069289544,0.9112371637287));
#5893=CARTESIAN_POINT('Ctrl Pts',(-0.4236840945796,5.659694289544,0.8117264591082));
#5894=CARTESIAN_POINT('Ctrl Pts',(-0.6962628714096,5.635319289544,0.5946646704762));
#5895=CARTESIAN_POINT('Ctrl Pts',(-0.8680115540954,5.610944289544,0.2914858459223));
#5896=CARTESIAN_POINT('Ctrl Pts',(-0.9140581631657,5.586569289544,-0.05390483063875));
#5897=CARTESIAN_POINT('Ctrl Pts',(-0.827734406919,5.562194289544,-0.391489218266));
#5898=CARTESIAN_POINT('Ctrl Pts',(-0.6215413576178,5.537819289544,-0.6723796525675));
#5899=CARTESIAN_POINT('Ctrl Pts',(-0.3253390945893,5.513444289544,-0.8558986680372));
#5900=CARTESIAN_POINT('Ctrl Pts',(0.01797751688892,5.489069289544,-0.9154697511675));
#5901=CARTESIAN_POINT('Ctrl Pts',(0.3586906939535,5.464694289544,-0.8424660482698));
#5902=CARTESIAN_POINT('Ctrl Pts',(0.6474596730361,5.440319289544,-0.6474596730361));
#5903=CARTESIAN_POINT('Ctrl Pts',(0.8424660482698,5.415944289544,-0.3586906939535));
#5904=CARTESIAN_POINT('Ctrl Pts',(0.9154697511675,5.391569289544,-0.01797751688892));
#5905=CARTESIAN_POINT('Ctrl Pts',(0.8558986680372,5.367194289544,0.3253390945893));
#5906=CARTESIAN_POINT('Ctrl Pts',(0.6723796525675,5.342819289544,0.6215413576178));
#5907=CARTESIAN_POINT('Ctrl Pts',(0.391489218266,5.318444289544,0.827734406919));
#5908=CARTESIAN_POINT('Ctrl Pts',(0.05390483063874,5.294069289544,0.9140581631657));
#5909=CARTESIAN_POINT('Ctrl Pts',(-0.2914858459223,5.269694289544,0.8680115540954));
#5910=CARTESIAN_POINT('Ctrl Pts',(-0.5946646704762,5.245319289544,0.6962628714096));
#5911=CARTESIAN_POINT('Ctrl Pts',(-0.8117264591082,5.220944289544,0.4236840945796));
#5912=CARTESIAN_POINT('Ctrl Pts',(-0.9112371637287,5.196569289544,0.08974902704684));
#5913=CARTESIAN_POINT('Ctrl Pts',(-0.8787860292518,5.172194289544,-0.2571831472083));
#5914=CARTESIAN_POINT('Ctrl Pts',(-0.7190725033701,5.147819289544,-0.566871053515));
#5915=CARTESIAN_POINT('Ctrl Pts',(-0.4552256807287,5.123444289544,-0.7944668879325));
#5916=CARTESIAN_POINT('Ctrl Pts',(-0.1254548369604,5.099069289544,-0.9070111026329));
#5917=CARTESIAN_POINT('Ctrl Pts',(0.2224838907222,5.074694289544,-0.8882054800468));
#5918=CARTESIAN_POINT('Ctrl Pts',(0.5382033624768,5.050319289544,-0.7407733776499));
#5919=CARTESIAN_POINT('Ctrl Pts',(0.7759823063999,5.025944289544,-0.4860653418734));
#5920=CARTESIAN_POINT('Ctrl Pts',(0.9013864961582,5.001569289544,-0.1609672046085));
#5921=CARTESIAN_POINT('Ctrl Pts',(0.8962553823708,4.977194289544,0.187441580203));
#5922=CARTESIAN_POINT('Ctrl Pts',(0.7613320330707,4.952819289544,0.508705800862));
#5923=CARTESIAN_POINT('Ctrl Pts',(0.5161555255027,4.928444289544,0.7563012164005));
#5924=CARTESIAN_POINT('Ctrl Pts',(0.1962313724533,4.904069289544,0.8943720170198));
#5925=CARTESIAN_POINT('Ctrl Pts',(-0.1521102482001,4.879694289544,0.9029233239331));
#5926=CARTESIAN_POINT('Ctrl Pts',(-0.4784238523451,4.855319289544,0.7807167693953));
#5927=CARTESIAN_POINT('Ctrl Pts',(-0.7354539626117,4.830944289544,0.545449835782));
#5928=CARTESIAN_POINT('Ctrl Pts',(-0.8859784890115,4.806569289544,0.2311929617944));
#5929=CARTESIAN_POINT('Ctrl Pts',(-0.9081989934865,4.782194289544,-0.1165443584758));
#5930=CARTESIAN_POINT('Ctrl Pts',(-0.7988978078482,4.757819289544,-0.4474042639495));
#5931=CARTESIAN_POINT('Ctrl Pts',(-0.5739026884409,4.733444289544,-0.713472486764));
#5932=CARTESIAN_POINT('Ctrl Pts',(-0.2657996115801,4.709069289544,-0.8762196127865));
#5933=CARTESIAN_POINT('Ctrl Pts',(0.08080452522794,4.684694289544,-0.9120714257899));
#5934=CARTESIAN_POINT('Ctrl Pts',(0.3040503858244,4.668444289544,-0.8479289274693));
#5935=CARTESIAN_POINT('Ctrl Pts',(0.4056614827139,4.660319289544,-0.796155487653));
#5936=CARTESIAN_POINT('Ctrl Pts',(0.829689294537,6.276773096515,-0.4227478107397));
#5937=CARTESIAN_POINT('Ctrl Pts',(0.8836434145839,6.268648096515,-0.3168568879202));
#5938=CARTESIAN_POINT('Ctrl Pts',(0.9504875738051,6.252398096515,-0.08420798521328));
#5939=CARTESIAN_POINT('Ctrl Pts',(0.9131256942477,6.228023096515,0.2769950036646));
#5940=CARTESIAN_POINT('Ctrl Pts',(0.7435237128865,6.203648096515,0.5980752806328));
#5941=CARTESIAN_POINT('Ctrl Pts',(0.4662487841708,6.179273096515,0.8325471203555));
#5942=CARTESIAN_POINT('Ctrl Pts',(0.1214531684648,6.154898096515,0.9464520359287));
#5943=CARTESIAN_POINT('Ctrl Pts',(-0.2409307331895,6.130523096515,0.9232956111247));
#5944=CARTESIAN_POINT('Ctrl Pts',(-0.5684240031923,6.106148096515,0.7664310412561));
#5945=CARTESIAN_POINT('Ctrl Pts',(-0.8136003025518,6.081773096515,0.4985749074116));
#5946=CARTESIAN_POINT('Ctrl Pts',(-0.9409541569115,6.057398096515,0.1585170817487));
#5947=CARTESIAN_POINT('Ctrl Pts',(-0.9320426717678,6.033023096515,-0.2044965732219));
#5948=CARTESIAN_POINT('Ctrl Pts',(-0.7881563745074,6.008648096515,-0.5378958262137));
#5949=CARTESIAN_POINT('Ctrl Pts',(-0.530132321625,5.984273096515,-0.7933990875186));
#5950=CARTESIAN_POINT('Ctrl Pts',(-0.1953365578173,5.959898096515,-0.9340053638471));
#5951=CARTESIAN_POINT('Ctrl Pts',(0.1677470902436,5.935523096515,-0.9393525984569));
#5952=CARTESIAN_POINT('Ctrl Pts',(0.5065382539618,5.911148096515,-0.8086664255345));
#5953=CARTESIAN_POINT('Ctrl Pts',(0.7719745083035,5.886773096515,-0.5608723108185));
#5954=CARTESIAN_POINT('Ctrl Pts',(0.9256164022889,5.862398096515,-0.2318548389126));
#5955=CARTESIAN_POINT('Ctrl Pts',(0.9452141115036,5.838023096515,0.1307389533679));
#5956=CARTESIAN_POINT('Ctrl Pts',(0.8279295715525,5.813648096515,0.4743996364483));
#5957=CARTESIAN_POINT('Ctrl Pts',(0.59074747556,5.789273096515,0.7493596003474));
#5958=CARTESIAN_POINT('Ctrl Pts',(0.2680156166518,5.764898096515,0.9158002073292));
#5959=CARTESIAN_POINT('Ctrl Pts',(-0.09352922650245,5.740523096515,0.9496181729007));
#5960=CARTESIAN_POINT('Ctrl Pts',(-0.4415295290805,5.716148096515,0.8459161101807));
#5961=CARTESIAN_POINT('Ctrl Pts',(-0.7255892342023,5.691773096515,0.6197117505124));
#5962=CARTESIAN_POINT('Ctrl Pts',(-0.9045719148283,5.667398096515,0.3037631337363));
#5963=CARTESIAN_POINT('Ctrl Pts',(-0.9525579919048,5.643023096515,-0.05617528434884));
#5964=CARTESIAN_POINT('Ctrl Pts',(-0.8625983074803,5.618648096515,-0.4079786151816));
#5965=CARTESIAN_POINT('Ctrl Pts',(-0.6477204748631,5.594273096515,-0.7007000620497));
#5966=CARTESIAN_POINT('Ctrl Pts',(-0.3390422700857,5.569898096515,-0.8919488379994));
#5967=CARTESIAN_POINT('Ctrl Pts',(0.01873472397843,5.545523096515,-0.9540290355282));
#5968=CARTESIAN_POINT('Ctrl Pts',(0.373798627829,5.521148096515,-0.8779504407121));
#5969=CARTESIAN_POINT('Ctrl Pts',(0.6747304611893,5.496773096515,-0.6747304611893));
#5970=CARTESIAN_POINT('Ctrl Pts',(0.8779504407121,5.472398096515,-0.373798627829));
#5971=CARTESIAN_POINT('Ctrl Pts',(0.9540290355282,5.448023096515,-0.01873472397843));
#5972=CARTESIAN_POINT('Ctrl Pts',(0.8919488379994,5.423648096515,0.3390422700857));
#5973=CARTESIAN_POINT('Ctrl Pts',(0.7007000620497,5.399273096515,0.6477204748631));
#5974=CARTESIAN_POINT('Ctrl Pts',(0.4079786151816,5.374898096515,0.8625983074803));
#5975=CARTESIAN_POINT('Ctrl Pts',(0.05617528434883,5.350523096515,0.9525579919048));
#5976=CARTESIAN_POINT('Ctrl Pts',(-0.3037631337363,5.326148096515,0.9045719148283));
#5977=CARTESIAN_POINT('Ctrl Pts',(-0.6197117505124,5.301773096515,0.7255892342023));
#5978=CARTESIAN_POINT('Ctrl Pts',(-0.8459161101807,5.277398096515,0.4415295290805));
#5979=CARTESIAN_POINT('Ctrl Pts',(-0.9496181729007,5.253023096515,0.09352922650246));
#5980=CARTESIAN_POINT('Ctrl Pts',(-0.9158002073292,5.228648096515,-0.2680156166518));
#5981=CARTESIAN_POINT('Ctrl Pts',(-0.7493596003474,5.204273096515,-0.59074747556));
#5982=CARTESIAN_POINT('Ctrl Pts',(-0.4743996364483,5.179898096515,-0.8279295715525));
#5983=CARTESIAN_POINT('Ctrl Pts',(-0.1307389533679,5.155523096515,-0.9452141115036));
#5984=CARTESIAN_POINT('Ctrl Pts',(0.2318548389126,5.131148096515,-0.9256164022889));
#5985=CARTESIAN_POINT('Ctrl Pts',(0.5608723108185,5.106773096515,-0.7719745083035));
#5986=CARTESIAN_POINT('Ctrl Pts',(0.8086664255345,5.082398096515,-0.5065382539618));
#5987=CARTESIAN_POINT('Ctrl Pts',(0.9393525984569,5.058023096515,-0.1677470902436));
#5988=CARTESIAN_POINT('Ctrl Pts',(0.9340053638471,5.033648096515,0.1953365578173));
#5989=CARTESIAN_POINT('Ctrl Pts',(0.7933990875186,5.009273096515,0.5301323216251));
#5990=CARTESIAN_POINT('Ctrl Pts',(0.5378958262137,4.984898096515,0.7881563745074));
#5991=CARTESIAN_POINT('Ctrl Pts',(0.2044965732219,4.960523096515,0.9320426717678));
#5992=CARTESIAN_POINT('Ctrl Pts',(-0.1585170817487,4.936148096515,0.9409541569115));
#5993=CARTESIAN_POINT('Ctrl Pts',(-0.4985749074116,4.911773096515,0.8136003025518));
#5994=CARTESIAN_POINT('Ctrl Pts',(-0.7664310412561,4.887398096515,0.5684240031923));
#5995=CARTESIAN_POINT('Ctrl Pts',(-0.9232956111247,4.863023096515,0.2409307331895));
#5996=CARTESIAN_POINT('Ctrl Pts',(-0.9464520359287,4.838648096515,-0.1214531684648));
#5997=CARTESIAN_POINT('Ctrl Pts',(-0.8325471203555,4.814273096515,-0.4662487841708));
#5998=CARTESIAN_POINT('Ctrl Pts',(-0.5980752806328,4.789898096515,-0.7435237128866));
#5999=CARTESIAN_POINT('Ctrl Pts',(-0.2769950036646,4.765523096515,-0.9131256942477));
#6000=CARTESIAN_POINT('Ctrl Pts',(0.08420798521329,4.741148096515,-0.9504875738051));
#6001=CARTESIAN_POINT('Ctrl Pts',(0.3168568879202,4.724898096515,-0.8836434145839));
#6002=CARTESIAN_POINT('Ctrl Pts',(0.4227478107397,4.716773096515,-0.829689294537));
#6003=CARTESIAN_POINT('Ctrl Pts',(0.8632231014209,6.333226903485,-0.4398341387655));
#6004=CARTESIAN_POINT('Ctrl Pts',(0.9193579016986,6.325101903485,-0.329663390016));
#6005=CARTESIAN_POINT('Ctrl Pts',(0.9889037218203,6.308851903485,-0.08761144519863));
#6006=CARTESIAN_POINT('Ctrl Pts',(0.9500317757089,6.284476903485,0.2881903957492));
#6007=CARTESIAN_POINT('Ctrl Pts',(0.7735749390091,6.260101903485,0.6222478728247));
#6008=CARTESIAN_POINT('Ctrl Pts',(0.485093304392,6.235726903485,0.8661964328627));
#6009=CARTESIAN_POINT('Ctrl Pts',(0.1263619784537,6.211351903485,0.9847050783708));
#6010=CARTESIAN_POINT('Ctrl Pts',(-0.2506685045846,6.186976903485,0.9606127332379));
#6011=CARTESIAN_POINT('Ctrl Pts',(-0.5913981706026,6.162601903485,0.7974081199006));
#6012=CARTESIAN_POINT('Ctrl Pts',(-0.8464838357083,6.138226903485,0.5187259624781));
#6013=CARTESIAN_POINT('Ctrl Pts',(-0.9789849898899,6.113851903485,0.1649239152973));
#6014=CARTESIAN_POINT('Ctrl Pts',(-0.9697133265159,6.089476903485,-0.2127617739904));
#6015=CARTESIAN_POINT('Ctrl Pts',(-0.8200115326143,6.065101903485,-0.5596361269247));
#6016=CARTESIAN_POINT('Ctrl Pts',(-0.5515588423881,6.040726903485,-0.8254661419665));
#6017=CARTESIAN_POINT('Ctrl Pts',(-0.2032315354317,6.016351903485,-0.9717553453233));
#6018=CARTESIAN_POINT('Ctrl Pts',(0.1745269758786,5.991976903485,-0.9773187007557));
#6019=CARTESIAN_POINT('Ctrl Pts',(0.5270111660501,5.967601903485,-0.8413505446692));
#6020=CARTESIAN_POINT('Ctrl Pts',(0.8031756389572,5.943226903485,-0.5835412591602));
#6021=CARTESIAN_POINT('Ctrl Pts',(0.9630273245309,5.918851903485,-0.2412257871029));
#6022=CARTESIAN_POINT('Ctrl Pts',(0.9834171203744,5.894476903485,0.1360230697755));
#6023=CARTESIAN_POINT('Ctrl Pts',(0.8613922551724,5.870101903485,0.4935735921679));
#6024=CARTESIAN_POINT('Ctrl Pts',(0.614623897605,5.845726903485,0.7796466973247));
#6025=CARTESIAN_POINT('Ctrl Pts',(0.2788480860953,5.821351903485,0.9528143854065));
#6026=CARTESIAN_POINT('Ctrl Pts',(-0.09730942595807,5.796976903485,0.9879991820727));
#6027=CARTESIAN_POINT('Ctrl Pts',(-0.4593749635814,5.772601903485,0.8801057612532));
#6028=CARTESIAN_POINT('Ctrl Pts',(-0.754915596995,5.748226903485,0.6447588305485));
#6029=CARTESIAN_POINT('Ctrl Pts',(-0.9411322755612,5.723851903485,0.3160404215502));
#6030=CARTESIAN_POINT('Ctrl Pts',(-0.9910578206438,5.699476903485,-0.05844573805893));
#6031=CARTESIAN_POINT('Ctrl Pts',(-0.8974622080415,5.675101903485,-0.4244680120973));
#6032=CARTESIAN_POINT('Ctrl Pts',(-0.6738995921084,5.650726903485,-0.729020471532));
#6033=CARTESIAN_POINT('Ctrl Pts',(-0.3527454455822,5.626351903485,-0.9279990079615));
#6034=CARTESIAN_POINT('Ctrl Pts',(0.01949193106795,5.601976903485,-0.9925883198889));
#6035=CARTESIAN_POINT('Ctrl Pts',(0.3889065617046,5.577601903485,-0.9134348331544));
#6036=CARTESIAN_POINT('Ctrl Pts',(0.7020012493424,5.553226903485,-0.7020012493424));
#6037=CARTESIAN_POINT('Ctrl Pts',(0.9134348331544,5.528851903485,-0.3889065617045));
#6038=CARTESIAN_POINT('Ctrl Pts',(0.9925883198889,5.504476903485,-0.01949193106794));
#6039=CARTESIAN_POINT('Ctrl Pts',(0.9279990079615,5.480101903485,0.3527454455822));
#6040=CARTESIAN_POINT('Ctrl Pts',(0.729020471532,5.455726903485,0.6738995921084));
#6041=CARTESIAN_POINT('Ctrl Pts',(0.4244680120973,5.431351903485,0.8974622080415));
#6042=CARTESIAN_POINT('Ctrl Pts',(0.05844573805893,5.406976903485,0.9910578206438));
#6043=CARTESIAN_POINT('Ctrl Pts',(-0.3160404215502,5.382601903485,0.9411322755612));
#6044=CARTESIAN_POINT('Ctrl Pts',(-0.6447588305485,5.358226903485,0.754915596995));
#6045=CARTESIAN_POINT('Ctrl Pts',(-0.8801057612532,5.333851903485,0.4593749635814));
#6046=CARTESIAN_POINT('Ctrl Pts',(-0.9879991820727,5.309476903485,0.09730942595807));
#6047=CARTESIAN_POINT('Ctrl Pts',(-0.9528143854065,5.285101903485,-0.2788480860953));
#6048=CARTESIAN_POINT('Ctrl Pts',(-0.7796466973247,5.260726903485,-0.614623897605));
#6049=CARTESIAN_POINT('Ctrl Pts',(-0.4935735921679,5.236351903485,-0.8613922551725));
#6050=CARTESIAN_POINT('Ctrl Pts',(-0.1360230697755,5.211976903485,-0.9834171203744));
#6051=CARTESIAN_POINT('Ctrl Pts',(0.2412257871029,5.187601903485,-0.9630273245309));
#6052=CARTESIAN_POINT('Ctrl Pts',(0.5835412591602,5.163226903485,-0.8031756389572));
#6053=CARTESIAN_POINT('Ctrl Pts',(0.8413505446692,5.138851903485,-0.5270111660501));
#6054=CARTESIAN_POINT('Ctrl Pts',(0.9773187007557,5.114476903485,-0.1745269758786));
#6055=CARTESIAN_POINT('Ctrl Pts',(0.9717553453233,5.090101903485,0.2032315354317));
#6056=CARTESIAN_POINT('Ctrl Pts',(0.8254661419665,5.065726903485,0.5515588423882));
#6057=CARTESIAN_POINT('Ctrl Pts',(0.5596361269247,5.041351903485,0.8200115326143));
#6058=CARTESIAN_POINT('Ctrl Pts',(0.2127617739904,5.016976903485,0.9697133265159));
#6059=CARTESIAN_POINT('Ctrl Pts',(-0.1649239152973,4.992601903485,0.9789849898899));
#6060=CARTESIAN_POINT('Ctrl Pts',(-0.5187259624781,4.968226903485,0.8464838357083));
#6061=CARTESIAN_POINT('Ctrl Pts',(-0.7974081199006,4.943851903485,0.5913981706026));
#6062=CARTESIAN_POINT('Ctrl Pts',(-0.9606127332379,4.919476903485,0.2506685045846));
#6063=CARTESIAN_POINT('Ctrl Pts',(-0.9847050783708,4.895101903485,-0.1263619784537));
#6064=CARTESIAN_POINT('Ctrl Pts',(-0.8661964328627,4.870726903485,-0.485093304392));
#6065=CARTESIAN_POINT('Ctrl Pts',(-0.6222478728247,4.846351903485,-0.7735749390091));
#6066=CARTESIAN_POINT('Ctrl Pts',(-0.2881903957492,4.821976903485,-0.9500317757089));
#6067=CARTESIAN_POINT('Ctrl Pts',(0.08761144519864,4.797601903485,-0.9889037218203));
#6068=CARTESIAN_POINT('Ctrl Pts',(0.329663390016,4.781351903485,-0.9193579016986));
#6069=CARTESIAN_POINT('Ctrl Pts',(0.4398341387655,4.773226903485,-0.8632231014209));
#6070=CARTESIAN_POINT('Ctrl Pts',(0.8967569083049,6.389680710456,-0.4569204667913));
#6071=CARTESIAN_POINT('Ctrl Pts',(0.9550723888133,6.381555710456,-0.3424698921118));
#6072=CARTESIAN_POINT('Ctrl Pts',(1.027319869836,6.365305710456,-0.09101490518398));
#6073=CARTESIAN_POINT('Ctrl Pts',(0.9869378571701,6.340930710456,0.2993857878338));
#6074=CARTESIAN_POINT('Ctrl Pts',(0.8036261651316,6.316555710456,0.6464204650165));
#6075=CARTESIAN_POINT('Ctrl Pts',(0.5039378246133,6.292180710456,0.89984574537));
#6076=CARTESIAN_POINT('Ctrl Pts',(0.1312707884427,6.267805710456,1.022958120813));
#6077=CARTESIAN_POINT('Ctrl Pts',(-0.2604062759797,6.243430710456,0.9979298553511));
#6078=CARTESIAN_POINT('Ctrl Pts',(-0.6143723380129,6.219055710456,0.8283851985451));
#6079=CARTESIAN_POINT('Ctrl Pts',(-0.8793673688648,6.194680710456,0.5388770175447));
#6080=CARTESIAN_POINT('Ctrl Pts',(-1.017015822868,6.170305710456,0.171330748846));
#6081=CARTESIAN_POINT('Ctrl Pts',(-1.007383981264,6.145930710456,-0.2210269747589));
#6082=CARTESIAN_POINT('Ctrl Pts',(-0.8518666907212,6.121555710456,-0.5813764276357));
#6083=CARTESIAN_POINT('Ctrl Pts',(-0.5729853631512,6.097180710456,-0.8575331964144));
#6084=CARTESIAN_POINT('Ctrl Pts',(-0.211126513046,6.072805710456,-1.0095053268));
#6085=CARTESIAN_POINT('Ctrl Pts',(0.1813068615136,6.048430710456,-1.015284803054));
#6086=CARTESIAN_POINT('Ctrl Pts',(0.5474840781384,6.024055710456,-0.8740346638039));
#6087=CARTESIAN_POINT('Ctrl Pts',(0.8343767696108,5.999680710456,-0.606210207502));
#6088=CARTESIAN_POINT('Ctrl Pts',(1.000438246773,5.975305710456,-0.2505967352933));
#6089=CARTESIAN_POINT('Ctrl Pts',(1.021620129245,5.950930710456,0.1413071861831));
#6090=CARTESIAN_POINT('Ctrl Pts',(0.8948549387924,5.926555710456,0.5127475478875));
#6091=CARTESIAN_POINT('Ctrl Pts',(0.6385003196501,5.902180710456,0.8099337943021));
#6092=CARTESIAN_POINT('Ctrl Pts',(0.2896805555388,5.877805710456,0.9898285634838));
#6093=CARTESIAN_POINT('Ctrl Pts',(-0.1010896254137,5.853430710456,1.026380191245));
#6094=CARTESIAN_POINT('Ctrl Pts',(-0.4772203980823,5.829055710456,0.9142954123258));
#6095=CARTESIAN_POINT('Ctrl Pts',(-0.7842419597877,5.804680710456,0.6698059105847));
#6096=CARTESIAN_POINT('Ctrl Pts',(-0.9776926362941,5.780305710456,0.3283177093641));
#6097=CARTESIAN_POINT('Ctrl Pts',(-1.029557649383,5.755930710456,-0.06071619176903));
#6098=CARTESIAN_POINT('Ctrl Pts',(-0.9323261086028,5.731555710456,-0.4409574090129));
#6099=CARTESIAN_POINT('Ctrl Pts',(-0.7000787093536,5.707180710456,-0.7573408810143));
#6100=CARTESIAN_POINT('Ctrl Pts',(-0.3664486210786,5.682805710456,-0.9640491779237));
#6101=CARTESIAN_POINT('Ctrl Pts',(0.02024913815746,5.658430710456,-1.03114760425));
#6102=CARTESIAN_POINT('Ctrl Pts',(0.4040144955801,5.634055710456,-0.9489192255966));
#6103=CARTESIAN_POINT('Ctrl Pts',(0.7292720374955,5.609680710456,-0.7292720374955));
#6104=CARTESIAN_POINT('Ctrl Pts',(0.9489192255966,5.585305710456,-0.4040144955801));
#6105=CARTESIAN_POINT('Ctrl Pts',(1.03114760425,5.560930710456,-0.02024913815746));
#6106=CARTESIAN_POINT('Ctrl Pts',(0.9640491779237,5.536555710456,0.3664486210786));
#6107=CARTESIAN_POINT('Ctrl Pts',(0.7573408810143,5.512180710456,0.7000787093537));
#6108=CARTESIAN_POINT('Ctrl Pts',(0.4409574090129,5.487805710456,0.9323261086028));
#6109=CARTESIAN_POINT('Ctrl Pts',(0.06071619176902,5.463430710456,1.029557649383));
#6110=CARTESIAN_POINT('Ctrl Pts',(-0.3283177093642,5.439055710456,0.9776926362941));
#6111=CARTESIAN_POINT('Ctrl Pts',(-0.6698059105847,5.414680710456,0.7842419597877));
#6112=CARTESIAN_POINT('Ctrl Pts',(-0.9142954123258,5.390305710456,0.4772203980823));
#6113=CARTESIAN_POINT('Ctrl Pts',(-1.026380191245,5.365930710456,0.1010896254137));
#6114=CARTESIAN_POINT('Ctrl Pts',(-0.9898285634838,5.341555710456,-0.2896805555388));
#6115=CARTESIAN_POINT('Ctrl Pts',(-0.8099337943021,5.317180710456,-0.6385003196501));
#6116=CARTESIAN_POINT('Ctrl Pts',(-0.5127475478875,5.292805710456,-0.8948549387924));
#6117=CARTESIAN_POINT('Ctrl Pts',(-0.1413071861831,5.268430710456,-1.021620129245));
#6118=CARTESIAN_POINT('Ctrl Pts',(0.2505967352933,5.244055710456,-1.000438246773));
#6119=CARTESIAN_POINT('Ctrl Pts',(0.606210207502,5.219680710456,-0.8343767696108));
#6120=CARTESIAN_POINT('Ctrl Pts',(0.8740346638039,5.195305710456,-0.5474840781384));
#6121=CARTESIAN_POINT('Ctrl Pts',(1.015284803054,5.170930710456,-0.1813068615136));
#6122=CARTESIAN_POINT('Ctrl Pts',(1.0095053268,5.146555710456,0.211126513046));
#6123=CARTESIAN_POINT('Ctrl Pts',(0.8575331964143,5.122180710456,0.5729853631512));
#6124=CARTESIAN_POINT('Ctrl Pts',(0.5813764276357,5.097805710456,0.8518666907212));
#6125=CARTESIAN_POINT('Ctrl Pts',(0.2210269747589,5.073430710456,1.007383981264));
#6126=CARTESIAN_POINT('Ctrl Pts',(-0.171330748846,5.049055710456,1.017015822868));
#6127=CARTESIAN_POINT('Ctrl Pts',(-0.5388770175447,5.024680710456,0.8793673688648));
#6128=CARTESIAN_POINT('Ctrl Pts',(-0.8283851985451,5.000305710456,0.6143723380129));
#6129=CARTESIAN_POINT('Ctrl Pts',(-0.9979298553511,4.975930710456,0.2604062759797));
#6130=CARTESIAN_POINT('Ctrl Pts',(-1.022958120813,4.951555710456,-0.1312707884427));
#6131=CARTESIAN_POINT('Ctrl Pts',(-0.89984574537,4.927180710456,-0.5039378246133));
#6132=CARTESIAN_POINT('Ctrl Pts',(-0.6464204650165,4.902805710456,-0.8036261651316));
#6133=CARTESIAN_POINT('Ctrl Pts',(-0.2993857878338,4.878430710456,-0.9869378571701));
#6134=CARTESIAN_POINT('Ctrl Pts',(0.09101490518399,4.854055710456,-1.027319869836));
#6135=CARTESIAN_POINT('Ctrl Pts',(0.3424698921118,4.837805710456,-0.9550723888133));
#6136=CARTESIAN_POINT('Ctrl Pts',(0.4569204667913,4.829680710456,-0.8967569083049));
#6137=CARTESIAN_POINT('',(0.,4.7,-0.9));
#6138=CARTESIAN_POINT('Ctrl Pts',(-0.4056614827139,4.720319289544,-0.796155487653));
#6139=CARTESIAN_POINT('Ctrl Pts',(-0.3040503858244,4.712194289544,-0.8479289274693));
#6140=CARTESIAN_POINT('Ctrl Pts',(-0.08080452522793,4.695944289544,-0.9120714257899));
#6141=CARTESIAN_POINT('Ctrl Pts',(0.2657996115801,4.671569289544,-0.8762196127864));
#6142=CARTESIAN_POINT('Ctrl Pts',(0.5739026884409,4.647194289544,-0.713472486764));
#6143=CARTESIAN_POINT('Ctrl Pts',(0.7988978078482,4.622819289544,-0.4474042639495));
#6144=CARTESIAN_POINT('Ctrl Pts',(0.9081989934865,4.598444289544,-0.1165443584758));
#6145=CARTESIAN_POINT('Ctrl Pts',(0.8859784890115,4.574069289544,0.2311929617944));
#6146=CARTESIAN_POINT('Ctrl Pts',(0.7354539626116,4.549694289544,0.5454498357819));
#6147=CARTESIAN_POINT('Ctrl Pts',(0.4784238523451,4.525319289544,0.7807167693953));
#6148=CARTESIAN_POINT('Ctrl Pts',(0.1521102482001,4.500944289544,0.9029233239331));
#6149=CARTESIAN_POINT('Ctrl Pts',(-0.1962313724534,4.476569289544,0.8943720170198));
#6150=CARTESIAN_POINT('Ctrl Pts',(-0.5161555255027,4.452194289544,0.7563012164005));
#6151=CARTESIAN_POINT('Ctrl Pts',(-0.7613320330707,4.427819289544,0.508705800862));
#6152=CARTESIAN_POINT('Ctrl Pts',(-0.8962553823708,4.403444289544,0.187441580203));
#6153=CARTESIAN_POINT('Ctrl Pts',(-0.9013864961582,4.379069289544,-0.1609672046085));
#6154=CARTESIAN_POINT('Ctrl Pts',(-0.7759823063998,4.354694289544,-0.4860653418734));
#6155=CARTESIAN_POINT('Ctrl Pts',(-0.5382033624768,4.330319289544,-0.7407733776499));
#6156=CARTESIAN_POINT('Ctrl Pts',(-0.2224838907222,4.305944289544,-0.8882054800468));
#6157=CARTESIAN_POINT('Ctrl Pts',(0.1254548369604,4.281569289544,-0.9070111026329));
#6158=CARTESIAN_POINT('Ctrl Pts',(0.4552256807287,4.257194289544,-0.7944668879325));
#6159=CARTESIAN_POINT('Ctrl Pts',(0.7190725033701,4.232819289544,-0.566871053515));
#6160=CARTESIAN_POINT('Ctrl Pts',(0.8787860292518,4.208444289544,-0.2571831472082));
#6161=CARTESIAN_POINT('Ctrl Pts',(0.9112371637287,4.184069289544,0.08974902704684));
#6162=CARTESIAN_POINT('Ctrl Pts',(0.8117264591082,4.159694289544,0.4236840945796));
#6163=CARTESIAN_POINT('Ctrl Pts',(0.5946646704762,4.135319289544,0.6962628714096));
#6164=CARTESIAN_POINT('Ctrl Pts',(0.2914858459223,4.110944289544,0.8680115540954));
#6165=CARTESIAN_POINT('Ctrl Pts',(-0.05390483063875,4.086569289544,0.9140581631657));
#6166=CARTESIAN_POINT('Ctrl Pts',(-0.391489218266,4.062194289544,0.827734406919));
#6167=CARTESIAN_POINT('Ctrl Pts',(-0.6723796525675,4.037819289544,0.6215413576178));
#6168=CARTESIAN_POINT('Ctrl Pts',(-0.8558986680372,4.013444289544,0.3253390945893));
#6169=CARTESIAN_POINT('Ctrl Pts',(-0.9154697511675,3.989069289544,-0.01797751688892));
#6170=CARTESIAN_POINT('Ctrl Pts',(-0.8424660482698,3.964694289544,-0.3586906939535));
#6171=CARTESIAN_POINT('Ctrl Pts',(-0.6474596730361,3.940319289544,-0.6474596730361));
#6172=CARTESIAN_POINT('Ctrl Pts',(-0.3586906939535,3.915944289544,-0.8424660482698));
#6173=CARTESIAN_POINT('Ctrl Pts',(-0.01797751688891,3.891569289544,-0.9154697511675));
#6174=CARTESIAN_POINT('Ctrl Pts',(0.3253390945893,3.867194289544,-0.8558986680372));
#6175=CARTESIAN_POINT('Ctrl Pts',(0.6215413576178,3.842819289544,-0.6723796525675));
#6176=CARTESIAN_POINT('Ctrl Pts',(0.827734406919,3.818444289544,-0.391489218266));
#6177=CARTESIAN_POINT('Ctrl Pts',(0.9140581631657,3.794069289544,-0.05390483063875));
#6178=CARTESIAN_POINT('Ctrl Pts',(0.8680115540954,3.769694289544,0.2914858459223));
#6179=CARTESIAN_POINT('Ctrl Pts',(0.6962628714096,3.745319289544,0.5946646704763));
#6180=CARTESIAN_POINT('Ctrl Pts',(0.4236840945797,3.720944289544,0.8117264591082));
#6181=CARTESIAN_POINT('Ctrl Pts',(0.08974902704684,3.696569289544,0.9112371637287));
#6182=CARTESIAN_POINT('Ctrl Pts',(-0.2571831472083,3.672194289544,0.8787860292518));
#6183=CARTESIAN_POINT('Ctrl Pts',(-0.566871053515,3.647819289544,0.7190725033701));
#6184=CARTESIAN_POINT('Ctrl Pts',(-0.7944668879325,3.623444289544,0.4552256807287));
#6185=CARTESIAN_POINT('Ctrl Pts',(-0.9070111026329,3.599069289544,0.1254548369604));
#6186=CARTESIAN_POINT('Ctrl Pts',(-0.8882054800468,3.574694289544,-0.2224838907222));
#6187=CARTESIAN_POINT('Ctrl Pts',(-0.7407733776499,3.550319289544,-0.5382033624768));
#6188=CARTESIAN_POINT('Ctrl Pts',(-0.4860653418734,3.525944289544,-0.7759823063999));
#6189=CARTESIAN_POINT('Ctrl Pts',(-0.1609672046085,3.501569289544,-0.9013864961582));
#6190=CARTESIAN_POINT('Ctrl Pts',(0.187441580203,3.477194289544,-0.8962553823708));
#6191=CARTESIAN_POINT('Ctrl Pts',(0.508705800862,3.452819289544,-0.7613320330707));
#6192=CARTESIAN_POINT('Ctrl Pts',(0.7563012164005,3.428444289544,-0.5161555255027));
#6193=CARTESIAN_POINT('Ctrl Pts',(0.8943720170198,3.404069289544,-0.1962313724533));
#6194=CARTESIAN_POINT('Ctrl Pts',(0.9029233239331,3.379694289544,0.1521102482001));
#6195=CARTESIAN_POINT('Ctrl Pts',(0.7807167693953,3.355319289544,0.4784238523451));
#6196=CARTESIAN_POINT('Ctrl Pts',(0.5454498357819,3.330944289544,0.7354539626117));
#6197=CARTESIAN_POINT('Ctrl Pts',(0.2311929617944,3.306569289544,0.8859784890115));
#6198=CARTESIAN_POINT('Ctrl Pts',(-0.1165443584758,3.282194289544,0.9081989934865));
#6199=CARTESIAN_POINT('Ctrl Pts',(-0.4474042639495,3.257819289544,0.7988978078482));
#6200=CARTESIAN_POINT('Ctrl Pts',(-0.713472486764,3.233444289544,0.5739026884409));
#6201=CARTESIAN_POINT('Ctrl Pts',(-0.8762196127865,3.209069289544,0.2657996115801));
#6202=CARTESIAN_POINT('Ctrl Pts',(-0.9120714257899,3.184694289544,-0.08080452522794));
#6203=CARTESIAN_POINT('Ctrl Pts',(-0.8479289274693,3.168444289544,-0.3040503858244));
#6204=CARTESIAN_POINT('Ctrl Pts',(-0.796155487653,3.160319289544,-0.4056614827139));
#6205=CARTESIAN_POINT('Ctrl Pts',(-0.4227478107397,4.776773096515,-0.829689294537));
#6206=CARTESIAN_POINT('Ctrl Pts',(-0.3168568879202,4.768648096515,-0.8836434145839));
#6207=CARTESIAN_POINT('Ctrl Pts',(-0.08420798521328,4.752398096515,-0.9504875738051));
#6208=CARTESIAN_POINT('Ctrl Pts',(0.2769950036646,4.728023096515,-0.9131256942477));
#6209=CARTESIAN_POINT('Ctrl Pts',(0.5980752806328,4.703648096515,-0.7435237128865));
#6210=CARTESIAN_POINT('Ctrl Pts',(0.8325471203555,4.679273096515,-0.4662487841708));
#6211=CARTESIAN_POINT('Ctrl Pts',(0.9464520359287,4.654898096515,-0.1214531684648));
#6212=CARTESIAN_POINT('Ctrl Pts',(0.9232956111247,4.630523096515,0.2409307331895));
#6213=CARTESIAN_POINT('Ctrl Pts',(0.7664310412561,4.606148096515,0.5684240031923));
#6214=CARTESIAN_POINT('Ctrl Pts',(0.4985749074116,4.581773096515,0.8136003025518));
#6215=CARTESIAN_POINT('Ctrl Pts',(0.1585170817487,4.557398096515,0.9409541569115));
#6216=CARTESIAN_POINT('Ctrl Pts',(-0.2044965732219,4.533023096515,0.9320426717678));
#6217=CARTESIAN_POINT('Ctrl Pts',(-0.5378958262137,4.508648096515,0.7881563745074));
#6218=CARTESIAN_POINT('Ctrl Pts',(-0.7933990875186,4.484273096515,0.5301323216251));
#6219=CARTESIAN_POINT('Ctrl Pts',(-0.9340053638471,4.459898096515,0.1953365578173));
#6220=CARTESIAN_POINT('Ctrl Pts',(-0.9393525984569,4.435523096515,-0.1677470902436));
#6221=CARTESIAN_POINT('Ctrl Pts',(-0.8086664255345,4.411148096515,-0.5065382539618));
#6222=CARTESIAN_POINT('Ctrl Pts',(-0.5608723108185,4.386773096515,-0.7719745083035));
#6223=CARTESIAN_POINT('Ctrl Pts',(-0.2318548389125,4.362398096515,-0.9256164022889));
#6224=CARTESIAN_POINT('Ctrl Pts',(0.1307389533679,4.338023096515,-0.9452141115036));
#6225=CARTESIAN_POINT('Ctrl Pts',(0.4743996364483,4.313648096515,-0.8279295715525));
#6226=CARTESIAN_POINT('Ctrl Pts',(0.7493596003474,4.289273096515,-0.59074747556));
#6227=CARTESIAN_POINT('Ctrl Pts',(0.9158002073292,4.264898096515,-0.2680156166518));
#6228=CARTESIAN_POINT('Ctrl Pts',(0.9496181729007,4.240523096515,0.09352922650246));
#6229=CARTESIAN_POINT('Ctrl Pts',(0.8459161101807,4.216148096515,0.4415295290805));
#6230=CARTESIAN_POINT('Ctrl Pts',(0.6197117505124,4.191773096515,0.7255892342023));
#6231=CARTESIAN_POINT('Ctrl Pts',(0.3037631337363,4.167398096515,0.9045719148283));
#6232=CARTESIAN_POINT('Ctrl Pts',(-0.05617528434884,4.143023096515,0.9525579919048));
#6233=CARTESIAN_POINT('Ctrl Pts',(-0.4079786151816,4.118648096515,0.8625983074803));
#6234=CARTESIAN_POINT('Ctrl Pts',(-0.7007000620497,4.094273096515,0.6477204748631));
#6235=CARTESIAN_POINT('Ctrl Pts',(-0.8919488379994,4.069898096515,0.3390422700857));
#6236=CARTESIAN_POINT('Ctrl Pts',(-0.9540290355282,4.045523096515,-0.01873472397843));
#6237=CARTESIAN_POINT('Ctrl Pts',(-0.8779504407121,4.021148096515,-0.373798627829));
#6238=CARTESIAN_POINT('Ctrl Pts',(-0.6747304611893,3.996773096515,-0.6747304611893));
#6239=CARTESIAN_POINT('Ctrl Pts',(-0.373798627829,3.972398096515,-0.8779504407121));
#6240=CARTESIAN_POINT('Ctrl Pts',(-0.01873472397843,3.948023096515,-0.9540290355282));
#6241=CARTESIAN_POINT('Ctrl Pts',(0.3390422700857,3.923648096515,-0.8919488379994));
#6242=CARTESIAN_POINT('Ctrl Pts',(0.6477204748631,3.899273096515,-0.7007000620497));
#6243=CARTESIAN_POINT('Ctrl Pts',(0.8625983074803,3.874898096515,-0.4079786151816));
#6244=CARTESIAN_POINT('Ctrl Pts',(0.9525579919048,3.850523096515,-0.05617528434884));
#6245=CARTESIAN_POINT('Ctrl Pts',(0.9045719148283,3.826148096515,0.3037631337363));
#6246=CARTESIAN_POINT('Ctrl Pts',(0.7255892342023,3.801773096515,0.6197117505124));
#6247=CARTESIAN_POINT('Ctrl Pts',(0.4415295290805,3.777398096515,0.8459161101807));
#6248=CARTESIAN_POINT('Ctrl Pts',(0.09352922650245,3.753023096515,0.9496181729007));
#6249=CARTESIAN_POINT('Ctrl Pts',(-0.2680156166518,3.728648096515,0.9158002073292));
#6250=CARTESIAN_POINT('Ctrl Pts',(-0.59074747556,3.704273096515,0.7493596003474));
#6251=CARTESIAN_POINT('Ctrl Pts',(-0.8279295715525,3.679898096515,0.4743996364483));
#6252=CARTESIAN_POINT('Ctrl Pts',(-0.9452141115036,3.655523096515,0.1307389533679));
#6253=CARTESIAN_POINT('Ctrl Pts',(-0.9256164022889,3.631148096515,-0.2318548389126));
#6254=CARTESIAN_POINT('Ctrl Pts',(-0.7719745083035,3.606773096515,-0.5608723108185));
#6255=CARTESIAN_POINT('Ctrl Pts',(-0.5065382539618,3.582398096515,-0.8086664255345));
#6256=CARTESIAN_POINT('Ctrl Pts',(-0.1677470902436,3.558023096515,-0.9393525984569));
#6257=CARTESIAN_POINT('Ctrl Pts',(0.1953365578173,3.533648096515,-0.9340053638471));
#6258=CARTESIAN_POINT('Ctrl Pts',(0.5301323216251,3.509273096515,-0.7933990875186));
#6259=CARTESIAN_POINT('Ctrl Pts',(0.7881563745074,3.484898096515,-0.5378958262137));
#6260=CARTESIAN_POINT('Ctrl Pts',(0.9320426717678,3.460523096515,-0.2044965732219));
#6261=CARTESIAN_POINT('Ctrl Pts',(0.9409541569115,3.436148096515,0.1585170817487));
#6262=CARTESIAN_POINT('Ctrl Pts',(0.8136003025518,3.411773096515,0.4985749074116));
#6263=CARTESIAN_POINT('Ctrl Pts',(0.5684240031923,3.387398096515,0.7664310412561));
#6264=CARTESIAN_POINT('Ctrl Pts',(0.2409307331895,3.363023096515,0.9232956111247));
#6265=CARTESIAN_POINT('Ctrl Pts',(-0.1214531684648,3.338648096515,0.9464520359287));
#6266=CARTESIAN_POINT('Ctrl Pts',(-0.4662487841708,3.314273096515,0.8325471203555));
#6267=CARTESIAN_POINT('Ctrl Pts',(-0.7435237128865,3.289898096515,0.5980752806328));
#6268=CARTESIAN_POINT('Ctrl Pts',(-0.9131256942477,3.265523096515,0.2769950036646));
#6269=CARTESIAN_POINT('Ctrl Pts',(-0.9504875738051,3.241148096515,-0.08420798521329));
#6270=CARTESIAN_POINT('Ctrl Pts',(-0.8836434145839,3.224898096515,-0.3168568879202));
#6271=CARTESIAN_POINT('Ctrl Pts',(-0.829689294537,3.216773096515,-0.4227478107397));
#6272=CARTESIAN_POINT('Ctrl Pts',(-0.4398341387655,4.833226903485,-0.8632231014209));
#6273=CARTESIAN_POINT('Ctrl Pts',(-0.329663390016,4.825101903485,-0.9193579016986));
#6274=CARTESIAN_POINT('Ctrl Pts',(-0.08761144519863,4.808851903485,-0.9889037218203));
#6275=CARTESIAN_POINT('Ctrl Pts',(0.2881903957492,4.784476903485,-0.9500317757089));
#6276=CARTESIAN_POINT('Ctrl Pts',(0.6222478728247,4.760101903485,-0.7735749390091));
#6277=CARTESIAN_POINT('Ctrl Pts',(0.8661964328627,4.735726903485,-0.485093304392));
#6278=CARTESIAN_POINT('Ctrl Pts',(0.9847050783708,4.711351903485,-0.1263619784537));
#6279=CARTESIAN_POINT('Ctrl Pts',(0.9606127332379,4.686976903485,0.2506685045846));
#6280=CARTESIAN_POINT('Ctrl Pts',(0.7974081199006,4.662601903485,0.5913981706026));
#6281=CARTESIAN_POINT('Ctrl Pts',(0.5187259624781,4.638226903485,0.8464838357083));
#6282=CARTESIAN_POINT('Ctrl Pts',(0.1649239152973,4.613851903485,0.9789849898899));
#6283=CARTESIAN_POINT('Ctrl Pts',(-0.2127617739904,4.589476903485,0.9697133265159));
#6284=CARTESIAN_POINT('Ctrl Pts',(-0.5596361269247,4.565101903485,0.8200115326143));
#6285=CARTESIAN_POINT('Ctrl Pts',(-0.8254661419665,4.540726903485,0.5515588423881));
#6286=CARTESIAN_POINT('Ctrl Pts',(-0.9717553453233,4.516351903485,0.2032315354316));
#6287=CARTESIAN_POINT('Ctrl Pts',(-0.9773187007557,4.491976903485,-0.1745269758786));
#6288=CARTESIAN_POINT('Ctrl Pts',(-0.8413505446692,4.467601903485,-0.5270111660501));
#6289=CARTESIAN_POINT('Ctrl Pts',(-0.5835412591602,4.443226903485,-0.8031756389572));
#6290=CARTESIAN_POINT('Ctrl Pts',(-0.2412257871029,4.418851903485,-0.9630273245309));
#6291=CARTESIAN_POINT('Ctrl Pts',(0.1360230697755,4.394476903485,-0.9834171203744));
#6292=CARTESIAN_POINT('Ctrl Pts',(0.4935735921679,4.370101903485,-0.8613922551724));
#6293=CARTESIAN_POINT('Ctrl Pts',(0.7796466973247,4.345726903485,-0.614623897605));
#6294=CARTESIAN_POINT('Ctrl Pts',(0.9528143854065,4.321351903485,-0.2788480860953));
#6295=CARTESIAN_POINT('Ctrl Pts',(0.9879991820727,4.296976903485,0.09730942595807));
#6296=CARTESIAN_POINT('Ctrl Pts',(0.8801057612532,4.272601903485,0.4593749635814));
#6297=CARTESIAN_POINT('Ctrl Pts',(0.6447588305485,4.248226903485,0.754915596995));
#6298=CARTESIAN_POINT('Ctrl Pts',(0.3160404215502,4.223851903485,0.9411322755612));
#6299=CARTESIAN_POINT('Ctrl Pts',(-0.05844573805894,4.199476903485,0.9910578206438));
#6300=CARTESIAN_POINT('Ctrl Pts',(-0.4244680120973,4.175101903485,0.8974622080415));
#6301=CARTESIAN_POINT('Ctrl Pts',(-0.729020471532,4.150726903485,0.6738995921084));
#6302=CARTESIAN_POINT('Ctrl Pts',(-0.9279990079615,4.126351903485,0.3527454455822));
#6303=CARTESIAN_POINT('Ctrl Pts',(-0.9925883198889,4.101976903485,-0.01949193106795));
#6304=CARTESIAN_POINT('Ctrl Pts',(-0.9134348331543,4.077601903485,-0.3889065617045));
#6305=CARTESIAN_POINT('Ctrl Pts',(-0.7020012493424,4.053226903485,-0.7020012493424));
#6306=CARTESIAN_POINT('Ctrl Pts',(-0.3889065617045,4.028851903485,-0.9134348331543));
#6307=CARTESIAN_POINT('Ctrl Pts',(-0.01949193106794,4.004476903485,-0.9925883198889));
#6308=CARTESIAN_POINT('Ctrl Pts',(0.3527454455822,3.980101903485,-0.9279990079615));
#6309=CARTESIAN_POINT('Ctrl Pts',(0.6738995921084,3.955726903485,-0.729020471532));
#6310=CARTESIAN_POINT('Ctrl Pts',(0.8974622080415,3.931351903485,-0.4244680120973));
#6311=CARTESIAN_POINT('Ctrl Pts',(0.9910578206438,3.906976903485,-0.05844573805893));
#6312=CARTESIAN_POINT('Ctrl Pts',(0.9411322755612,3.882601903485,0.3160404215502));
#6313=CARTESIAN_POINT('Ctrl Pts',(0.754915596995,3.858226903485,0.6447588305485));
#6314=CARTESIAN_POINT('Ctrl Pts',(0.4593749635814,3.833851903485,0.8801057612532));
#6315=CARTESIAN_POINT('Ctrl Pts',(0.09730942595806,3.809476903485,0.9879991820727));
#6316=CARTESIAN_POINT('Ctrl Pts',(-0.2788480860953,3.785101903485,0.9528143854065));
#6317=CARTESIAN_POINT('Ctrl Pts',(-0.614623897605,3.760726903485,0.7796466973247));
#6318=CARTESIAN_POINT('Ctrl Pts',(-0.8613922551724,3.736351903485,0.4935735921679));
#6319=CARTESIAN_POINT('Ctrl Pts',(-0.9834171203744,3.711976903485,0.1360230697755));
#6320=CARTESIAN_POINT('Ctrl Pts',(-0.9630273245309,3.687601903485,-0.2412257871029));
#6321=CARTESIAN_POINT('Ctrl Pts',(-0.8031756389572,3.663226903485,-0.5835412591602));
#6322=CARTESIAN_POINT('Ctrl Pts',(-0.5270111660501,3.638851903485,-0.8413505446692));
#6323=CARTESIAN_POINT('Ctrl Pts',(-0.1745269758786,3.614476903485,-0.9773187007557));
#6324=CARTESIAN_POINT('Ctrl Pts',(0.2032315354316,3.590101903485,-0.9717553453233));
#6325=CARTESIAN_POINT('Ctrl Pts',(0.5515588423881,3.565726903485,-0.8254661419665));
#6326=CARTESIAN_POINT('Ctrl Pts',(0.8200115326143,3.541351903485,-0.5596361269247));
#6327=CARTESIAN_POINT('Ctrl Pts',(0.9697133265159,3.516976903485,-0.2127617739904));
#6328=CARTESIAN_POINT('Ctrl Pts',(0.9789849898899,3.492601903485,0.1649239152973));
#6329=CARTESIAN_POINT('Ctrl Pts',(0.8464838357083,3.468226903485,0.5187259624781));
#6330=CARTESIAN_POINT('Ctrl Pts',(0.5913981706026,3.443851903485,0.7974081199006));
#6331=CARTESIAN_POINT('Ctrl Pts',(0.2506685045846,3.419476903485,0.9606127332379));
#6332=CARTESIAN_POINT('Ctrl Pts',(-0.1263619784537,3.395101903485,0.9847050783708));
#6333=CARTESIAN_POINT('Ctrl Pts',(-0.485093304392,3.370726903485,0.8661964328627));
#6334=CARTESIAN_POINT('Ctrl Pts',(-0.7735749390091,3.346351903485,0.6222478728247));
#6335=CARTESIAN_POINT('Ctrl Pts',(-0.9500317757089,3.321976903485,0.2881903957492));
#6336=CARTESIAN_POINT('Ctrl Pts',(-0.9889037218203,3.297601903485,-0.08761144519864));
#6337=CARTESIAN_POINT('Ctrl Pts',(-0.9193579016986,3.281351903485,-0.329663390016));
#6338=CARTESIAN_POINT('Ctrl Pts',(-0.8632231014209,3.273226903485,-0.4398341387655));
#6339=CARTESIAN_POINT('Ctrl Pts',(-0.4569204667913,4.889680710456,-0.8967569083049));
#6340=CARTESIAN_POINT('Ctrl Pts',(-0.3424698921118,4.881555710456,-0.9550723888133));
#6341=CARTESIAN_POINT('Ctrl Pts',(-0.09101490518398,4.865305710456,-1.027319869836));
#6342=CARTESIAN_POINT('Ctrl Pts',(0.2993857878338,4.840930710456,-0.9869378571701));
#6343=CARTESIAN_POINT('Ctrl Pts',(0.6464204650165,4.816555710456,-0.8036261651316));
#6344=CARTESIAN_POINT('Ctrl Pts',(0.89984574537,4.792180710456,-0.5039378246133));
#6345=CARTESIAN_POINT('Ctrl Pts',(1.022958120813,4.767805710456,-0.1312707884426));
#6346=CARTESIAN_POINT('Ctrl Pts',(0.9979298553511,4.743430710456,0.2604062759797));
#6347=CARTESIAN_POINT('Ctrl Pts',(0.8283851985451,4.719055710456,0.6143723380129));
#6348=CARTESIAN_POINT('Ctrl Pts',(0.5388770175447,4.694680710456,0.8793673688648));
#6349=CARTESIAN_POINT('Ctrl Pts',(0.171330748846,4.670305710456,1.017015822868));
#6350=CARTESIAN_POINT('Ctrl Pts',(-0.221026974759,4.645930710456,1.007383981264));
#6351=CARTESIAN_POINT('Ctrl Pts',(-0.5813764276357,4.621555710456,0.8518666907212));
#6352=CARTESIAN_POINT('Ctrl Pts',(-0.8575331964143,4.597180710456,0.5729853631512));
#6353=CARTESIAN_POINT('Ctrl Pts',(-1.0095053268,4.572805710456,0.211126513046));
#6354=CARTESIAN_POINT('Ctrl Pts',(-1.015284803054,4.548430710456,-0.1813068615136));
#6355=CARTESIAN_POINT('Ctrl Pts',(-0.8740346638039,4.524055710456,-0.5474840781384));
#6356=CARTESIAN_POINT('Ctrl Pts',(-0.606210207502,4.499680710456,-0.8343767696108));
#6357=CARTESIAN_POINT('Ctrl Pts',(-0.2505967352933,4.475305710456,-1.000438246773));
#6358=CARTESIAN_POINT('Ctrl Pts',(0.1413071861831,4.450930710456,-1.021620129245));
#6359=CARTESIAN_POINT('Ctrl Pts',(0.5127475478875,4.426555710456,-0.8948549387924));
#6360=CARTESIAN_POINT('Ctrl Pts',(0.8099337943021,4.402180710456,-0.6385003196501));
#6361=CARTESIAN_POINT('Ctrl Pts',(0.9898285634838,4.377805710456,-0.2896805555388));
#6362=CARTESIAN_POINT('Ctrl Pts',(1.026380191245,4.353430710456,0.1010896254137));
#6363=CARTESIAN_POINT('Ctrl Pts',(0.9142954123257,4.329055710456,0.4772203980823));
#6364=CARTESIAN_POINT('Ctrl Pts',(0.6698059105847,4.304680710456,0.7842419597877));
#6365=CARTESIAN_POINT('Ctrl Pts',(0.3283177093641,4.280305710456,0.9776926362941));
#6366=CARTESIAN_POINT('Ctrl Pts',(-0.06071619176903,4.255930710456,1.029557649383));
#6367=CARTESIAN_POINT('Ctrl Pts',(-0.4409574090129,4.231555710456,0.9323261086028));
#6368=CARTESIAN_POINT('Ctrl Pts',(-0.7573408810143,4.207180710456,0.7000787093536));
#6369=CARTESIAN_POINT('Ctrl Pts',(-0.9640491779237,4.182805710456,0.3664486210786));
#6370=CARTESIAN_POINT('Ctrl Pts',(-1.03114760425,4.158430710456,-0.02024913815746));
#6371=CARTESIAN_POINT('Ctrl Pts',(-0.9489192255966,4.134055710456,-0.4040144955801));
#6372=CARTESIAN_POINT('Ctrl Pts',(-0.7292720374955,4.109680710456,-0.7292720374955));
#6373=CARTESIAN_POINT('Ctrl Pts',(-0.4040144955801,4.085305710456,-0.9489192255966));
#6374=CARTESIAN_POINT('Ctrl Pts',(-0.02024913815746,4.060930710456,-1.03114760425));
#6375=CARTESIAN_POINT('Ctrl Pts',(0.3664486210786,4.036555710456,-0.9640491779237));
#6376=CARTESIAN_POINT('Ctrl Pts',(0.7000787093537,4.012180710456,-0.7573408810143));
#6377=CARTESIAN_POINT('Ctrl Pts',(0.9323261086028,3.987805710456,-0.4409574090129));
#6378=CARTESIAN_POINT('Ctrl Pts',(1.029557649383,3.963430710456,-0.06071619176902));
#6379=CARTESIAN_POINT('Ctrl Pts',(0.9776926362941,3.939055710456,0.3283177093642));
#6380=CARTESIAN_POINT('Ctrl Pts',(0.7842419597877,3.914680710456,0.6698059105847));
#6381=CARTESIAN_POINT('Ctrl Pts',(0.4772203980823,3.890305710456,0.9142954123258));
#6382=CARTESIAN_POINT('Ctrl Pts',(0.1010896254137,3.865930710456,1.026380191245));
#6383=CARTESIAN_POINT('Ctrl Pts',(-0.2896805555388,3.841555710456,0.9898285634838));
#6384=CARTESIAN_POINT('Ctrl Pts',(-0.6385003196501,3.817180710456,0.8099337943021));
#6385=CARTESIAN_POINT('Ctrl Pts',(-0.8948549387924,3.792805710456,0.5127475478875));
#6386=CARTESIAN_POINT('Ctrl Pts',(-1.021620129245,3.768430710456,0.1413071861831));
#6387=CARTESIAN_POINT('Ctrl Pts',(-1.000438246773,3.744055710456,-0.2505967352933));
#6388=CARTESIAN_POINT('Ctrl Pts',(-0.8343767696108,3.719680710456,-0.606210207502));
#6389=CARTESIAN_POINT('Ctrl Pts',(-0.5474840781384,3.695305710456,-0.8740346638039));
#6390=CARTESIAN_POINT('Ctrl Pts',(-0.1813068615136,3.670930710456,-1.015284803054));
#6391=CARTESIAN_POINT('Ctrl Pts',(0.211126513046,3.646555710456,-1.0095053268));
#6392=CARTESIAN_POINT('Ctrl Pts',(0.5729853631512,3.622180710456,-0.8575331964143));
#6393=CARTESIAN_POINT('Ctrl Pts',(0.8518666907212,3.597805710456,-0.5813764276357));
#6394=CARTESIAN_POINT('Ctrl Pts',(1.007383981264,3.573430710456,-0.2210269747589));
#6395=CARTESIAN_POINT('Ctrl Pts',(1.017015822868,3.549055710456,0.171330748846));
#6396=CARTESIAN_POINT('Ctrl Pts',(0.8793673688648,3.524680710456,0.5388770175447));
#6397=CARTESIAN_POINT('Ctrl Pts',(0.6143723380129,3.500305710456,0.8283851985451));
#6398=CARTESIAN_POINT('Ctrl Pts',(0.2604062759797,3.475930710456,0.9979298553511));
#6399=CARTESIAN_POINT('Ctrl Pts',(-0.1312707884427,3.451555710456,1.022958120813));
#6400=CARTESIAN_POINT('Ctrl Pts',(-0.5039378246133,3.427180710456,0.89984574537));
#6401=CARTESIAN_POINT('Ctrl Pts',(-0.8036261651316,3.402805710456,0.6464204650165));
#6402=CARTESIAN_POINT('Ctrl Pts',(-0.9869378571701,3.378430710456,0.2993857878338));
#6403=CARTESIAN_POINT('Ctrl Pts',(-1.027319869836,3.354055710456,-0.09101490518399));
#6404=CARTESIAN_POINT('Ctrl Pts',(-0.9550723888133,3.337805710456,-0.3424698921118));
#6405=CARTESIAN_POINT('Ctrl Pts',(-0.8967569083049,3.329680710456,-0.4569204667913));
#6406=CARTESIAN_POINT('Ctrl Pts',(-3.99017942170464E-8,4.84999946392454,
-0.999969998701071));
#6407=CARTESIAN_POINT('Ctrl Pts',(0.0830851016279664,4.84470986093508,-0.999930919726951));
#6408=CARTESIAN_POINT('Ctrl Pts',(0.166182978855535,4.83942016101348,-0.989545686141565));
#6409=CARTESIAN_POINT('Ctrl Pts',(0.327572650992643,4.82881822706399,-0.948526425484758));
#6410=CARTESIAN_POINT('Ctrl Pts',(0.405374108276887,4.82353445009394,-0.917830475955441));
#6411=CARTESIAN_POINT('Ctrl Pts',(0.593822577793918,4.8098756412616,-0.815243980061995));
#6412=CARTESIAN_POINT('Ctrl Pts',(0.695183991071978,4.8016291991959,-0.730632503098986));
#6413=CARTESIAN_POINT('Ctrl Pts',(0.860584889702844,4.78487933285174,-0.526002221882877));
#6414=CARTESIAN_POINT('Ctrl Pts',(0.921792774705503,4.77663803902692,-0.409102147356618));
#6415=CARTESIAN_POINT('Ctrl Pts',(0.998748895049837,4.75935365882576,-0.148723399248535));
#6416=CARTESIAN_POINT('Ctrl Pts',(1.00724623589208,4.75110219820724,-0.016839331284944));
#6417=CARTESIAN_POINT('Ctrl Pts',(0.97951142595211,4.73423876622818,0.246603659158095));
#6418=CARTESIAN_POINT('Ctrl Pts',(0.935955153359945,4.72596867318752,0.371710304106));
#6419=CARTESIAN_POINT('Ctrl Pts',(0.81017703799909,4.70917461073018,0.603602816042459));
#6420=CARTESIAN_POINT('Ctrl Pts',(0.721594090565834,4.70090235516343,0.702175930016813));
#6421=CARTESIAN_POINT('Ctrl Pts',(0.515623638994863,4.6840131755489,0.869387792980362));
#6422=CARTESIAN_POINT('Ctrl Pts',(0.394921168261483,4.67570311577144,0.925652229777529));
#6423=CARTESIAN_POINT('Ctrl Pts',(0.143114312923791,4.65897300931106,1.00085903332471));
#6424=CARTESIAN_POINT('Ctrl Pts',(0.00982410807178554,4.65065087572462,
1.00609852742129));
#6425=CARTESIAN_POINT('Ctrl Pts',(-0.250776774579304,4.63397516554112,0.979637122431778));
#6426=CARTESIAN_POINT('Ctrl Pts',(-0.375962747029903,4.62564369650777,0.933072642646468));
#6427=CARTESIAN_POINT('Ctrl Pts',(-0.605990915365599,4.6090256041014,0.809681607791454));
#6428=CARTESIAN_POINT('Ctrl Pts',(-0.703815015215745,4.60068895055685,0.718597022053182));
#6429=CARTESIAN_POINT('Ctrl Pts',(-0.868919285725091,4.58412702305734,0.517555538848208));
#6430=CARTESIAN_POINT('Ctrl Pts',(-0.924556656156173,4.57579009585376,0.396011506893174));
#6431=CARTESIAN_POINT('Ctrl Pts',(-1.00045260101383,4.5592783419826,0.148007299194232));
#6432=CARTESIAN_POINT('Ctrl Pts',(-1.005700010439,4.55094598792037,0.0145155027454751));
#6433=CARTESIAN_POINT('Ctrl Pts',(-0.981596718794917,4.53447541490346,-0.243067210501099));
#6434=CARTESIAN_POINT('Ctrl Pts',(-0.935946614186458,4.52615171431081,-0.368459269395005));
#6435=CARTESIAN_POINT('Ctrl Pts',(-0.8159603026328,4.509712474581,-0.597101801814877));
#6436=CARTESIAN_POINT('Ctrl Pts',(-0.726483258402747,4.50140035249468,-0.695826225348767));
#6437=CARTESIAN_POINT('Ctrl Pts',(-0.528908949038918,4.48498355676045,-0.861522829556663));
#6438=CARTESIAN_POINT('Ctrl Pts',(-0.409048475804528,4.47668472418112,-0.919173765253639));
#6439=CARTESIAN_POINT('Ctrl Pts',(-0.16532870268794,4.46039893310804,-0.996849855601353));
#6440=CARTESIAN_POINT('Ctrl Pts',(-0.03344782546523,4.45214822388711,-1.00593132106539));
#6441=CARTESIAN_POINT('Ctrl Pts',(0.224152149902504,4.43569434387304,-0.985152320040635));
#6442=CARTESIAN_POINT('Ctrl Pts',(0.349633803171535,4.42744914882875,-0.943899784346657));
#6443=CARTESIAN_POINT('Ctrl Pts',(0.580563599153442,4.41096500534584,-0.826827578846536));
#6444=CARTESIAN_POINT('Ctrl Pts',(0.681198867637184,4.40270897332706,-0.7410221849561));
#6445=CARTESIAN_POINT('Ctrl Pts',(0.849545108233398,4.3863265222008,-0.546423540845976));
#6446=CARTESIAN_POINT('Ctrl Pts',(0.910562884474607,4.37808202892947,-0.429321077504099));
#6447=CARTESIAN_POINT('Ctrl Pts',(0.992709031200201,4.36170690365514,-0.185597570602407));
#6448=CARTESIAN_POINT('Ctrl Pts',(1.00537726178581,4.35347306647991,-0.0543497157838376));
#6449=CARTESIAN_POINT('Ctrl Pts',(0.989262654371465,4.33710470784261,0.202231936603344));
#6450=CARTESIAN_POINT('Ctrl Pts',(0.951899724163181,4.32888054935704,0.328507163657034));
#6451=CARTESIAN_POINT('Ctrl Pts',(0.840254426627265,4.31254675550505,0.559482808518942));
#6452=CARTESIAN_POINT('Ctrl Pts',(0.758787832727591,4.30435022124106,0.662370900717315));
#6453=CARTESIAN_POINT('Ctrl Pts',(0.567610400069018,4.28796733440684,0.834595616789668));
#6454=CARTESIAN_POINT('Ctrl Pts',(0.453583609943426,4.27977383581707,0.899436951515981));
#6455=CARTESIAN_POINT('Ctrl Pts',(0.211742645531033,4.26340422758978,0.986703388930255));
#6456=CARTESIAN_POINT('Ctrl Pts',(0.0817896843304342,4.25521359439516,1.00412539048443));
#6457=CARTESIAN_POINT('Ctrl Pts',(-0.169811071014605,4.23918123041071,0.993945769990908));
#6458=CARTESIAN_POINT('Ctrl Pts',(-0.297064129804447,4.23100578349645,0.963471475912612));
#6459=CARTESIAN_POINT('Ctrl Pts',(-0.531770240085985,4.21458854772134,0.85669994810594));
#6460=CARTESIAN_POINT('Ctrl Pts',(-0.638169486558244,4.20641334594315,0.780549427221144));
#6461=CARTESIAN_POINT('Ctrl Pts',(-0.815206513099317,4.19001016953281,0.593383757973035));
#6462=CARTESIAN_POINT('Ctrl Pts',(-0.885113216763917,4.18183510019986,0.482790261769371));
#6463=CARTESIAN_POINT('Ctrl Pts',(-0.978570920756005,4.16544533143367,0.242935816208641));
#6464=CARTESIAN_POINT('Ctrl Pts',(-1.00173414447901,4.15727029879638,0.114172754936295));
#6465=CARTESIAN_POINT('Ctrl Pts',(-0.998057485717583,4.14089328291475,-0.143019405119636));
#6466=CARTESIAN_POINT('Ctrl Pts',(-0.971102685571993,4.1327182065965,-0.271038382001192));
#6467=CARTESIAN_POINT('Ctrl Pts',(-0.871025599730767,4.11635329194161,-0.507783206814629));
#6468=CARTESIAN_POINT('Ctrl Pts',(-0.797931657118458,4.10817810538128,-0.616281905254431));
#6469=CARTESIAN_POINT('Ctrl Pts',(-0.616281905254401,4.0918218946189,-0.797931657118483));
#6470=CARTESIAN_POINT('Ctrl Pts',(-0.507783206814591,4.08364670805859,-0.871025599730789));
#6471=CARTESIAN_POINT('Ctrl Pts',(-0.271038382001162,4.06728179340371,-0.971102685572003));
#6472=CARTESIAN_POINT('Ctrl Pts',(-0.143019405119614,4.05910671708544,-0.998057485717586));
#6473=CARTESIAN_POINT('Ctrl Pts',(0.114172754936323,4.0427297012038,-1.00173414447901));
#6474=CARTESIAN_POINT('Ctrl Pts',(0.242935816208673,4.03455466856652,-0.978570920755996));
#6475=CARTESIAN_POINT('Ctrl Pts',(0.482790261769456,4.01816489980033,-0.88511321676389));
#6476=CARTESIAN_POINT('Ctrl Pts',(0.593383757973175,4.00998983046737,-0.815206513099264));
#6477=CARTESIAN_POINT('Ctrl Pts',(0.780549427221223,3.99358665405703,-0.638169486558192));
#6478=CARTESIAN_POINT('Ctrl Pts',(0.856699948105934,3.98541145227886,-0.531770240086006));
#6479=CARTESIAN_POINT('Ctrl Pts',(0.963471475912594,3.96899421650374,-0.297064129804518));
#6480=CARTESIAN_POINT('Ctrl Pts',(0.993945769990909,3.96081876958948,-0.16981107101462));
#6481=CARTESIAN_POINT('Ctrl Pts',(1.00412539048442,3.94478640560503,0.0817896843304576));
#6482=CARTESIAN_POINT('Ctrl Pts',(0.986703388930263,3.93659577241041,0.211742645531097));
#6483=CARTESIAN_POINT('Ctrl Pts',(0.899436951515933,3.92022616418311,0.453583609943581));
#6484=CARTESIAN_POINT('Ctrl Pts',(0.834595616789613,3.91203266559334,0.567610400069089));
#6485=CARTESIAN_POINT('Ctrl Pts',(0.662370900717448,3.89564977875914,0.758787832727484));
#6486=CARTESIAN_POINT('Ctrl Pts',(0.559482808519049,3.88745324449515,0.840254426627302));
#6487=CARTESIAN_POINT('Ctrl Pts',(0.328507163656695,3.87111945064313,0.951899724163368));
#6488=CARTESIAN_POINT('Ctrl Pts',(0.202231936603113,3.86289529215756,0.98926265437148));
#6489=CARTESIAN_POINT('Ctrl Pts',(-0.0543497157836851,3.84652693352029,
1.00537726178582));
#6490=CARTESIAN_POINT('Ctrl Pts',(-0.185597570602328,3.83829309634505,0.992709031200231));
#6491=CARTESIAN_POINT('Ctrl Pts',(-0.429321077504131,3.82191797107072,0.910562884474589));
#6492=CARTESIAN_POINT('Ctrl Pts',(-0.546423540846008,3.81367347779938,0.849545108233376));
#6493=CARTESIAN_POINT('Ctrl Pts',(-0.741022184956116,3.79729102667313,0.68119886763716));
#6494=CARTESIAN_POINT('Ctrl Pts',(-0.826827578846554,3.78903499465434,0.580563599153415));
#6495=CARTESIAN_POINT('Ctrl Pts',(-0.943899784346656,3.77255085117143,0.349633803171518));
#6496=CARTESIAN_POINT('Ctrl Pts',(-0.985152320040641,3.76430565612714,0.224152149902488));
#6497=CARTESIAN_POINT('Ctrl Pts',(-1.00593132106538,3.74785177611307,-0.0334478254652566));
#6498=CARTESIAN_POINT('Ctrl Pts',(-0.996849855601349,3.73960106689215,-0.16532870268797));
#6499=CARTESIAN_POINT('Ctrl Pts',(-0.91917376525362,3.72331527581907,-0.409048475804556));
#6500=CARTESIAN_POINT('Ctrl Pts',(-0.861522829556644,3.71501644323973,-0.528908949038951));
#6501=CARTESIAN_POINT('Ctrl Pts',(-0.69582622534878,3.69859964750551,-0.726483258402715));
#6502=CARTESIAN_POINT('Ctrl Pts',(-0.597101801814897,3.69028752541918,-0.815960302632798));
#6503=CARTESIAN_POINT('Ctrl Pts',(-0.36845926939482,3.67384828568936,-0.935946614186543));
#6504=CARTESIAN_POINT('Ctrl Pts',(-0.243067210500909,3.66552458509671,-0.981596718794943));
#6505=CARTESIAN_POINT('Ctrl Pts',(0.0145155027442083,3.64905401207989,-1.00570001043887));
#6506=CARTESIAN_POINT('Ctrl Pts',(0.148007299193173,3.64072165801764,-1.00045260101416));
#6507=CARTESIAN_POINT('Ctrl Pts',(0.39601150689703,3.62420990414619,-0.92455665615497));
#6508=CARTESIAN_POINT('Ctrl Pts',(0.517555538850905,3.61587297694269,-0.868919285722833));
#6509=CARTESIAN_POINT('Ctrl Pts',(0.718597022050121,3.59931104944363,-0.703815015218216));
#6510=CARTESIAN_POINT('Ctrl Pts',(0.809681607789858,3.590974395899,-0.605990915368592));
#6511=CARTESIAN_POINT('Ctrl Pts',(0.933072642647111,3.57435630349232,-0.375962747028645));
#6512=CARTESIAN_POINT('Ctrl Pts',(0.979637122431906,3.56602483445899,-0.250776774578041));
#6513=CARTESIAN_POINT('Ctrl Pts',(1.00609852742131,3.54934912427555,0.00982410807206582));
#6514=CARTESIAN_POINT('Ctrl Pts',(1.00085903332465,3.54102699068911,0.143114312924015));
#6515=CARTESIAN_POINT('Ctrl Pts',(0.925652229777512,3.52429688422874,0.394921168261499));
#6516=CARTESIAN_POINT('Ctrl Pts',(0.869387792980346,3.51598682445128,0.515623638994896));
#6517=CARTESIAN_POINT('Ctrl Pts',(0.702175930016705,3.49909764483675,0.721594090565943));
#6518=CARTESIAN_POINT('Ctrl Pts',(0.603602816042327,3.49082538926999,0.810177037999172));
#6519=CARTESIAN_POINT('Ctrl Pts',(0.371710304105854,3.47403132681265,0.935955153360005));
#6520=CARTESIAN_POINT('Ctrl Pts',(0.246603659157945,3.46576123377199,0.979511425952129));
#6521=CARTESIAN_POINT('Ctrl Pts',(-0.0168393312848585,3.44889780179295,
1.00724623589205));
#6522=CARTESIAN_POINT('Ctrl Pts',(-0.148723399248489,3.44064634117443,0.998748895049884));
#6523=CARTESIAN_POINT('Ctrl Pts',(-0.409102147356721,3.42336196097326,0.921792774705456));
#6524=CARTESIAN_POINT('Ctrl Pts',(-0.526002221882909,3.41512066714845,0.860584889702809));
#6525=CARTESIAN_POINT('Ctrl Pts',(-0.730632503099014,3.3983708008043,0.695183991071925));
#6526=CARTESIAN_POINT('Ctrl Pts',(-0.81524398006205,3.39012435873861,0.593822577793795));
#6527=CARTESIAN_POINT('Ctrl Pts',(-0.917848075232219,3.37646320666259,0.405341778906917));
#6528=CARTESIAN_POINT('Ctrl Pts',(-0.948553471659499,3.37117710836696,0.327503941560581));
#6529=CARTESIAN_POINT('Ctrl Pts',(-0.989555010896728,3.3605751117971,0.166108729354297));
#6530=CARTESIAN_POINT('Ctrl Pts',(-0.999931036742842,3.3552877380518,0.0830473881960993));
#6531=CARTESIAN_POINT('Ctrl Pts',(-0.999969999263086,3.35000045990613,-1.23631300120843E-6));
#6532=CARTESIAN_POINT('Ctrl Pts',(-0.4569204667913,4.870319289544,-0.8967569083049));
#6533=CARTESIAN_POINT('Ctrl Pts',(-0.3424698921118,4.862194289544,-0.9550723888133));
#6534=CARTESIAN_POINT('Ctrl Pts',(-0.09101490518398,4.845944289544,-1.027319869836));
#6535=CARTESIAN_POINT('Ctrl Pts',(0.2993857878338,4.821569289544,-0.9869378571701));
#6536=CARTESIAN_POINT('Ctrl Pts',(0.6464204650166,4.797194289544,-0.8036261651316));
#6537=CARTESIAN_POINT('Ctrl Pts',(0.89984574537,4.772819289544,-0.5039378246133));
#6538=CARTESIAN_POINT('Ctrl Pts',(1.022958120813,4.748444289544,-0.1312707884426));
#6539=CARTESIAN_POINT('Ctrl Pts',(0.9979298553511,4.724069289544,0.2604062759797));
#6540=CARTESIAN_POINT('Ctrl Pts',(0.8283851985451,4.699694289544,0.6143723380129));
#6541=CARTESIAN_POINT('Ctrl Pts',(0.5388770175447,4.675319289544,0.8793673688648));
#6542=CARTESIAN_POINT('Ctrl Pts',(0.171330748846,4.650944289544,1.017015822868));
#6543=CARTESIAN_POINT('Ctrl Pts',(-0.221026974759,4.626569289544,1.007383981264));
#6544=CARTESIAN_POINT('Ctrl Pts',(-0.5813764276357,4.602194289544,0.8518666907212));
#6545=CARTESIAN_POINT('Ctrl Pts',(-0.8575331964144,4.577819289544,0.5729853631512));
#6546=CARTESIAN_POINT('Ctrl Pts',(-1.0095053268,4.553444289544,0.211126513046));
#6547=CARTESIAN_POINT('Ctrl Pts',(-1.015284803054,4.529069289544,-0.1813068615136));
#6548=CARTESIAN_POINT('Ctrl Pts',(-0.8740346638039,4.504694289544,-0.5474840781384));
#6549=CARTESIAN_POINT('Ctrl Pts',(-0.606210207502,4.480319289544,-0.8343767696108));
#6550=CARTESIAN_POINT('Ctrl Pts',(-0.2505967352933,4.455944289544,-1.000438246773));
#6551=CARTESIAN_POINT('Ctrl Pts',(0.1413071861831,4.431569289544,-1.021620129245));
#6552=CARTESIAN_POINT('Ctrl Pts',(0.5127475478875,4.407194289544,-0.8948549387924));
#6553=CARTESIAN_POINT('Ctrl Pts',(0.8099337943021,4.382819289544,-0.6385003196501));
#6554=CARTESIAN_POINT('Ctrl Pts',(0.9898285634838,4.358444289544,-0.2896805555388));
#6555=CARTESIAN_POINT('Ctrl Pts',(1.026380191245,4.334069289544,0.1010896254137));
#6556=CARTESIAN_POINT('Ctrl Pts',(0.9142954123257,4.309694289544,0.4772203980823));
#6557=CARTESIAN_POINT('Ctrl Pts',(0.6698059105847,4.285319289544,0.7842419597877));
#6558=CARTESIAN_POINT('Ctrl Pts',(0.3283177093641,4.260944289544,0.9776926362941));
#6559=CARTESIAN_POINT('Ctrl Pts',(-0.06071619176903,4.236569289544,1.029557649383));
#6560=CARTESIAN_POINT('Ctrl Pts',(-0.4409574090129,4.212194289544,0.9323261086028));
#6561=CARTESIAN_POINT('Ctrl Pts',(-0.7573408810143,4.187819289544,0.7000787093536));
#6562=CARTESIAN_POINT('Ctrl Pts',(-0.9640491779237,4.163444289544,0.3664486210786));
#6563=CARTESIAN_POINT('Ctrl Pts',(-1.03114760425,4.139069289544,-0.02024913815746));
#6564=CARTESIAN_POINT('Ctrl Pts',(-0.9489192255966,4.114694289544,-0.4040144955801));
#6565=CARTESIAN_POINT('Ctrl Pts',(-0.7292720374955,4.090319289544,-0.7292720374955));
#6566=CARTESIAN_POINT('Ctrl Pts',(-0.4040144955801,4.065944289544,-0.9489192255966));
#6567=CARTESIAN_POINT('Ctrl Pts',(-0.02024913815746,4.041569289544,-1.03114760425));
#6568=CARTESIAN_POINT('Ctrl Pts',(0.3664486210786,4.017194289544,-0.9640491779237));
#6569=CARTESIAN_POINT('Ctrl Pts',(0.7000787093537,3.992819289544,-0.7573408810143));
#6570=CARTESIAN_POINT('Ctrl Pts',(0.9323261086028,3.968444289544,-0.4409574090129));
#6571=CARTESIAN_POINT('Ctrl Pts',(1.029557649383,3.944069289544,-0.06071619176902));
#6572=CARTESIAN_POINT('Ctrl Pts',(0.9776926362941,3.919694289544,0.3283177093642));
#6573=CARTESIAN_POINT('Ctrl Pts',(0.7842419597877,3.895319289544,0.6698059105847));
#6574=CARTESIAN_POINT('Ctrl Pts',(0.4772203980823,3.870944289544,0.9142954123258));
#6575=CARTESIAN_POINT('Ctrl Pts',(0.1010896254137,3.846569289544,1.026380191245));
#6576=CARTESIAN_POINT('Ctrl Pts',(-0.2896805555388,3.822194289544,0.9898285634838));
#6577=CARTESIAN_POINT('Ctrl Pts',(-0.6385003196501,3.797819289544,0.8099337943021));
#6578=CARTESIAN_POINT('Ctrl Pts',(-0.8948549387924,3.773444289544,0.5127475478875));
#6579=CARTESIAN_POINT('Ctrl Pts',(-1.021620129245,3.749069289544,0.1413071861831));
#6580=CARTESIAN_POINT('Ctrl Pts',(-1.000438246773,3.724694289544,-0.2505967352933));
#6581=CARTESIAN_POINT('Ctrl Pts',(-0.8343767696108,3.700319289544,-0.606210207502));
#6582=CARTESIAN_POINT('Ctrl Pts',(-0.5474840781384,3.675944289544,-0.8740346638039));
#6583=CARTESIAN_POINT('Ctrl Pts',(-0.1813068615136,3.651569289544,-1.015284803054));
#6584=CARTESIAN_POINT('Ctrl Pts',(0.211126513046,3.627194289544,-1.0095053268));
#6585=CARTESIAN_POINT('Ctrl Pts',(0.5729853631512,3.602819289544,-0.8575331964143));
#6586=CARTESIAN_POINT('Ctrl Pts',(0.8518666907212,3.578444289544,-0.5813764276357));
#6587=CARTESIAN_POINT('Ctrl Pts',(1.007383981264,3.554069289544,-0.2210269747589));
#6588=CARTESIAN_POINT('Ctrl Pts',(1.017015822868,3.529694289544,0.171330748846));
#6589=CARTESIAN_POINT('Ctrl Pts',(0.8793673688648,3.505319289544,0.5388770175447));
#6590=CARTESIAN_POINT('Ctrl Pts',(0.6143723380129,3.480944289544,0.8283851985451));
#6591=CARTESIAN_POINT('Ctrl Pts',(0.2604062759797,3.456569289544,0.9979298553511));
#6592=CARTESIAN_POINT('Ctrl Pts',(-0.1312707884427,3.432194289544,1.022958120813));
#6593=CARTESIAN_POINT('Ctrl Pts',(-0.5039378246133,3.407819289544,0.89984574537));
#6594=CARTESIAN_POINT('Ctrl Pts',(-0.8036261651316,3.383444289544,0.6464204650165));
#6595=CARTESIAN_POINT('Ctrl Pts',(-0.9869378571701,3.359069289544,0.2993857878338));
#6596=CARTESIAN_POINT('Ctrl Pts',(-1.027319869836,3.334694289544,-0.09101490518399));
#6597=CARTESIAN_POINT('Ctrl Pts',(-0.9550723888133,3.318444289544,-0.3424698921118));
#6598=CARTESIAN_POINT('Ctrl Pts',(-0.8967569083049,3.310319289544,-0.4569204667913));
#6599=CARTESIAN_POINT('Ctrl Pts',(-0.4398341387655,4.926773096515,-0.8632231014209));
#6600=CARTESIAN_POINT('Ctrl Pts',(-0.329663390016,4.918648096515,-0.9193579016986));
#6601=CARTESIAN_POINT('Ctrl Pts',(-0.08761144519863,4.902398096515,-0.9889037218203));
#6602=CARTESIAN_POINT('Ctrl Pts',(0.2881903957492,4.878023096515,-0.9500317757089));
#6603=CARTESIAN_POINT('Ctrl Pts',(0.6222478728247,4.853648096515,-0.7735749390091));
#6604=CARTESIAN_POINT('Ctrl Pts',(0.8661964328627,4.829273096515,-0.485093304392));
#6605=CARTESIAN_POINT('Ctrl Pts',(0.9847050783708,4.804898096515,-0.1263619784537));
#6606=CARTESIAN_POINT('Ctrl Pts',(0.9606127332379,4.780523096515,0.2506685045846));
#6607=CARTESIAN_POINT('Ctrl Pts',(0.7974081199006,4.756148096515,0.5913981706026));
#6608=CARTESIAN_POINT('Ctrl Pts',(0.5187259624781,4.731773096515,0.8464838357083));
#6609=CARTESIAN_POINT('Ctrl Pts',(0.1649239152973,4.707398096515,0.9789849898899));
#6610=CARTESIAN_POINT('Ctrl Pts',(-0.2127617739904,4.683023096515,0.9697133265159));
#6611=CARTESIAN_POINT('Ctrl Pts',(-0.5596361269247,4.658648096515,0.8200115326143));
#6612=CARTESIAN_POINT('Ctrl Pts',(-0.8254661419665,4.634273096515,0.5515588423881));
#6613=CARTESIAN_POINT('Ctrl Pts',(-0.9717553453233,4.609898096515,0.2032315354317));
#6614=CARTESIAN_POINT('Ctrl Pts',(-0.9773187007557,4.585523096515,-0.1745269758786));
#6615=CARTESIAN_POINT('Ctrl Pts',(-0.8413505446692,4.561148096515,-0.5270111660501));
#6616=CARTESIAN_POINT('Ctrl Pts',(-0.5835412591602,4.536773096515,-0.8031756389572));
#6617=CARTESIAN_POINT('Ctrl Pts',(-0.2412257871029,4.512398096515,-0.9630273245309));
#6618=CARTESIAN_POINT('Ctrl Pts',(0.1360230697755,4.488023096515,-0.9834171203744));
#6619=CARTESIAN_POINT('Ctrl Pts',(0.4935735921679,4.463648096515,-0.8613922551724));
#6620=CARTESIAN_POINT('Ctrl Pts',(0.7796466973247,4.439273096515,-0.614623897605));
#6621=CARTESIAN_POINT('Ctrl Pts',(0.9528143854065,4.414898096515,-0.2788480860953));
#6622=CARTESIAN_POINT('Ctrl Pts',(0.9879991820727,4.390523096515,0.09730942595807));
#6623=CARTESIAN_POINT('Ctrl Pts',(0.8801057612532,4.366148096515,0.4593749635814));
#6624=CARTESIAN_POINT('Ctrl Pts',(0.6447588305485,4.341773096515,0.754915596995));
#6625=CARTESIAN_POINT('Ctrl Pts',(0.3160404215502,4.317398096515,0.9411322755612));
#6626=CARTESIAN_POINT('Ctrl Pts',(-0.05844573805894,4.293023096515,0.9910578206438));
#6627=CARTESIAN_POINT('Ctrl Pts',(-0.4244680120973,4.268648096515,0.8974622080415));
#6628=CARTESIAN_POINT('Ctrl Pts',(-0.729020471532,4.244273096515,0.6738995921084));
#6629=CARTESIAN_POINT('Ctrl Pts',(-0.9279990079615,4.219898096515,0.3527454455822));
#6630=CARTESIAN_POINT('Ctrl Pts',(-0.9925883198889,4.195523096515,-0.01949193106795));
#6631=CARTESIAN_POINT('Ctrl Pts',(-0.9134348331543,4.171148096515,-0.3889065617046));
#6632=CARTESIAN_POINT('Ctrl Pts',(-0.7020012493424,4.146773096515,-0.7020012493424));
#6633=CARTESIAN_POINT('Ctrl Pts',(-0.3889065617045,4.122398096515,-0.9134348331544));
#6634=CARTESIAN_POINT('Ctrl Pts',(-0.01949193106794,4.098023096515,-0.9925883198889));
#6635=CARTESIAN_POINT('Ctrl Pts',(0.3527454455822,4.073648096515,-0.9279990079615));
#6636=CARTESIAN_POINT('Ctrl Pts',(0.6738995921084,4.049273096515,-0.729020471532));
#6637=CARTESIAN_POINT('Ctrl Pts',(0.8974622080415,4.024898096515,-0.4244680120973));
#6638=CARTESIAN_POINT('Ctrl Pts',(0.9910578206438,4.000523096515,-0.05844573805893));
#6639=CARTESIAN_POINT('Ctrl Pts',(0.9411322755612,3.976148096515,0.3160404215502));
#6640=CARTESIAN_POINT('Ctrl Pts',(0.754915596995,3.951773096515,0.6447588305485));
#6641=CARTESIAN_POINT('Ctrl Pts',(0.4593749635814,3.927398096515,0.8801057612532));
#6642=CARTESIAN_POINT('Ctrl Pts',(0.09730942595806,3.903023096515,0.9879991820727));
#6643=CARTESIAN_POINT('Ctrl Pts',(-0.2788480860953,3.878648096515,0.9528143854065));
#6644=CARTESIAN_POINT('Ctrl Pts',(-0.614623897605,3.854273096515,0.7796466973247));
#6645=CARTESIAN_POINT('Ctrl Pts',(-0.8613922551724,3.829898096515,0.4935735921679));
#6646=CARTESIAN_POINT('Ctrl Pts',(-0.9834171203744,3.805523096515,0.1360230697755));
#6647=CARTESIAN_POINT('Ctrl Pts',(-0.9630273245309,3.781148096515,-0.2412257871029));
#6648=CARTESIAN_POINT('Ctrl Pts',(-0.8031756389572,3.756773096515,-0.5835412591602));
#6649=CARTESIAN_POINT('Ctrl Pts',(-0.5270111660501,3.732398096515,-0.8413505446692));
#6650=CARTESIAN_POINT('Ctrl Pts',(-0.1745269758786,3.708023096515,-0.9773187007557));
#6651=CARTESIAN_POINT('Ctrl Pts',(0.2032315354316,3.683648096515,-0.9717553453233));
#6652=CARTESIAN_POINT('Ctrl Pts',(0.5515588423882,3.659273096515,-0.8254661419665));
#6653=CARTESIAN_POINT('Ctrl Pts',(0.8200115326143,3.634898096515,-0.5596361269247));
#6654=CARTESIAN_POINT('Ctrl Pts',(0.9697133265159,3.610523096515,-0.2127617739904));
#6655=CARTESIAN_POINT('Ctrl Pts',(0.9789849898899,3.586148096515,0.1649239152973));
#6656=CARTESIAN_POINT('Ctrl Pts',(0.8464838357083,3.561773096515,0.5187259624781));
#6657=CARTESIAN_POINT('Ctrl Pts',(0.5913981706026,3.537398096515,0.7974081199006));
#6658=CARTESIAN_POINT('Ctrl Pts',(0.2506685045846,3.513023096515,0.9606127332379));
#6659=CARTESIAN_POINT('Ctrl Pts',(-0.1263619784537,3.488648096515,0.9847050783708));
#6660=CARTESIAN_POINT('Ctrl Pts',(-0.485093304392,3.464273096515,0.8661964328627));
#6661=CARTESIAN_POINT('Ctrl Pts',(-0.7735749390091,3.439898096515,0.6222478728247));
#6662=CARTESIAN_POINT('Ctrl Pts',(-0.9500317757089,3.415523096515,0.2881903957492));
#6663=CARTESIAN_POINT('Ctrl Pts',(-0.9889037218203,3.391148096515,-0.08761144519864));
#6664=CARTESIAN_POINT('Ctrl Pts',(-0.9193579016986,3.374898096515,-0.329663390016));
#6665=CARTESIAN_POINT('Ctrl Pts',(-0.8632231014209,3.366773096515,-0.4398341387655));
#6666=CARTESIAN_POINT('Ctrl Pts',(-0.4227478107397,4.983226903485,-0.829689294537));
#6667=CARTESIAN_POINT('Ctrl Pts',(-0.3168568879202,4.975101903485,-0.883643414584));
#6668=CARTESIAN_POINT('Ctrl Pts',(-0.08420798521328,4.958851903485,-0.9504875738051));
#6669=CARTESIAN_POINT('Ctrl Pts',(0.2769950036646,4.934476903485,-0.9131256942477));
#6670=CARTESIAN_POINT('Ctrl Pts',(0.5980752806328,4.910101903485,-0.7435237128865));
#6671=CARTESIAN_POINT('Ctrl Pts',(0.8325471203555,4.885726903485,-0.4662487841708));
#6672=CARTESIAN_POINT('Ctrl Pts',(0.9464520359287,4.861351903485,-0.1214531684648));
#6673=CARTESIAN_POINT('Ctrl Pts',(0.9232956111247,4.836976903485,0.2409307331895));
#6674=CARTESIAN_POINT('Ctrl Pts',(0.7664310412561,4.812601903485,0.5684240031923));
#6675=CARTESIAN_POINT('Ctrl Pts',(0.4985749074116,4.788226903485,0.8136003025518));
#6676=CARTESIAN_POINT('Ctrl Pts',(0.1585170817487,4.763851903485,0.9409541569115));
#6677=CARTESIAN_POINT('Ctrl Pts',(-0.2044965732219,4.739476903485,0.9320426717678));
#6678=CARTESIAN_POINT('Ctrl Pts',(-0.5378958262137,4.715101903485,0.7881563745074));
#6679=CARTESIAN_POINT('Ctrl Pts',(-0.7933990875186,4.690726903485,0.530132321625));
#6680=CARTESIAN_POINT('Ctrl Pts',(-0.9340053638471,4.666351903485,0.1953365578173));
#6681=CARTESIAN_POINT('Ctrl Pts',(-0.9393525984569,4.641976903485,-0.1677470902436));
#6682=CARTESIAN_POINT('Ctrl Pts',(-0.8086664255345,4.617601903485,-0.5065382539618));
#6683=CARTESIAN_POINT('Ctrl Pts',(-0.5608723108185,4.593226903485,-0.7719745083035));
#6684=CARTESIAN_POINT('Ctrl Pts',(-0.2318548389126,4.568851903485,-0.9256164022889));
#6685=CARTESIAN_POINT('Ctrl Pts',(0.1307389533679,4.544476903485,-0.9452141115036));
#6686=CARTESIAN_POINT('Ctrl Pts',(0.4743996364483,4.520101903485,-0.8279295715525));
#6687=CARTESIAN_POINT('Ctrl Pts',(0.7493596003474,4.495726903485,-0.59074747556));
#6688=CARTESIAN_POINT('Ctrl Pts',(0.9158002073292,4.471351903485,-0.2680156166518));
#6689=CARTESIAN_POINT('Ctrl Pts',(0.9496181729007,4.446976903485,0.09352922650246));
#6690=CARTESIAN_POINT('Ctrl Pts',(0.8459161101807,4.422601903485,0.4415295290805));
#6691=CARTESIAN_POINT('Ctrl Pts',(0.6197117505124,4.398226903485,0.7255892342023));
#6692=CARTESIAN_POINT('Ctrl Pts',(0.3037631337363,4.373851903485,0.9045719148283));
#6693=CARTESIAN_POINT('Ctrl Pts',(-0.05617528434885,4.349476903485,0.9525579919048));
#6694=CARTESIAN_POINT('Ctrl Pts',(-0.4079786151816,4.325101903485,0.8625983074803));
#6695=CARTESIAN_POINT('Ctrl Pts',(-0.7007000620497,4.300726903485,0.6477204748631));
#6696=CARTESIAN_POINT('Ctrl Pts',(-0.8919488379994,4.276351903485,0.3390422700857));
#6697=CARTESIAN_POINT('Ctrl Pts',(-0.9540290355282,4.251976903485,-0.01873472397843));
#6698=CARTESIAN_POINT('Ctrl Pts',(-0.8779504407121,4.227601903485,-0.373798627829));
#6699=CARTESIAN_POINT('Ctrl Pts',(-0.6747304611893,4.203226903485,-0.6747304611893));
#6700=CARTESIAN_POINT('Ctrl Pts',(-0.373798627829,4.178851903485,-0.8779504407121));
#6701=CARTESIAN_POINT('Ctrl Pts',(-0.01873472397843,4.154476903485,-0.9540290355282));
#6702=CARTESIAN_POINT('Ctrl Pts',(0.3390422700857,4.130101903485,-0.8919488379994));
#6703=CARTESIAN_POINT('Ctrl Pts',(0.6477204748631,4.105726903485,-0.7007000620497));
#6704=CARTESIAN_POINT('Ctrl Pts',(0.8625983074803,4.081351903485,-0.4079786151816));
#6705=CARTESIAN_POINT('Ctrl Pts',(0.9525579919048,4.056976903485,-0.05617528434884));
#6706=CARTESIAN_POINT('Ctrl Pts',(0.9045719148283,4.032601903485,0.3037631337363));
#6707=CARTESIAN_POINT('Ctrl Pts',(0.7255892342023,4.008226903485,0.6197117505124));
#6708=CARTESIAN_POINT('Ctrl Pts',(0.4415295290805,3.983851903485,0.8459161101807));
#6709=CARTESIAN_POINT('Ctrl Pts',(0.09352922650245,3.959476903485,0.9496181729007));
#6710=CARTESIAN_POINT('Ctrl Pts',(-0.2680156166518,3.935101903485,0.9158002073292));
#6711=CARTESIAN_POINT('Ctrl Pts',(-0.59074747556,3.910726903485,0.7493596003474));
#6712=CARTESIAN_POINT('Ctrl Pts',(-0.8279295715525,3.886351903485,0.4743996364483));
#6713=CARTESIAN_POINT('Ctrl Pts',(-0.9452141115036,3.861976903485,0.1307389533679));
#6714=CARTESIAN_POINT('Ctrl Pts',(-0.9256164022889,3.837601903485,-0.2318548389126));
#6715=CARTESIAN_POINT('Ctrl Pts',(-0.7719745083035,3.813226903485,-0.5608723108185));
#6716=CARTESIAN_POINT('Ctrl Pts',(-0.5065382539618,3.788851903485,-0.8086664255345));
#6717=CARTESIAN_POINT('Ctrl Pts',(-0.1677470902436,3.764476903485,-0.9393525984569));
#6718=CARTESIAN_POINT('Ctrl Pts',(0.1953365578173,3.740101903485,-0.9340053638471));
#6719=CARTESIAN_POINT('Ctrl Pts',(0.5301323216251,3.715726903485,-0.7933990875186));
#6720=CARTESIAN_POINT('Ctrl Pts',(0.7881563745074,3.691351903485,-0.5378958262137));
#6721=CARTESIAN_POINT('Ctrl Pts',(0.9320426717678,3.666976903485,-0.2044965732219));
#6722=CARTESIAN_POINT('Ctrl Pts',(0.9409541569115,3.642601903485,0.1585170817487));
#6723=CARTESIAN_POINT('Ctrl Pts',(0.8136003025518,3.618226903485,0.4985749074116));
#6724=CARTESIAN_POINT('Ctrl Pts',(0.5684240031923,3.593851903485,0.7664310412561));
#6725=CARTESIAN_POINT('Ctrl Pts',(0.2409307331895,3.569476903485,0.9232956111247));
#6726=CARTESIAN_POINT('Ctrl Pts',(-0.1214531684648,3.545101903485,0.9464520359287));
#6727=CARTESIAN_POINT('Ctrl Pts',(-0.4662487841708,3.520726903485,0.8325471203555));
#6728=CARTESIAN_POINT('Ctrl Pts',(-0.7435237128866,3.496351903485,0.5980752806328));
#6729=CARTESIAN_POINT('Ctrl Pts',(-0.9131256942477,3.471976903485,0.2769950036646));
#6730=CARTESIAN_POINT('Ctrl Pts',(-0.9504875738051,3.447601903485,-0.0842079852133));
#6731=CARTESIAN_POINT('Ctrl Pts',(-0.8836434145839,3.431351903485,-0.3168568879202));
#6732=CARTESIAN_POINT('Ctrl Pts',(-0.829689294537,3.423226903485,-0.4227478107397));
#6733=CARTESIAN_POINT('Ctrl Pts',(-0.4056614827139,5.039680710456,-0.796155487653));
#6734=CARTESIAN_POINT('Ctrl Pts',(-0.3040503858244,5.031555710456,-0.8479289274693));
#6735=CARTESIAN_POINT('Ctrl Pts',(-0.08080452522793,5.015305710456,-0.9120714257899));
#6736=CARTESIAN_POINT('Ctrl Pts',(0.2657996115801,4.990930710456,-0.8762196127865));
#6737=CARTESIAN_POINT('Ctrl Pts',(0.5739026884409,4.966555710456,-0.713472486764));
#6738=CARTESIAN_POINT('Ctrl Pts',(0.7988978078482,4.942180710456,-0.4474042639495));
#6739=CARTESIAN_POINT('Ctrl Pts',(0.9081989934865,4.917805710456,-0.1165443584758));
#6740=CARTESIAN_POINT('Ctrl Pts',(0.8859784890115,4.893430710456,0.2311929617944));
#6741=CARTESIAN_POINT('Ctrl Pts',(0.7354539626117,4.869055710456,0.545449835782));
#6742=CARTESIAN_POINT('Ctrl Pts',(0.4784238523451,4.844680710456,0.7807167693953));
#6743=CARTESIAN_POINT('Ctrl Pts',(0.1521102482001,4.820305710456,0.9029233239331));
#6744=CARTESIAN_POINT('Ctrl Pts',(-0.1962313724533,4.795930710456,0.8943720170198));
#6745=CARTESIAN_POINT('Ctrl Pts',(-0.5161555255027,4.771555710456,0.7563012164005));
#6746=CARTESIAN_POINT('Ctrl Pts',(-0.7613320330707,4.747180710456,0.508705800862));
#6747=CARTESIAN_POINT('Ctrl Pts',(-0.8962553823708,4.722805710456,0.187441580203));
#6748=CARTESIAN_POINT('Ctrl Pts',(-0.9013864961582,4.698430710456,-0.1609672046085));
#6749=CARTESIAN_POINT('Ctrl Pts',(-0.7759823063999,4.674055710456,-0.4860653418734));
#6750=CARTESIAN_POINT('Ctrl Pts',(-0.5382033624768,4.649680710456,-0.7407733776499));
#6751=CARTESIAN_POINT('Ctrl Pts',(-0.2224838907222,4.625305710456,-0.8882054800468));
#6752=CARTESIAN_POINT('Ctrl Pts',(0.1254548369604,4.600930710456,-0.9070111026329));
#6753=CARTESIAN_POINT('Ctrl Pts',(0.4552256807287,4.576555710456,-0.7944668879325));
#6754=CARTESIAN_POINT('Ctrl Pts',(0.7190725033701,4.552180710456,-0.566871053515));
#6755=CARTESIAN_POINT('Ctrl Pts',(0.8787860292518,4.527805710456,-0.2571831472083));
#6756=CARTESIAN_POINT('Ctrl Pts',(0.9112371637287,4.503430710456,0.08974902704684));
#6757=CARTESIAN_POINT('Ctrl Pts',(0.8117264591082,4.479055710456,0.4236840945797));
#6758=CARTESIAN_POINT('Ctrl Pts',(0.5946646704762,4.454680710456,0.6962628714096));
#6759=CARTESIAN_POINT('Ctrl Pts',(0.2914858459223,4.430305710456,0.8680115540954));
#6760=CARTESIAN_POINT('Ctrl Pts',(-0.05390483063876,4.405930710456,0.9140581631657));
#6761=CARTESIAN_POINT('Ctrl Pts',(-0.391489218266,4.381555710456,0.827734406919));
#6762=CARTESIAN_POINT('Ctrl Pts',(-0.6723796525675,4.357180710456,0.6215413576178));
#6763=CARTESIAN_POINT('Ctrl Pts',(-0.8558986680372,4.332805710456,0.3253390945893));
#6764=CARTESIAN_POINT('Ctrl Pts',(-0.9154697511675,4.308430710456,-0.01797751688892));
#6765=CARTESIAN_POINT('Ctrl Pts',(-0.8424660482698,4.284055710456,-0.3586906939535));
#6766=CARTESIAN_POINT('Ctrl Pts',(-0.6474596730361,4.259680710456,-0.6474596730361));
#6767=CARTESIAN_POINT('Ctrl Pts',(-0.3586906939535,4.235305710456,-0.8424660482698));
#6768=CARTESIAN_POINT('Ctrl Pts',(-0.01797751688891,4.210930710456,-0.9154697511675));
#6769=CARTESIAN_POINT('Ctrl Pts',(0.3253390945893,4.186555710456,-0.8558986680372));
#6770=CARTESIAN_POINT('Ctrl Pts',(0.6215413576178,4.162180710456,-0.6723796525675));
#6771=CARTESIAN_POINT('Ctrl Pts',(0.827734406919,4.137805710456,-0.391489218266));
#6772=CARTESIAN_POINT('Ctrl Pts',(0.9140581631657,4.113430710456,-0.05390483063875));
#6773=CARTESIAN_POINT('Ctrl Pts',(0.8680115540954,4.089055710456,0.2914858459223));
#6774=CARTESIAN_POINT('Ctrl Pts',(0.6962628714096,4.064680710456,0.5946646704762));
#6775=CARTESIAN_POINT('Ctrl Pts',(0.4236840945796,4.040305710456,0.8117264591082));
#6776=CARTESIAN_POINT('Ctrl Pts',(0.08974902704683,4.015930710456,0.9112371637287));
#6777=CARTESIAN_POINT('Ctrl Pts',(-0.2571831472083,3.991555710456,0.8787860292518));
#6778=CARTESIAN_POINT('Ctrl Pts',(-0.566871053515,3.967180710456,0.7190725033701));
#6779=CARTESIAN_POINT('Ctrl Pts',(-0.7944668879325,3.942805710456,0.4552256807287));
#6780=CARTESIAN_POINT('Ctrl Pts',(-0.9070111026329,3.918430710456,0.1254548369604));
#6781=CARTESIAN_POINT('Ctrl Pts',(-0.8882054800468,3.894055710456,-0.2224838907222));
#6782=CARTESIAN_POINT('Ctrl Pts',(-0.7407733776499,3.869680710456,-0.5382033624768));
#6783=CARTESIAN_POINT('Ctrl Pts',(-0.4860653418734,3.845305710456,-0.7759823063999));
#6784=CARTESIAN_POINT('Ctrl Pts',(-0.1609672046085,3.820930710456,-0.9013864961582));
#6785=CARTESIAN_POINT('Ctrl Pts',(0.187441580203,3.796555710456,-0.8962553823708));
#6786=CARTESIAN_POINT('Ctrl Pts',(0.508705800862,3.772180710456,-0.7613320330707));
#6787=CARTESIAN_POINT('Ctrl Pts',(0.7563012164005,3.747805710456,-0.5161555255027));
#6788=CARTESIAN_POINT('Ctrl Pts',(0.8943720170198,3.723430710456,-0.1962313724533));
#6789=CARTESIAN_POINT('Ctrl Pts',(0.9029233239331,3.699055710456,0.1521102482001));
#6790=CARTESIAN_POINT('Ctrl Pts',(0.7807167693953,3.674680710456,0.4784238523451));
#6791=CARTESIAN_POINT('Ctrl Pts',(0.545449835782,3.650305710456,0.7354539626117));
#6792=CARTESIAN_POINT('Ctrl Pts',(0.2311929617944,3.625930710456,0.8859784890115));
#6793=CARTESIAN_POINT('Ctrl Pts',(-0.1165443584758,3.601555710456,0.9081989934865));
#6794=CARTESIAN_POINT('Ctrl Pts',(-0.4474042639495,3.577180710456,0.7988978078483));
#6795=CARTESIAN_POINT('Ctrl Pts',(-0.713472486764,3.552805710456,0.5739026884409));
#6796=CARTESIAN_POINT('Ctrl Pts',(-0.8762196127865,3.528430710456,0.2657996115801));
#6797=CARTESIAN_POINT('Ctrl Pts',(-0.9120714257899,3.504055710456,-0.08080452522795));
#6798=CARTESIAN_POINT('Ctrl Pts',(-0.8479289274693,3.487805710456,-0.3040503858244));
#6799=CARTESIAN_POINT('Ctrl Pts',(-0.796155487653,3.479680710456,-0.4056614827139));
#6800=CARTESIAN_POINT('Origin',(0.,8.,0.));
#6801=CARTESIAN_POINT('',(0.,0.,0.));
#6802=CARTESIAN_POINT('',(-83.8651523415911,66.1310957786589,7.89886827810904));
#6803=CARTESIAN_POINT('',(-45.565152341585,66.1310957786559,7.89886827810898));
#6804=UNCERTAINTY_MEASURE_WITH_UNIT(LENGTH_MEASURE(0.01),#6812,
'DISTANCE_ACCURACY_VALUE',
'Maximum model space distance between geometric entities at asserted c
onnectivities');
#6805=UNCERTAINTY_MEASURE_WITH_UNIT(LENGTH_MEASURE(0.01),#6812,
'DISTANCE_ACCURACY_VALUE',
'Maximum model space distance between geometric entities at asserted c
onnectivities');
#6806=UNCERTAINTY_MEASURE_WITH_UNIT(LENGTH_MEASURE(0.01),#6812,
'DISTANCE_ACCURACY_VALUE',
'Maximum model space distance between geometric entities at asserted c
onnectivities');
#6807=UNCERTAINTY_MEASURE_WITH_UNIT(LENGTH_MEASURE(0.01),#6812,
'DISTANCE_ACCURACY_VALUE',
'Maximum model space distance between geometric entities at asserted c
onnectivities');
#6808=(
GEOMETRIC_REPRESENTATION_CONTEXT(3)
GLOBAL_UNCERTAINTY_ASSIGNED_CONTEXT((#6804))
GLOBAL_UNIT_ASSIGNED_CONTEXT((#6812,#6814,#6815))
REPRESENTATION_CONTEXT('','3D')
);
#6809=(
GEOMETRIC_REPRESENTATION_CONTEXT(3)
GLOBAL_UNCERTAINTY_ASSIGNED_CONTEXT((#6805))
GLOBAL_UNIT_ASSIGNED_CONTEXT((#6812,#6814,#6815))
REPRESENTATION_CONTEXT('','3D')
);
#6810=(
GEOMETRIC_REPRESENTATION_CONTEXT(3)
GLOBAL_UNCERTAINTY_ASSIGNED_CONTEXT((#6806))
GLOBAL_UNIT_ASSIGNED_CONTEXT((#6812,#6814,#6815))
REPRESENTATION_CONTEXT('','3D')
);
#6811=(
GEOMETRIC_REPRESENTATION_CONTEXT(3)
GLOBAL_UNCERTAINTY_ASSIGNED_CONTEXT((#6807))
GLOBAL_UNIT_ASSIGNED_CONTEXT((#6812,#6814,#6815))
REPRESENTATION_CONTEXT('','3D')
);
#6812=(
LENGTH_UNIT()
NAMED_UNIT(*)
SI_UNIT(.MILLI.,.METRE.)
);
#6813=(
LENGTH_UNIT()
NAMED_UNIT(*)
SI_UNIT($,.METRE.)
);
#6814=(
NAMED_UNIT(*)
PLANE_ANGLE_UNIT()
SI_UNIT($,.RADIAN.)
);
#6815=(
NAMED_UNIT(*)
SI_UNIT($,.STERADIAN.)
SOLID_ANGLE_UNIT()
);
#6816=SHAPE_DEFINITION_REPRESENTATION(#6819,#6825);
#6817=SHAPE_DEFINITION_REPRESENTATION(#6820,#6826);
#6818=SHAPE_DEFINITION_REPRESENTATION(#6821,#6827);
#6819=PRODUCT_DEFINITION_SHAPE('',$,#6829);
#6820=PRODUCT_DEFINITION_SHAPE('',$,#6830);
#6821=PRODUCT_DEFINITION_SHAPE('',$,#6831);
#6822=PRODUCT_DEFINITION_SHAPE($,$,#20);
#6823=PRODUCT_DEFINITION_SHAPE($,$,#21);
#6824=PRODUCT_DEFINITION_SHAPE($,$,#22);
#6825=SHAPE_REPRESENTATION('',(#1315,#1399,#1400,#1401),#6808);
#6826=SHAPE_REPRESENTATION('',(#1316),#6809);
#6827=SHAPE_REPRESENTATION('',(#1359),#6810);
#6828=PRODUCT_DEFINITION_CONTEXT('part definition',#6839,'design');
#6829=PRODUCT_DEFINITION('journal_screw_repeatability',
'journal_screw_repeatability v0',#6832,#6828);
#6830=PRODUCT_DEFINITION('clock_screw_internal',
'clock_screw_internal v1',#6833,#6828);
#6831=PRODUCT_DEFINITION('ALLEN_KEY_BOLT_STD','Allen key bolt M2 v1',#6834,
#6828);
#6832=PRODUCT_DEFINITION_FORMATION('',$,#6841);
#6833=PRODUCT_DEFINITION_FORMATION('',$,#6842);
#6834=PRODUCT_DEFINITION_FORMATION('',$,#6843);
#6835=PRODUCT_RELATED_PRODUCT_CATEGORY('journal_screw_repeatability v0',
'journal_screw_repeatability v0',(#6841));
#6836=PRODUCT_RELATED_PRODUCT_CATEGORY('clock_screw_internal v1',
'clock_screw_internal v1',(#6842));
#6837=PRODUCT_RELATED_PRODUCT_CATEGORY('Allen key bolt M2 v1',
'Allen key bolt M2 v1',(#6843));
#6838=APPLICATION_PROTOCOL_DEFINITION('international standard',
'automotive_design',2009,#6839);
#6839=APPLICATION_CONTEXT(
'Core Data for Automotive Mechanical Design Process');
#6840=PRODUCT_CONTEXT('part definition',#6839,'mechanical');
#6841=PRODUCT('journal_screw_repeatability',
'journal_screw_repeatability v0',$,(#6840));
#6842=PRODUCT('clock_screw_internal','clock_screw_internal v1',$,(#6840));
#6843=PRODUCT('ALLEN_KEY_BOLT_STD','Allen key bolt M2 v1',$,(#6840));
#6844=PRESENTATION_STYLE_ASSIGNMENT((#6845));
#6845=SURFACE_STYLE_USAGE(.BOTH.,#6846);
#6846=SURFACE_SIDE_STYLE('',(#6847));
#6847=SURFACE_STYLE_FILL_AREA(#6848);
#6848=FILL_AREA_STYLE('Steel - Satin',(#6849));
#6849=FILL_AREA_STYLE_COLOUR('Steel - Satin',#6850);
#6850=COLOUR_RGB('Steel - Satin',0.627450980392157,0.627450980392157,0.627450980392157);
ENDSEC;
END-ISO-10303-21;
